numero;b1;b2;b3;b4;b5;i1;i2;i3;i4;i5;n1;n2;n3;n4;n5;g1;g2;g3;g4;g5;o1;o2;o3;o4;o5;Activo;Nombre;Cedula;Telefono
1;4;12;10;9;2;18;20;21;28;16;41;38;0;36;37;49;52;58;48;59;64;74;67;62;73;-1;No;No;No
2;10;13;8;2;9;21;17;25;29;28;38;37;0;44;36;51;54;48;59;49;62;65;64;69;68;-1;No;No;No
3;3;9;14;4;8;26;27;28;17;21;32;42;0;34;40;49;59;47;51;60;72;67;70;75;63;-1;No;No;No
4;4;5;13;12;6;23;18;25;28;16;34;41;0;31;40;49;58;60;48;55;75;67;70;69;71;-1;No;No;No
5;11;14;8;15;7;29;16;23;17;26;33;38;0;34;39;50;52;48;46;47;68;67;61;63;73;-1;No;No;No
6;2;6;5;9;11;17;26;20;29;27;43;42;0;33;38;56;46;58;48;50;67;75;66;63;73;-1;No;No;No
7;13;1;2;14;11;16;20;28;23;26;31;35;0;37;41;57;48;51;55;54;62;73;72;75;71;-1;No;No;No
8;4;15;13;7;10;30;24;23;29;28;45;41;0;42;35;56;52;59;58;48;72;74;69;67;75;-1;No;No;No
9;2;9;4;3;11;28;19;22;17;24;39;41;0;31;33;60;54;51;48;55;61;73;69;68;62;-1;No;No;No
10;9;15;11;12;5;30;17;22;25;23;34;45;0;41;32;46;48;55;58;57;73;71;69;63;64;-1;No;No;No
11;8;5;12;4;9;18;22;16;19;26;42;38;0;33;39;56;54;47;57;48;67;64;73;72;68;-1;No;No;No
12;8;3;2;4;15;23;27;28;29;20;39;41;0;32;44;60;55;52;57;56;68;62;73;75;61;-1;No;No;No
13;2;14;11;13;6;16;19;20;22;25;43;38;0;35;39;50;46;59;60;58;67;71;66;63;73;-1;No;No;No
14;12;13;11;9;14;23;19;22;26;18;42;34;0;31;33;56;48;50;46;60;70;68;67;65;62;-1;No;No;No
15;11;9;10;5;15;28;25;27;21;30;36;42;0;39;32;50;46;54;57;47;73;64;74;63;68;-1;No;No;No
16;3;11;8;6;15;27;18;29;23;22;42;36;0;45;40;57;59;55;52;46;64;70;68;75;71;-1;No;No;No
17;11;9;3;6;15;29;16;21;23;26;39;32;0;38;31;52;56;46;50;55;61;72;69;67;71;-1;No;No;No
18;8;13;9;5;1;16;28;19;17;21;32;36;0;42;37;56;55;52;53;49;75;64;65;73;74;-1;No;No;No
19;15;1;10;4;13;23;26;27;25;16;39;32;0;36;45;57;50;48;59;54;63;72;70;71;75;-1;No;No;No
20;5;2;14;10;9;24;30;18;26;29;44;32;0;42;35;46;52;51;57;58;67;72;64;70;71;-1;No;No;No
21;1;14;8;7;4;26;16;19;18;30;41;37;0;38;42;49;53;59;56;60;64;71;65;62;68;-1;No;No;No
22;11;12;4;5;3;29;20;30;27;18;45;39;0;34;42;50;54;49;55;53;70;62;66;73;63;-1;No;No;No
23;8;10;6;4;3;27;18;26;29;25;41;42;0;38;35;51;50;57;60;54;61;68;63;72;64;-1;No;No;No
24;1;7;14;11;4;25;18;20;30;26;35;31;0;33;43;53;56;57;52;51;68;75;63;62;65;-1;No;No;No
25;4;9;5;10;11;22;17;16;20;26;42;32;0;31;43;60;57;50;51;59;63;66;73;71;68;-1;No;No;No
26;10;4;5;14;7;18;16;24;30;22;37;41;0;45;44;52;59;57;51;50;73;75;65;72;62;-1;No;No;No
27;6;4;10;2;3;16;26;23;30;20;38;37;0;35;33;48;54;47;56;49;67;71;65;66;69;-1;No;No;No
28;13;5;14;6;10;30;19;27;23;29;43;37;0;40;38;56;58;53;60;55;72;61;63;65;69;-1;No;No;No
29;4;2;14;3;12;29;16;23;18;25;45;33;0;38;34;55;46;47;56;51;74;65;69;64;62;-1;No;No;No
30;8;3;12;2;5;25;23;17;21;22;43;37;0;34;38;53;48;58;49;56;61;67;66;71;63;-1;No;No;No
31;10;6;2;15;1;25;24;21;23;20;40;39;0;36;43;47;55;51;53;56;68;66;61;73;74;-1;No;No;No
32;1;12;10;15;6;22;21;24;20;29;43;38;0;42;36;56;46;48;50;51;75;61;70;73;68;-1;No;No;No
33;14;3;7;13;1;26;25;16;24;27;44;39;0;34;37;59;52;50;56;53;67;73;71;75;66;-1;No;No;No
34;3;8;9;13;5;26;16;18;17;25;37;43;0;33;36;48;56;53;46;59;62;64;61;71;72;-1;No;No;No
35;13;8;11;5;2;19;24;30;21;16;32;44;0;36;31;59;53;54;46;52;72;61;69;71;73;-1;No;No;No
36;5;7;4;3;11;30;27;20;28;16;37;33;0;31;38;54;53;52;55;57;66;61;62;65;74;-1;No;No;No
37;9;6;14;15;8;23;25;26;29;20;32;44;0;42;39;57;55;53;46;48;74;62;68;65;75;-1;No;No;No
38;4;1;11;15;10;23;26;24;28;20;32;37;0;39;36;51;48;50;56;46;71;70;61;67;69;-1;No;No;No
39;11;6;5;10;13;24;28;18;30;26;34;44;0;32;41;55;53;51;59;50;69;66;74;71;68;-1;No;No;No
40;2;13;12;10;9;27;21;26;25;24;38;43;0;34;41;49;50;56;60;51;67;66;71;65;72;-1;No;No;No
41;3;7;6;12;13;22;21;27;25;18;35;45;0;32;44;54;51;48;46;52;63;70;73;69;68;-1;No;No;No
42;9;5;4;2;8;30;29;22;28;25;40;45;0;37;38;55;54;53;57;58;62;63;66;67;61;-1;No;No;No
43;10;8;11;12;4;17;20;23;22;19;33;38;0;44;34;58;60;49;48;47;74;69;72;65;62;-1;No;No;No
44;15;12;3;7;5;16;23;27;19;25;40;33;0;32;38;52;59;51;46;60;75;68;74;64;70;-1;No;No;No
45;1;7;9;8;13;30;25;22;21;24;42;33;0;41;37;52;59;54;60;50;65;66;69;74;61;-1;No;No;No
46;11;7;13;5;14;20;29;23;22;17;37;32;0;43;38;60;53;52;59;48;73;69;70;68;72;-1;No;No;No
47;2;15;4;13;3;26;29;20;21;28;44;38;0;31;42;47;54;55;52;60;73;72;67;65;62;-1;No;No;No
48;4;1;9;3;14;19;21;17;20;25;38;37;0;32;43;58;54;60;52;59;74;61;70;64;63;-1;No;No;No
49;3;8;4;11;9;16;18;17;29;27;34;37;0;32;31;60;49;56;58;59;64;73;63;74;68;-1;No;No;No
50;15;9;13;8;3;18;24;29;16;30;33;39;0;43;34;57;54;52;60;59;73;62;64;70;65;-1;No;No;No
51;13;14;9;7;1;24;29;21;26;16;39;45;0;43;33;56;49;50;54;60;72;69;70;64;65;-1;No;No;No
52;8;4;13;3;9;16;19;27;20;22;42;31;0;40;39;54;52;53;58;55;64;61;72;66;75;-1;No;No;No
53;9;15;1;10;5;30;18;21;23;29;42;41;0;38;40;49;46;48;53;60;75;67;70;71;61;-1;No;No;No
54;5;13;9;1;12;17;19;27;26;22;42;31;0;38;33;55;54;58;49;51;66;63;72;69;64;-1;No;No;No
55;3;9;11;1;4;26;21;25;17;23;34;36;0;35;31;55;52;53;58;48;64;61;66;70;68;-1;No;No;No
56;5;13;2;8;4;24;21;28;18;19;34;38;0;40;44;59;55;60;49;56;68;70;73;64;69;-1;No;No;No
57;10;8;11;5;7;26;27;21;20;24;34;39;0;40;36;54;60;51;48;50;65;68;62;61;63;-1;No;No;No
58;5;13;7;12;9;18;26;20;22;17;36;39;0;45;40;54;53;60;58;52;62;61;63;70;68;-1;No;No;No
59;6;7;4;3;1;27;30;20;28;16;42;41;0;40;37;51;52;48;60;55;75;71;66;61;73;-1;No;No;No
60;14;9;11;1;7;26;28;20;24;17;33;31;0;34;45;46;50;54;49;59;74;64;69;75;61;-1;No;No;No
61;15;11;13;5;12;22;17;26;16;25;42;35;0;38;41;54;50;57;52;56;70;75;74;68;65;-1;No;No;No
62;11;14;6;8;5;16;23;21;26;25;44;45;0;33;34;57;58;60;50;55;72;66;75;69;73;-1;No;No;No
63;14;6;15;5;2;22;23;27;28;26;32;43;0;37;39;58;55;52;57;48;71;74;64;72;70;-1;No;No;No
64;8;13;1;7;5;17;22;28;24;30;34;45;0;44;36;59;58;53;47;50;68;71;70;74;75;-1;No;No;No
65;12;3;8;15;6;26;17;19;24;22;32;41;0;40;45;56;51;50;54;60;65;64;75;69;61;-1;No;No;No
66;3;10;7;12;5;24;30;19;17;22;33;35;0;37;31;56;52;59;47;53;62;72;69;73;70;-1;No;No;No
67;10;13;6;4;3;23;29;22;21;24;31;41;0;32;34;60;52;53;58;56;75;66;64;63;71;-1;No;No;No
68;3;8;11;10;12;27;23;17;28;30;31;34;0;35;41;47;48;51;57;46;71;67;62;66;73;-1;No;No;No
69;10;3;12;13;14;24;28;29;30;25;38;42;0;43;39;57;48;59;55;56;63;75;68;66;67;-1;No;No;No
70;10;1;5;9;2;27;18;17;24;16;34;35;0;40;44;51;55;53;57;46;69;72;70;73;62;-1;No;No;No
71;3;11;9;14;4;16;23;29;25;18;39;34;0;45;33;53;47;54;56;51;69;65;61;68;71;-1;No;No;No
72;11;12;4;13;5;30;18;27;19;23;32;36;0;41;33;58;57;59;50;49;69;66;63;70;64;-1;No;No;No
73;9;4;7;3;10;17;27;20;28;21;41;36;0;38;42;49;60;50;55;52;61;62;66;75;74;-1;No;No;No
74;14;9;1;13;2;17;23;26;30;29;31;32;0;42;34;58;57;54;53;59;75;74;70;72;67;-1;No;No;No
75;7;12;15;13;5;16;28;21;20;25;31;45;0;42;38;48;47;58;49;54;65;63;73;67;66;-1;No;No;No
76;6;13;5;12;1;16;24;19;21;25;45;41;0;32;38;48;53;51;46;54;74;75;65;66;67;-1;No;No;No
77;3;8;11;6;10;19;20;30;27;25;31;43;0;33;37;49;58;47;54;53;71;74;64;72;61;-1;No;No;No
78;15;4;14;11;1;18;24;20;21;23;36;41;0;32;37;55;49;58;47;48;72;66;74;69;67;-1;No;No;No
79;15;12;7;2;8;29;25;30;21;27;41;39;0;40;38;55;52;58;51;53;65;71;62;63;74;-1;No;No;No
80;15;3;5;10;13;21;17;22;23;28;38;31;0;39;43;49;47;53;48;55;65;64;67;66;75;-1;No;No;No
81;12;14;10;5;4;22;27;19;21;18;35;40;0;32;31;53;50;49;60;57;72;66;71;75;64;-1;No;No;No
82;2;11;14;1;8;21;25;16;20;18;35;32;0;42;38;53;52;58;55;50;67;71;70;65;73;-1;No;No;No
83;4;14;8;5;15;26;21;29;22;24;36;34;0;39;31;51;57;49;54;60;71;63;61;62;73;-1;No;No;No
84;2;4;10;7;15;25;19;21;30;20;39;42;0;36;41;55;59;60;52;46;69;64;66;71;75;-1;No;No;No
85;3;10;7;13;14;26;22;16;23;30;45;44;0;37;39;55;46;52;58;53;73;63;68;75;61;-1;No;No;No
86;13;9;1;6;15;22;20;25;23;30;45;38;0;37;34;54;49;53;46;59;65;61;68;75;72;-1;No;No;No
87;12;4;14;5;7;18;19;28;29;25;41;43;0;45;40;47;52;57;54;56;64;75;67;62;74;-1;No;No;No
88;3;5;7;12;11;19;18;23;27;21;36;42;0;40;31;55;58;47;60;51;66;65;70;74;61;-1;No;No;No
89;2;7;15;6;3;17;20;29;16;21;36;35;0;34;32;52;53;51;59;48;74;62;65;70;64;-1;No;No;No
90;8;13;5;2;15;28;19;23;18;29;43;38;0;37;36;56;58;55;57;53;72;71;74;63;64;-1;No;No;No
91;11;5;4;14;12;27;25;24;30;26;35;41;0;42;39;57;56;59;58;47;61;63;71;68;74;-1;No;No;No
92;13;8;3;10;7;26;19;29;27;16;40;34;0;32;33;57;53;59;50;56;62;72;71;67;61;-1;No;No;No
93;4;8;11;7;13;18;23;19;22;29;41;43;0;40;38;48;52;51;59;57;70;66;63;75;68;-1;No;No;No
94;12;8;11;5;13;27;22;23;28;25;33;35;0;37;43;53;47;60;59;46;61;67;73;62;69;-1;No;No;No
95;8;4;12;11;2;21;24;17;19;16;33;36;0;43;35;60;57;52;49;46;61;66;75;63;71;-1;No;No;No
96;10;7;11;8;9;29;27;18;20;21;41;43;0;32;37;60;56;49;51;46;62;68;74;72;69;-1;No;No;No
97;14;12;2;10;11;17;29;28;24;23;35;42;0;32;36;50;51;53;56;54;74;67;61;73;66;-1;No;No;No
98;2;9;6;5;13;28;18;20;25;21;44;33;0;43;39;46;50;49;54;59;63;64;67;68;62;-1;No;No;No
99;13;2;6;11;5;25;23;21;24;22;43;45;0;40;39;48;55;53;59;47;61;63;64;70;75;-1;No;No;No
100;3;9;5;14;13;16;20;19;27;25;32;36;0;44;41;47;60;46;54;49;72;71;69;67;66;-1;No;No;No
101;15;14;8;6;1;16;17;29;20;23;31;44;0;39;36;47;54;57;53;58;73;67;64;61;72;-1;No;No;No
102;14;9;4;3;6;29;23;19;21;27;40;34;0;36;33;49;59;53;46;54;61;63;69;66;71;-1;No;No;No
103;10;7;4;6;3;22;30;17;18;25;44;45;0;31;35;57;59;54;50;51;75;61;72;62;66;-1;No;No;No
104;5;9;6;14;12;17;23;21;18;22;37;38;0;42;44;53;47;50;60;49;63;65;64;67;62;-1;No;No;No
105;8;4;5;13;12;26;18;29;21;16;33;31;0;36;41;59;49;57;46;52;70;69;62;63;72;-1;No;No;No
106;13;12;14;6;2;16;19;27;24;30;33;41;0;40;43;48;53;47;49;50;62;65;61;67;75;-1;No;No;No
107;1;9;11;6;14;21;27;20;19;17;39;42;0;37;44;49;52;53;50;46;75;72;62;65;74;-1;No;No;No
108;9;7;10;6;15;26;21;18;20;17;36;34;0;32;41;52;57;47;56;60;74;67;75;69;70;-1;No;No;No
109;8;3;13;6;2;18;24;25;22;16;37;34;0;35;32;59;46;51;58;56;65;70;72;69;62;-1;No;No;No
110;5;8;2;15;4;25;28;29;23;16;41;44;0;32;35;56;55;57;53;52;63;72;69;68;62;-1;No;No;No
111;3;2;5;9;8;24;19;17;20;22;41;42;0;32;33;51;58;48;57;54;73;74;61;69;62;-1;No;No;No
112;12;8;6;14;7;26;29;20;16;18;38;43;0;44;35;53;49;47;50;46;63;62;70;68;66;-1;No;No;No
113;7;13;12;10;6;26;17;22;18;23;33;31;0;43;34;48;59;57;46;54;67;73;74;62;65;-1;No;No;No
114;1;4;8;15;12;21;20;17;22;18;36;32;0;31;33;54;53;46;58;60;65;63;69;74;64;-1;No;No;No
115;8;13;1;4;15;26;23;21;24;17;31;44;0;32;41;58;46;51;60;56;66;70;69;73;63;-1;No;No;No
116;3;6;4;7;14;20;26;28;19;23;37;33;0;45;35;60;47;57;59;58;72;75;64;61;65;-1;No;No;No
117;11;6;13;5;2;28;23;22;24;18;40;41;0;34;38;57;54;56;58;52;72;67;62;64;75;-1;No;No;No
118;5;9;3;14;4;24;19;26;23;29;39;41;0;34;43;60;58;49;52;59;66;71;75;62;61;-1;No;No;No
119;1;4;15;13;3;17;28;29;18;30;34;43;0;38;39;59;58;46;55;51;72;69;66;73;68;-1;No;No;No
120;10;3;5;1;6;18;25;27;30;16;39;33;0;32;34;59;58;56;48;60;72;63;67;74;65;-1;No;No;No
121;10;5;15;4;11;21;28;20;19;16;41;42;0;45;38;57;46;49;60;59;64;61;75;71;73;-1;No;No;No
122;4;12;5;13;8;24;18;22;28;29;40;34;0;31;32;50;58;54;48;55;73;62;61;75;71;-1;No;No;No
123;13;1;9;10;14;27;25;23;21;29;37;42;0;45;33;46;54;47;60;55;74;64;73;72;62;-1;No;No;No
124;2;13;15;1;10;16;28;20;17;21;44;39;0;45;37;51;47;54;49;58;66;64;72;69;61;-1;No;No;No
125;6;3;14;4;11;18;29;21;25;28;37;40;0;32;34;56;51;46;55;57;68;65;62;61;63;-1;No;No;No
126;7;13;15;1;2;23;19;16;18;30;37;35;0;44;34;55;60;52;51;46;61;62;67;72;66;-1;No;No;No
127;11;5;6;2;3;17;24;26;29;25;43;31;0;38;32;54;52;50;51;48;68;66;74;61;63;-1;No;No;No
128;3;9;11;6;13;22;30;27;18;25;37;32;0;40;42;49;55;57;46;48;69;75;73;65;67;-1;No;No;No
129;8;9;5;1;12;24;25;19;20;29;35;37;0;33;42;58;49;47;54;48;62;70;71;74;66;-1;No;No;No
130;7;2;15;8;10;19;17;18;26;28;35;37;0;36;34;56;47;55;51;49;62;71;61;65;75;-1;No;No;No
131;4;13;15;6;12;22;25;28;23;24;31;43;0;36;40;46;53;51;55;58;64;66;71;70;67;-1;No;No;No
132;1;6;3;4;8;18;19;23;30;17;35;31;0;40;39;53;57;48;49;52;63;66;65;64;71;-1;No;No;No
133;6;4;10;9;3;26;21;18;30;19;34;42;0;44;43;47;46;60;55;57;69;75;63;68;65;-1;No;No;No
134;14;10;5;1;15;19;23;17;28;21;33;34;0;36;38;52;60;47;57;50;73;70;72;65;62;-1;No;No;No
135;6;14;10;3;5;23;22;24;17;20;36;38;0;34;45;55;49;52;46;48;62;68;66;63;69;-1;No;No;No
136;13;14;6;5;2;21;22;17;29;28;39;31;0;41;45;48;47;51;46;49;74;64;73;61;67;-1;No;No;No
137;13;11;12;8;2;18;17;21;20;16;33;37;0;36;44;53;46;49;55;48;64;71;63;73;61;-1;No;No;No
138;15;1;5;9;7;29;23;17;19;18;31;42;0;40;32;60;49;58;55;59;68;65;63;75;64;-1;No;No;No
139;10;8;1;2;6;23;24;25;29;21;39;44;0;35;43;53;50;60;48;46;62;66;73;67;64;-1;No;No;No
140;9;15;8;3;7;29;18;27;21;24;38;31;0;37;42;57;49;55;53;56;74;63;62;69;65;-1;No;No;No
141;6;15;12;11;1;29;17;21;28;25;43;37;0;42;44;60;55;56;58;50;66;65;67;75;70;-1;No;No;No
142;9;7;4;8;6;29;19;16;17;25;38;41;0;36;34;49;48;50;54;51;62;75;71;64;69;-1;No;No;No
143;8;9;13;3;15;25;27;23;19;26;40;44;0;34;32;56;50;51;53;55;67;73;66;64;69;-1;No;No;No
144;14;2;10;9;11;27;25;16;22;23;34;45;0;40;35;46;53;50;59;54;69;64;75;68;63;-1;No;No;No
145;2;8;5;6;7;26;20;23;28;21;34;33;0;39;42;50;59;55;46;48;65;69;73;70;64;-1;No;No;No
146;3;13;11;7;5;27;18;28;19;25;39;41;0;34;35;59;49;54;48;57;62;74;73;70;69;-1;No;No;No
147;6;8;14;9;10;25;24;23;26;19;34;42;0;38;35;47;58;46;60;57;73;63;62;74;75;-1;No;No;No
148;8;13;12;15;9;23;22;26;17;21;32;42;0;43;38;46;60;52;47;51;65;69;63;74;75;-1;No;No;No
149;8;5;10;13;1;29;19;21;16;27;38;42;0;34;43;57;54;60;52;51;62;63;66;74;75;-1;No;No;No
150;8;15;7;3;2;20;21;29;23;26;31;35;0;33;32;48;60;55;54;57;71;74;73;69;61;-1;No;No;No
151;2;8;1;14;11;16;20;25;22;23;32;42;0;31;38;46;51;52;56;54;75;64;61;65;69;-1;No;No;No
152;8;12;14;13;5;18;24;29;22;16;38;33;0;37;35;54;59;46;49;50;74;66;63;72;69;-1;No;No;No
153;8;3;5;10;1;26;21;25;18;27;40;32;0;38;43;47;48;51;50;57;66;62;63;74;67;-1;No;No;No
154;5;12;9;14;15;24;22;16;26;17;33;36;0;44;38;58;52;53;59;48;65;67;72;69;70;-1;No;No;No
155;15;14;3;10;12;28;23;30;21;27;37;45;0;44;31;50;52;54;48;58;64;69;75;65;72;-1;No;No;No
156;13;3;12;2;15;28;26;27;23;22;34;33;0;36;37;60;59;54;51;47;64;61;74;65;66;-1;No;No;No
157;6;4;10;15;3;28;23;30;26;29;36;37;0;33;35;51;48;58;46;49;71;74;69;70;62;-1;No;No;No
158;2;9;7;3;10;24;19;16;23;20;44;45;0;37;38;53;60;49;58;54;74;75;63;72;70;-1;No;No;No
159;9;13;11;14;5;26;17;18;20;28;35;45;0;39;44;51;57;56;46;52;67;73;69;64;71;-1;No;No;No
160;7;8;5;4;11;18;20;25;27;19;42;32;0;35;34;50;53;60;55;51;67;63;71;74;61;-1;No;No;No
161;15;14;3;9;6;26;18;20;24;17;36;31;0;40;35;49;52;57;54;55;62;70;63;61;67;-1;No;No;No
162;11;12;14;10;15;28;25;26;23;24;43;40;0;42;38;59;46;54;56;57;72;71;69;63;66;-1;No;No;No
163;2;14;10;13;1;29;30;27;16;18;39;37;0;33;45;56;51;48;47;55;68;73;66;62;75;-1;No;No;No
164;9;11;13;15;3;22;24;18;28;19;36;32;0;39;37;53;60;58;49;50;63;67;73;74;64;-1;No;No;No
165;9;7;2;11;5;27;28;22;19;17;37;43;0;39;33;49;57;55;51;54;73;70;69;63;74;-1;No;No;No
166;2;9;6;4;10;22;26;25;17;20;33;43;0;32;41;58;55;52;56;53;70;68;64;72;61;-1;No;No;No
167;12;11;1;7;15;30;20;22;19;24;44;34;0;37;31;51;56;54;46;60;62;69;72;74;63;-1;No;No;No
168;2;13;3;6;14;18;22;28;25;19;41;40;0;37;38;48;49;47;51;55;62;63;74;67;61;-1;No;No;No
169;9;6;14;7;8;16;19;23;28;24;44;38;0;33;34;48;52;46;55;47;66;63;67;64;73;-1;No;No;No
170;14;13;12;1;8;22;16;25;23;18;45;33;0;31;37;51;47;56;57;48;68;75;64;62;66;-1;No;No;No
171;12;2;7;13;5;20;16;17;28;25;34;41;0;45;40;52;54;51;57;59;62;61;73;75;63;-1;No;No;No
172;12;14;9;8;6;17;18;26;30;25;36;41;0;39;40;58;49;50;56;52;74;67;62;73;70;-1;No;No;No
173;8;1;5;15;7;19;24;21;17;18;41;42;0;44;32;60;49;52;55;50;63;71;67;68;64;-1;No;No;No
174;3;10;12;15;8;28;17;18;19;16;40;45;0;39;34;50;55;53;54;59;73;63;67;72;62;-1;No;No;No
175;4;3;12;6;5;18;21;23;19;27;44;32;0;43;38;55;59;47;56;48;61;70;73;68;64;-1;No;No;No
176;14;10;5;13;2;19;21;24;23;17;38;33;0;34;45;60;49;55;50;51;73;74;72;68;61;-1;No;No;No
177;7;15;4;3;1;27;19;26;17;25;33;31;0;43;34;56;50;60;52;55;71;63;70;61;64;-1;No;No;No
178;8;6;5;3;4;19;28;17;30;22;43;34;0;39;44;55;48;60;52;47;73;62;74;61;67;-1;No;No;No
179;12;14;6;9;11;27;26;18;21;30;44;40;0;39;37;60;46;49;51;53;64;68;75;67;71;-1;No;No;No
180;14;10;6;11;13;21;19;24;27;20;39;41;0;40;38;51;53;46;47;49;66;67;72;64;62;-1;No;No;No
181;5;9;15;6;12;29;23;28;17;24;40;32;0;31;44;50;58;52;59;53;73;75;74;72;64;-1;No;No;No
182;3;2;8;4;10;29;27;20;22;24;32;40;0;43;39;56;50;60;49;54;71;61;66;68;75;-1;No;No;No
183;13;6;8;3;14;18;28;17;24;25;34;43;0;42;38;52;58;47;46;57;62;70;68;64;73;-1;No;No;No
184;11;10;1;7;2;26;28;27;18;22;32;34;0;45;44;55;60;56;49;48;68;70;75;62;64;-1;No;No;No
185;7;1;8;11;2;20;27;29;17;22;39;34;0;31;36;48;52;60;50;55;74;68;65;71;70;-1;No;No;No
186;7;4;11;14;6;23;19;20;18;16;32;39;0;44;35;49;58;57;55;51;72;64;73;75;70;-1;No;No;No
187;12;14;1;2;3;26;19;18;23;16;35;42;0;37;34;53;48;55;54;59;66;68;62;70;65;-1;No;No;No
188;10;14;6;7;11;19;18;26;17;28;42;43;0;45;38;53;51;58;52;47;66;69;72;61;73;-1;No;No;No
189;14;8;4;11;3;28;17;18;24;16;33;38;0;31;37;52;54;50;51;58;72;62;63;69;61;-1;No;No;No
190;5;13;8;6;1;21;18;29;20;27;44;38;0;36;37;51;52;58;46;48;73;68;66;71;65;-1;No;No;No
191;6;1;14;10;5;26;21;17;24;30;35;39;0;42;40;60;53;50;49;54;61;63;73;67;68;-1;No;No;No
192;5;7;9;4;13;21;29;16;20;19;33;36;0;37;34;51;57;48;55;50;62;61;68;74;69;-1;No;No;No
193;2;13;11;9;6;20;28;22;27;23;35;41;0;39;33;47;55;53;54;59;64;63;66;62;73;-1;No;No;No
194;8;6;14;1;2;26;18;29;28;25;33;36;0;43;31;55;48;51;54;53;68;62;75;71;70;-1;No;No;No
195;8;3;6;15;9;29;18;23;16;17;43;38;0;34;42;48;47;54;53;59;64;63;62;71;66;-1;No;No;No
196;9;13;10;12;15;26;27;16;22;25;43;35;0;32;31;51;57;48;55;56;67;73;62;69;75;-1;No;No;No
197;12;10;3;2;11;19;18;21;28;27;44;36;0;43;35;50;48;54;49;55;69;75;66;70;68;-1;No;No;No
198;3;1;8;6;2;26;22;28;30;23;32;34;0;31;40;51;49;57;46;60;72;67;69;65;74;-1;No;No;No
199;13;6;9;7;11;29;18;28;19;16;40;45;0;41;33;54;59;58;52;55;72;69;68;67;65;-1;No;No;No
200;14;5;11;7;12;17;20;24;21;23;32;40;0;36;35;58;49;55;46;56;75;61;63;66;64;-1;No;No;No
201;8;9;12;13;11;24;18;17;26;28;37;33;0;34;35;52;53;54;46;59;62;61;63;66;74;-1;No;No;No
202;1;11;7;4;2;30;22;23;21;26;31;44;0;36;37;48;54;49;57;58;62;73;72;67;64;-1;No;No;No
203;5;3;9;13;11;28;26;17;20;23;39;32;0;40;43;49;52;54;51;56;71;75;72;74;69;-1;No;No;No
204;10;9;13;7;3;21;30;28;29;19;31;33;0;34;43;55;54;51;53;60;63;71;66;64;69;-1;No;No;No
205;6;1;10;8;11;28;16;29;26;27;32;34;0;33;42;60;58;49;59;55;68;73;64;72;75;-1;No;No;No
206;4;3;1;13;11;26;25;17;19;28;33;34;0;37;44;51;46;48;60;53;74;63;65;61;68;-1;No;No;No
207;10;7;5;11;14;19;24;21;20;16;31;38;0;43;44;56;49;53;57;48;62;67;73;63;64;-1;No;No;No
208;4;10;9;5;1;22;20;24;25;27;34;37;0;43;33;53;54;59;58;47;62;72;67;66;65;-1;No;No;No
209;5;11;4;14;9;21;18;24;26;28;35;37;0;32;44;51;59;46;50;58;69;61;64;71;66;-1;No;No;No
210;13;10;4;3;9;17;26;23;21;27;32;34;0;38;39;59;51;56;50;47;62;69;64;70;68;-1;No;No;No
211;2;5;1;4;14;24;18;25;27;29;36;39;0;37;35;47;49;46;55;60;62;70;68;64;67;-1;No;No;No
212;8;14;6;4;5;25;30;28;17;20;40;32;0;37;45;47;57;48;58;53;71;74;75;61;63;-1;No;No;No
213;2;13;9;6;5;30;18;24;29;19;33;32;0;38;34;56;57;54;55;46;71;68;63;70;66;-1;No;No;No
214;5;2;15;11;3;20;30;17;16;22;36;35;0;38;32;55;46;49;53;47;67;74;69;72;62;-1;No;No;No
215;9;2;10;15;5;16;19;20;22;17;39;38;0;36;31;57;53;54;50;60;65;62;73;68;74;-1;No;No;No
216;8;12;15;10;13;16;21;24;29;20;42;39;0;33;40;59;53;55;48;56;64;75;70;68;61;-1;No;No;No
217;9;14;2;4;6;20;27;30;26;19;35;41;0;43;39;54;51;59;56;49;73;72;63;71;65;-1;No;No;No
218;10;6;12;8;2;16;24;17;27;25;33;39;0;37;34;55;57;53;60;47;75;69;68;66;65;-1;No;No;No
219;15;12;1;13;3;25;16;20;27;26;36;34;0;35;43;59;55;60;50;48;75;69;74;67;65;-1;No;No;No
220;9;11;2;15;12;23;30;20;24;25;44;45;0;36;40;54;52;56;51;55;73;74;61;72;71;-1;No;No;No
221;15;2;8;4;12;20;29;26;23;17;44;35;0;45;36;53;54;59;60;58;64;63;65;68;62;-1;No;No;No
222;12;10;7;6;15;23;19;29;17;18;41;42;0;40;32;59;47;50;46;57;62;74;71;67;73;-1;No;No;No
223;6;12;14;13;9;26;23;22;21;18;34;31;0;37;39;52;56;54;50;47;63;69;67;75;71;-1;No;No;No
224;4;5;7;14;10;29;27;25;16;18;35;43;0;39;33;49;54;52;59;50;65;75;66;68;64;-1;No;No;No
225;7;14;2;9;11;27;30;23;24;26;36;31;0;40;33;58;50;59;60;55;75;69;63;74;71;-1;No;No;No
226;12;6;14;11;2;21;25;19;18;22;32;41;0;34;38;50;54;49;56;60;74;69;63;70;72;-1;No;No;No
227;1;12;3;11;10;20;18;19;30;22;39;45;0;36;35;59;57;54;60;50;75;63;70;71;67;-1;No;No;No
228;15;10;14;7;12;17;25;20;29;19;31;32;0;34;45;46;59;49;50;53;70;64;66;72;62;-1;No;No;No
229;10;13;6;2;12;27;18;26;25;24;41;33;0;36;34;50;47;57;58;46;66;67;65;64;73;-1;No;No;No
230;13;10;15;9;8;19;16;22;26;23;44;32;0;37;34;46;52;47;60;51;64;74;66;75;63;-1;No;No;No
231;4;8;7;14;13;19;29;21;18;30;39;43;0;42;33;50;48;49;55;57;73;68;61;66;67;-1;No;No;No
232;1;10;3;13;8;25;16;20;21;26;34;38;0;39;44;49;54;58;48;46;72;68;74;62;65;-1;No;No;No
233;13;4;9;7;11;24;21;29;20;16;45;44;0;36;42;55;51;47;56;46;74;67;70;73;71;-1;No;No;No
234;13;7;6;14;8;30;28;23;20;27;34;33;0;38;43;51;50;53;60;52;72;67;63;73;71;-1;No;No;No
235;8;9;2;6;1;19;21;28;26;25;44;36;0;34;45;46;51;48;54;60;65;62;74;70;66;-1;No;No;No
236;2;3;13;14;9;19;29;20;24;23;34;37;0;44;45;51;52;48;50;58;65;66;67;71;64;-1;No;No;No
237;12;5;1;13;6;22;28;27;26;16;35;44;0;31;37;54;48;51;53;52;65;67;62;68;69;-1;No;No;No
238;13;14;1;3;7;29;16;28;19;26;40;32;0;43;38;50;60;47;49;51;72;62;70;67;64;-1;No;No;No
239;4;7;11;5;10;28;20;26;18;25;31;39;0;32;40;50;57;53;52;56;61;75;64;65;70;-1;No;No;No
240;1;9;5;8;10;23;26;21;27;17;38;42;0;32;39;53;51;56;52;54;63;70;62;74;69;-1;No;No;No
241;9;1;5;7;3;19;29;26;22;18;35;43;0;44;31;53;47;56;52;51;68;74;66;73;65;-1;No;No;No
242;6;4;12;11;3;18;24;22;30;21;37;31;0;33;40;52;55;58;50;56;65;72;67;63;69;-1;No;No;No
243;12;2;7;10;4;23;24;30;26;17;37;36;0;40;34;47;49;54;55;46;69;68;61;63;66;-1;No;No;No
244;14;10;7;11;9;22;27;24;29;28;35;43;0;45;40;51;59;48;47;54;69;70;66;62;72;-1;No;No;No
245;9;8;11;1;6;23;28;29;20;27;45;37;0;42;32;53;54;57;55;52;64;61;69;71;72;-1;No;No;No
246;8;9;2;5;1;26;19;27;28;17;44;31;0;43;33;56;51;50;54;55;71;64;69;72;63;-1;No;No;No
247;11;13;1;14;7;22;20;19;29;26;35;32;0;41;42;60;53;46;52;49;64;67;73;75;74;-1;No;No;No
248;11;7;13;12;5;23;28;24;16;25;37;42;0;35;36;57;51;46;59;48;73;75;62;65;61;-1;No;No;No
249;6;3;1;9;7;25;24;22;17;18;43;40;0;31;39;56;47;60;50;46;66;69;67;62;75;-1;No;No;No
250;11;3;15;9;10;19;20;28;30;29;36;44;0;41;35;52;57;59;60;55;66;70;73;61;75;-1;No;No;No
251;12;7;10;4;2;22;27;17;20;25;41;32;0;37;38;58;54;60;46;47;73;71;69;64;63;-1;No;No;No
252;14;10;6;7;15;18;28;27;20;16;34;36;0;32;44;58;52;54;55;47;64;65;68;66;62;-1;No;No;No
253;3;9;13;11;7;18;29;28;16;27;38;35;0;36;34;51;56;49;57;53;68;73;72;69;61;-1;No;No;No
254;5;8;12;9;1;19;24;28;17;16;33;42;0;35;40;48;55;57;49;52;68;62;64;69;61;-1;No;No;No
255;5;7;8;2;4;20;18;17;29;16;39;45;0;38;31;52;56;48;46;60;66;75;62;69;67;-1;No;No;No
256;11;4;6;7;9;18;29;26;21;20;32;33;0;43;42;59;54;48;47;53;73;67;71;72;66;-1;No;No;No
257;12;6;4;15;5;21;18;19;25;26;38;40;0;42;31;54;53;58;55;52;63;73;62;61;68;-1;No;No;No
258;8;6;10;3;5;19;27;18;30;17;40;39;0;36;34;52;47;46;53;50;68;72;70;74;69;-1;No;No;No
259;15;4;14;11;6;19;27;22;21;18;38;34;0;40;36;46;49;48;59;53;66;69;71;61;64;-1;No;No;No
260;7;6;5;2;4;26;23;18;21;17;45;44;0;35;32;47;54;58;55;56;64;66;75;61;63;-1;No;No;No
261;4;14;1;15;7;25;20;27;22;29;42;45;0;41;32;56;59;46;51;47;72;66;61;65;68;-1;No;No;No
262;15;9;10;4;11;24;22;29;16;21;32;31;0;38;41;51;52;55;58;53;68;73;65;74;71;-1;No;No;No
263;4;12;3;7;14;27;24;28;29;16;34;38;0;41;35;46;50;55;58;52;72;71;65;67;64;-1;No;No;No
264;12;13;3;9;6;29;27;20;19;23;45;44;0;41;37;46;49;53;57;56;63;73;75;62;70;-1;No;No;No
265;9;6;3;8;4;30;29;21;23;16;40;31;0;39;45;56;50;58;57;59;73;67;75;68;66;-1;No;No;No
266;11;8;14;3;10;21;18;25;23;29;42;44;0;37;41;49;47;56;50;57;65;70;69;68;73;-1;No;No;No
267;13;6;15;7;14;28;27;20;24;16;36;39;0;41;37;52;54;58;60;49;73;65;63;70;68;-1;No;No;No
268;8;12;2;7;4;22;29;24;27;28;43;37;0;34;31;59;49;58;53;47;70;74;65;62;64;-1;No;No;No
269;9;12;4;13;6;25;18;29;17;26;32;36;0;35;41;52;54;49;46;50;62;74;63;71;69;-1;No;No;No
270;2;6;9;12;7;16;22;25;18;20;33;35;0;31;38;48;47;59;57;55;66;69;61;64;70;-1;No;No;No
271;6;13;12;2;11;24;27;25;21;23;37;39;0;43;44;51;55;57;48;56;73;68;71;66;69;-1;No;No;No
272;11;14;4;8;10;27;23;18;26;16;36;39;0;34;43;59;57;49;53;60;61;64;73;68;62;-1;No;No;No
273;12;10;14;4;11;30;16;26;22;23;38;34;0;40;31;59;47;46;54;50;75;74;70;67;66;-1;No;No;No
274;7;12;3;9;11;23;17;28;25;24;35;42;0;38;31;52;54;49;53;60;69;68;70;64;67;-1;No;No;No
275;12;8;6;11;2;27;26;22;16;28;33;35;0;39;34;60;46;52;54;51;69;66;73;63;75;-1;No;No;No
276;4;3;9;15;7;21;27;24;28;25;40;34;0;33;37;48;55;56;51;54;71;72;69;67;74;-1;No;No;No
277;14;9;1;5;4;18;21;16;20;26;43;33;0;37;44;47;50;49;55;58;66;61;75;73;74;-1;No;No;No
278;7;1;9;6;14;26;22;21;25;23;35;37;0;36;43;47;52;46;57;56;72;75;64;62;68;-1;No;No;No
279;3;2;15;8;12;21;27;18;30;26;42;41;0;38;39;60;49;52;58;55;61;65;68;69;66;-1;No;No;No
280;13;2;14;9;10;21;27;29;28;22;35;44;0;43;31;60;47;53;46;55;65;67;74;71;63;-1;No;No;No
281;14;7;13;12;4;17;22;16;25;27;45;31;0;37;43;57;51;58;47;55;70;71;68;69;63;-1;No;No;No
282;7;8;12;9;5;28;27;20;18;22;39;33;0;37;45;54;60;52;53;55;72;63;74;66;67;-1;No;No;No
283;6;15;2;3;5;17;30;25;29;16;32;37;0;39;38;54;53;57;52;47;68;64;67;73;65;-1;No;No;No
284;9;14;8;2;13;26;27;25;16;23;39;40;0;35;44;54;49;47;50;46;72;63;69;70;65;-1;No;No;No
285;5;8;10;13;1;17;27;16;28;24;43;34;0;45;41;60;47;57;55;52;63;66;72;62;64;-1;No;No;No
286;14;2;7;12;10;24;20;22;25;29;31;33;0;32;43;59;60;50;57;49;68;72;62;67;66;-1;No;No;No
287;12;1;7;5;3;29;24;30;26;25;44;35;0;32;34;54;48;49;55;59;71;72;67;65;74;-1;No;No;No
288;3;13;2;15;9;16;18;25;22;19;43;31;0;36;42;60;54;52;47;50;74;72;68;62;63;-1;No;No;No
289;15;8;13;9;3;27;25;16;19;30;38;33;0;40;42;51;55;54;47;52;69;62;73;71;64;-1;No;No;No
290;10;9;2;15;14;29;17;20;25;30;45;32;0;39;31;55;50;49;58;57;64;67;71;61;63;-1;No;No;No
291;6;8;13;14;3;29;16;28;20;19;36;42;0;40;33;58;46;57;56;47;69;72;62;61;74;-1;No;No;No
292;2;3;15;9;5;21;28;30;26;17;45;33;0;35;38;49;50;60;55;48;73;71;70;61;72;-1;No;No;No
293;4;10;12;3;2;16;27;30;20;18;41;33;0;34;37;57;53;50;47;52;74;65;68;66;73;-1;No;No;No
294;3;4;6;10;11;17;23;25;29;18;39;37;0;38;36;57;50;46;58;55;61;63;68;66;69;-1;No;No;No
295;2;9;6;14;5;20;26;23;30;18;38;35;0;43;44;50;58;48;51;47;75;65;62;69;70;-1;No;No;No
296;13;14;9;2;5;28;22;25;21;30;35;44;0;43;42;50;55;56;53;52;67;66;65;62;68;-1;No;No;No
297;3;5;15;6;7;23;21;25;24;19;43;31;0;34;37;49;51;48;53;57;65;72;75;67;71;-1;No;No;No
298;11;6;7;1;10;21;17;22;30;25;35;33;0;34;44;52;60;54;59;51;67;66;73;65;75;-1;No;No;No
299;8;4;13;7;14;30;16;24;22;19;36;43;0;45;31;57;52;59;56;60;66;61;71;68;75;-1;No;No;No
300;14;6;8;3;12;18;25;16;28;24;34;42;0;41;33;60;56;50;54;57;75;71;70;64;72;-1;No;No;No
301;9;2;5;14;1;29;22;24;27;21;43;33;0;37;40;47;50;53;55;54;66;73;64;67;62;-1;No;No;No
302;2;6;11;15;7;27;26;20;19;29;34;40;0;33;36;54;60;59;50;53;67;62;69;70;73;-1;No;No;No
303;8;13;1;15;10;17;23;16;19;27;35;41;0;40;34;53;59;52;54;57;73;62;74;67;63;-1;No;No;No
304;6;14;10;5;4;24;16;23;21;20;31;41;0;38;44;52;54;60;47;56;61;75;70;66;64;-1;No;No;No
305;6;14;15;12;13;30;20;28;27;19;38;32;0;42;35;50;60;46;48;56;65;73;68;63;75;-1;No;No;No
306;6;14;7;4;12;17;18;28;29;24;40;38;0;45;31;57;60;51;50;47;69;64;61;71;72;-1;No;No;No
307;2;12;11;1;8;18;24;20;29;19;42;36;0;35;34;49;48;57;50;54;67;68;70;66;73;-1;No;No;No
308;13;2;1;12;4;17;23;24;21;26;45;41;0;43;44;56;53;48;52;50;64;73;75;71;62;-1;No;No;No
309;15;12;6;3;10;29;19;20;17;27;33;34;0;45;43;55;50;49;46;60;68;72;64;67;62;-1;No;No;No
310;15;2;11;10;4;21;18;19;29;25;39;31;0;41;38;60;54;48;57;52;72;64;73;71;61;-1;No;No;No
311;5;2;3;13;9;24;22;29;17;21;43;41;0;36;32;57;60;54;55;51;74;70;75;63;69;-1;No;No;No
312;3;11;14;2;10;27;20;28;29;22;42;44;0;37;32;58;55;51;50;57;73;74;68;66;63;-1;No;No;No
313;9;1;13;4;15;26;30;18;21;22;36;33;0;34;32;50;54;49;58;52;69;68;67;63;73;-1;No;No;No
314;14;6;11;12;13;24;21;25;20;26;34;35;0;40;37;51;60;52;55;57;66;69;73;75;65;-1;No;No;No
315;10;4;8;1;3;22;23;16;21;25;36;37;0;32;42;56;55;49;57;53;68;69;63;70;64;-1;No;No;No
316;6;4;13;3;9;30;28;26;27;16;33;45;0;36;40;53;52;51;56;60;63;66;72;68;69;-1;No;No;No
317;8;6;3;7;4;25;23;24;20;16;38;40;0;41;42;60;47;51;55;46;70;61;74;68;73;-1;No;No;No
318;8;4;9;1;14;21;27;16;20;18;34;32;0;35;36;60;49;50;59;52;62;68;74;69;66;-1;No;No;No
319;13;2;15;3;12;30;22;20;16;25;44;41;0;32;36;53;60;52;50;55;67;63;72;70;66;-1;No;No;No
320;3;14;11;8;9;28;17;24;26;18;38;41;0;32;35;51;52;57;53;47;65;75;63;64;74;-1;No;No;No
321;4;11;5;7;12;18;28;16;26;30;44;32;0;45;42;49;48;52;51;58;75;62;71;72;63;-1;No;No;No
322;5;11;4;7;6;27;17;23;18;30;36;37;0;41;43;47;60;52;54;48;68;62;75;71;64;-1;No;No;No
323;2;14;10;6;1;21;23;16;27;30;34;42;0;31;44;46;59;57;52;60;75;72;64;63;68;-1;No;No;No
324;13;12;15;7;1;17;29;21;22;26;36;44;0;39;35;52;57;46;56;59;72;75;63;73;65;-1;No;No;No
325;4;13;5;6;7;27;28;18;22;23;33;39;0;41;31;49;47;55;58;46;75;73;68;61;72;-1;No;No;No
326;14;2;13;12;7;30;17;18;28;20;38;36;0;35;32;50;60;58;47;49;73;65;72;67;75;-1;No;No;No
327;15;3;10;11;5;16;25;18;20;27;36;34;0;35;43;55;60;57;52;46;75;70;62;65;74;-1;No;No;No
328;5;12;1;10;2;21;24;16;30;29;42;33;0;34;36;60;55;59;46;58;74;64;72;75;70;-1;No;No;No
329;5;15;1;3;12;19;28;23;16;20;40;31;0;44;32;48;56;53;51;46;67;71;72;65;73;-1;No;No;No
330;12;10;15;7;4;26;28;25;21;17;31;35;0;37;45;60;48;55;53;51;74;69;67;64;73;-1;No;No;No
331;1;9;14;4;2;16;24;27;29;25;34;33;0;39;41;49;58;53;59;56;73;71;69;70;64;-1;No;No;No
332;5;2;15;3;7;19;25;22;17;21;33;43;0;36;37;53;55;50;49;52;65;61;64;70;72;-1;No;No;No
333;13;8;12;2;9;18;17;23;24;29;31;36;0;38;32;60;52;59;55;46;75;61;65;72;66;-1;No;No;No
334;12;10;2;7;9;27;17;30;19;20;37;45;0;39;34;47;60;50;48;49;65;69;61;71;70;-1;No;No;No
335;3;6;8;14;11;19;17;23;29;30;40;42;0;44;41;57;56;54;49;58;75;73;63;70;66;-1;No;No;No
336;8;9;7;12;6;16;28;21;30;27;42;36;0;37;32;48;60;58;52;50;70;62;72;61;73;-1;No;No;No
337;9;13;10;1;6;27;16;29;25;20;36;33;0;43;31;49;60;52;54;56;63;66;70;71;61;-1;No;No;No
338;7;6;10;13;11;19;27;26;28;22;31;33;0;42;36;52;56;59;50;46;65;64;70;66;62;-1;No;No;No
339;12;3;14;4;9;17;25;29;28;24;33;41;0;45;40;48;53;58;51;56;65;72;69;67;68;-1;No;No;No
340;15;13;7;14;5;22;17;20;24;23;36;31;0;35;38;49;53;46;51;55;62;64;69;65;63;-1;No;No;No
341;7;2;4;11;5;24;29;19;21;16;40;39;0;38;37;49;58;59;47;56;62;71;67;74;69;-1;No;No;No
342;8;9;10;6;4;17;21;19;20;27;37;35;0;41;31;58;57;47;51;56;61;71;75;72;66;-1;No;No;No
343;7;12;5;15;8;26;16;27;24;29;44;31;0;42;37;56;57;47;50;51;73;72;67;68;71;-1;No;No;No
344;2;3;7;10;9;19;16;29;18;30;44;32;0;40;42;57;46;49;60;58;68;61;65;69;74;-1;No;No;No
345;8;3;12;4;6;20;21;18;23;17;40;31;0;39;33;54;47;46;57;53;71;64;62;68;73;-1;No;No;No
346;3;7;10;2;1;19;28;23;25;16;37;38;0;45;44;51;52;55;60;58;62;68;75;64;67;-1;No;No;No
347;14;15;11;10;7;21;24;22;27;23;39;37;0;40;36;58;55;51;53;47;74;67;72;71;68;-1;No;No;No
348;8;12;1;9;5;28;22;25;21;20;31;44;0;39;33;58;59;54;56;46;65;68;67;74;69;-1;No;No;No
349;5;4;7;3;6;20;21;26;18;29;39;44;0;31;41;47;50;48;58;60;72;75;74;68;73;-1;No;No;No
350;1;7;8;6;3;19;22;21;24;27;39;32;0;33;38;59;56;47;52;48;71;68;64;65;63;-1;No;No;No
351;4;6;14;9;11;24;27;23;19;22;34;39;0;35;42;54;47;53;55;48;64;65;72;71;75;-1;No;No;No
352;15;11;12;10;14;16;28;19;29;17;38;33;0;39;34;46;48;53;59;54;65;71;64;69;62;-1;No;No;No
353;2;6;13;15;9;28;17;20;16;21;45;37;0;42;36;60;52;48;53;51;75;68;65;63;67;-1;No;No;No
354;8;10;1;3;9;22;28;30;16;26;31;44;0;40;36;48;46;57;54;49;70;73;66;71;61;-1;No;No;No
355;2;12;1;14;10;24;22;20;27;19;37;31;0;34;41;53;46;58;48;51;61;71;63;62;69;-1;No;No;No
356;2;4;12;1;13;27;19;21;29;24;40;39;0;35;41;49;60;46;58;55;73;65;70;67;69;-1;No;No;No
357;5;6;15;9;12;23;17;26;18;30;43;39;0;42;40;58;57;60;47;51;64;69;71;61;73;-1;No;No;No
358;2;6;13;15;4;16;18;19;21;26;31;42;0;41;39;49;50;48;46;54;71;73;65;70;63;-1;No;No;No
359;9;7;2;10;13;16;28;27;20;29;32;34;0;33;43;56;46;48;60;47;72;73;68;62;66;-1;No;No;No
360;10;4;8;15;3;27;24;19;29;21;45;33;0;32;44;49;47;50;51;52;68;75;61;63;74;-1;No;No;No
361;11;12;6;13;4;29;24;27;30;20;31;34;0;42;41;47;57;52;60;56;63;66;65;67;68;-1;No;No;No
362;9;1;11;4;5;21;28;16;20;22;44;42;0;36;41;55;56;52;60;59;65;64;62;69;74;-1;No;No;No
363;1;11;3;13;6;23;17;21;18;30;34;42;0;40;45;48;47;46;49;57;71;64;63;66;67;-1;No;No;No
364;2;9;12;3;4;21;16;28;18;26;41;42;0;35;45;48;49;54;55;57;65;66;71;68;63;-1;No;No;No
365;11;10;9;6;1;24;18;29;27;21;43;42;0;36;44;57;54;49;51;47;68;63;73;69;61;-1;No;No;No
366;3;8;9;7;10;30;28;20;21;17;32;33;0;41;36;55;50;52;59;57;66;65;61;68;67;-1;No;No;No
367;6;15;2;10;12;25;19;23;21;16;33;35;0;43;42;55;52;54;58;47;69;63;68;67;64;-1;No;No;No
368;8;1;7;3;9;20;27;22;19;25;35;44;0;42;33;60;47;46;51;59;61;65;64;74;75;-1;No;No;No
369;5;1;13;4;6;24;21;29;18;25;31;42;0;36;33;48;59;52;55;57;75;70;73;72;68;-1;No;No;No
370;10;3;4;5;8;21;29;18;20;24;39;37;0;40;44;51;60;47;54;49;70;74;73;65;64;-1;No;No;No
371;15;12;4;5;11;21;23;20;19;24;39;33;0;41;42;58;59;51;55;46;67;66;64;71;75;-1;No;No;No
372;11;7;4;9;10;25;30;20;18;21;34;40;0;38;41;51;57;46;60;58;66;73;70;64;75;-1;No;No;No
373;9;10;8;4;3;25;29;22;26;24;31;33;0;44;37;46;51;59;49;48;73;61;66;70;62;-1;No;No;No
374;10;3;14;12;11;29;22;25;16;28;37;34;0;44;31;53;56;52;47;55;74;67;72;75;68;-1;No;No;No
375;15;5;12;11;7;24;19;20;21;17;31;36;0;32;43;46;48;59;56;50;73;64;75;68;72;-1;No;No;No
376;15;12;11;10;5;17;25;20;26;27;33;35;0;37;44;51;50;49;58;48;67;62;74;70;64;-1;No;No;No
377;9;13;15;2;11;19;20;27;23;16;44;38;0;41;33;48;56;53;59;49;70;71;65;62;68;-1;No;No;No
378;13;2;6;1;10;17;24;16;23;21;33;36;0;38;35;50;49;58;55;53;62;71;61;72;74;-1;No;No;No
379;7;5;9;8;15;20;27;17;28;25;31;38;0;42;35;46;52;56;50;48;61;65;62;71;74;-1;No;No;No
380;6;13;15;1;12;17;27;24;19;29;33;31;0;41;34;48;57;59;49;53;71;73;72;68;67;-1;No;No;No
381;3;1;4;13;9;16;22;30;24;27;34;32;0;36;33;57;56;59;50;55;65;68;67;66;64;-1;No;No;No
382;10;12;1;15;5;29;18;24;19;26;42;34;0;45;38;55;59;52;60;50;61;75;62;65;67;-1;No;No;No
383;15;14;4;8;2;29;20;30;21;27;44;40;0;37;34;54;48;52;53;46;69;61;75;67;72;-1;No;No;No
384;9;13;6;8;14;27;26;16;24;25;35;33;0;32;45;51;55;57;58;60;70;71;67;73;68;-1;No;No;No
385;6;14;3;2;9;29;26;23;21;25;35;41;0;38;43;53;59;55;51;48;68;72;74;71;62;-1;No;No;No
386;9;5;14;15;3;24;25;20;19;30;38;31;0;40;37;50;47;56;55;49;68;75;63;67;72;-1;No;No;No
387;14;2;11;1;13;27;23;19;24;18;44;36;0;42;37;50;55;59;52;58;71;68;67;62;72;-1;No;No;No
388;6;13;10;1;14;27;26;16;19;28;40;39;0;31;45;46;59;54;56;48;64;70;75;69;61;-1;No;No;No
389;5;8;14;4;2;24;28;29;30;19;36;43;0;38;35;53;52;56;50;60;74;73;64;61;63;-1;No;No;No
390;1;2;13;6;4;23;28;20;25;22;33;37;0;40;38;51;56;55;54;46;66;69;73;65;71;-1;No;No;No
391;14;11;1;3;13;26;18;29;23;21;41;39;0;43;37;59;50;47;46;53;71;74;65;75;69;-1;No;No;No
392;11;3;6;10;5;16;18;29;25;28;44;31;0;35;34;50;52;54;55;49;68;62;72;73;67;-1;No;No;No
393;13;10;3;12;7;19;20;21;28;23;33;45;0;36;43;55;56;54;53;47;73;72;70;75;67;-1;No;No;No
394;4;14;10;8;13;27;24;17;25;26;35;39;0;40;32;55;58;56;51;54;67;74;72;70;71;-1;No;No;No
395;14;10;4;9;6;17;28;22;16;27;42;38;0;34;31;54;48;52;47;49;71;61;70;73;63;-1;No;No;No
396;1;8;15;7;10;16;23;30;26;17;42;31;0;37;36;49;59;56;52;57;72;70;75;62;71;-1;No;No;No
397;5;9;1;11;15;26;27;29;25;20;45;31;0;38;32;59;47;50;46;51;65;73;70;75;69;-1;No;No;No
398;12;8;5;4;6;18;29;27;19;25;31;36;0;32;41;59;54;47;56;55;61;66;63;75;71;-1;No;No;No
399;13;12;15;7;1;24;17;27;30;26;33;36;0;43;42;57;48;49;59;55;72;69;62;67;68;-1;No;No;No
400;2;5;6;15;14;27;28;17;18;30;42;31;0;44;38;52;46;48;54;50;64;70;65;72;74;-1;No;No;No
401;6;12;10;1;2;19;26;23;29;28;43;36;0;40;35;51;60;53;49;46;72;61;69;66;71;-1;No;No;No
402;1;12;10;9;3;24;16;26;28;22;31;44;0;43;34;46;51;60;47;56;64;61;74;63;62;-1;No;No;No
403;11;5;1;7;2;20;25;21;22;30;44;43;0;35;33;48;53;49;58;46;64;68;67;61;71;-1;No;No;No
404;5;9;7;6;11;27;26;17;16;22;33;43;0;34;38;49;58;51;56;60;65;74;66;75;64;-1;No;No;No
405;8;4;7;9;10;28;30;23;27;19;37;38;0;44;36;50;56;51;54;49;65;70;69;74;71;-1;No;No;No
406;9;14;3;11;4;22;17;24;28;21;45;37;0;33;44;56;60;48;57;50;67;72;73;75;61;-1;No;No;No
407;11;12;13;5;15;17;21;19;22;30;31;40;0;36;37;48;46;51;60;57;71;65;68;64;75;-1;No;No;No
408;4;1;12;9;13;24;19;25;26;21;42;31;0;33;35;50;52;53;47;48;66;75;72;74;64;-1;No;No;No
409;3;9;4;15;6;24;18;28;21;25;42;37;0;39;44;60;58;46;53;56;70;69;68;61;63;-1;No;No;No
410;2;12;3;5;13;29;23;16;21;18;33;34;0;45;40;51;58;52;50;60;69;63;75;66;67;-1;No;No;No
411;3;7;14;10;11;29;27;22;25;28;40;35;0;36;39;51;52;50;60;59;71;67;69;66;63;-1;No;No;No
412;11;4;14;2;5;16;17;19;29;26;42;37;0;39;40;54;57;56;48;49;71;66;64;65;68;-1;No;No;No
413;11;2;9;12;4;30;19;18;21;26;39;44;0;45;33;47;58;49;54;56;70;62;66;74;64;-1;No;No;No
414;8;11;13;5;6;18;23;27;30;28;41;42;0;32;35;47;60;46;49;51;65;68;70;62;67;-1;No;No;No
415;1;12;5;13;11;21;22;19;27;20;39;43;0;33;35;50;47;52;55;54;64;70;65;75;62;-1;No;No;No
416;2;10;1;3;15;28;24;22;20;27;33;38;0;36;42;51;47;60;53;57;62;72;65;75;61;-1;No;No;No
417;6;2;13;9;7;19;17;29;26;23;33;42;0;35;32;55;59;50;54;46;61;66;65;74;69;-1;No;No;No
418;11;12;6;15;2;24;18;21;28;26;45;42;0;37;38;50;47;48;59;55;73;62;75;71;67;-1;No;No;No
419;15;9;14;12;4;23;21;20;26;27;31;38;0;40;37;51;58;55;60;56;61;63;66;65;68;-1;No;No;No
420;12;6;8;5;13;20;24;26;16;21;32;44;0;33;41;54;60;56;53;46;61;71;74;66;62;-1;No;No;No
421;13;1;2;3;9;26;27;19;16;24;38;45;0;39;43;52;57;50;55;59;71;65;72;73;61;-1;No;No;No
422;3;1;14;2;15;18;27;28;16;30;35;39;0;44;31;51;53;59;52;57;62;66;69;74;61;-1;No;No;No
423;5;7;10;4;1;19;23;18;30;28;34;36;0;44;31;59;51;55;50;56;69;67;72;73;70;-1;No;No;No
424;4;2;1;12;11;19;29;23;17;20;42;43;0;33;35;56;49;57;48;46;61;65;68;74;73;-1;No;No;No
425;13;7;1;14;11;19;20;26;21;25;39;33;0;34;42;50;47;52;57;49;62;74;75;63;65;-1;No;No;No
426;6;15;7;2;13;21;23;22;20;17;37;32;0;35;36;52;58;47;57;59;66;63;61;71;67;-1;No;No;No
427;1;10;3;2;4;28;26;18;23;17;40;43;0;37;39;49;59;52;53;46;74;73;72;66;64;-1;No;No;No
428;6;11;7;8;2;21;30;26;27;22;38;39;0;41;36;48;55;52;58;59;72;66;69;62;61;-1;No;No;No
429;11;5;15;6;12;27;16;20;26;17;33;37;0;34;39;55;51;58;46;47;75;61;63;66;70;-1;No;No;No
430;12;7;3;13;4;26;23;20;25;19;41;36;0;45;34;55;47;48;50;58;73;75;69;62;65;-1;No;No;No
431;12;11;10;1;15;23;25;21;18;20;36;45;0;40;31;54;49;55;58;50;67;71;74;65;61;-1;No;No;No
432;12;9;13;5;7;30;25;17;19;18;32;41;0;33;35;48;51;59;53;47;63;70;68;67;64;-1;No;No;No
433;14;5;3;1;13;28;16;17;26;21;31;37;0;41;38;59;56;46;50;48;70;62;68;75;73;-1;No;No;No
434;14;12;5;6;4;17;28;22;19;25;39;42;0;34;41;49;50;58;59;52;72;64;69;73;63;-1;No;No;No
435;10;2;9;4;12;18;20;21;25;26;31;44;0;38;35;53;60;59;52;50;73;67;72;68;69;-1;No;No;No
436;1;4;5;6;11;28;20;17;16;27;34;44;0;40;43;54;50;47;56;58;70;68;65;61;62;-1;No;No;No
437;1;5;9;6;3;22;17;29;26;28;43;34;0;35;37;52;60;56;47;46;61;73;72;69;64;-1;No;No;No
438;9;5;7;14;6;28;25;16;29;22;38;40;0;32;43;48;49;53;47;58;72;65;64;66;70;-1;No;No;No
439;9;3;13;6;11;28;30;19;17;27;35;40;0;34;39;58;53;51;47;48;74;66;62;75;65;-1;No;No;No
440;8;5;12;10;14;25;29;27;16;23;44;37;0;31;40;47;54;49;57;46;65;68;74;73;63;-1;No;No;No
441;5;13;9;14;12;25;29;16;19;28;43;42;0;36;33;47;57;49;59;48;72;63;70;74;65;-1;No;No;No
442;3;13;11;2;12;16;22;30;29;24;33;39;0;36;41;50;49;55;60;56;67;71;62;64;75;-1;No;No;No
443;14;7;4;2;13;23;19;28;16;29;42;33;0;34;40;54;55;51;56;50;66;68;63;67;71;-1;No;No;No
444;1;15;10;2;6;27;19;30;28;23;43;33;0;34;42;50;59;46;47;55;73;71;74;66;65;-1;No;No;No
445;11;9;13;7;5;25;26;28;22;18;32;38;0;41;42;55;56;57;51;60;62;70;67;72;68;-1;No;No;No
446;8;11;4;12;5;23;17;21;16;19;36;38;0;32;35;51;47;60;54;52;68;74;64;63;65;-1;No;No;No
447;15;9;11;8;12;16;26;18;20;22;40;33;0;32;34;56;59;46;51;58;65;73;62;70;75;-1;No;No;No
448;5;11;12;2;13;17;24;20;25;22;39;35;0;31;32;47;56;48;58;59;63;65;69;71;64;-1;No;No;No
449;7;8;4;14;1;29;19;22;17;18;32;43;0;31;36;59;55;53;54;50;66;63;73;64;65;-1;No;No;No
450;3;15;10;12;13;24;18;29;28;27;42;37;0;32;31;59;47;56;51;60;72;74;75;73;62;-1;No;No;No
451;7;5;3;13;1;25;28;18;19;23;34;43;0;41;40;58;60;54;47;50;67;63;61;72;69;-1;No;No;No
452;14;10;3;4;5;21;26;29;17;27;40;43;0;36;45;47;53;55;60;59;66;72;63;70;64;-1;No;No;No
453;3;12;2;7;13;18;20;27;17;28;38;40;0;34;36;56;59;58;46;55;65;74;67;73;69;-1;No;No;No
454;3;7;1;13;6;19;29;16;26;18;35;32;0;34;36;60;53;55;49;59;67;70;65;66;74;-1;No;No;No
455;8;3;6;1;4;24;16;27;25;29;33;38;0;39;41;54;55;46;60;48;71;63;64;70;61;-1;No;No;No
456;9;2;14;13;5;16;27;19;25;18;34;32;0;43;33;57;60;59;58;48;75;66;62;61;74;-1;No;No;No
457;12;5;14;6;3;22;29;19;17;24;40;39;0;42;41;53;48;57;55;59;63;66;75;74;73;-1;No;No;No
458;4;13;7;10;9;16;18;30;19;23;43;42;0;39;38;59;46;60;49;58;61;75;74;65;70;-1;No;No;No
459;13;8;14;10;2;20;29;17;30;26;43;38;0;36;41;57;52;59;58;47;70;74;64;69;71;-1;No;No;No
460;10;6;13;12;15;24;17;27;29;16;45;31;0;32;33;52;50;46;55;56;68;72;63;67;61;-1;No;No;No
461;6;9;8;4;3;29;25;21;16;20;33;37;0;43;31;54;56;60;48;50;73;63;75;67;64;-1;No;No;No
462;1;6;14;10;7;17;29;19;24;26;43;36;0;42;35;47;54;55;46;60;73;69;65;68;63;-1;No;No;No
463;6;5;10;3;15;28;23;25;21;29;41;35;0;38;36;58;60;53;54;55;67;65;70;66;73;-1;No;No;No
464;7;12;8;5;9;20;19;29;16;26;39;40;0;37;34;57;56;47;49;46;68;63;64;75;65;-1;No;No;No
465;5;9;10;2;1;21;22;19;23;24;32;39;0;42;44;56;60;54;58;50;64;62;67;66;72;-1;No;No;No
466;12;7;13;15;9;16;29;27;28;26;37;36;0;40;31;59;55;58;50;57;61;75;73;65;67;-1;No;No;No
467;2;1;3;9;6;16;30;23;26;18;35;44;0;37;36;46;47;54;49;51;75;61;72;64;67;-1;No;No;No
468;7;4;3;11;5;22;20;17;18;24;39;33;0;41;38;56;57;52;48;60;71;63;70;75;62;-1;No;No;No
469;3;9;2;4;10;27;20;16;29;28;38;39;0;33;44;52;46;54;55;48;65;75;73;66;69;-1;No;No;No
470;5;6;9;15;13;19;23;26;24;25;43;32;0;39;38;48;59;53;55;54;62;67;66;63;64;-1;No;No;No
471;11;5;1;10;13;25;21;18;28;17;42;37;0;33;38;57;55;48;52;49;62;63;61;72;73;-1;No;No;No
472;1;3;9;4;8;27;16;17;18;29;44;36;0;35;42;55;58;54;56;53;62;71;64;68;63;-1;No;No;No
473;12;3;9;8;4;27;30;29;25;16;33;41;0;37;40;56;46;54;59;52;71;66;69;65;70;-1;No;No;No
474;4;5;12;9;15;29;27;20;25;26;45;35;0;36;33;57;49;55;47;58;61;63;73;75;67;-1;No;No;No
475;8;14;15;13;3;16;22;28;19;25;44;32;0;31;40;59;53;57;50;56;66;69;61;75;65;-1;No;No;No
476;11;14;4;13;2;26;18;25;23;21;40;38;0;33;45;47;56;46;55;50;62;68;69;70;65;-1;No;No;No
477;12;11;7;5;3;16;28;29;22;18;32;38;0;44;35;52;47;60;50;51;70;75;67;73;65;-1;No;No;No
478;11;7;8;14;9;26;20;27;25;23;36;38;0;35;40;59;51;53;56;55;61;65;75;67;74;-1;No;No;No
479;3;4;1;13;6;24;27;17;20;28;39;40;0;31;43;55;59;60;51;58;72;63;68;65;67;-1;No;No;No
480;5;8;4;12;2;26;23;25;19;29;36;44;0;42;37;56;57;46;47;53;75;70;69;61;64;-1;No;No;No
481;5;11;7;10;8;23;27;29;17;16;39;43;0;35;41;50;59;54;52;53;74;71;72;75;64;-1;No;No;No
482;10;14;15;1;11;17;18;29;23;20;41;37;0;42;31;47;56;57;51;54;71;70;61;63;75;-1;No;No;No
483;7;3;14;9;4;22;25;20;21;19;34;35;0;37;33;50;56;59;48;55;75;68;69;74;70;-1;No;No;No
484;15;3;13;5;2;24;20;23;22;19;42;37;0;45;44;49;54;46;48;56;64;73;69;71;72;-1;No;No;No
485;6;1;5;12;10;21;17;29;28;24;31;39;0;42;32;51;46;49;55;57;75;66;71;70;65;-1;No;No;No
486;4;2;13;1;11;29;23;26;19;16;34;32;0;36;33;60;57;56;51;54;71;68;73;75;63;-1;No;No;No
487;15;2;3;12;4;29;18;20;26;25;35;40;0;37;39;50;47;59;57;54;66;73;65;71;72;-1;No;No;No
488;4;12;8;6;15;17;24;19;27;26;38;33;0;41;40;58;53;55;49;47;73;70;68;61;67;-1;No;No;No
489;13;14;7;4;12;22;28;29;24;25;37;34;0;42;43;50;47;54;46;55;74;68;69;71;66;-1;No;No;No
490;4;2;7;5;12;25;26;30;21;19;37;41;0;42;33;56;59;51;46;55;66;61;75;69;67;-1;No;No;No
491;1;9;12;4;8;22;16;26;20;29;43;37;0;41;42;47;46;49;54;55;73;68;70;66;64;-1;No;No;No
492;12;10;2;8;6;17;24;28;21;18;41;39;0;45;43;56;57;50;54;46;74;69;72;67;62;-1;No;No;No
493;6;4;7;12;15;25;23;26;29;18;33;37;0;35;45;51;59;58;57;49;66;65;74;67;70;-1;No;No;No
494;3;4;11;15;6;26;22;21;25;17;34;44;0;43;36;53;56;52;60;59;67;74;72;63;68;-1;No;No;No
495;4;9;1;6;15;29;23;20;21;22;41;33;0;35;34;55;58;53;60;48;65;72;61;67;69;-1;No;No;No
496;15;6;3;1;4;26;23;25;28;30;36;34;0;31;43;49;46;48;53;56;67;73;63;61;72;-1;No;No;No
497;4;15;13;10;6;19;24;26;27;17;41;34;0;35;36;59;58;57;55;48;74;66;62;72;68;-1;No;No;No
498;9;11;5;2;12;26;17;23;24;19;40;36;0;35;43;60;59;49;55;51;71;70;75;73;74;-1;No;No;No
499;13;7;2;15;11;18;25;21;19;23;45;33;0;43;37;52;60;50;49;55;61;65;72;69;70;-1;No;No;No
500;8;5;6;14;11;16;28;30;21;17;34;33;0;44;40;46;56;57;47;53;75;68;70;69;71;-1;No;No;No
501;4;12;7;1;15;19;23;26;22;17;44;42;0;36;43;46;57;50;54;56;70;69;74;64;67;-1;No;No;No
502;6;10;14;15;8;24;25;20;21;30;33;37;0;42;32;58;54;46;49;59;67;73;70;62;65;-1;No;No;No
503;1;2;10;6;4;23;27;18;21;17;37;38;0;43;41;55;51;60;58;57;74;68;72;64;71;-1;No;No;No
504;5;4;13;3;1;22;19;29;30;24;38;34;0;44;42;48;52;53;50;57;61;67;66;62;64;-1;No;No;No
505;13;7;14;8;9;22;17;16;25;18;40;41;0;42;33;56;60;50;57;48;71;73;72;62;65;-1;No;No;No
506;6;8;1;12;9;18;23;17;26;16;45;42;0;37;33;56;47;59;54;57;71;70;66;74;63;-1;No;No;No
507;13;15;5;1;11;16;28;29;27;24;38;33;0;40;39;47;55;59;57;52;74;67;69;75;72;-1;No;No;No
508;12;7;9;8;6;23;27;24;21;26;43;35;0;41;42;46;58;57;50;49;70;66;64;74;61;-1;No;No;No
509;12;7;2;3;11;30;22;17;28;29;38;43;0;37;44;56;60;57;54;55;74;75;62;66;61;-1;No;No;No
510;14;2;1;13;5;23;19;30;20;29;44;41;0;35;43;54;52;57;49;56;71;67;74;66;75;-1;No;No;No
511;13;1;10;12;15;16;17;25;28;20;31;42;0;41;34;56;57;50;51;48;71;74;62;67;64;-1;No;No;No
512;8;3;10;9;13;28;27;25;30;19;44;31;0;34;40;48;46;56;57;54;61;63;72;65;67;-1;No;No;No
513;10;14;13;9;11;17;22;19;16;20;34;45;0;33;40;51;60;46;48;56;75;70;74;64;71;-1;No;No;No
514;11;1;6;14;12;23;26;21;25;28;41;40;0;34;33;48;49;54;51;57;67;65;61;74;73;-1;No;No;No
515;5;7;1;13;2;28;16;26;21;19;39;44;0;45;33;54;57;47;46;50;65;63;73;74;72;-1;No;No;No
516;2;13;9;5;11;24;26;28;29;17;45;40;0;43;32;48;46;56;47;50;72;61;66;65;63;-1;No;No;No
517;15;6;2;14;7;16;20;30;24;21;42;35;0;43;37;55;46;54;50;47;64;66;71;70;65;-1;No;No;No
518;9;3;1;7;5;28;23;30;24;29;39;32;0;43;44;48;54;52;49;58;71;69;73;74;61;-1;No;No;No
519;7;2;5;9;10;27;21;17;25;30;42;39;0;43;35;49;60;53;52;58;61;66;67;75;73;-1;No;No;No
520;9;8;11;14;12;20;25;23;21;18;43;38;0;31;41;55;50;59;53;56;64;66;75;74;73;-1;No;No;No
521;9;12;15;2;13;23;28;26;27;30;41;31;0;45;43;58;50;48;53;59;67;66;71;69;63;-1;No;No;No
522;7;8;5;15;14;27;30;18;24;20;33;32;0;41;40;46;56;53;58;49;64;71;67;69;65;-1;No;No;No
523;2;9;10;8;4;27;21;18;26;29;37;40;0;44;38;60;59;51;46;58;68;72;75;65;71;-1;No;No;No
524;15;12;6;5;2;29;21;27;22;18;33;41;0;40;43;47;59;55;57;58;68;61;65;72;64;-1;No;No;No
525;5;4;11;1;15;18;30;21;23;25;31;44;0;41;33;56;51;46;47;53;75;68;67;69;74;-1;No;No;No
526;12;8;3;13;4;16;24;28;29;27;31;40;0;38;42;49;54;46;59;55;73;68;72;69;62;-1;No;No;No
527;12;6;1;10;5;20;28;23;18;25;38;37;0;40;31;47;46;56;52;55;69;64;68;65;61;-1;No;No;No
528;3;1;8;7;15;26;24;23;29;19;39;37;0;40;32;57;50;60;47;46;62;61;68;72;63;-1;No;No;No
529;9;3;8;7;12;30;26;27;21;23;44;40;0;38;37;54;55;59;60;53;67;74;72;66;68;-1;No;No;No
530;1;3;8;6;4;18;20;21;25;23;40;45;0;38;37;53;54;57;58;46;71;68;72;65;70;-1;No;No;No
531;3;13;15;5;9;23;29;18;21;26;38;32;0;33;35;59;54;52;56;48;72;64;75;63;70;-1;No;No;No
532;6;14;8;15;13;21;30;18;22;17;43;44;0;41;33;52;60;50;53;47;75;63;69;73;65;-1;No;No;No
533;5;11;2;9;6;18;25;24;21;26;37;41;0;43;32;47;48;59;50;60;64;61;70;74;62;-1;No;No;No
534;5;13;15;11;2;22;25;28;23;30;42;45;0;34;31;53;60;50;49;47;65;67;73;75;66;-1;No;No;No
535;13;1;14;15;6;28;17;19;22;21;36;34;0;44;40;51;53;57;54;55;63;62;64;72;69;-1;No;No;No
536;15;9;2;5;13;28;26;19;25;18;36;32;0;37;33;58;59;48;54;46;68;67;62;75;64;-1;No;No;No
537;13;15;9;5;3;25;24;22;19;16;32;44;0;42;35;53;49;55;57;58;65;71;61;73;72;-1;No;No;No
538;8;2;5;7;13;20;27;22;24;23;33;38;0;42;45;48;57;51;54;56;71;64;72;69;73;-1;No;No;No
539;4;11;15;9;5;22;23;27;20;17;43;39;0;44;33;53;60;51;54;59;75;74;65;61;64;-1;No;No;No
540;13;11;4;12;2;22;28;24;21;25;31;32;0;44;42;48;59;56;54;49;64;62;75;69;67;-1;No;No;No
541;4;14;13;9;11;28;23;16;22;25;38;37;0;40;34;60;57;59;58;46;73;70;68;71;61;-1;No;No;No
542;11;4;6;13;5;29;30;16;20;24;32;41;0;34;33;54;51;55;47;53;75;74;71;69;62;-1;No;No;No
543;13;2;9;10;8;18;30;16;25;28;44;36;0;39;45;51;58;57;46;50;61;74;68;65;72;-1;No;No;No
544;1;3;2;12;15;30;19;27;18;28;33;38;0;41;42;50;56;48;51;52;68;63;61;72;66;-1;No;No;No
545;4;2;11;15;1;24;21;22;27;16;43;31;0;44;42;47;57;55;53;51;65;66;62;75;63;-1;No;No;No
546;15;4;14;10;5;20;21;27;30;22;45;39;0;40;41;49;48;59;47;58;66;63;67;70;71;-1;No;No;No
547;4;7;14;10;2;25;16;26;29;19;31;35;0;37;40;52;55;47;59;57;61;73;62;69;66;-1;No;No;No
548;15;11;4;9;10;21;18;30;19;29;38;35;0;37;42;47;54;59;58;55;61;68;70;64;72;-1;No;No;No
549;7;6;1;13;4;27;25;23;30;22;38;32;0;37;41;55;51;59;60;50;65;63;72;61;74;-1;No;No;No
550;15;12;5;8;1;30;18;19;22;27;44;32;0;43;39;55;54;56;51;57;66;67;61;72;64;-1;No;No;No
551;15;5;10;12;7;26;23;18;27;16;39;41;0;44;43;58;60;52;47;54;68;73;69;70;64;-1;No;No;No
552;13;9;1;2;7;29;26;27;20;25;41;40;0;43;36;58;46;54;60;56;67;73;61;74;66;-1;No;No;No
553;10;15;9;2;11;23;26;29;16;17;42;32;0;31;33;52;53;57;49;56;66;67;72;70;63;-1;No;No;No
554;7;6;14;3;12;21;22;29;17;24;36;39;0;33;43;50;59;58;47;51;63;68;69;72;62;-1;No;No;No
555;4;5;1;11;8;29;18;23;16;30;34;38;0;35;44;48;54;46;56;51;67;71;64;75;62;-1;No;No;No
556;14;6;13;12;2;23;17;16;26;30;35;34;0;39;45;47;55;46;48;50;65;70;62;61;73;-1;No;No;No
557;6;12;3;8;5;21;20;22;29;25;45;37;0;42;44;59;46;54;57;55;71;72;75;63;65;-1;No;No;No
558;11;14;12;2;13;29;30;19;16;20;40;38;0;45;33;55;51;52;48;49;74;61;68;75;66;-1;No;No;No
559;11;4;12;14;9;25;27;20;24;17;37;44;0;34;33;55;53;56;60;58;70;73;62;67;69;-1;No;No;No
560;9;10;5;14;13;22;17;26;19;25;34;36;0;32;35;55;56;60;47;48;71;75;74;72;63;-1;No;No;No
561;2;14;9;12;1;18;25;28;16;21;34;39;0;33;32;52;57;54;48;47;69;64;73;63;75;-1;No;No;No
562;1;14;3;7;4;28;29;18;30;22;37;32;0;34;38;60;54;49;51;47;72;67;62;73;65;-1;No;No;No
563;15;2;3;13;10;20;18;21;27;23;42;33;0;45;31;49;59;48;50;55;74;64;71;66;67;-1;No;No;No
564;8;15;1;14;5;26;28;25;30;20;45;34;0;37;31;52;53;51;54;59;72;74;69;67;70;-1;No;No;No
565;2;11;10;4;6;19;20;26;16;18;34;43;0;33;41;60;54;49;52;56;68;74;72;64;75;-1;No;No;No
566;2;7;8;6;3;21;19;26;24;18;43;34;0;31;45;56;60;59;46;47;74;71;65;67;68;-1;No;No;No
567;2;5;4;14;13;21;30;20;16;25;32;45;0;41;42;58;46;56;54;52;62;71;63;66;73;-1;No;No;No
568;2;7;4;9;10;19;23;17;26;27;41;37;0;44;34;55;57;54;49;46;65;68;71;64;63;-1;No;No;No
569;6;3;2;8;7;23;22;25;17;29;31;39;0;36;35;49;48;56;60;55;67;68;62;66;61;-1;No;No;No
570;2;9;7;6;14;20;24;21;23;25;37;43;0;44;38;60;53;47;57;46;62;71;73;74;61;-1;No;No;No
571;14;3;10;5;15;22;23;17;29;24;35;33;0;40;45;60;55;53;58;47;68;61;70;63;65;-1;No;No;No
572;13;6;14;3;4;29;23;26;24;28;38;39;0;32;36;53;58;59;52;46;75;73;72;67;65;-1;No;No;No
573;4;13;9;8;2;24;29;27;17;19;43;39;0;31;37;46;49;47;55;52;69;64;67;73;61;-1;No;No;No
574;9;10;6;11;8;19;29;22;16;27;43;36;0;37;33;48;50;59;47;58;62;63;70;73;64;-1;No;No;No
575;11;10;1;13;7;20;18;29;25;28;36;38;0;34;44;46;59;54;53;55;75;71;62;63;66;-1;No;No;No
576;15;9;1;7;14;20;28;17;29;16;35;33;0;41;36;54;46;50;48;55;67;68;74;69;61;-1;No;No;No
577;4;5;9;11;3;16;29;22;23;18;40;41;0;39;44;52;59;53;60;51;66;70;63;75;71;-1;No;No;No
578;10;11;9;3;4;27;24;19;18;25;44;36;0;40;41;60;58;57;50;53;61;72;66;64;74;-1;No;No;No
579;1;5;2;11;7;25;26;28;18;30;43;33;0;39;40;46;54;56;59;47;64;67;61;72;66;-1;No;No;No
580;4;3;1;10;14;29;20;23;16;27;38;44;0;43;42;53;47;57;55;51;73;74;70;65;67;-1;No;No;No
581;8;15;4;13;14;16;26;18;19;25;43;38;0;39;40;54;56;53;57;58;68;65;61;74;75;-1;No;No;No
582;2;12;9;6;11;19;24;29;23;28;32;42;0;43;39;59;54;57;52;56;70;63;66;67;74;-1;No;No;No
583;3;7;10;12;15;18;22;16;25;24;35;44;0;41;42;54;50;59;49;47;72;64;68;71;67;-1;No;No;No
584;10;13;2;14;3;17;23;19;18;25;44;35;0;39;43;46;57;54;58;59;65;64;75;62;68;-1;No;No;No
585;10;3;12;5;15;24;29;18;26;20;38;40;0;35;42;48;58;54;49;59;73;74;70;72;75;-1;No;No;No
586;9;5;4;6;2;30;23;16;17;22;36;44;0;41;37;53;48;58;56;57;68;64;69;70;73;-1;No;No;No
587;11;10;4;1;8;28;22;27;23;30;38;44;0;32;39;53;50;46;54;49;71;65;72;64;61;-1;No;No;No
588;2;3;15;9;1;22;27;19;28;16;38;32;0;45;40;46;52;58;50;54;65;73;68;70;72;-1;No;No;No
589;6;14;15;10;4;16;28;30;24;20;44;39;0;37;33;49;46;59;58;48;62;65;71;61;63;-1;No;No;No
590;13;3;12;10;14;16;29;30;25;21;44;39;0;32;40;48;47;56;55;57;75;67;65;68;62;-1;No;No;No
591;12;9;11;7;3;29;26;30;17;23;32;43;0;36;33;55;56;48;57;53;65;72;71;75;69;-1;No;No;No
592;12;4;11;14;13;18;28;26;24;22;43;32;0;41;38;48;53;52;46;57;62;71;66;75;73;-1;No;No;No
593;9;1;3;15;4;25;27;26;16;28;33;35;0;42;45;53;59;55;48;46;67;68;69;72;70;-1;No;No;No
594;12;15;11;8;3;26;22;18;24;25;38;39;0;33;42;54;49;51;46;50;69;64;65;63;66;-1;No;No;No
595;9;7;6;13;3;21;23;26;20;18;38;44;0;35;31;54;47;59;46;52;73;74;65;69;62;-1;No;No;No
596;11;7;5;15;8;26;17;25;29;24;34;39;0;41;35;55;58;50;57;59;67;74;71;66;72;-1;No;No;No
597;13;6;12;1;4;29;18;23;27;16;32;40;0;45;34;52;47;60;51;46;67;68;61;70;73;-1;No;No;No
598;8;7;13;9;4;19;23;16;26;29;37;33;0;31;38;54;50;46;53;57;72;68;71;74;73;-1;No;No;No
599;7;11;3;13;9;19;28;20;22;21;39;34;0;31;43;60;54;56;48;55;64;67;65;72;70;-1;No;No;No
600;13;4;15;6;1;28;30;21;16;25;44;36;0;32;43;56;53;58;54;52;67;71;65;62;61;-1;No;No;No
601;12;4;5;9;11;16;19;25;27;17;33;38;0;40;36;55;46;54;59;49;71;62;67;64;73;-1;No;No;No
602;8;14;3;13;11;23;27;20;16;25;42;41;0;36;32;46;54;50;55;48;71;75;69;70;61;-1;No;No;No
603;7;9;13;10;4;20;28;24;22;21;44;33;0;34;37;54;47;51;55;58;63;74;67;65;64;-1;No;No;No
604;12;15;13;3;6;28;17;19;30;24;43;37;0;36;38;51;59;47;52;49;67;65;72;71;66;-1;No;No;No
605;9;5;14;6;11;23;22;18;24;20;40;37;0;39;35;54;58;47;46;55;71;70;65;72;64;-1;No;No;No
606;10;1;14;9;12;27;23;21;16;19;38;32;0;42;33;60;59;54;51;47;67;62;61;68;63;-1;No;No;No
607;1;10;3;11;14;21;16;25;18;19;36;39;0;40;32;60;52;51;56;48;72;69;62;65;71;-1;No;No;No
608;3;10;11;4;2;25;21;18;30;16;35;39;0;34;44;55;54;50;60;51;69;67;70;62;74;-1;No;No;No
609;2;15;6;12;9;25;24;19;18;26;39;38;0;44;41;50;47;49;52;60;75;73;72;64;69;-1;No;No;No
610;4;2;11;3;9;28;27;26;30;23;40;44;0;37;33;54;60;56;49;47;66;67;65;64;71;-1;No;No;No
611;10;15;3;13;1;22;29;16;17;26;37;34;0;31;40;57;53;49;50;56;69;72;67;74;61;-1;No;No;No
612;9;11;12;7;6;27;21;28;30;26;35;38;0;45;43;48;51;46;54;57;70;72;75;61;62;-1;No;No;No
613;3;5;12;9;15;26;19;16;17;18;34;45;0;38;42;48;47;51;57;53;69;62;70;63;65;-1;No;No;No
614;2;3;7;6;8;30;18;29;17;26;45;32;0;37;41;48;47;55;59;56;70;65;72;67;64;-1;No;No;No
615;4;11;6;12;3;28;27;24;30;17;39;42;0;32;37;55;56;48;50;60;71;68;74;61;70;-1;No;No;No
616;2;9;14;10;13;27;18;22;28;20;32;36;0;44;38;47;58;59;57;55;64;75;70;67;63;-1;No;No;No
617;4;1;11;2;10;27;29;18;20;17;32;44;0;45;39;52;53;48;54;50;67;72;68;65;66;-1;No;No;No
618;6;7;11;5;15;22;16;26;18;28;35;41;0;38;34;54;49;52;46;60;68;66;71;61;67;-1;No;No;No
619;8;11;4;2;14;26;21;19;27;22;43;38;0;34;45;46;52;60;53;55;74;63;71;65;73;-1;No;No;No
620;1;7;8;15;2;19;26;16;24;29;32;44;0;39;43;58;52;47;55;50;66;61;75;64;70;-1;No;No;No
621;2;8;11;10;12;25;23;28;29;19;35;33;0;36;45;58;48;51;54;49;61;62;74;64;63;-1;No;No;No
622;6;2;14;1;12;24;21;26;17;18;33;34;0;37;45;53;55;57;56;59;74;69;73;61;70;-1;No;No;No
623;10;2;6;4;13;28;20;17;29;27;34;35;0;40;41;49;48;55;50;51;65;73;74;70;71;-1;No;No;No
624;1;7;9;6;8;27;16;29;21;19;38;45;0;35;32;46;47;56;57;50;73;65;67;74;71;-1;No;No;No
625;9;6;3;7;2;28;16;29;20;26;31;35;0;37;32;48;52;54;51;60;62;68;65;71;73;-1;No;No;No
626;8;12;14;15;4;24;16;26;30;29;45;31;0;34;36;55;58;54;60;57;73;71;67;66;61;-1;No;No;No
627;14;10;12;8;15;25;19;24;16;20;35;34;0;45;43;48;51;58;53;50;65;70;64;66;67;-1;No;No;No
628;8;2;4;7;9;30;18;19;20;29;35;39;0;44;41;56;58;52;46;48;74;70;71;73;69;-1;No;No;No
629;9;8;14;13;6;20;23;18;24;25;41;32;0;31;36;58;59;53;54;47;71;65;73;67;66;-1;No;No;No
630;9;8;7;4;1;19;30;24;28;22;35;45;0;39;34;49;59;47;56;51;63;67;64;73;75;-1;No;No;No
631;4;6;11;5;14;24;29;25;18;19;36;35;0;38;42;57;47;55;58;48;67;75;69;62;64;-1;No;No;No
632;3;2;1;13;10;18;17;23;19;27;31;39;0;35;34;51;48;55;60;52;63;71;74;69;68;-1;No;No;No
633;2;4;7;3;14;17;21;24;16;22;44;37;0;38;32;52;50;49;55;59;67;63;68;66;73;-1;No;No;No
634;3;7;13;5;9;30;26;27;19;23;34;40;0;44;35;55;59;50;52;53;65;75;63;74;69;-1;No;No;No
635;1;4;2;8;3;24;27;20;22;25;33;37;0;41;31;52;54;57;49;46;73;62;63;61;75;-1;No;No;No
636;2;7;12;5;15;16;29;20;27;21;37;40;0;31;42;59;60;53;48;50;68;73;67;61;65;-1;No;No;No
637;3;14;13;6;4;25;23;21;24;16;33;36;0;40;44;56;58;50;53;48;70;74;68;72;71;-1;No;No;No
638;2;3;9;4;12;26;20;19;29;30;35;34;0;45;42;50;59;57;51;60;67;69;73;68;62;-1;No;No;No
639;3;2;14;11;1;23;16;17;27;29;33;34;0;31;36;47;53;51;58;48;66;74;63;62;61;-1;No;No;No
640;10;2;4;12;9;24;19;16;20;23;34;40;0;36;37;52;55;47;51;46;71;62;75;69;74;-1;No;No;No
641;3;9;4;10;14;26;29;27;21;25;40;41;0;45;32;58;53;57;50;55;61;68;69;63;73;-1;No;No;No
642;13;8;11;9;7;18;22;27;21;30;42;36;0;39;44;48;51;55;60;47;65;68;67;62;71;-1;No;No;No
643;13;2;12;9;10;26;21;18;22;30;40;41;0;37;39;56;47;59;57;55;74;61;67;62;72;-1;No;No;No
644;12;2;6;8;9;18;24;20;27;22;41;39;0;38;33;57;52;49;58;56;69;71;64;73;67;-1;No;No;No
645;7;5;4;9;13;30;22;26;25;27;32;45;0;37;35;57;48;51;49;55;63;61;75;74;67;-1;No;No;No
646;4;15;11;1;12;17;28;25;30;18;40;37;0;39;33;54;52;57;48;60;62;66;69;72;73;-1;No;No;No
647;8;12;15;9;11;23;18;29;30;16;31;36;0;44;40;57;55;60;46;59;68;71;72;69;64;-1;No;No;No
648;14;6;5;9;2;25;24;17;28;16;43;35;0;33;32;60;48;57;49;55;63;61;71;75;65;-1;No;No;No
649;9;14;3;13;6;30;28;19;17;22;33;38;0;45;31;51;57;54;49;59;73;74;75;62;69;-1;No;No;No
650;13;1;2;9;6;26;21;28;17;27;40;43;0;32;36;55;58;56;47;54;61;62;65;67;74;-1;No;No;No
651;4;12;10;1;14;27;20;21;30;22;35;32;0;42;43;52;60;53;49;55;61;65;67;64;71;-1;No;No;No
652;15;1;8;7;11;27;18;28;19;23;32;38;0;39;43;56;57;55;48;50;65;75;72;69;73;-1;No;No;No
653;2;5;12;8;11;25;30;26;29;18;44;33;0;41;39;48;47;58;56;57;67;71;64;70;61;-1;No;No;No
654;4;6;11;7;9;25;24;23;30;22;34;33;0;44;41;50;51;55;48;47;72;73;66;62;70;-1;No;No;No
655;6;5;11;12;4;23;20;21;25;18;31;45;0;41;33;47;60;58;49;48;64;63;71;70;62;-1;No;No;No
656;13;5;1;12;11;30;28;18;21;23;32;39;0;37;34;55;48;50;56;51;63;72;66;75;65;-1;No;No;No
657;10;5;11;6;2;22;19;17;16;27;41;40;0;45;39;51;57;55;53;60;68;73;66;70;72;-1;No;No;No
658;13;4;2;3;8;29;19;27;21;28;31;36;0;32;35;60;50;56;59;48;63;70;68;67;64;-1;No;No;No
659;15;10;4;7;1;25;27;20;26;23;39;33;0;43;42;49;58;48;57;60;70;67;66;72;69;-1;No;No;No
660;2;6;13;14;5;18;28;21;19;30;41;45;0;35;39;47;57;54;52;49;64;71;63;72;62;-1;No;No;No
661;13;11;1;7;10;17;27;28;25;20;37;34;0;32;31;55;54;52;49;59;67;66;61;62;74;-1;No;No;No
662;10;9;6;4;1;29;24;26;16;23;35;42;0;39;32;48;52;60;59;54;66;71;63;67;62;-1;No;No;No
663;8;12;14;5;9;18;20;23;29;27;36;37;0;32;40;53;59;58;49;48;70;71;63;62;66;-1;No;No;No
664;5;2;4;7;10;25;16;17;26;21;44;39;0;31;45;56;53;46;52;47;65;71;72;62;63;-1;No;No;No
665;8;4;7;12;14;22;21;30;19;26;45;36;0;41;43;59;58;55;57;60;64;72;69;67;61;-1;No;No;No
666;2;7;12;6;15;22;26;18;24;21;32;41;0;42;31;50;49;58;55;46;75;67;71;65;64;-1;No;No;No
667;3;1;9;11;7;16;30;26;25;27;34;36;0;31;39;49;60;59;50;54;75;65;66;73;64;-1;No;No;No
668;5;15;13;11;4;28;30;17;23;26;45;44;0;32;34;58;53;48;51;56;74;64;72;67;63;-1;No;No;No
669;4;6;13;14;11;21;30;26;29;25;42;38;0;32;36;59;52;56;49;47;62;67;74;72;63;-1;No;No;No
670;12;9;10;7;13;21;16;22;30;28;41;45;0;42;43;49;56;57;54;46;61;70;74;65;63;-1;No;No;No
671;11;15;4;7;6;16;29;25;19;22;43;41;0;42;33;58;54;57;60;48;64;71;75;66;74;-1;No;No;No
672;11;12;5;3;9;18;30;23;28;29;41;40;0;42;44;51;46;56;48;47;63;69;67;62;65;-1;No;No;No
673;8;2;10;5;15;28;29;18;16;30;33;34;0;39;35;54;46;57;59;47;71;68;70;73;69;-1;No;No;No
674;7;13;3;1;8;29;26;18;16;20;33;37;0;38;34;48;54;59;52;55;70;63;75;72;61;-1;No;No;No
675;12;6;10;8;1;21;20;23;18;16;41;38;0;44;43;53;52;59;56;51;65;64;63;68;69;-1;No;No;No
676;10;9;5;7;2;28;27;22;21;20;33;43;0;31;44;50;54;52;46;49;72;70;65;69;62;-1;No;No;No
677;13;6;5;9;7;25;17;30;20;24;35;43;0;42;36;59;58;55;51;60;72;75;68;64;66;-1;No;No;No
678;5;9;12;8;13;26;21;29;18;19;36;37;0;32;33;51;57;54;52;53;61;75;62;68;63;-1;No;No;No
679;9;2;15;6;13;25;29;26;21;17;34;44;0;33;42;58;52;54;55;47;70;65;64;73;67;-1;No;No;No
680;11;3;7;13;10;27;22;18;28;21;33;39;0;43;32;57;50;53;49;60;74;63;62;69;64;-1;No;No;No
681;9;1;4;5;11;20;28;23;16;25;42;32;0;34;36;59;47;55;46;51;75;68;72;65;63;-1;No;No;No
682;4;13;3;11;10;29;16;28;23;26;34;36;0;32;45;58;56;52;60;46;74;70;65;75;72;-1;No;No;No
683;13;5;1;9;12;25;21;18;20;22;45;34;0;38;31;55;52;59;60;58;72;66;67;64;68;-1;No;No;No
684;5;15;14;12;7;16;29;25;18;24;39;31;0;34;36;59;54;57;46;60;61;67;62;68;64;-1;No;No;No
685;10;2;8;13;9;28;29;20;23;18;40;39;0;31;36;49;46;58;51;47;73;67;74;63;72;-1;No;No;No
686;9;2;11;12;13;19;23;18;25;29;38;33;0;35;43;51;48;54;58;53;68;72;62;75;63;-1;No;No;No
687;1;15;5;6;10;28;21;19;27;24;34;35;0;44;31;56;59;60;55;57;68;75;69;64;67;-1;No;No;No
688;14;13;3;8;1;18;24;26;30;25;37;41;0;42;31;54;53;49;51;57;62;71;68;67;74;-1;No;No;No
689;10;11;4;3;6;22;30;27;23;19;37;41;0;45;38;47;54;58;57;53;72;68;70;64;65;-1;No;No;No
690;12;5;6;7;14;17;24;18;28;29;39;42;0;43;38;54;56;46;55;47;62;67;70;72;65;-1;No;No;No
691;12;10;8;7;4;18;24;22;16;30;45;42;0;41;35;60;48;51;57;59;72;75;63;71;70;-1;No;No;No
692;2;15;6;12;13;16;25;17;28;19;38;32;0;34;43;56;54;49;51;50;63;67;61;73;69;-1;No;No;No
693;13;14;4;12;10;23;28;20;26;30;45;31;0;37;34;47;60;54;53;51;72;64;63;70;67;-1;No;No;No
694;5;2;8;7;3;21;23;17;28;27;38;37;0;35;32;51;58;59;50;48;61;71;67;70;63;-1;No;No;No
695;8;5;11;7;2;20;27;21;24;30;31;38;0;43;37;58;59;46;48;57;70;69;67;68;74;-1;No;No;No
696;10;8;13;1;12;30;24;28;20;27;36;33;0;41;34;48;47;57;56;58;71;72;66;70;63;-1;No;No;No
697;1;14;15;10;4;17;27;22;18;25;32;36;0;41;42;52;59;50;58;51;61;67;70;74;71;-1;No;No;No
698;4;6;3;11;10;16;17;23;20;29;35;39;0;36;42;57;60;56;48;54;74;71;64;61;62;-1;No;No;No
699;5;2;6;4;3;30;26;27;21;25;35;39;0;31;43;54;46;47;52;48;70;73;66;72;61;-1;No;No;No
700;7;9;3;6;5;26;17;18;25;28;34;35;0;31;33;54;58;52;59;60;70;75;74;73;66;-1;No;No;No
701;3;7;14;10;8;28;24;23;25;30;40;35;0;37;44;60;54;56;46;58;75;63;74;65;61;-1;No;No;No
702;2;7;9;3;5;25;24;17;23;22;44;40;0;34;38;57;54;48;55;58;61;62;64;70;67;-1;No;No;No
703;2;9;15;8;5;25;30;29;17;18;45;41;0;42;44;50;55;47;56;48;74;63;62;75;71;-1;No;No;No
704;15;5;8;6;4;17;18;21;29;19;45;35;0;33;44;58;57;50;49;52;65;62;68;66;71;-1;No;No;No
705;9;8;10;15;5;19;26;29;25;18;44;37;0;36;39;54;57;60;47;53;73;67;68;63;71;-1;No;No;No
706;3;14;8;13;9;22;24;23;29;21;34;37;0;41;35;51;47;53;55;57;71;68;66;63;65;-1;No;No;No
707;11;3;10;8;2;24;21;25;22;30;44;34;0;37;42;59;46;56;58;52;74;71;68;65;66;-1;No;No;No
708;10;4;8;2;12;23;18;28;25;24;44;42;0;35;41;48;46;51;55;47;69;74;62;67;64;-1;No;No;No
709;3;5;6;2;1;19;18;22;21;27;41;40;0;34;33;49;57;52;58;46;73;74;61;66;65;-1;No;No;No
710;8;11;2;5;14;30;22;17;28;19;41;39;0;34;31;51;52;58;57;46;73;61;65;63;74;-1;No;No;No
711;12;4;11;8;1;16;18;25;30;27;41;38;0;37;31;60;50;47;57;51;61;69;71;67;63;-1;No;No;No
712;11;7;4;1;8;22;28;25;23;19;38;44;0;34;37;53;52;46;50;54;65;66;72;69;74;-1;No;No;No
713;5;6;2;14;11;19;26;30;18;23;36;40;0;45;33;50;47;58;46;56;72;63;62;65;61;-1;No;No;No
714;15;14;7;2;12;30;24;19;29;25;39;36;0;33;35;48;60;54;46;50;63;69;75;62;70;-1;No;No;No
715;4;13;11;6;15;23;20;21;24;22;32;37;0;34;43;47;60;48;54;51;72;66;65;74;68;-1;No;No;No
716;6;10;9;7;1;22;24;17;29;20;42;43;0;34;41;47;51;52;46;57;74;72;63;68;73;-1;No;No;No
717;5;6;12;14;4;29;21;17;24;16;35;41;0;40;45;55;47;52;49;60;66;64;67;61;69;-1;No;No;No
718;5;9;15;6;4;26;24;27;20;23;42;34;0;35;44;47;50;52;56;49;64;72;73;61;69;-1;No;No;No
719;14;9;10;15;5;19;28;18;17;29;37;44;0;42;45;57;60;55;52;56;74;73;72;64;63;-1;No;No;No
720;12;6;4;15;13;26;27;25;17;24;34;40;0;36;42;58;60;56;51;55;75;61;72;71;64;-1;No;No;No
721;3;2;10;15;1;29;30;18;26;21;31;32;0;38;37;46;52;47;54;49;69;72;62;73;67;-1;No;No;No
722;6;8;14;1;9;20;23;25;24;19;40;45;0;32;33;50;46;58;57;51;66;69;62;75;67;-1;No;No;No
723;14;10;13;11;5;20;17;24;23;29;37;40;0;32;33;50;55;54;48;47;61;66;68;63;74;-1;No;No;No
724;10;7;11;12;1;18;26;22;25;27;38;37;0;32;41;47;55;57;54;58;65;75;74;72;73;-1;No;No;No
725;8;7;3;6;13;23;27;29;17;24;36;45;0;42;37;53;58;52;48;50;69;74;61;70;65;-1;No;No;No
726;10;1;3;6;11;22;19;29;25;18;31;43;0;41;42;55;54;59;46;49;66;72;62;71;75;-1;No;No;No
727;9;8;14;11;6;28;22;26;24;21;34;36;0;32;38;57;58;53;60;55;68;66;75;70;74;-1;No;No;No
728;14;1;11;8;15;26;24;17;22;30;44;41;0;38;33;60;58;47;51;56;61;62;71;64;65;-1;No;No;No
729;4;14;10;6;7;27;16;20;30;29;37;36;0;31;42;50;60;55;53;47;69;68;73;72;70;-1;No;No;No
730;2;1;5;10;11;16;25;30;28;22;38;37;0;39;42;56;55;54;58;60;68;72;69;73;71;-1;No;No;No
731;14;11;15;4;8;26;21;23;25;18;33;40;0;31;39;56;58;50;55;60;67;66;62;61;75;-1;No;No;No
732;12;4;10;3;9;24;30;16;29;18;37;41;0;34;44;46;54;47;49;50;70;72;69;67;73;-1;No;No;No
733;11;4;15;3;9;26;17;28;22;29;36;42;0;39;40;57;50;59;46;49;75;62;69;61;64;-1;No;No;No
734;13;3;11;7;8;25;26;28;18;27;37;32;0;34;33;59;50;49;48;47;70;68;66;75;67;-1;No;No;No
735;15;6;8;12;1;18;29;20;28;22;31;37;0;34;36;57;59;53;58;52;73;67;61;71;74;-1;No;No;No
736;12;5;14;11;2;20;17;23;19;28;43;33;0;41;40;51;58;54;50;60;69;61;65;74;66;-1;No;No;No
737;7;3;13;15;11;18;29;26;22;17;42;38;0;32;43;58;46;54;56;60;62;73;68;75;65;-1;No;No;No
738;9;13;1;5;15;26;24;20;28;22;37;34;0;36;35;57;59;55;58;60;62;63;73;67;65;-1;No;No;No
739;3;10;15;4;13;18;21;30;25;22;31;37;0;45;41;47;57;53;49;59;62;70;67;65;73;-1;No;No;No
740;8;12;6;14;1;24;18;25;30;23;39;35;0;45;42;55;52;47;56;46;65;68;71;75;67;-1;No;No;No
741;14;10;7;13;6;19;30;16;24;29;44;40;0;36;35;56;57;48;50;55;63;66;70;72;61;-1;No;No;No
742;12;13;4;9;2;28;25;26;18;19;43;36;0;44;37;60;51;52;50;47;71;65;64;69;73;-1;No;No;No
743;3;7;13;9;12;17;24;25;16;28;37;32;0;36;45;56;48;54;47;55;62;61;66;65;67;-1;No;No;No
744;10;14;2;7;13;16;27;20;21;19;36;40;0;39;31;55;50;47;58;48;70;68;72;64;69;-1;No;No;No
745;10;4;14;8;3;28;19;27;18;22;36;34;0;41;39;54;59;46;60;55;71;63;73;70;72;-1;No;No;No
746;5;13;12;15;9;23;17;29;20;26;41;37;0;33;44;51;52;47;54;58;71;72;68;73;70;-1;No;No;No
747;9;7;3;11;14;28;22;26;21;27;37;33;0;32;42;53;49;59;51;46;63;67;61;70;73;-1;No;No;No
748;10;12;15;11;14;23;17;27;21;30;44;39;0;33;35;52;49;58;46;50;72;73;71;67;64;-1;No;No;No
749;1;4;9;8;5;21;27;16;17;29;43;34;0;38;37;46;56;47;57;51;61;74;62;68;67;-1;No;No;No
750;13;11;5;7;14;27;22;20;19;21;39;38;0;34;31;59;60;52;48;47;67;69;66;61;64;-1;No;No;No
751;1;4;3;10;9;25;22;18;28;26;42;31;0;36;32;60;56;54;51;55;74;68;63;70;69;-1;No;No;No
752;14;15;10;6;13;17;29;26;19;16;34;41;0;35;43;54;60;46;52;55;68;70;74;65;71;-1;No;No;No
753;13;9;5;1;2;28;26;18;20;23;33;39;0;35;36;54;52;48;53;58;75;67;69;64;71;-1;No;No;No
754;5;8;11;10;1;28;16;25;18;24;35;36;0;42;44;54;58;46;60;56;61;72;63;68;75;-1;No;No;No
755;12;5;8;14;15;21;19;22;18;16;44;34;0;40;33;50;51;53;56;54;71;75;67;64;66;-1;No;No;No
756;3;13;15;8;10;28;26;16;17;19;37;42;0;43;39;57;46;58;56;60;75;72;67;73;68;-1;No;No;No
757;13;11;4;5;1;21;25;16;22;28;36;33;0;41;38;49;58;51;47;60;71;66;74;62;64;-1;No;No;No
758;10;2;9;15;8;21;27;23;26;19;39;44;0;45;40;53;56;52;55;47;73;62;69;64;68;-1;No;No;No
759;9;14;4;11;15;20;30;28;21;18;38;36;0;39;32;56;51;54;59;48;66;61;70;64;72;-1;No;No;No
760;15;2;9;5;8;17;26;19;27;25;36;33;0;32;37;60;48;55;47;46;71;63;74;72;73;-1;No;No;No
761;2;14;13;15;7;21;20;19;16;25;34;44;0;37;45;55;50;57;51;54;61;69;72;62;71;-1;No;No;No
762;11;5;13;4;9;26;23;19;17;25;37;32;0;43;31;46;51;56;49;48;73;64;72;74;69;-1;No;No;No
763;6;13;4;5;7;25;17;16;21;29;39;44;0;36;40;48;54;53;47;57;69;74;61;71;63;-1;No;No;No
764;15;3;14;10;1;17;18;28;25;19;32;40;0;44;38;52;51;54;48;46;75;64;68;70;65;-1;No;No;No
765;1;2;7;11;12;30;21;18;23;26;35;32;0;41;34;59;49;53;47;46;74;62;75;72;70;-1;No;No;No
766;11;15;3;14;2;18;22;17;26;20;44;33;0;43;37;49;47;46;53;56;62;67;70;61;64;-1;No;No;No
767;1;6;11;4;14;30;19;29;18;27;39;42;0;33;38;59;51;58;46;55;73;66;75;74;61;-1;No;No;No
768;9;6;10;8;2;26;20;23;28;19;41;44;0;32;38;54;51;48;49;52;65;71;69;66;67;-1;No;No;No
769;2;10;1;9;11;23;27;17;21;30;41;34;0;38;31;50;59;47;56;49;74;67;66;73;75;-1;No;No;No
770;4;12;6;15;7;28;17;24;23;27;31;39;0;42;40;48;50;59;56;53;66;71;61;68;62;-1;No;No;No
771;1;7;11;14;2;21;28;29;16;26;42;41;0;44;32;52;60;58;46;51;70;66;63;72;64;-1;No;No;No
772;4;5;15;6;7;19;28;27;29;25;38;43;0;39;37;51;47;50;46;55;62;75;67;71;68;-1;No;No;No
773;14;2;12;7;8;29;25;21;23;30;41;39;0;38;40;60;58;48;59;51;73;65;75;71;69;-1;No;No;No
774;4;1;2;10;14;19;28;22;23;25;33;36;0;44;34;48;52;47;49;53;64;72;70;63;68;-1;No;No;No
775;7;6;4;13;10;27;29;23;22;28;43;44;0;40;32;47;57;59;55;51;64;62;75;74;63;-1;No;No;No
776;6;3;13;1;9;17;25;18;28;30;42;31;0;34;35;57;60;51;50;54;73;68;69;61;67;-1;No;No;No
777;15;1;12;7;11;26;20;25;22;18;44;35;0;43;37;48;54;49;59;57;70;68;75;62;65;-1;No;No;No
778;1;7;8;15;4;20;29;22;21;25;40;35;0;31;33;48;59;55;52;51;62;72;64;75;67;-1;No;No;No
779;8;3;9;13;7;20;29;24;21;16;38;35;0;43;39;55;59;54;52;48;66;63;74;73;75;-1;No;No;No
780;5;1;14;15;7;17;23;28;30;26;40;41;0;35;38;46;51;47;55;50;68;75;74;69;67;-1;No;No;No
781;14;4;5;7;11;25;29;17;28;18;36;35;0;34;42;47;48;58;50;57;64;66;72;63;73;-1;No;No;No
782;6;2;9;1;13;16;25;29;21;19;37;44;0;42;40;60;50;53;51;47;62;65;69;72;66;-1;No;No;No
783;3;9;8;12;6;16;24;22;19;23;33;31;0;44;39;60;46;59;55;48;61;65;62;63;69;-1;No;No;No
784;3;10;5;15;13;27;20;21;26;29;32;44;0;43;41;46;58;54;50;51;62;67;69;71;72;-1;No;No;No
785;4;6;9;11;7;20;22;29;24;18;38;37;0;31;44;55;48;52;46;49;73;75;66;68;70;-1;No;No;No
786;11;6;9;1;12;28;25;23;29;27;36;31;0;45;40;49;53;51;54;48;71;61;75;74;70;-1;No;No;No
787;7;12;5;11;13;24;25;18;19;22;42;37;0;41;44;52;50;53;58;56;73;62;70;69;66;-1;No;No;No
788;10;6;14;1;2;20;16;26;18;24;36;33;0;31;35;58;52;48;56;46;73;74;62;67;61;-1;No;No;No
789;3;5;8;12;15;18;26;27;19;24;40;35;0;34;37;47;56;51;60;50;61;75;74;66;71;-1;No;No;No
790;3;10;11;13;5;28;30;26;16;17;37;40;0;35;41;55;54;59;56;46;64;66;69;63;67;-1;No;No;No
791;3;4;6;5;10;19;16;29;27;30;37;45;0;40;42;56;48;59;60;50;75;66;74;72;63;-1;No;No;No
792;12;10;4;7;2;29;19;25;26;27;45;37;0;41;39;57;54;59;49;47;63;74;64;75;66;-1;No;No;No
793;2;14;13;11;3;23;25;24;21;18;34;41;0;38;45;52;57;60;46;50;61;74;69;63;67;-1;No;No;No
794;12;15;3;2;14;22;23;17;28;25;43;41;0;35;36;57;55;48;53;50;66;75;67;72;74;-1;No;No;No
795;10;9;14;2;13;29;16;23;25;26;36;45;0;41;37;52;56;46;47;55;61;62;71;73;75;-1;No;No;No
796;13;3;11;4;10;27;19;17;18;24;34;44;0;43;32;46;57;56;59;49;73;67;66;64;69;-1;No;No;No
797;15;7;8;11;10;20;19;21;30;29;41;37;0;35;45;51;58;57;56;55;65;62;71;72;61;-1;No;No;No
798;14;3;7;5;2;21;20;16;26;25;36;44;0;45;38;55;53;54;51;49;75;61;71;70;67;-1;No;No;No
799;9;13;7;8;6;18;19;22;17;21;33;31;0;37;36;57;53;48;46;55;66;62;65;61;71;-1;No;No;No
800;13;11;10;6;14;29;22;17;16;21;33;35;0;41;40;60;50;48;47;49;73;69;66;63;62;-1;No;No;No
801;4;12;3;2;15;18;21;25;17;22;37;41;0;31;38;50;55;53;47;46;71;63;70;61;69;-1;No;No;No
802;9;15;13;8;3;23;30;28;25;24;45;34;0;43;42;60;54;50;53;59;66;70;68;65;69;-1;No;No;No
803;7;6;3;14;2;23;29;18;26;28;38;42;0;41;36;58;52;47;46;54;73;68;64;63;62;-1;No;No;No
804;12;10;11;9;8;28;22;18;17;25;33;42;0;43;37;46;49;52;57;55;67;63;68;62;74;-1;No;No;No
805;13;11;8;3;2;21;20;24;22;23;38;37;0;45;31;55;49;54;51;46;68;70;71;65;67;-1;No;No;No
806;7;10;6;4;14;21;30;17;20;18;31;35;0;42;43;56;55;46;58;50;75;64;73;61;72;-1;No;No;No
807;2;9;3;12;1;17;19;24;30;20;33;45;0;38;32;49;50;59;52;60;70;69;68;67;66;-1;No;No;No
808;9;12;15;14;8;18;28;22;26;19;34;44;0;41;40;54;49;58;59;46;69;62;75;72;61;-1;No;No;No
809;5;13;14;15;4;16;21;17;25;27;40;37;0;35;38;55;50;60;59;54;71;72;73;62;61;-1;No;No;No
810;1;12;13;11;10;18;19;29;28;26;38;35;0;37;36;46;47;50;53;57;68;70;73;72;63;-1;No;No;No
811;7;9;5;3;4;19;21;28;16;17;31;33;0;39;36;60;59;51;57;49;74;63;73;65;75;-1;No;No;No
812;6;14;12;7;5;18;25;22;17;30;36;45;0;40;42;46;51;59;50;55;68;72;73;66;62;-1;No;No;No
813;8;11;6;5;14;22;18;20;24;21;31;41;0;34;42;55;56;47;54;58;65;73;67;72;69;-1;No;No;No
814;7;11;10;14;1;19;23;22;20;24;36;40;0;35;33;58;47;51;46;57;65;69;68;63;67;-1;No;No;No
815;13;9;5;4;15;25;20;21;18;23;39;36;0;42;35;54;59;53;46;58;63;69;72;66;65;-1;No;No;No
816;15;7;11;6;5;27;30;17;19;16;33;43;0;31;35;56;55;60;52;49;75;71;65;61;73;-1;No;No;No
817;13;4;10;3;6;25;18;21;24;29;34;44;0;38;43;60;50;48;54;55;67;74;75;63;66;-1;No;No;No
818;15;11;14;13;4;30;26;25;27;16;34;40;0;41;42;59;47;53;56;51;61;75;62;73;74;-1;No;No;No
819;9;13;8;10;14;25;24;30;16;21;44;31;0;45;42;47;56;54;55;48;66;70;63;71;62;-1;No;No;No
820;12;14;15;10;11;28;21;25;22;27;44;40;0;33;35;60;49;57;56;46;65;72;74;64;69;-1;No;No;No
821;2;8;7;1;14;17;30;23;20;21;44;42;0;43;38;51;50;52;56;48;69;61;70;65;71;-1;No;No;No
822;13;12;7;9;3;17;19;29;18;27;37;39;0;38;36;51;59;55;46;58;74;71;65;73;69;-1;No;No;No
823;15;13;3;14;8;28;20;18;25;26;41;37;0;45;35;56;51;49;55;46;74;70;68;67;66;-1;No;No;No
824;6;12;5;7;2;29;19;24;23;17;36;31;0;39;45;54;56;52;53;60;68;65;71;74;63;-1;No;No;No
825;7;9;15;8;11;28;29;27;18;23;44;34;0;45;36;54;50;53;46;55;61;75;73;66;62;-1;No;No;No
826;3;8;11;10;7;29;28;18;22;23;43;37;0;32;44;58;60;46;50;49;71;66;61;73;72;-1;No;No;No
827;1;10;9;15;14;29;19;28;30;24;33;31;0;38;40;57;46;51;48;50;66;61;64;62;63;-1;No;No;No
828;2;10;4;9;3;26;16;25;18;19;32;42;0;35;38;51;49;53;48;52;74;67;69;72;68;-1;No;No;No
829;7;12;2;1;6;24;23;20;25;18;37;35;0;44;33;51;58;47;49;57;68;67;64;63;61;-1;No;No;No
830;1;10;5;7;3;27;21;28;20;22;45;33;0;37;32;49;55;46;57;58;72;62;66;63;65;-1;No;No;No
831;2;1;8;4;3;20;23;27;28;26;40;33;0;34;39;54;53;56;52;55;67;75;61;66;73;-1;No;No;No
832;1;13;12;5;10;18;26;22;17;21;38;36;0;40;44;58;60;47;51;59;71;70;65;72;63;-1;No;No;No
833;13;2;11;7;9;21;20;30;29;25;34;43;0;39;38;59;55;54;57;52;65;74;69;71;73;-1;No;No;No
834;14;6;5;2;13;27;19;20;28;26;42;43;0;40;39;57;51;52;54;46;66;70;62;72;75;-1;No;No;No
835;7;12;2;6;1;24;26;18;21;19;37;32;0;45;35;51;54;56;46;48;63;72;67;71;69;-1;No;No;No
836;3;12;7;15;9;25;30;28;23;29;45;31;0;43;32;57;48;51;55;47;67;66;69;68;74;-1;No;No;No
837;14;13;1;10;2;27;21;29;18;26;39;36;0;33;32;53;60;57;48;55;73;71;64;63;62;-1;No;No;No
838;9;13;14;10;1;24;21;29;17;26;32;41;0;31;38;51;53;52;55;48;68;71;67;70;75;-1;No;No;No
839;12;13;5;15;3;23;29;22;18;30;40;43;0;37;42;53;50;49;60;47;64;71;61;67;72;-1;No;No;No
840;11;9;15;4;13;30;18;20;23;21;38;42;0;32;31;49;47;56;55;57;73;67;68;65;69;-1;No;No;No
841;12;4;13;1;11;19;27;29;24;28;32;38;0;43;36;57;59;55;54;47;66;72;75;70;65;-1;No;No;No
842;6;5;14;15;11;22;16;29;28;21;32;31;0;37;39;57;51;55;58;49;61;75;71;74;72;-1;No;No;No
843;4;10;14;13;3;22;19;26;21;23;42;40;0;41;32;55;60;47;46;48;68;66;70;67;69;-1;No;No;No
844;6;15;2;13;14;21;20;25;27;24;31;37;0;44;45;59;46;47;52;51;75;73;70;66;72;-1;No;No;No
845;15;12;2;13;1;26;21;20;19;28;34;31;0;43;42;59;58;48;55;47;69;68;70;66;64;-1;No;No;No
846;15;5;14;13;4;17;16;23;27;21;37;40;0;35;43;51;58;47;57;59;72;74;63;65;67;-1;No;No;No
847;1;14;11;15;8;18;21;24;19;16;36;31;0;37;33;50;46;54;57;56;70;64;73;71;67;-1;No;No;No
848;6;2;13;12;9;23;21;25;17;22;31;36;0;43;35;47;51;60;46;53;68;64;74;75;67;-1;No;No;No
849;8;1;5;7;12;25;29;30;24;17;31;37;0;44;45;46;56;58;51;55;64;72;69;71;74;-1;No;No;No
850;5;11;6;4;7;21;20;18;27;17;43;35;0;41;31;48;57;58;51;56;66;72;67;71;73;-1;No;No;No
851;2;13;10;3;15;30;27;18;26;21;35;33;0;36;43;59;50;52;57;60;66;63;64;75;62;-1;No;No;No
852;6;8;11;9;10;25;17;28;19;27;31;38;0;42;41;54;47;58;60;51;61;69;67;68;75;-1;No;No;No
853;3;10;6;7;14;26;30;24;19;23;42;34;0;44;39;46;55;51;60;50;63;70;69;67;71;-1;No;No;No
854;3;14;4;12;1;21;24;23;26;29;41;31;0;44;42;47;53;52;56;58;64;67;61;71;63;-1;No;No;No
855;15;12;1;5;14;20;29;24;22;23;37;38;0;36;34;47;59;60;53;48;66;71;75;74;67;-1;No;No;No
856;6;7;1;5;15;25;30;21;26;16;31;38;0;34;42;58;59;57;60;47;67;66;64;62;72;-1;No;No;No
857;13;6;3;11;10;16;19;20;25;24;31;39;0;37;45;60;50;49;59;58;67;75;70;73;62;-1;No;No;No
858;4;5;9;11;3;25;21;27;29;23;42;31;0;45;44;56;54;59;47;57;67;69;65;72;74;-1;No;No;No
859;7;5;14;15;6;26;30;21;22;23;33;40;0;34;45;57;59;48;56;58;75;70;69;73;72;-1;No;No;No
860;10;4;12;2;8;17;29;30;23;20;45;43;0;34;31;58;55;48;54;47;63;69;68;62;70;-1;No;No;No
861;4;13;7;14;5;19;30;25;16;28;41;40;0;33;36;60;53;48;56;55;71;69;70;66;62;-1;No;No;No
862;13;14;10;11;6;21;20;18;29;23;40;38;0;39;36;56;60;47;58;51;61;71;67;74;75;-1;No;No;No
863;12;14;11;10;15;19;16;21;22;28;37;34;0;40;32;48;51;59;49;58;67;63;62;70;73;-1;No;No;No
864;5;12;8;11;1;16;19;22;23;25;44;42;0;43;40;54;57;58;51;59;62;74;71;61;70;-1;No;No;No
865;13;1;6;12;5;16;29;21;23;19;43;41;0;33;42;54;46;59;58;53;67;73;66;72;62;-1;No;No;No
866;5;4;15;7;6;25;24;23;16;26;40;36;0;38;35;47;53;58;57;48;66;68;67;65;75;-1;No;No;No
867;4;2;15;13;3;28;24;21;25;20;34;35;0;44;37;56;50;57;48;54;66;73;67;71;63;-1;No;No;No
868;4;3;6;9;10;26;25;17;23;21;38;43;0;40;39;57;59;52;51;56;69;71;66;70;72;-1;No;No;No
869;3;10;14;5;12;21;29;22;30;16;40;39;0;42;36;51;47;56;60;55;75;71;61;74;62;-1;No;No;No
870;1;8;3;14;13;21;19;22;28;27;38;37;0;42;45;59;47;57;58;46;67;71;63;66;65;-1;No;No;No
871;9;1;3;7;13;16;23;21;24;19;31;42;0;40;45;50;56;53;51;55;72;62;71;68;61;-1;No;No;No
872;2;14;12;11;1;21;29;20;17;25;39;37;0;38;41;57;55;60;54;48;69;67;63;72;73;-1;No;No;No
873;14;10;15;11;1;18;20;19;16;28;36;42;0;38;43;55;50;46;56;54;72;70;68;75;65;-1;No;No;No
874;11;1;5;4;15;21;18;19;30;17;45;40;0;35;37;57;49;48;54;55;74;63;75;68;62;-1;No;No;No
875;3;6;10;14;5;22;21;30;16;28;34;43;0;37;33;55;50;52;56;51;67;65;64;61;75;-1;No;No;No
876;8;11;12;10;6;16;25;18;22;20;39;44;0;32;45;58;50;56;60;57;70;65;69;67;73;-1;No;No;No
877;15;8;13;11;12;28;26;21;18;17;45;31;0;42;38;48;59;54;57;53;75;72;66;71;68;-1;No;No;No
878;1;2;14;15;13;27;20;25;30;19;42;38;0;31;34;59;49;51;48;58;74;67;75;66;61;-1;No;No;No
879;9;5;3;8;12;27;29;17;23;20;38;35;0;36;40;51;54;47;59;55;74;70;67;75;68;-1;No;No;No
880;3;5;10;8;2;25;21;23;20;22;36;41;0;34;37;47;49;48;51;46;67;63;66;65;61;-1;No;No;No
881;5;9;15;4;14;22;21;17;29;23;37;40;0;36;45;56;60;55;47;54;64;71;72;70;66;-1;No;No;No
882;10;9;7;3;4;26;27;24;25;28;43;32;0;41;39;60;50;59;57;58;67;65;71;75;74;-1;No;No;No
883;7;4;1;6;8;19;18;22;24;27;31;41;0;37;36;52;49;60;48;55;71;61;63;72;70;-1;No;No;No
884;12;2;1;5;8;16;29;24;21;28;31;35;0;41;38;46;53;52;58;47;70;61;69;65;73;-1;No;No;No
885;15;14;4;6;7;25;29;30;18;26;41;42;0;31;45;49;54;58;56;52;70;74;75;68;64;-1;No;No;No
886;15;3;12;14;7;16;17;26;25;28;44;45;0;41;32;52;51;58;48;57;75;70;74;66;64;-1;No;No;No
887;1;4;11;6;7;24;21;29;27;18;40;41;0;39;33;60;51;49;48;47;70;71;69;74;75;-1;No;No;No
888;14;13;10;15;12;17;28;27;21;26;32;44;0;38;31;56;46;58;57;53;74;63;72;71;73;-1;No;No;No
889;7;15;5;6;10;25;16;22;20;27;33;41;0;32;31;57;47;56;60;52;73;65;68;67;72;-1;No;No;No
890;12;3;11;2;4;19;29;28;20;30;39;34;0;42;31;52;58;59;56;51;72;70;62;64;71;-1;No;No;No
891;13;8;5;3;12;29;16;28;26;25;45;32;0;42;34;47;46;48;60;50;71;67;75;66;72;-1;No;No;No
892;13;8;11;14;15;22;23;21;29;28;35;34;0;42;45;52;57;59;46;51;70;64;71;61;66;-1;No;No;No
893;10;9;12;13;3;21;20;19;28;29;42;35;0;34;40;46;60;56;50;47;64;61;65;75;67;-1;No;No;No
894;14;9;2;13;6;24;20;30;26;19;33;42;0;45;32;58;54;52;48;49;68;61;73;71;65;-1;No;No;No
895;3;2;9;15;8;21;22;16;27;19;40;34;0;38;33;54;58;55;51;53;65;75;74;68;63;-1;No;No;No
896;8;13;7;10;3;16;29;27;25;26;44;38;0;42;37;52;51;49;48;50;69;65;64;70;68;-1;No;No;No
897;9;1;4;12;8;21;23;22;30;25;34;42;0;38;39;51;54;53;60;56;66;64;74;63;73;-1;No;No;No
898;13;8;2;3;1;18;17;21;23;19;32;34;0;37;36;47;56;49;48;46;69;75;63;72;68;-1;No;No;No
899;14;13;1;2;15;23;18;22;24;25;41;45;0;31;34;53;58;52;57;50;62;67;65;75;74;-1;No;No;No
900;13;12;15;7;6;19;22;18;21;23;40;38;0;35;39;52;60;48;54;47;63;72;66;67;71;-1;No;No;No
901;5;14;4;13;15;26;25;21;24;20;44;40;0;31;43;52;47;51;57;58;73;71;74;69;65;-1;No;No;No
902;14;15;4;3;2;19;17;20;24;27;37;42;0;43;41;59;58;50;52;60;69;74;64;72;63;-1;No;No;No
903;3;5;15;2;4;29;17;28;26;24;45;43;0;39;38;58;48;57;47;53;65;67;62;61;75;-1;No;No;No
904;3;5;7;11;2;23;26;19;16;18;41;35;0;31;32;48;50;46;51;47;75;65;71;74;63;-1;No;No;No
905;10;9;12;6;8;21;29;30;28;16;45;36;0;37;44;55;46;51;59;60;65;67;70;74;72;-1;No;No;No
906;13;11;2;3;9;22;19;18;28;27;34;40;0;37;44;48;53;58;49;52;72;63;66;70;62;-1;No;No;No
907;8;14;4;12;3;22;29;24;21;25;37;32;0;31;44;51;47;56;53;49;70;64;73;63;62;-1;No;No;No
908;11;7;6;12;4;30;28;24;17;20;38;34;0;41;43;51;58;46;57;55;61;72;74;71;68;-1;No;No;No
909;13;15;9;7;12;24;27;25;23;22;31;41;0;42;39;59;48;50;47;55;67;71;64;61;63;-1;No;No;No
910;1;7;6;8;11;17;28;21;16;22;41;37;0;38;45;58;54;47;52;57;69;72;66;74;68;-1;No;No;No
911;4;15;3;13;14;29;25;18;24;22;32;31;0;33;39;49;59;54;51;58;62;67;63;69;72;-1;No;No;No
912;8;9;4;15;14;23;21;20;26;24;38;45;0;37;39;56;57;51;54;48;72;71;69;75;63;-1;No;No;No
913;2;5;15;11;4;18;29;26;20;28;40;41;0;45;32;51;48;46;54;57;74;73;71;70;72;-1;No;No;No
914;14;3;8;5;13;30;21;27;16;25;41;39;0;31;36;49;54;46;52;53;65;74;75;69;73;-1;No;No;No
915;6;11;8;10;1;26;22;25;29;18;41;31;0;33;44;54;50;57;60;58;73;71;65;63;70;-1;No;No;No
916;12;14;15;10;11;26;19;20;30;16;41;31;0;38;37;60;51;48;57;49;67;62;68;61;64;-1;No;No;No
917;13;6;2;10;7;24;20;21;25;29;43;32;0;39;31;47;53;58;51;46;72;68;71;61;70;-1;No;No;No
918;4;14;3;15;2;28;21;18;19;27;41;33;0;42;31;52;54;49;48;58;71;75;64;70;62;-1;No;No;No
919;11;6;9;1;4;20;27;18;17;30;41;45;0;34;44;53;60;47;51;59;72;67;64;63;71;-1;No;No;No
920;6;11;4;12;5;18;26;23;17;22;43;38;0;36;39;52;55;60;46;54;72;73;61;66;71;-1;No;No;No
921;12;13;1;10;14;24;22;29;20;23;45;32;0;31;44;58;55;49;60;57;67;62;66;61;72;-1;No;No;No
922;8;13;12;7;11;28;24;21;20;26;42;41;0;45;35;46;53;60;51;57;73;75;67;66;63;-1;No;No;No
923;11;15;10;13;12;28;26;16;24;25;36;31;0;34;45;55;57;46;58;49;66;61;71;75;62;-1;No;No;No
924;8;7;6;1;2;19;17;18;16;24;31;43;0;39;37;55;53;58;47;46;63;65;66;73;72;-1;No;No;No
925;7;1;5;10;13;21;19;22;17;20;44;45;0;39;37;54;50;53;47;59;68;65;75;61;66;-1;No;No;No
926;7;15;11;12;14;20;26;25;28;16;45;32;0;36;44;47;57;52;58;55;72;62;61;65;69;-1;No;No;No
927;12;9;10;1;15;20;23;19;29;18;39;34;0;42;41;58;52;51;47;55;62;74;75;68;66;-1;No;No;No
928;3;14;13;6;1;20;18;29;16;19;44;45;0;38;36;49;50;58;59;54;72;70;74;67;63;-1;No;No;No
929;12;9;14;7;8;28;27;26;29;23;36;35;0;43;45;59;57;46;56;48;70;63;71;69;73;-1;No;No;No
930;1;14;13;12;2;26;21;29;30;18;42;33;0;41;40;54;53;52;49;47;61;66;75;65;64;-1;No;No;No
931;4;15;2;11;3;19;18;23;21;29;39;36;0;38;32;53;47;58;52;57;61;74;65;72;64;-1;No;No;No
932;1;11;15;4;3;28;25;21;24;20;43;45;0;38;35;46;51;49;59;50;74;71;73;67;69;-1;No;No;No
933;11;14;2;3;8;27;19;21;20;25;32;37;0;38;44;58;50;57;55;59;65;69;66;68;67;-1;No;No;No
934;8;10;1;7;6;17;21;19;25;16;43;41;0;31;33;58;55;54;53;59;69;66;65;68;71;-1;No;No;No
935;15;13;4;14;8;23;22;19;18;16;38;31;0;41;35;56;49;51;53;55;73;71;62;66;61;-1;No;No;No
936;6;8;4;7;15;22;30;16;27;28;38;39;0;44;32;58;53;57;46;54;69;61;73;68;64;-1;No;No;No
937;12;8;15;5;7;20;23;25;27;17;33;42;0;39;41;50;59;58;57;56;65;62;66;61;69;-1;No;No;No
938;8;2;15;5;12;30;19;25;18;16;43;40;0;31;45;47;53;52;51;50;70;75;66;67;65;-1;No;No;No
939;4;15;7;14;6;24;30;22;21;26;33;31;0;42;39;54;52;58;53;51;67;66;72;71;63;-1;No;No;No
940;15;7;10;1;14;23;21;30;27;25;41;32;0;35;45;59;51;48;53;58;64;74;72;69;73;-1;No;No;No
941;12;3;9;14;1;30;19;21;26;24;44;43;0;33;38;48;58;52;56;47;74;73;72;68;70;-1;No;No;No
942;4;11;9;8;6;16;19;23;21;22;37;38;0;39;36;57;46;56;51;55;65;75;73;68;74;-1;No;No;No
943;5;2;15;14;1;23;22;18;21;27;42;35;0;41;43;52;53;59;51;60;66;67;63;61;62;-1;No;No;No
944;1;10;15;5;12;21;26;17;23;22;39;40;0;38;34;57;49;59;58;51;67;68;61;70;74;-1;No;No;No
945;12;13;3;2;1;28;22;20;27;21;34;42;0;38;33;60;46;55;51;52;65;62;67;69;73;-1;No;No;No
946;11;5;3;2;8;23;16;21;29;22;44;36;0;31;35;49;59;56;54;48;63;71;61;73;66;-1;No;No;No
947;3;15;13;7;4;23;28;27;26;22;33;39;0;41;38;50;59;55;58;60;66;74;61;64;63;-1;No;No;No
948;9;3;4;7;12;16;26;20;28;23;38;37;0;31;35;52;59;51;48;53;71;65;66;61;62;-1;No;No;No
949;2;14;1;13;12;28;30;29;27;17;34;44;0;31;41;47;57;56;46;48;65;73;66;63;64;-1;No;No;No
950;6;10;2;3;12;19;28;16;29;18;31;41;0;44;37;57;53;59;46;55;61;66;72;71;74;-1;No;No;No
951;7;10;15;3;6;19;28;24;18;30;45;35;0;32;34;52;50;60;58;51;73;70;72;75;67;-1;No;No;No
952;4;8;3;2;11;19;18;17;20;25;37;42;0;32;33;54;59;51;48;53;61;67;71;75;63;-1;No;No;No
953;1;6;13;12;14;23;22;27;21;19;43;44;0;31;37;57;56;52;51;59;70;62;68;65;61;-1;No;No;No
954;10;3;14;5;15;21;20;25;27;24;41;44;0;43;40;58;50;48;57;53;64;74;65;63;66;-1;No;No;No
955;1;13;11;10;14;19;17;16;22;18;32;43;0;45;34;52;60;54;47;46;69;66;65;67;75;-1;No;No;No
956;11;14;15;3;4;16;28;23;20;27;42;37;0;32;41;55;60;47;54;46;66;63;73;72;71;-1;No;No;No
957;14;4;1;15;3;27;23;21;22;18;34;38;0;33;37;58;51;55;50;59;71;73;61;75;62;-1;No;No;No
958;13;6;7;12;11;23;21;29;24;19;41;40;0;43;32;50;56;52;46;55;68;74;69;65;63;-1;No;No;No
959;6;10;5;14;8;29;16;18;23;28;40;33;0;44;37;56;55;48;58;46;63;61;64;71;62;-1;No;No;No
960;12;10;14;5;9;26;16;29;18;30;43;38;0;33;36;59;46;49;50;60;73;74;64;65;70;-1;No;No;No
961;8;14;1;7;10;22;28;29;19;21;39;38;0;40;33;51;54;47;55;49;67;71;61;70;74;-1;No;No;No
962;10;5;12;15;14;24;17;22;27;21;44;40;0;38;31;57;50;52;53;47;65;61;74;73;75;-1;No;No;No
963;10;5;15;1;4;23;21;22;30;28;42;34;0;41;37;58;53;54;47;52;70;65;75;62;64;-1;No;No;No
964;11;14;2;15;9;25;20;16;24;30;44;32;0;43;31;46;60;57;48;47;75;63;73;72;67;-1;No;No;No
965;11;6;10;12;5;21;20;17;22;19;43;37;0;40;33;48;46;58;57;54;64;62;63;75;69;-1;No;No;No
966;15;13;9;12;8;27;24;26;20;16;39;36;0;35;44;51;60;57;58;47;72;62;64;61;73;-1;No;No;No
967;11;13;3;12;9;26;22;21;25;30;32;35;0;45;34;51;55;53;54;48;74;65;73;68;75;-1;No;No;No
968;5;14;7;6;9;20;22;24;25;18;45;40;0;31;37;60;57;54;51;55;71;72;64;69;66;-1;No;No;No
969;3;12;1;10;5;30;20;17;25;22;31;44;0;43;36;56;55;60;59;58;62;71;74;65;69;-1;No;No;No
970;7;1;6;4;12;20;16;29;28;18;43;33;0;40;39;55;48;59;51;58;74;71;73;61;69;-1;No;No;No
971;10;9;12;13;8;18;16;25;17;26;37;31;0;42;40;52;50;51;46;47;69;75;62;70;64;-1;No;No;No
972;1;11;6;4;14;27;23;28;20;22;42;39;0;38;37;58;49;47;51;48;62;74;66;64;71;-1;No;No;No
973;5;15;13;12;6;22;26;23;30;24;35;32;0;39;33;48;47;59;56;58;75;70;69;66;62;-1;No;No;No
974;11;2;4;1;12;19;21;20;22;23;33;43;0;42;38;49;60;52;46;56;71;68;73;72;69;-1;No;No;No
975;11;13;15;12;3;17;18;25;22;20;39;45;0;38;34;50;49;54;52;53;72;64;75;73;74;-1;No;No;No
976;4;15;13;2;14;21;29;25;20;26;41;31;0;39;34;60;51;46;52;58;66;72;71;65;62;-1;No;No;No
977;12;8;1;11;10;17;27;28;21;26;44;33;0;32;40;51;54;57;60;56;62;74;61;71;67;-1;No;No;No
978;12;14;10;5;6;23;27;19;26;16;44;45;0;37;38;59;51;55;53;54;66;70;71;72;62;-1;No;No;No
979;15;11;14;4;10;30;26;27;16;18;38;33;0;31;41;56;60;49;55;52;61;74;72;71;66;-1;No;No;No
980;15;13;7;9;2;28;20;16;21;19;32;38;0;37;42;46;56;51;47;58;73;62;69;70;67;-1;No;No;No
981;2;5;3;11;4;30;20;28;21;19;34;44;0;45;35;47;58;52;57;59;62;67;70;64;66;-1;No;No;No
982;8;7;13;9;2;30;28;24;25;22;31;37;0;45;36;51;60;48;47;53;75;74;72;61;73;-1;No;No;No
983;13;8;5;6;15;16;21;25;22;23;39;41;0;44;32;51;57;60;53;55;74;62;61;73;66;-1;No;No;No
984;1;14;7;4;13;18;17;29;23;30;32;44;0;41;31;46;53;52;50;56;71;61;68;66;62;-1;No;No;No
985;1;2;6;15;14;28;16;27;20;23;37;40;0;34;45;49;48;55;58;47;70;69;74;75;68;-1;No;No;No
986;3;1;12;4;2;24;26;23;19;22;45;38;0;43;31;54;60;52;48;47;62;71;61;73;70;-1;No;No;No
987;15;8;5;13;11;30;27;29;20;16;35;45;0;31;39;53;57;52;56;51;72;71;61;74;65;-1;No;No;No
988;6;7;5;4;15;27;28;24;23;22;36;45;0;32;37;59;51;58;57;46;74;68;75;64;63;-1;No;No;No
989;1;15;3;8;14;30;21;19;16;20;44;38;0;40;34;59;50;51;58;60;72;61;64;73;63;-1;No;No;No
990;1;4;3;13;9;21;26;20;18;19;36;37;0;45;34;60;53;58;55;49;68;62;74;64;72;-1;No;No;No
991;6;8;11;7;1;20;27;19;25;21;33;31;0;43;34;53;48;50;57;60;62;73;70;71;67;-1;No;No;No
992;12;5;14;13;11;24;16;26;23;18;31;35;0;45;34;49;46;48;55;58;70;67;61;71;73;-1;No;No;No
993;9;11;2;8;5;28;26;23;29;27;41;44;0;31;43;47;59;56;52;46;64;67;71;62;75;-1;No;No;No
994;6;9;8;5;7;17;22;24;23;25;31;35;0;37;40;56;46;60;50;54;68;66;72;69;65;-1;No;No;No
995;9;6;7;10;13;21;17;19;23;16;31;43;0;41;37;55;58;52;57;56;70;74;63;61;75;-1;No;No;No
996;8;11;2;7;15;26;29;25;23;22;38;39;0;43;45;56;58;59;60;51;71;74;69;75;64;-1;No;No;No
997;8;6;14;7;2;16;22;18;21;19;44;39;0;45;34;53;55;58;48;54;65;62;73;71;66;-1;No;No;No
998;9;13;11;6;3;30;16;20;26;28;40;42;0;37;34;47;59;49;53;55;71;61;66;63;70;-1;No;No;No
999;15;10;3;12;11;16;28;27;25;22;33;39;0;45;31;60;58;51;56;55;67;64;65;75;63;-1;No;No;No
1000;5;12;4;13;15;19;27;25;18;20;40;43;0;38;42;51;53;47;46;55;64;69;70;73;62;-1;No;No;No
1001;12;1;10;11;5;19;22;16;21;23;44;31;0;33;45;46;49;58;59;56;62;71;65;64;70;-1;No;No;No
1002;3;8;11;9;13;18;28;27;21;20;44;31;0;36;41;58;57;59;56;54;71;70;72;67;68;-1;No;No;No
1003;6;8;2;1;4;20;23;17;26;21;42;39;0;34;35;50;59;46;53;55;69;63;74;71;68;-1;No;No;No
1004;7;6;4;5;11;19;22;23;28;27;38;31;0;45;39;48;60;46;59;55;71;73;68;63;61;-1;No;No;No
1005;11;7;9;12;8;23;25;19;27;21;38;36;0;35;39;47;58;53;46;52;71;75;64;73;62;-1;No;No;No
1006;12;4;8;3;7;27;19;24;21;30;33;36;0;34;35;58;51;57;52;60;64;69;72;65;71;-1;No;No;No
1007;13;9;8;5;7;24;27;30;21;22;31;44;0;37;41;58;54;53;52;51;65;71;74;67;68;-1;No;No;No
1008;9;4;8;10;1;25;26;28;24;30;35;38;0;41;36;51;52;50;53;55;68;65;62;73;63;-1;No;No;No
1009;15;13;4;10;6;20;29;27;30;19;31;37;0;41;36;53;52;60;51;59;67;61;70;72;66;-1;No;No;No
1010;14;13;10;7;12;22;17;27;19;26;32;31;0;38;42;52;55;49;58;48;61;71;73;66;67;-1;No;No;No
1011;11;10;9;8;13;19;20;25;16;17;33;37;0;38;43;55;54;50;49;59;64;73;69;71;65;-1;No;No;No
1012;13;15;5;14;3;24;21;26;22;23;41;42;0;44;37;58;51;50;54;60;74;64;61;67;63;-1;No;No;No
1013;3;12;9;1;10;20;16;17;26;21;32;44;0;42;38;55;57;46;51;52;64;72;61;62;67;-1;No;No;No
1014;14;13;3;4;12;26;16;21;28;27;44;37;0;43;40;56;47;52;54;50;61;73;71;65;63;-1;No;No;No
1015;9;15;14;13;3;23;20;29;24;27;45;32;0;35;36;50;49;59;58;55;75;65;74;63;66;-1;No;No;No
1016;3;10;7;9;11;18;16;25;17;29;34;36;0;33;38;56;57;60;55;54;74;73;63;67;70;-1;No;No;No
1017;10;8;4;7;5;17;25;24;16;27;38;40;0;39;36;47;59;50;60;56;67;65;72;70;74;-1;No;No;No
1018;8;4;15;14;6;21;25;18;24;17;45;32;0;34;36;56;47;55;49;51;70;72;68;65;67;-1;No;No;No
1019;9;7;6;2;14;27;29;21;18;25;40;44;0;43;34;55;53;48;51;52;70;67;63;62;66;-1;No;No;No
1020;8;12;3;15;10;17;22;27;23;26;37;33;0;32;38;56;55;51;49;46;73;74;65;72;64;-1;No;No;No
1021;8;5;10;2;1;22;23;21;20;28;43;42;0;36;37;51;55;56;59;57;68;67;61;75;74;-1;No;No;No
1022;7;12;15;2;1;25;18;21;29;20;31;38;0;41;44;56;54;59;58;55;68;73;66;72;63;-1;No;No;No
1023;8;7;6;11;13;22;18;30;28;17;37;42;0;32;36;57;56;59;51;47;68;61;75;74;69;-1;No;No;No
1024;8;11;1;3;7;26;21;30;23;27;44;45;0;42;36;47;58;57;46;54;64;63;61;68;71;-1;No;No;No
1025;10;7;13;2;12;21;25;18;24;17;32;43;0;42;38;57;53;56;55;60;65;71;61;74;73;-1;No;No;No
1026;15;8;7;6;3;26;30;21;16;28;43;33;0;42;36;54;53;59;48;46;71;74;75;70;61;-1;No;No;No
1027;3;2;8;15;9;19;21;29;27;22;36;42;0;41;38;58;49;48;47;46;69;61;65;68;67;-1;No;No;No
1028;10;1;9;8;14;24;23;19;21;29;38;37;0;31;35;51;58;54;47;59;66;69;67;63;75;-1;No;No;No
1029;10;4;15;14;13;26;16;20;21;22;37;38;0;43;42;50;52;59;51;55;69;61;74;75;72;-1;No;No;No
1030;9;3;8;6;2;25;22;27;17;16;32;38;0;34;42;56;55;51;52;54;75;63;65;66;68;-1;No;No;No
1031;5;6;9;12;14;24;23;29;28;27;31;44;0;37;41;57;51;49;46;52;71;65;64;62;66;-1;No;No;No
1032;15;2;13;12;1;18;17;21;30;22;32;35;0;39;42;50;49;59;52;60;63;69;73;62;75;-1;No;No;No
1033;4;10;7;11;13;19;29;18;28;27;37;39;0;40;38;55;54;51;50;53;70;61;68;71;69;-1;No;No;No
1034;9;4;7;14;3;26;18;23;24;29;37;39;0;42;35;58;50;52;57;47;65;64;62;73;74;-1;No;No;No
1035;15;10;5;14;1;23;26;25;30;22;33;32;0;38;31;53;49;57;58;52;71;65;64;70;74;-1;No;No;No
1036;5;7;2;1;11;25;18;19;17;26;40;44;0;33;39;49;56;51;59;60;75;61;74;72;63;-1;No;No;No
1037;5;8;10;9;7;24;27;28;20;25;40;32;0;44;42;48;52;51;46;55;74;63;67;62;73;-1;No;No;No
1038;10;2;5;1;4;16;19;29;24;18;37;34;0;43;42;55;54;59;52;53;75;74;62;71;68;-1;No;No;No
1039;5;7;13;8;15;25;30;26;24;20;39;36;0;32;38;49;48;47;57;55;75;66;65;64;70;-1;No;No;No
1040;8;15;12;4;6;29;27;21;17;26;38;35;0;41;34;55;58;53;51;47;75;70;61;71;69;-1;No;No;No
1041;4;6;5;2;10;19;18;17;21;23;36;40;0;33;39;58;55;54;57;48;72;61;65;69;70;-1;No;No;No
1042;10;13;9;1;12;23;19;21;20;17;31;34;0;40;33;60;51;58;59;56;66;70;67;74;69;-1;No;No;No
1043;8;9;12;11;7;23;17;20;29;16;42;40;0;41;33;60;59;55;53;54;72;65;61;63;62;-1;No;No;No
1044;5;11;10;3;8;25;16;26;17;19;31;35;0;44;41;51;59;49;47;58;72;64;66;71;65;-1;No;No;No
1045;11;4;5;9;14;23;24;26;18;22;43;37;0;44;45;56;48;55;60;52;66;64;63;61;71;-1;No;No;No
1046;12;15;3;4;10;20;26;21;22;25;37;36;0;34;35;53;50;46;49;55;75;68;63;69;62;-1;No;No;No
1047;3;1;5;15;14;20;23;26;17;30;42;38;0;31;43;50;47;48;56;49;65;64;63;69;71;-1;No;No;No
1048;3;14;7;6;5;21;30;17;25;20;43;36;0;42;34;52;49;48;50;51;63;74;67;71;73;-1;No;No;No
1049;8;14;15;7;6;24;29;30;22;21;37;40;0;45;44;47;56;46;50;58;70;64;71;63;61;-1;No;No;No
1050;15;11;10;13;1;25;22;28;21;24;32;36;0;37;42;46;55;48;50;56;71;67;70;73;69;-1;No;No;No
1051;14;6;11;12;1;16;28;24;20;25;45;31;0;36;41;51;57;58;46;60;73;68;61;63;62;-1;No;No;No
1052;1;4;3;6;13;16;30;26;22;25;43;45;0;42;38;50;58;57;60;59;70;74;61;67;73;-1;No;No;No
1053;14;5;11;6;4;27;26;30;25;24;32;45;0;33;40;52;50;55;54;46;61;69;63;62;68;-1;No;No;No
1054;4;7;11;10;15;19;16;29;27;28;42;31;0;45;35;57;51;60;47;59;63;68;69;67;62;-1;No;No;No
1055;5;9;8;10;13;21;20;27;24;18;43;35;0;41;39;60;56;52;51;54;64;67;75;61;66;-1;No;No;No
1056;10;7;8;12;11;23;24;25;26;17;35;40;0;42;32;49;58;56;59;52;67;68;75;69;74;-1;No;No;No
1057;11;8;10;5;6;30;23;21;19;29;39;35;0;41;33;57;52;51;59;60;75;64;62;66;65;-1;No;No;No
1058;3;1;15;11;2;26;25;30;23;27;36;38;0;43;33;51;49;46;54;48;65;64;68;61;74;-1;No;No;No
1059;4;2;14;8;15;19;23;21;29;24;39;36;0;31;45;49;59;53;60;55;61;72;71;64;73;-1;No;No;No
1060;3;2;6;1;12;27;21;23;20;22;38;37;0;33;34;51;47;46;50;54;71;61;69;75;68;-1;No;No;No
1061;6;12;15;13;5;20;30;18;29;24;39;45;0;43;35;51;57;58;50;53;72;66;62;61;63;-1;No;No;No
1062;2;15;14;12;1;25;17;22;26;28;44;40;0;39;45;56;53;54;55;46;70;67;66;64;69;-1;No;No;No
1063;6;10;11;13;5;26;21;27;25;17;45;32;0;33;44;51;46;49;48;52;72;66;70;69;63;-1;No;No;No
1064;10;14;7;9;13;21;17;24;20;30;43;40;0;34;33;51;52;55;50;59;65;73;67;66;64;-1;No;No;No
1065;9;2;13;12;5;17;27;18;28;26;34;37;0;32;33;47;50;60;57;52;74;75;73;65;64;-1;No;No;No
1066;7;4;1;14;15;22;21;19;18;23;45;39;0;31;36;56;55;49;48;46;73;62;75;63;66;-1;No;No;No
1067;5;10;4;15;9;24;27;22;29;25;39;33;0;42;34;56;52;60;58;55;73;68;70;71;69;-1;No;No;No
1068;5;2;15;4;7;17;26;23;22;21;44;40;0;43;39;51;58;47;57;60;62;74;63;67;64;-1;No;No;No
1069;8;2;5;14;15;17;25;22;16;21;42;33;0;43;35;57;51;52;55;47;66;61;71;67;70;-1;No;No;No
1070;8;5;9;13;12;26;27;29;16;24;42;41;0;32;44;56;58;49;46;52;70;65;68;69;63;-1;No;No;No
1071;12;10;6;5;13;29;25;19;22;18;34;32;0;36;38;48;52;56;57;46;69;62;75;74;73;-1;No;No;No
1072;7;13;15;3;11;19;26;20;18;24;39;45;0;38;40;56;53;47;48;55;69;67;65;71;70;-1;No;No;No
1073;6;5;13;7;11;29;23;18;19;30;38;32;0;40;34;60;58;49;59;57;66;69;63;71;74;-1;No;No;No
1074;14;3;10;13;12;17;30;22;23;19;34;41;0;33;40;51;50;48;49;55;74;70;63;65;69;-1;No;No;No
1075;7;3;2;6;1;16;21;28;24;25;33;36;0;42;32;60;51;59;48;47;61;70;67;62;74;-1;No;No;No
1076;5;3;2;6;9;18;26;21;16;25;42;37;0;31;41;60;53;51;55;49;74;71;66;67;72;-1;No;No;No
1077;15;9;8;14;13;30;26;16;27;20;34;37;0;43;33;56;51;50;53;54;66;65;71;62;69;-1;No;No;No
1078;6;7;13;12;5;26;22;17;21;19;44;31;0;33;43;51;56;50;48;53;69;71;68;63;74;-1;No;No;No
1079;5;13;14;8;7;18;27;25;26;20;35;44;0;45;34;60;49;59;52;54;61;67;71;66;74;-1;No;No;No
1080;7;11;9;1;8;27;20;19;23;25;32;37;0;38;35;58;53;50;56;54;75;62;61;74;65;-1;No;No;No
1081;11;1;4;3;8;17;20;24;19;30;45;44;0;34;38;58;51;50;53;55;74;67;73;64;75;-1;No;No;No
1082;2;1;8;10;4;25;28;23;21;22;32;42;0;41;31;58;47;46;60;56;68;61;64;66;71;-1;No;No;No
1083;3;1;2;5;10;16;21;22;25;27;33;44;0;31;32;52;48;59;54;47;73;65;63;62;72;-1;No;No;No
1084;14;10;4;3;15;23;22;27;18;20;41;33;0;39;32;49;53;48;59;50;73;62;64;72;74;-1;No;No;No
1085;9;12;5;1;8;19;21;16;17;23;41;44;0;39;36;53;56;55;59;52;67;72;63;71;66;-1;No;No;No
1086;11;9;7;8;2;26;25;19;18;17;35;33;0;37;32;49;47;52;54;46;68;65;75;74;64;-1;No;No;No
1087;6;1;9;3;5;26;22;17;24;29;43;41;0;31;42;53;57;59;60;50;67;72;70;69;61;-1;No;No;No
1088;10;2;8;15;9;29;28;23;22;30;43;42;0;31;34;55;52;53;49;59;67;61;66;68;71;-1;No;No;No
1089;10;6;5;9;8;29;23;25;26;24;38;36;0;40;44;59;48;52;57;51;70;66;69;68;65;-1;No;No;No
1090;11;14;10;15;9;26;21;23;22;20;37;34;0;44;31;50;51;49;48;54;65;69;64;61;68;-1;No;No;No
1091;3;2;8;11;10;26;21;25;29;19;36;34;0;44;33;49;60;47;48;55;70;67;72;68;63;-1;No;No;No
1092;4;11;3;12;2;29;25;23;20;17;35;37;0;43;31;46;52;50;49;48;64;70;63;67;74;-1;No;No;No
1093;12;2;15;1;6;22;26;29;18;23;38;40;0;36;37;57;51;50;48;58;72;70;73;67;69;-1;No;No;No
1094;7;9;14;11;10;29;24;17;26;25;44;41;0;35;33;55;56;47;51;46;71;67;63;66;62;-1;No;No;No
1095;11;9;13;14;15;17;18;21;29;28;33;35;0;43;39;47;50;56;51;54;70;72;62;71;61;-1;No;No;No
1096;13;7;6;8;5;27;24;18;28;21;44;32;0;39;43;55;53;59;51;58;73;67;62;65;69;-1;No;No;No
1097;8;14;9;4;15;28;18;29;17;26;44;33;0;39;32;49;52;46;58;57;66;69;64;72;68;-1;No;No;No
1098;6;12;14;15;7;22;20;16;29;17;45;37;0;40;44;56;51;49;50;46;69;70;62;72;73;-1;No;No;No
1099;9;2;10;11;7;16;19;21;26;25;41;34;0;32;31;47;56;54;52;46;71;61;65;75;70;-1;No;No;No
1100;2;7;14;13;6;19;22;23;21;29;43;33;0;37;44;60;57;52;47;53;71;74;63;75;65;-1;No;No;No
1101;10;4;11;9;14;26;29;18;20;22;44;35;0;39;41;60;56;57;51;55;74;62;69;61;75;-1;No;No;No
1102;8;2;4;6;12;29;20;26;18;21;43;42;0;34;37;56;50;48;49;59;75;72;64;67;61;-1;No;No;No
1103;13;6;8;12;2;17;24;21;26;19;40;33;0;43;39;59;47;49;57;58;66;70;73;69;71;-1;No;No;No
1104;15;7;6;14;1;27;22;20;24;18;42;41;0;36;33;50;51;59;48;58;65;61;68;70;69;-1;No;No;No
1105;4;7;8;12;15;18;17;16;19;30;41;43;0;44;38;52;60;50;48;59;70;73;65;75;61;-1;No;No;No
1106;5;8;15;4;13;26;19;29;25;30;32;31;0;37;33;60;47;57;50;54;61;67;75;73;72;-1;No;No;No
1107;12;1;10;14;4;17;22;16;18;25;42;31;0;44;39;50;59;57;49;60;72;74;63;67;71;-1;No;No;No
1108;13;7;6;3;12;18;19;16;17;26;37;39;0;41;40;60;50;55;57;46;61;63;70;74;69;-1;No;No;No
1109;6;13;5;12;4;17;30;22;28;16;33;38;0;31;44;56;54;46;49;53;61;68;63;70;65;-1;No;No;No
1110;11;7;14;13;8;27;26;21;23;16;41;43;0;37;40;58;53;55;50;60;66;61;64;75;71;-1;No;No;No
1111;9;10;4;8;12;29;28;17;30;16;45;32;0;39;40;47;58;55;51;53;62;71;65;63;67;-1;No;No;No
1112;10;8;15;14;7;23;30;28;18;21;39;41;0;38;33;47;58;51;60;50;71;73;70;75;69;-1;No;No;No
1113;14;3;10;13;1;28;27;18;20;29;31;41;0;40;37;51;59;53;47;52;67;74;66;69;65;-1;No;No;No
1114;11;6;14;15;5;24;21;17;23;26;32;43;0;36;34;47;51;60;53;46;66;61;64;62;68;-1;No;No;No
1115;4;2;8;5;7;21;26;30;20;17;44;45;0;31;36;60;52;48;57;56;64;61;74;73;65;-1;No;No;No
1116;3;5;13;4;9;21;19;20;26;28;45;40;0;33;41;47;57;52;56;49;71;66;64;75;65;-1;No;No;No
1117;1;12;11;13;10;22;19;17;21;27;38;32;0;41;35;47;46;58;60;57;64;69;70;72;74;-1;No;No;No
1118;15;6;2;14;1;28;24;21;20;23;41;44;0;32;42;53;51;55;46;49;68;71;75;70;69;-1;No;No;No
1119;6;5;13;4;3;18;19;24;26;21;37;44;0;31;36;60;53;52;54;50;63;70;71;62;64;-1;No;No;No
1120;11;4;5;1;14;16;22;21;19;27;36;40;0;42;38;46;49;47;52;48;74;73;63;72;75;-1;No;No;No
1121;3;9;5;13;8;18;28;20;27;24;41;34;0;40;42;58;59;51;57;53;71;69;63;75;70;-1;No;No;No
1122;2;15;10;13;12;21;19;18;26;20;37;38;0;36;45;50;54;52;59;57;62;63;64;68;71;-1;No;No;No
1123;10;15;3;14;4;26;30;25;29;18;42;44;0;37;38;48;51;56;57;53;74;63;71;62;70;-1;No;No;No
1124;13;5;11;10;6;23;25;26;30;17;38;35;0;37;45;60;59;54;56;55;71;63;68;62;61;-1;No;No;No
1125;3;12;1;2;14;23;28;25;24;19;44;34;0;45;42;59;53;51;58;50;66;63;73;67;70;-1;No;No;No
1126;12;8;7;3;10;16;18;21;20;28;33;31;0;34;38;47;51;49;55;57;75;63;61;66;64;-1;No;No;No
1127;4;7;9;14;15;29;28;21;19;30;35;36;0;32;38;54;48;58;60;57;67;65;69;75;72;-1;No;No;No
1128;1;4;9;7;6;23;16;27;28;21;39;32;0;41;34;53;51;48;55;46;70;68;72;75;65;-1;No;No;No
1129;15;8;3;5;4;22;18;29;26;21;45;43;0;31;35;58;57;59;47;54;65;71;75;73;62;-1;No;No;No
1130;2;6;12;14;13;29;16;21;22;24;41;45;0;44;43;49;51;50;57;56;73;61;70;68;72;-1;No;No;No
1131;13;14;9;8;4;30;23;22;20;19;37;42;0;44;34;53;60;58;48;47;67;61;71;68;63;-1;No;No;No
1132;12;7;9;10;14;28;24;27;17;19;36;38;0;40;41;49;56;47;58;53;75;73;61;64;70;-1;No;No;No
1133;14;13;12;4;3;26;18;23;21;19;44;34;0;38;39;51;57;47;48;60;69;74;71;62;61;-1;No;No;No
1134;2;13;6;15;1;25;20;21;17;30;43;36;0;45;41;50;48;51;46;60;65;75;74;71;62;-1;No;No;No
1135;1;15;8;13;14;17;26;25;29;27;41;38;0;34;37;52;58;48;46;57;74;70;61;75;73;-1;No;No;No
1136;7;4;2;11;6;23;24;20;19;18;31;43;0;42;41;52;48;47;55;46;63;69;66;73;68;-1;No;No;No
1137;11;1;13;6;12;18;29;21;20;16;39;44;0;31;38;48;59;51;50;57;74;66;73;61;68;-1;No;No;No
1138;8;14;7;15;4;22;17;26;21;30;31;45;0;42;41;50;56;58;55;48;74;68;72;65;73;-1;No;No;No
1139;8;1;2;12;10;28;27;16;29;26;35;33;0;36;32;46;59;51;52;53;70;66;68;62;69;-1;No;No;No
1140;11;14;4;9;10;22;19;18;21;24;31;44;0;34;42;54;49;59;48;46;73;66;61;71;70;-1;No;No;No
1141;4;15;12;2;1;22;30;29;26;25;32;35;0;31;38;60;47;58;48;46;65;64;62;74;66;-1;No;No;No
1142;4;6;10;9;15;16;29;18;20;21;44;40;0;43;34;52;59;50;55;48;64;70;73;66;72;-1;No;No;No
1143;6;11;12;2;1;30;26;23;20;22;31;35;0;42;41;52;50;54;59;48;72;71;75;65;62;-1;No;No;No
1144;12;11;15;6;14;25;24;27;18;17;31;41;0;34;43;57;58;59;49;47;64;66;61;71;75;-1;No;No;No
1145;1;13;12;11;5;21;22;23;24;25;31;38;0;45;41;52;56;46;58;51;62;67;71;74;68;-1;No;No;No
1146;3;8;7;2;6;25;29;16;19;18;43;35;0;44;36;46;51;58;53;50;71;70;68;62;73;-1;No;No;No
1147;7;6;11;2;14;17;19;16;22;20;34;41;0;37;39;53;59;51;52;60;71;75;64;63;74;-1;No;No;No
1148;12;4;14;7;1;28;23;27;17;21;34;33;0;32;35;49;51;54;48;52;75;71;64;68;63;-1;No;No;No
1149;12;4;13;7;6;29;28;19;26;17;41;38;0;45;34;58;59;48;51;56;68;67;63;74;66;-1;No;No;No
1150;4;6;10;12;8;26;16;17;22;21;41;35;0;43;40;47;51;59;54;55;68;67;61;66;65;-1;No;No;No
1151;12;7;11;15;10;19;25;22;24;30;37;43;0;36;35;56;54;53;48;52;69;73;61;71;68;-1;No;No;No
1152;9;7;2;6;12;21;20;18;24;19;35;40;0;31;37;50;57;48;55;56;64;63;61;69;62;-1;No;No;No
1153;4;8;5;7;11;26;23;19;20;22;39;31;0;45;44;50;49;57;55;53;73;63;64;66;62;-1;No;No;No
1154;5;3;2;10;15;18;17;25;29;24;42;45;0;41;44;57;55;52;56;51;74;68;67;70;61;-1;No;No;No
1155;11;2;10;12;5;21;25;20;17;16;37;39;0;44;35;48;50;59;51;49;68;63;75;62;64;-1;No;No;No
1156;14;13;9;8;15;20;24;23;19;22;44;43;0;42;32;51;52;58;50;57;66;61;71;65;68;-1;No;No;No
1157;10;14;6;13;11;21;30;25;23;28;37;38;0;45;43;59;55;58;47;57;68;69;70;63;71;-1;No;No;No
1158;5;15;8;6;12;16;24;26;29;25;40;41;0;35;43;59;58;52;51;49;62;68;67;74;65;-1;No;No;No
1159;10;3;1;14;8;21;17;20;25;28;38;36;0;43;40;59;51;55;48;46;65;70;75;74;73;-1;No;No;No
1160;11;14;9;8;1;28;22;21;29;24;31;45;0;41;36;58;51;49;52;55;70;61;71;75;68;-1;No;No;No
1161;11;5;7;15;6;24;29;30;20;17;31;40;0;38;44;50;46;58;60;49;63;69;74;64;61;-1;No;No;No
1162;7;10;14;3;6;18;20;17;23;24;44;40;0;45;31;49;54;48;56;53;70;74;67;69;61;-1;No;No;No
1163;3;11;9;14;8;25;27;24;30;16;40;32;0;36;35;60;51;55;57;56;66;74;61;64;65;-1;No;No;No
1164;4;5;14;8;10;16;19;22;26;25;32;35;0;31;33;59;55;48;54;56;62;66;61;69;65;-1;No;No;No
1165;13;15;12;9;7;24;25;22;27;26;43;38;0;34;37;46;59;55;49;57;75;68;71;74;65;-1;No;No;No
1166;3;14;13;11;4;28;20;21;16;26;40;44;0;31;37;47;58;46;50;55;71;73;75;72;74;-1;No;No;No
1167;15;8;12;6;5;23;30;22;24;29;42;31;0;35;40;55;47;54;46;59;74;72;64;68;73;-1;No;No;No
1168;5;15;8;14;11;26;29;18;25;16;45;44;0;39;43;59;50;53;55;56;63;61;71;66;64;-1;No;No;No
1169;8;10;3;6;7;28;16;26;20;27;39;38;0;31;34;58;52;57;60;55;67;63;72;61;68;-1;No;No;No
1170;6;12;11;10;3;27;24;26;23;18;39;34;0;38;33;58;52;46;54;55;63;62;65;61;68;-1;No;No;No
1171;11;14;6;8;12;22;23;27;26;24;41;32;0;36;44;60;59;50;56;49;74;65;72;63;71;-1;No;No;No
1172;15;11;7;5;10;27;25;30;26;21;35;43;0;38;34;50;47;59;56;48;69;72;62;61;63;-1;No;No;No
1173;5;15;14;4;1;22;16;27;26;30;45;42;0;34;41;57;52;54;53;58;71;62;64;75;61;-1;No;No;No
1174;3;9;12;2;8;26;25;20;23;24;37;39;0;34;33;54;48;56;46;49;74;62;72;61;65;-1;No;No;No
1175;9;3;15;14;5;20;17;22;25;24;41;36;0;31;35;50;52;60;49;46;74;64;65;67;66;-1;No;No;No
1176;10;3;12;11;15;20;19;29;30;28;41;40;0;39;34;58;60;51;59;50;72;74;73;75;64;-1;No;No;No
1177;14;7;1;15;10;16;21;19;27;26;42;39;0;33;37;57;54;53;46;58;71;62;75;73;74;-1;No;No;No
1178;4;2;8;7;10;22;21;19;20;27;40;43;0;38;35;56;58;53;52;46;73;63;62;68;64;-1;No;No;No
1179;11;7;8;3;10;22;16;27;17;18;41;40;0;39;33;46;54;48;52;51;73;63;74;65;69;-1;No;No;No
1180;11;9;1;10;13;23;22;20;21;29;42;41;0;31;34;60;52;55;51;59;74;64;68;70;67;-1;No;No;No
1181;2;4;13;12;11;29;26;16;20;25;43;33;0;42;31;55;51;54;46;47;71;73;66;65;64;-1;No;No;No
1182;13;12;2;7;6;22;28;26;24;16;32;39;0;34;35;57;50;54;47;49;62;66;73;69;72;-1;No;No;No
1183;1;11;6;3;12;25;23;20;28;26;42;38;0;40;36;49;52;48;47;58;70;61;69;73;67;-1;No;No;No
1184;10;6;2;5;1;30;22;27;20;29;44;32;0;42;45;50;47;49;46;57;75;62;72;66;71;-1;No;No;No
1185;9;12;13;11;7;20;23;19;18;24;44;31;0;39;35;60;48;47;59;54;73;75;74;69;71;-1;No;No;No
1186;15;3;14;4;5;30;16;21;28;25;44;31;0;41;42;49;50;59;60;46;74;73;72;69;68;-1;No;No;No
1187;5;9;14;11;8;18;24;27;20;25;36;45;0;38;44;46;50;57;60;59;71;72;74;68;62;-1;No;No;No
1188;4;6;11;3;7;27;24;19;17;18;36;44;0;35;42;60;46;47;59;51;73;62;61;65;71;-1;No;No;No
1189;4;3;14;1;9;20;25;18;19;17;42;33;0;45;35;60;55;57;51;58;65;63;75;74;61;-1;No;No;No
1190;5;6;1;7;12;29;17;28;22;23;35;41;0;34;32;50;48;46;49;56;75;63;61;66;67;-1;No;No;No
1191;6;15;10;11;9;23;30;19;20;24;34;33;0;39;42;52;56;55;54;51;65;73;61;75;72;-1;No;No;No
1192;5;1;7;2;4;25;21;29;23;22;39;44;0;41;42;52;51;53;56;60;73;66;69;64;61;-1;No;No;No
1193;10;3;9;13;12;18;24;27;28;21;43;45;0;44;36;55;50;51;58;60;65;62;63;72;61;-1;No;No;No
1194;14;6;12;7;4;26;19;25;29;16;45;31;0;36;41;54;53;57;59;46;64;65;68;71;66;-1;No;No;No
1195;11;4;10;6;14;20;22;27;26;29;32;44;0;39;36;51;46;54;47;48;74;70;72;64;62;-1;No;No;No
1196;8;2;12;3;14;29;27;21;30;17;44;37;0;33;40;53;51;57;60;55;71;63;64;62;65;-1;No;No;No
1197;11;8;10;5;12;29;21;20;24;27;43;32;0;42;31;53;50;49;51;57;71;65;63;70;68;-1;No;No;No
1198;3;9;11;10;2;21;26;27;20;30;34;33;0;36;40;58;50;57;48;47;62;61;70;66;65;-1;No;No;No
1199;5;4;9;8;6;16;29;21;22;28;32;45;0;43;34;59;54;57;47;48;74;73;61;70;65;-1;No;No;No
1200;4;3;11;15;14;21;16;26;20;22;38;42;0;31;35;52;49;57;53;55;64;69;72;62;61;-1;No;No;No
1201;10;11;13;2;6;21;26;29;27;23;41;44;0;43;45;60;53;51;48;56;71;63;64;70;68;-1;No;No;No
1202;8;15;3;12;14;30;24;16;26;23;34;40;0;31;41;49;50;51;56;55;65;68;67;63;69;-1;No;No;No
1203;7;6;12;8;5;19;18;17;26;25;39;38;0;33;40;58;51;52;57;56;67;74;66;69;62;-1;No;No;No
1204;11;15;9;5;4;23;29;28;18;17;41;33;0;35;36;53;47;56;60;49;72;75;73;68;69;-1;No;No;No
1205;12;11;15;4;1;23;18;17;19;25;40;36;0;33;31;49;51;59;48;55;74;66;61;62;70;-1;No;No;No
1206;9;5;6;7;11;24;17;21;23;30;41;44;0;37;43;57;53;46;55;49;61;70;68;73;69;-1;No;No;No
1207;9;4;15;3;10;25;16;20;18;27;31;33;0;36;35;48;58;51;59;55;71;74;65;72;75;-1;No;No;No
1208;12;6;7;4;9;25;24;29;30;16;40;44;0;43;45;49;53;51;46;47;67;65;73;69;64;-1;No;No;No
1209;6;8;4;12;7;26;25;17;27;23;35;33;0;36;40;57;52;49;53;58;71;74;75;64;72;-1;No;No;No
1210;9;3;8;12;7;27;23;28;24;17;41;43;0;40;31;46;53;56;57;59;74;61;75;65;70;-1;No;No;No
1211;8;3;13;2;5;21;28;30;23;22;45;31;0;41;34;56;54;51;55;53;63;61;71;62;68;-1;No;No;No
1212;12;6;15;10;7;29;19;22;27;25;44;45;0;39;42;48;59;56;60;50;61;66;62;72;68;-1;No;No;No
1213;2;9;13;3;7;21;24;23;26;19;40;38;0;32;31;59;60;46;56;51;69;63;71;65;72;-1;No;No;No
1214;12;1;5;11;3;25;18;26;17;30;45;41;0;37;33;56;46;51;55;47;62;72;68;74;61;-1;No;No;No
1215;2;5;6;14;10;29;24;25;19;30;31;44;0;41;38;46;59;54;58;50;69;62;71;74;70;-1;No;No;No
1216;6;9;8;3;11;19;29;30;28;21;36;35;0;33;41;49;47;59;60;57;65;61;73;75;62;-1;No;No;No
1217;3;8;9;11;2;20;16;29;18;23;31;39;0;37;33;54;53;55;46;59;72;75;62;64;61;-1;No;No;No
1218;12;2;11;13;1;29;21;23;18;22;37;38;0;43;39;51;47;60;46;50;66;63;64;65;69;-1;No;No;No
1219;4;13;12;3;5;18;21;28;29;24;31;37;0;38;39;58;47;56;49;57;71;63;72;62;67;-1;No;No;No
1220;15;1;10;7;3;24;30;21;25;23;34;35;0;42;33;59;57;56;46;50;67;71;73;68;62;-1;No;No;No
1221;2;13;14;4;7;16;24;20;17;19;33;45;0;36;42;51;59;47;54;49;70;69;63;74;68;-1;No;No;No
1222;15;2;1;7;6;16;21;18;20;26;32;33;0;41;37;46;58;51;49;55;63;62;61;69;74;-1;No;No;No
1223;12;15;9;7;4;29;17;22;27;23;42;43;0;32;41;57;51;59;50;56;65;69;71;68;64;-1;No;No;No
1224;5;3;7;11;15;18;24;17;21;26;36;35;0;43;33;48;53;56;54;49;64;65;63;71;61;-1;No;No;No
1225;10;9;8;13;12;19;27;17;16;26;42;41;0;31;40;52;49;46;51;58;74;72;62;75;61;-1;No;No;No
1226;6;7;13;4;11;28;30;24;18;29;34;43;0;38;40;47;58;59;56;46;61;72;74;71;67;-1;No;No;No
1227;8;4;10;5;15;17;29;20;24;21;41;37;0;43;39;58;47;56;57;46;68;69;62;66;70;-1;No;No;No
1228;8;15;12;10;4;20;19;27;29;28;36;43;0;42;34;47;46;60;58;49;69;74;61;65;71;-1;No;No;No
1229;14;7;9;4;13;21;29;20;19;22;33;38;0;41;44;51;54;59;56;55;69;74;71;67;70;-1;No;No;No
1230;5;3;14;13;6;29;30;27;16;25;39;37;0;44;43;57;59;51;50;53;63;73;71;65;72;-1;No;No;No
1231;7;8;6;1;5;20;23;26;21;29;40;42;0;36;35;56;57;59;53;55;69;67;62;74;73;-1;No;No;No
1232;6;7;15;2;1;23;17;27;26;30;41;35;0;34;45;60;58;53;51;52;66;63;65;74;69;-1;No;No;No
1233;14;2;12;11;13;28;30;26;20;27;40;37;0;35;39;52;58;54;57;47;75;68;67;69;72;-1;No;No;No
1234;10;7;6;1;11;21;29;20;25;26;37;39;0;41;31;49;51;53;52;56;67;62;64;71;70;-1;No;No;No
1235;1;14;12;4;13;19;21;18;17;26;31;41;0;45;40;56;51;46;54;50;73;65;70;63;62;-1;No;No;No
1236;12;7;8;6;13;22;29;16;25;17;32;44;0;34;36;51;48;57;56;47;75;70;69;64;65;-1;No;No;No
1237;1;4;14;10;15;18;27;21;25;28;38;45;0;35;34;55;59;58;52;47;74;71;62;70;69;-1;No;No;No
1238;12;15;7;11;5;18;16;27;21;29;39;37;0;36;40;54;47;59;50;49;66;69;63;68;72;-1;No;No;No
1239;1;5;12;13;4;26;18;25;29;19;41;43;0;36;40;54;59;51;46;56;65;70;73;75;64;-1;No;No;No
1240;8;14;7;6;11;24;23;29;25;22;31;44;0;42;33;55;48;54;60;46;64;69;71;72;63;-1;No;No;No
1241;5;9;15;8;1;17;22;29;23;25;36;39;0;37;38;47;52;59;58;55;62;73;66;72;68;-1;No;No;No
1242;2;7;14;15;13;23;19;29;25;20;36;41;0;39;40;53;57;51;60;52;63;70;61;71;69;-1;No;No;No
1243;1;2;8;4;7;17;27;22;23;26;44;40;0;45;32;47;60;55;59;58;64;70;61;69;71;-1;No;No;No
1244;2;12;7;4;6;25;19;21;17;24;41;44;0;34;38;53;58;51;56;54;74;71;67;62;75;-1;No;No;No
1245;1;7;15;11;6;28;27;18;17;25;40;44;0;35;39;57;59;55;48;53;72;62;75;61;63;-1;No;No;No
1246;8;7;6;13;12;29;27;24;20;19;39;44;0;32;42;51;54;56;46;53;75;66;72;71;68;-1;No;No;No
1247;7;8;15;1;6;21;28;30;25;29;38;44;0;34;37;55;49;47;54;59;67;69;65;73;70;-1;No;No;No
1248;4;8;10;6;12;28;21;23;25;20;42;41;0;37;36;59;48;56;53;60;64;61;62;63;75;-1;No;No;No
1249;12;8;1;11;15;21;18;30;19;26;43;41;0;39;40;58;46;56;59;57;67;63;75;61;62;-1;No;No;No
1250;8;7;15;13;6;19;30;29;26;25;40;44;0;36;34;46;51;49;53;58;63;75;73;62;61;-1;No;No;No
1251;3;11;1;9;6;27;20;23;29;26;34;37;0;32;42;51;47;53;48;55;63;67;75;71;62;-1;No;No;No
1252;2;14;4;3;12;18;29;23;25;22;40;45;0;39;38;50;49;55;54;53;71;68;61;63;64;-1;No;No;No
1253;10;12;6;5;2;25;18;21;24;16;44;40;0;41;43;51;50;59;53;58;74;64;61;63;75;-1;No;No;No
1254;8;6;7;5;4;27;16;23;26;25;43;33;0;35;32;48;58;57;49;52;65;63;62;75;74;-1;No;No;No
1255;9;8;6;15;11;20;24;19;23;27;36;34;0;33;35;50;55;54;58;46;61;68;72;63;73;-1;No;No;No
1256;3;1;12;8;4;22;27;26;21;28;38;40;0;31;36;51;48;60;50;49;72;63;69;62;64;-1;No;No;No
1257;7;15;10;3;12;27;24;26;30;22;38;34;0;33;37;54;58;49;53;48;67;72;68;71;74;-1;No;No;No
1258;10;11;9;3;14;27;16;21;18;28;36;38;0;40;43;47;51;52;55;46;62;68;67;69;75;-1;No;No;No
1259;10;14;7;5;6;24;21;18;27;20;35;37;0;36;33;47;55;57;54;59;73;74;69;70;61;-1;No;No;No
1260;4;15;10;11;2;21;16;24;23;27;32;35;0;33;34;53;54;59;58;49;65;64;70;69;66;-1;No;No;No
1261;11;12;10;1;9;22;25;27;18;26;32;40;0;37;39;51;58;53;46;47;67;71;72;70;66;-1;No;No;No
1262;12;3;5;8;11;22;24;29;21;18;41;42;0;34;36;56;59;47;51;58;72;69;68;66;67;-1;No;No;No
1263;3;6;5;13;2;20;27;16;30;19;36;44;0;43;45;51;50;48;55;47;65;67;69;68;64;-1;No;No;No
1264;8;6;7;9;1;21;27;16;20;17;41;40;0;34;36;51;52;46;56;49;69;61;62;64;68;-1;No;No;No
1265;1;3;10;7;4;17;28;27;16;30;42;35;0;39;34;59;50;60;48;49;69;74;65;68;62;-1;No;No;No
1266;9;13;12;14;10;24;27;23;16;26;41;43;0;42;36;58;50;52;49;57;73;65;71;70;67;-1;No;No;No
1267;1;9;8;4;14;30;21;26;29;20;43;32;0;45;35;50;46;60;59;54;69;73;74;61;65;-1;No;No;No
1268;4;1;13;5;15;21;18;27;17;16;35;41;0;44;36;51;46;47;56;54;69;65;68;72;64;-1;No;No;No
1269;3;8;14;4;10;21;22;24;18;20;39;33;0;45;43;60;55;50;49;46;73;67;63;70;61;-1;No;No;No
1270;13;14;15;1;2;27;28;19;21;25;41;37;0;43;31;55;49;52;60;51;70;71;64;68;61;-1;No;No;No
1271;9;6;7;12;1;30;23;28;16;17;31;34;0;42;36;59;51;46;49;48;73;74;70;67;62;-1;No;No;No
1272;8;7;14;11;6;21;17;24;22;23;39;44;0;35;34;51;50;53;58;48;64;71;63;66;74;-1;No;No;No
1273;8;14;12;3;11;24;27;18;26;22;43;42;0;35;31;55;53;58;52;54;69;70;65;62;63;-1;No;No;No
1274;12;14;7;9;3;27;24;23;19;16;34;44;0;41;45;55;52;57;51;49;74;64;65;72;73;-1;No;No;No
1275;4;3;6;2;11;28;20;29;21;27;43;41;0;40;31;54;47;57;51;56;73;64;63;71;65;-1;No;No;No
1276;11;13;3;6;1;21;25;24;18;28;42;35;0;41;34;47;51;53;59;54;75;72;69;64;61;-1;No;No;No
1277;5;8;4;15;6;23;18;28;30;27;40;39;0;44;34;52;54;48;56;47;65;74;70;72;61;-1;No;No;No
1278;3;5;4;14;12;30;28;29;18;22;44;32;0;33;37;55;60;54;52;50;69;61;75;66;63;-1;No;No;No
1279;9;6;8;11;1;24;30;23;22;26;36;39;0;31;38;51;50;46;56;54;61;65;64;75;62;-1;No;No;No
1280;11;15;9;4;3;19;22;21;28;18;36;39;0;38;41;47;57;50;60;56;68;73;66;74;69;-1;No;No;No
1281;4;3;12;14;7;19;16;18;17;24;41;38;0;45;40;53;56;57;58;51;62;70;69;73;72;-1;No;No;No
1282;11;5;3;1;8;21;26;27;17;23;32;43;0;31;44;49;48;56;57;46;61;66;68;73;71;-1;No;No;No
1283;9;14;7;8;5;28;29;27;19;25;43;39;0;38;42;56;47;59;54;46;74;75;73;62;66;-1;No;No;No
1284;10;2;15;5;9;20;24;28;18;17;45;40;0;37;33;52;59;58;48;56;64;62;63;72;66;-1;No;No;No
1285;4;14;6;13;7;23;19;24;28;22;40;41;0;36;37;48;55;51;49;47;70;67;62;64;63;-1;No;No;No
1286;3;10;5;4;2;26;24;20;28;25;32;34;0;31;42;47;51;54;50;55;65;62;70;63;69;-1;No;No;No
1287;1;11;6;5;15;23;30;18;17;25;39;36;0;38;37;53;60;51;52;49;71;68;61;65;63;-1;No;No;No
1288;6;1;10;14;15;24;25;21;29;23;37;32;0;39;38;56;55;51;46;50;67;75;66;63;65;-1;No;No;No
1289;14;8;11;4;15;24;20;18;19;17;40;44;0;32;31;54;56;52;59;48;65;75;71;70;64;-1;No;No;No
1290;4;15;9;14;3;30;26;16;24;28;41;42;0;31;33;55;60;48;46;54;72;61;63;73;70;-1;No;No;No
1291;4;7;12;11;10;17;21;24;20;22;43;41;0;37;39;51;54;52;50;55;65;73;68;61;67;-1;No;No;No
1292;10;13;3;2;15;19;28;18;26;17;31;39;0;34;43;47;60;52;56;59;67;70;63;61;65;-1;No;No;No
1293;10;8;14;7;12;25;20;24;27;23;43;45;0;42;40;55;54;48;58;46;69;63;62;66;70;-1;No;No;No
1294;10;12;1;9;13;29;21;28;26;30;38;34;0;36;44;50;49;55;46;48;74;65;68;71;69;-1;No;No;No
1295;1;2;15;9;14;23;20;24;27;16;44;31;0;43;37;52;49;59;58;56;62;68;71;64;67;-1;No;No;No
1296;14;9;7;15;13;29;27;26;23;25;41;32;0;33;35;52;56;50;51;58;69;63;64;71;61;-1;No;No;No
1297;1;8;3;7;13;29;22;27;16;25;45;36;0;38;32;49;57;55;46;48;74;67;71;64;68;-1;No;No;No
1298;14;2;13;12;1;23;21;25;27;18;35;43;0;40;38;51;55;59;54;52;71;67;68;63;72;-1;No;No;No
1299;3;12;8;15;2;21;27;29;19;26;41;36;0;35;45;51;49;58;54;59;64;70;68;63;65;-1;No;No;No
1300;14;3;6;1;2;30;29;17;25;21;42;38;0;44;41;57;60;51;54;52;75;69;73;64;65;-1;No;No;No
1301;8;9;15;11;13;20;27;16;19;22;45;40;0;42;34;49;52;54;57;48;69;62;71;67;70;-1;No;No;No
1302;5;9;13;7;12;29;30;16;27;26;32;31;0;40;41;54;47;46;55;56;68;74;63;62;72;-1;No;No;No
1303;12;11;8;1;5;22;28;21;23;27;40;37;0;34;36;55;59;52;56;48;65;68;71;70;73;-1;No;No;No
1304;13;6;1;12;7;17;22;25;16;30;37;35;0;42;34;47;52;59;58;48;65;73;61;63;64;-1;No;No;No
1305;14;4;10;3;13;29;26;28;19;21;41;32;0;31;38;59;49;52;47;57;67;69;73;71;61;-1;No;No;No
1306;7;6;5;4;10;30;21;27;17;18;33;32;0;34;39;46;51;55;56;60;64;63;73;68;62;-1;No;No;No
1307;15;14;4;3;9;27;22;23;17;19;39;43;0;44;38;60;48;49;59;56;66;61;71;65;67;-1;No;No;No
1308;6;10;15;13;14;27;22;19;28;23;43;45;0;38;42;50;53;52;51;46;70;64;73;65;68;-1;No;No;No
1309;2;14;12;11;4;28;19;25;23;24;42;36;0;35;41;48;51;55;52;60;65;62;64;71;70;-1;No;No;No
1310;14;2;12;1;15;28;21;20;18;29;45;39;0;37;43;47;53;51;56;57;61;74;71;70;68;-1;No;No;No
1311;1;5;4;12;11;17;20;30;29;25;34;43;0;40;33;57;56;50;54;49;65;75;71;74;70;-1;No;No;No
1312;4;8;10;15;14;22;28;21;30;26;40;34;0;39;37;53;49;50;56;52;66;68;65;74;67;-1;No;No;No
1313;7;15;8;9;13;28;27;19;26;24;34;39;0;37;36;51;49;50;53;60;64;61;62;63;73;-1;No;No;No
1314;6;7;12;5;11;25;21;18;29;30;36;43;0;34;35;48;53;47;50;57;74;75;63;71;62;-1;No;No;No
1315;5;3;2;6;11;29;21;25;19;16;41;31;0;44;45;58;60;54;50;53;71;74;72;67;65;-1;No;No;No
1316;4;12;13;9;2;24;19;22;16;25;31;35;0;45;44;58;49;53;54;57;63;66;64;69;65;-1;No;No;No
1317;3;4;1;11;5;27;21;17;20;23;43;31;0;44;45;49;58;53;59;60;73;74;71;62;61;-1;No;No;No
1318;2;3;7;6;11;24;23;18;29;25;33;36;0;32;42;54;57;46;51;58;72;74;62;73;64;-1;No;No;No
1319;15;13;12;7;3;17;21;26;19;20;39;34;0;43;45;60;47;52;53;51;65;64;68;67;73;-1;No;No;No
1320;7;14;5;4;2;24;21;30;18;20;34;33;0;36;43;60;50;51;47;57;61;72;67;64;71;-1;No;No;No
1321;1;10;4;3;13;29;16;21;28;19;33;43;0;44;31;49;59;48;51;47;70;69;68;67;62;-1;No;No;No
1322;14;3;2;15;10;27;29;28;17;25;41;33;0;32;44;58;48;51;54;50;61;68;62;73;64;-1;No;No;No
1323;7;2;9;1;6;27;19;22;23;21;43;45;0;33;31;54;49;53;48;60;69;70;71;67;73;-1;No;No;No
1324;10;9;15;13;5;29;17;23;24;30;43;40;0;37;33;49;46;51;48;55;68;70;75;65;67;-1;No;No;No
1325;9;7;8;2;5;17;23;19;18;28;41;37;0;32;42;50;46;57;60;55;71;72;64;61;73;-1;No;No;No
1326;6;7;15;4;8;29;27;18;17;24;35;45;0;33;41;60;54;46;53;57;74;75;63;73;64;-1;No;No;No
1327;10;15;8;6;12;27;17;25;16;26;38;36;0;31;37;53;59;48;52;49;61;65;66;67;70;-1;No;No;No
1328;3;9;2;13;8;20;24;19;29;25;34;33;0;32;38;51;54;57;58;53;70;73;66;71;62;-1;No;No;No
1329;10;12;15;2;1;19;30;23;17;18;40;35;0;32;34;47;46;60;51;48;64;62;71;67;70;-1;No;No;No
1330;7;3;1;13;2;28;26;29;21;18;45;33;0;41;37;46;51;57;60;49;63;72;61;67;65;-1;No;No;No
1331;2;8;7;12;1;29;19;25;18;22;40;44;0;36;45;47;60;50;53;57;69;74;72;67;75;-1;No;No;No
1332;14;8;12;5;10;26;18;25;17;16;38;31;0;43;37;53;57;51;47;55;71;61;72;63;67;-1;No;No;No
1333;6;3;5;13;8;23;21;17;19;18;40;41;0;31;35;58;57;56;46;48;74;64;65;63;67;-1;No;No;No
1334;3;13;1;2;15;25;28;27;24;19;41;34;0;40;45;60;59;46;51;50;72;74;73;61;69;-1;No;No;No
1335;4;10;3;8;1;25;28;27;26;20;40;34;0;39;38;50;60;51;56;53;73;64;70;61;63;-1;No;No;No
1336;5;8;1;11;14;27;21;18;26;19;42;35;0;31;43;58;51;47;49;48;66;61;75;62;71;-1;No;No;No
1337;2;12;14;10;13;17;21;22;18;16;45;44;0;38;43;56;57;50;51;52;62;67;70;64;68;-1;No;No;No
1338;3;8;15;9;7;21;28;27;16;26;38;35;0;42;41;53;51;57;49;46;67;73;66;61;63;-1;No;No;No
1339;5;2;15;14;12;17;25;24;30;16;42;37;0;45;41;46;50;51;49;48;69;66;71;68;62;-1;No;No;No
1340;5;15;4;8;9;18;17;29;16;26;37;43;0;34;40;54;59;55;58;46;66;73;65;72;62;-1;No;No;No
1341;15;10;11;8;14;16;27;26;17;20;33;38;0;41;37;48;55;46;57;56;70;64;69;75;63;-1;No;No;No
1342;3;14;2;4;1;19;26;22;21;27;40;35;0;42;34;55;51;49;58;60;73;61;63;67;68;-1;No;No;No
1343;9;7;11;2;8;25;24;27;26;30;36;40;0;44;41;49;59;52;53;55;69;62;68;71;72;-1;No;No;No
1344;5;11;1;2;15;27;26;20;22;21;37;32;0;40;34;57;47;51;50;52;70;71;69;62;61;-1;No;No;No
1345;3;5;12;14;7;30;20;29;28;19;33;43;0;32;45;60;54;58;55;56;75;71;70;74;61;-1;No;No;No
1346;15;11;2;4;3;21;30;20;17;26;43;39;0;33;38;60;56;53;55;52;61;75;74;73;62;-1;No;No;No
1347;10;4;11;9;3;26;16;21;30;28;31;42;0;41;40;55;60;50;48;56;64;66;71;74;75;-1;No;No;No
1348;4;14;7;10;13;24;18;26;23;16;42;39;0;41;36;52;55;58;54;53;66;65;70;74;64;-1;No;No;No
1349;13;12;9;8;7;28;29;19;21;18;35;37;0;41;33;57;55;50;59;47;68;75;64;61;69;-1;No;No;No
1350;9;6;14;13;12;21;30;28;18;17;33;41;0;36;39;57;48;56;52;55;67;63;71;68;62;-1;No;No;No
1351;15;2;1;5;7;30;20;19;22;25;42;44;0;43;40;59;56;60;51;52;69;66;72;61;65;-1;No;No;No
1352;12;3;15;13;11;25;22;21;20;28;33;32;0;41;39;57;55;59;56;60;73;69;66;70;72;-1;No;No;No
1353;9;13;12;4;11;21;18;30;23;20;38;33;0;35;36;50;48;58;53;47;74;71;64;75;66;-1;No;No;No
1354;7;1;13;15;8;22;25;21;24;17;44;34;0;35;41;56;55;57;54;58;68;66;62;72;67;-1;No;No;No
1355;3;13;10;12;2;21;28;22;30;29;37;39;0;44;31;54;53;56;48;47;64;68;70;75;65;-1;No;No;No
1356;5;9;13;10;8;17;29;22;30;20;32;34;0;35;40;53;60;54;51;52;74;75;61;68;73;-1;No;No;No
1357;3;11;8;13;1;20;27;30;29;24;33;41;0;31;38;51;55;49;53;57;71;61;74;69;62;-1;No;No;No
1358;15;10;1;8;7;26;19;22;30;21;31;45;0;38;36;51;56;58;49;53;64;65;71;67;74;-1;No;No;No
1359;8;3;5;9;12;25;16;26;23;19;36;42;0;34;41;60;47;50;58;59;64;71;69;70;65;-1;No;No;No
1360;10;2;11;8;14;26;30;27;28;29;41;45;0;32;40;59;55;60;48;56;69;75;64;61;63;-1;No;No;No
1361;11;8;9;7;4;28;21;26;19;17;37;41;0;36;42;60;46;54;55;53;61;74;64;73;68;-1;No;No;No
1362;14;9;12;10;1;27;26;21;25;22;31;40;0;33;34;60;46;50;58;59;69;71;74;67;72;-1;No;No;No
1363;2;7;13;5;6;24;20;29;28;21;36;31;0;34;40;46;49;48;53;55;61;71;62;75;66;-1;No;No;No
1364;4;9;12;2;3;30;19;29;23;18;41;36;0;33;45;50;52;51;46;55;65;66;68;73;71;-1;No;No;No
1365;2;8;14;4;6;19;28;25;22;24;43;35;0;39;38;47;60;55;49;58;71;62;70;63;66;-1;No;No;No
1366;10;1;9;2;8;24;21;29;18;27;41;35;0;42;34;51;58;59;60;50;61;75;71;70;64;-1;No;No;No
1367;7;6;14;4;5;22;24;21;19;30;39;42;0;36;34;50;47;46;56;49;67;74;68;63;73;-1;No;No;No
1368;4;5;2;9;12;23;24;30;29;16;43;37;0;36;41;51;52;60;49;55;68;66;70;75;69;-1;No;No;No
1369;4;3;7;12;14;19;30;29;20;28;31;33;0;42;32;56;57;59;50;58;74;64;73;67;63;-1;No;No;No
1370;5;4;15;3;12;22;23;26;25;18;41;31;0;36;32;50;60;58;53;49;71;68;62;70;72;-1;No;No;No
1371;7;8;6;12;13;18;30;21;28;27;37;45;0;31;36;47;48;58;46;57;75;66;69;64;68;-1;No;No;No
1372;4;15;1;3;5;22;29;26;28;23;39;41;0;38;32;48;49;52;59;47;70;74;66;73;64;-1;No;No;No
1373;2;11;1;5;3;28;30;22;18;16;31;42;0;38;32;57;56;51;52;47;64;71;61;74;63;-1;No;No;No
1374;13;5;1;11;12;17;21;27;16;24;44;37;0;45;35;55;60;56;57;59;75;62;63;65;68;-1;No;No;No
1375;11;15;2;13;9;28;26;19;21;27;41;31;0;38;36;55;53;52;58;56;61;71;68;72;62;-1;No;No;No
1376;6;3;14;13;4;17;27;16;26;28;32;38;0;45;44;58;60;59;57;46;63;71;75;64;74;-1;No;No;No
1377;5;12;4;3;11;22;29;28;19;16;31;41;0;45;36;46;52;58;55;59;72;64;63;70;67;-1;No;No;No
1378;7;15;14;8;2;29;22;17;21;26;43;40;0;35;39;55;49;51;48;56;72;70;68;64;67;-1;No;No;No
1379;6;12;1;11;4;25;19;29;20;24;38;39;0;43;32;58;48;57;46;47;65;73;71;69;67;-1;No;No;No
1380;7;10;9;1;4;26;23;29;21;22;41;38;0;33;40;51;60;58;55;59;71;75;66;62;72;-1;No;No;No
1381;7;6;13;15;12;21;25;17;20;22;36;38;0;35;37;47;52;50;49;46;70;61;68;65;63;-1;No;No;No
1382;13;8;11;10;15;17;22;26;27;21;37;35;0;39;42;49;60;57;51;55;61;75;74;73;66;-1;No;No;No
1383;10;11;8;14;12;25;29;21;19;30;38;31;0;33;36;46;48;59;51;50;67;72;74;69;66;-1;No;No;No
1384;13;8;12;2;10;29;28;22;27;24;37;35;0;38;45;60;46;51;50;48;71;70;75;66;62;-1;No;No;No
1385;4;8;15;9;14;18;27;24;17;26;37;34;0;39;45;53;51;59;60;52;67;64;71;73;72;-1;No;No;No
1386;9;8;1;7;2;21;27;28;24;18;42;41;0;43;40;51;58;49;53;55;74;75;64;70;63;-1;No;No;No
1387;11;2;14;6;9;21;17;20;18;27;37;36;0;41;43;49;56;55;58;47;75;71;70;66;61;-1;No;No;No
1388;9;13;8;6;3;21;29;19;28;20;42;36;0;40;34;49;54;48;58;55;74;63;73;62;66;-1;No;No;No
1389;14;3;15;5;13;28;26;18;17;27;33;37;0;31;38;46;56;55;57;48;68;64;67;66;61;-1;No;No;No
1390;13;2;7;10;6;30;21;20;19;26;43;37;0;31;36;49;46;48;50;55;75;64;70;68;69;-1;No;No;No
1391;5;14;13;3;2;16;28;20;25;30;42;32;0;33;31;47;46;53;49;52;73;64;65;63;68;-1;No;No;No
1392;14;9;8;6;1;16;18;21;29;28;32;44;0;35;37;46;50;53;56;54;66;70;67;62;71;-1;No;No;No
1393;2;4;11;13;10;30;28;17;16;29;44;45;0;33;41;58;55;57;53;50;69;70;61;62;73;-1;No;No;No
1394;15;8;10;3;1;26;21;17;19;28;44;40;0;38;42;56;53;47;55;60;61;69;65;66;73;-1;No;No;No
1395;4;5;15;14;10;26;20;25;19;17;44;37;0;33;36;47;49;48;52;55;65;61;73;68;70;-1;No;No;No
1396;8;4;2;12;1;18;21;20;27;30;32;33;0;42;35;48;60;47;46;50;63;61;66;68;75;-1;No;No;No
1397;1;7;14;11;6;30;27;18;17;22;40;38;0;36;37;53;49;50;51;56;73;66;63;70;69;-1;No;No;No
1398;15;9;5;7;2;27;30;18;29;23;34;45;0;42;31;50;47;59;53;58;62;75;71;72;61;-1;No;No;No
1399;3;14;15;2;4;22;27;29;28;18;40;45;0;38;37;47;46;57;51;50;66;73;61;67;63;-1;No;No;No
1400;4;9;8;12;1;22;29;27;18;21;43;31;0;42;38;52;49;59;47;57;70;75;73;69;65;-1;No;No;No
1401;1;13;7;14;8;25;22;26;24;17;42;35;0;41;38;56;49;54;51;48;61;71;69;66;65;-1;No;No;No
1402;5;9;14;8;13;23;28;22;26;27;35;43;0;39;32;51;49;53;57;47;63;69;74;62;67;-1;No;No;No
1403;4;12;5;3;6;16;29;28;30;17;37;45;0;36;44;60;59;47;48;57;62;64;61;68;71;-1;No;No;No
1404;3;9;15;12;11;21;27;18;17;16;45;38;0;44;37;53;52;59;51;50;75;71;63;61;69;-1;No;No;No
1405;4;14;15;10;13;23;26;21;16;27;45;44;0;35;34;60;58;54;50;59;71;75;66;70;74;-1;No;No;No
1406;6;11;10;7;12;17;23;19;21;24;43;31;0;44;35;60;49;59;52;56;72;70;61;74;71;-1;No;No;No
1407;1;3;12;15;14;18;17;16;24;21;40;44;0;34;33;56;47;55;60;51;75;66;68;71;65;-1;No;No;No
1408;14;7;9;10;12;26;24;23;19;25;32;42;0;35;31;53;47;54;60;55;63;68;71;65;67;-1;No;No;No
1409;11;9;5;7;14;21;23;26;27;22;36;33;0;44;43;54;58;56;48;55;71;75;74;63;72;-1;No;No;No
1410;5;1;7;8;11;25;24;28;21;26;31;37;0;45;35;50;48;58;52;47;64;68;63;62;72;-1;No;No;No
1411;14;8;1;3;9;25;17;18;24;23;38;37;0;40;44;51;53;58;57;50;74;64;71;65;73;-1;No;No;No
1412;3;15;13;14;12;27;23;20;24;25;37;44;0;32;38;53;59;54;56;55;72;64;74;70;73;-1;No;No;No
1413;7;2;1;13;3;27;17;16;22;19;34;45;0;32;33;47;54;55;48;57;75;72;65;63;62;-1;No;No;No
1414;3;1;11;13;2;18;20;23;30;25;38;35;0;39;40;56;48;55;49;57;66;71;74;65;64;-1;No;No;No
1415;9;14;8;2;6;29;30;23;21;20;32;44;0;40;31;57;49;51;58;48;74;75;70;67;68;-1;No;No;No
1416;2;6;1;5;14;19;27;21;30;20;34;31;0;41;40;51;57;50;49;59;66;71;74;65;75;-1;No;No;No
1417;1;4;6;7;12;18;25;21;24;29;33;34;0;38;31;53;52;59;46;51;70;63;72;71;62;-1;No;No;No
1418;15;5;6;2;8;30;20;19;28;25;41;31;0;44;42;60;55;50;59;52;72;71;67;69;70;-1;No;No;No
1419;1;13;2;4;5;27;19;21;17;24;39;45;0;44;42;58;57;47;48;50;64;65;67;74;63;-1;No;No;No
1420;5;13;9;15;11;18;24;21;19;17;37;40;0;43;36;58;59;60;52;54;64;73;67;66;61;-1;No;No;No
1421;15;14;2;4;7;28;29;17;21;22;35;38;0;37;34;55;54;60;52;53;72;62;71;70;74;-1;No;No;No
1422;2;13;12;9;15;20;23;19;22;30;33;36;0;43;32;60;59;54;56;48;70;73;61;68;69;-1;No;No;No
1423;10;6;5;14;12;25;21;30;24;16;44;38;0;39;37;56;50;51;47;60;73;71;69;70;65;-1;No;No;No
1424;5;12;9;7;14;24;22;28;20;21;44;38;0;43;41;49;46;51;54;55;63;61;74;75;62;-1;No;No;No
1425;12;10;13;6;11;21;22;19;25;18;42;34;0;40;33;49;53;47;48;58;62;67;71;61;68;-1;No;No;No
1426;7;10;1;3;6;30;24;19;21;18;33;43;0;31;37;53;51;50;59;60;74;71;62;63;65;-1;No;No;No
1427;10;3;2;1;6;23;25;28;24;22;44;38;0;36;37;52;46;49;47;51;74;64;63;62;75;-1;No;No;No
1428;1;10;7;5;12;18;28;17;30;20;39;35;0;45;44;57;49;56;59;53;73;72;68;70;63;-1;No;No;No
1429;8;14;7;15;6;21;26;27;28;30;31;45;0;34;41;47;46;53;56;55;61;66;71;69;67;-1;No;No;No
1430;11;2;7;14;6;20;30;17;27;29;35;40;0;38;45;54;46;47;60;59;72;70;67;73;66;-1;No;No;No
1431;13;12;11;4;15;23;20;22;29;24;35;41;0;38;36;49;51;56;47;55;70;62;63;65;75;-1;No;No;No
1432;11;10;7;13;9;26;16;23;30;25;31;35;0;36;33;57;60;54;47;46;73;74;63;72;69;-1;No;No;No
1433;5;4;7;2;14;16;29;26;30;24;39;37;0;36;32;51;57;60;54;56;61;70;75;72;71;-1;No;No;No
1434;1;2;15;5;14;26;21;20;29;25;43;35;0;40;42;60;48;56;47;49;63;67;71;72;62;-1;No;No;No
1435;13;2;12;11;14;16;24;30;20;29;37;42;0;34;38;52;54;59;50;57;70;64;68;63;71;-1;No;No;No
1436;5;6;11;1;4;23;17;22;29;21;45;43;0;41;44;56;59;46;51;52;72;62;75;68;61;-1;No;No;No
1437;14;6;8;5;13;24;23;25;21;20;34;40;0;42;39;51;52;55;60;57;72;68;61;67;70;-1;No;No;No
1438;15;2;10;9;14;21;26;16;25;17;34;32;0;37;44;58;55;49;60;52;70;67;63;61;64;-1;No;No;No
1439;5;15;3;4;11;24;27;25;28;16;37;34;0;40;44;52;51;49;48;60;65;73;66;64;74;-1;No;No;No
1440;6;2;3;12;7;18;26;21;24;22;34;33;0;32;38;56;47;51;46;53;69;68;70;62;61;-1;No;No;No
1441;3;8;11;2;7;25;20;21;27;29;44;41;0;42;36;50;52;59;60;48;71;70;74;63;72;-1;No;No;No
1442;6;12;10;1;5;26;25;22;28;24;42;44;0;37;43;47;51;56;58;50;67;72;70;68;73;-1;No;No;No
1443;4;3;8;7;11;22;19;29;27;30;38;42;0;36;32;48;49;59;47;56;75;71;66;63;64;-1;No;No;No
1444;5;3;15;6;13;19;22;21;18;27;44;38;0;31;39;58;57;48;52;56;75;68;63;71;65;-1;No;No;No
1445;4;15;6;14;7;21;30;19;18;25;38;39;0;40;32;60;52;47;57;59;66;68;65;70;62;-1;No;No;No
1446;7;3;15;10;12;28;17;27;21;22;35;41;0;34;43;55;47;53;51;54;75;64;73;70;63;-1;No;No;No
1447;3;14;6;1;4;24;18;16;22;21;45;35;0;41;37;54;52;56;46;53;66;71;73;63;65;-1;No;No;No
1448;14;9;15;13;8;16;21;29;22;23;44;41;0;33;37;59;49;48;55;50;62;73;74;64;61;-1;No;No;No
1449;12;7;10;1;8;23;18;21;26;20;34;37;0;31;36;51;46;48;49;47;72;68;71;67;66;-1;No;No;No
1450;8;6;3;7;2;23;19;27;17;20;35;45;0;34;44;53;55;59;47;57;63;62;72;71;69;-1;No;No;No
1451;5;3;2;15;13;29;22;23;21;17;42;37;0;41;34;49;58;59;47;48;72;70;65;64;71;-1;No;No;No
1452;10;7;14;3;9;18;28;16;17;27;41;31;0;38;33;54;58;59;52;60;66;69;62;72;73;-1;No;No;No
1453;12;14;13;5;11;29;19;17;30;22;38;35;0;43;37;48;53;51;49;59;67;61;71;69;75;-1;No;No;No
1454;14;13;5;7;15;21;16;29;24;22;31;41;0;39;32;48;51;50;60;49;74;62;63;72;61;-1;No;No;No
1455;2;13;3;1;14;16;23;21;19;27;32;43;0;31;40;54;53;60;58;51;67;72;62;66;74;-1;No;No;No
1456;8;2;4;15;7;20;21;16;28;19;44;45;0;41;36;51;52;47;46;48;69;64;62;65;75;-1;No;No;No
1457;7;5;3;6;12;18;19;16;25;29;37;31;0;39;34;47;55;46;51;50;62;67;64;65;66;-1;No;No;No
1458;10;14;7;13;3;30;22;29;24;20;35;42;0;31;36;54;51;49;46;53;64;67;65;62;73;-1;No;No;No
1459;6;11;9;10;5;17;23;22;29;16;35;40;0;34;33;58;57;51;52;48;67;73;71;74;64;-1;No;No;No
1460;12;13;9;7;14;22;26;28;30;21;31;41;0;38;43;53;51;47;49;50;71;64;61;68;67;-1;No;No;No
1461;14;1;8;11;2;30;20;27;26;29;33;36;0;39;44;49;56;58;51;50;65;71;69;66;61;-1;No;No;No
1462;2;15;10;13;3;21;25;20;24;18;41;36;0;43;35;54;58;50;48;55;65;74;69;68;62;-1;No;No;No
1463;2;1;8;7;9;18;16;28;17;30;44;31;0;34;41;48;55;59;60;50;66;63;72;65;71;-1;No;No;No
1464;15;2;3;6;7;18;25;21;27;24;41;40;0;33;38;56;59;55;49;57;73;64;68;67;71;-1;No;No;No
1465;14;13;2;11;9;18;25;24;21;23;33;43;0;40;36;59;52;51;46;53;64;61;71;74;63;-1;No;No;No
1466;3;14;13;2;4;24;22;19;30;25;38;32;0;44;45;46;58;50;52;48;75;65;69;70;66;-1;No;No;No
1467;8;15;5;12;2;21;19;20;16;27;38;45;0;42;35;58;50;57;52;47;62;68;63;64;71;-1;No;No;No
1468;6;7;1;13;5;25;18;16;17;24;41;42;0;37;40;57;51;60;52;50;68;66;74;72;65;-1;No;No;No
1469;2;14;13;1;15;29;30;23;22;28;41;40;0;36;39;50;60;53;59;52;66;74;72;69;73;-1;No;No;No
1470;10;3;12;4;11;23;16;21;28;24;34;45;0;36;37;46;49;48;47;50;71;67;62;66;68;-1;No;No;No
1471;11;6;8;13;15;26;21;20;27;29;44;31;0;40;35;47;60;50;59;52;64;72;71;74;68;-1;No;No;No
1472;4;13;15;9;5;24;28;26;17;27;31;33;0;36;45;48;53;58;52;55;63;74;68;67;66;-1;No;No;No
1473;10;12;15;4;9;19;21;23;22;28;45;36;0;41;31;46;49;53;51;59;62;65;63;68;67;-1;No;No;No
1474;6;14;13;9;15;26;20;16;21;18;39;34;0;31;36;47;54;56;58;59;74;73;61;68;64;-1;No;No;No
1475;6;7;5;15;4;19;21;17;23;30;35;43;0;33;34;54;52;60;46;57;65;64;68;61;72;-1;No;No;No
1476;15;4;11;3;1;28;21;22;16;27;42;35;0;39;40;58;51;48;54;57;61;68;70;71;64;-1;No;No;No
1477;1;15;13;12;6;19;26;29;28;22;43;31;0;36;42;59;49;58;47;46;71;72;61;62;67;-1;No;No;No
1478;5;6;8;2;12;27;20;16;17;30;33;40;0;37;41;55;47;51;54;46;70;68;61;66;73;-1;No;No;No
1479;5;15;7;9;8;19;25;24;28;21;37;35;0;44;36;56;51;46;53;58;74;73;65;64;67;-1;No;No;No
1480;1;7;12;15;6;17;19;30;25;27;37;39;0;34;33;49;60;56;52;59;73;61;71;62;72;-1;No;No;No
1481;6;9;5;10;12;21;22;18;20;24;36;43;0;35;31;58;48;51;49;55;63;61;74;71;66;-1;No;No;No
1482;8;9;14;2;15;20;24;23;17;25;41;44;0;45;32;49;56;57;58;48;69;68;75;61;74;-1;No;No;No
1483;10;9;12;15;14;29;19;28;26;18;43;40;0;34;38;48;47;54;51;49;74;75;72;69;71;-1;No;No;No
1484;7;14;3;13;4;16;21;25;22;20;36;38;0;35;44;60;52;51;56;46;72;75;62;67;71;-1;No;No;No
1485;8;14;7;5;9;27;22;21;16;28;42;44;0;39;40;46;51;59;57;55;68;67;62;66;69;-1;No;No;No
1486;10;12;14;6;1;21;20;16;30;23;35;34;0;33;43;55;57;56;46;60;69;70;66;73;65;-1;No;No;No
1487;2;7;10;6;9;18;17;21;16;20;32;31;0;36;38;46;48;56;54;55;68;64;72;71;63;-1;No;No;No
1488;12;5;11;6;10;19;25;23;28;16;41;39;0;31;33;48;58;51;50;53;74;65;61;64;69;-1;No;No;No
1489;12;11;4;1;2;20;21;17;30;25;40;39;0;41;32;59;58;47;52;60;74;61;75;71;65;-1;No;No;No
1490;1;3;5;2;12;27;24;16;25;17;41;32;0;45;40;57;49;58;54;48;66;64;75;63;62;-1;No;No;No
1491;8;3;6;1;14;29;21;22;20;27;43;35;0;42;31;49;52;51;48;59;68;61;69;70;72;-1;No;No;No
1492;10;1;3;6;12;22;20;25;26;21;33;31;0;44;35;57;48;54;58;56;64;63;68;67;70;-1;No;No;No
1493;9;11;5;10;8;20;17;30;18;19;33;39;0;42;40;51;55;54;56;52;67;72;69;65;71;-1;No;No;No
1494;5;9;3;15;2;27;22;21;30;28;40;32;0;45;39;46;56;55;50;47;67;63;69;66;68;-1;No;No;No
1495;10;13;11;12;1;20;28;30;17;19;41;45;0;37;36;50;52;59;49;48;68;64;66;73;61;-1;No;No;No
1496;11;12;13;8;9;18;21;17;30;20;43;36;0;37;31;51;55;54;60;49;72;63;68;67;62;-1;No;No;No
1497;12;2;15;13;10;24;23;16;21;22;37;41;0;39;34;55;60;51;48;46;74;66;73;70;65;-1;No;No;No
1498;4;10;14;9;15;20;27;23;24;22;31;44;0;43;41;58;56;47;50;55;71;70;66;72;61;-1;No;No;No
1499;3;5;1;13;9;18;19;30;20;21;35;31;0;33;41;57;48;53;51;52;63;65;69;73;72;-1;No;No;No
1500;5;9;7;11;12;23;18;25;29;30;34;38;0;40;31;49;53;47;51;55;67;68;63;65;75;-1;No;No;No
1501;14;11;15;8;1;17;27;29;26;16;45;42;0;41;43;60;52;47;57;55;71;65;61;62;72;-1;No;No;No
1502;14;12;2;7;1;23;22;27;26;20;42;38;0;40;36;49;50;59;54;51;67;66;65;70;69;-1;No;No;No
1503;5;14;4;10;13;20;29;26;21;17;36;34;0;42;35;52;48;50;51;57;74;75;63;61;71;-1;No;No;No
1504;1;2;3;7;5;27;25;16;21;20;41;32;0;42;31;58;54;55;48;53;62;71;66;61;72;-1;No;No;No
1505;12;1;13;3;11;18;28;26;29;27;35;37;0;40;31;55;49;51;47;57;71;74;75;70;69;-1;No;No;No
1506;2;9;10;11;1;20;27;30;29;21;45;36;0;34;43;51;53;58;60;52;72;71;65;62;74;-1;No;No;No
1507;7;2;5;4;13;21;27;26;20;29;41;34;0;37;40;55;48;54;51;46;69;64;72;75;68;-1;No;No;No
1508;11;5;13;4;12;16;25;29;19;17;41;31;0;36;34;60;56;51;59;58;70;69;66;61;71;-1;No;No;No
1509;5;10;7;3;14;28;30;16;27;26;43;31;0;42;41;57;52;55;47;46;73;74;63;72;68;-1;No;No;No
1510;11;14;3;4;13;28;22;21;23;30;44;35;0;45;42;52;47;49;57;51;63;69;71;61;74;-1;No;No;No
1511;6;3;2;10;5;26;30;23;19;22;40;44;0;41;43;59;56;55;53;57;65;74;75;61;66;-1;No;No;No
1512;12;11;10;3;8;28;20;16;21;26;34;32;0;33;31;51;55;52;58;59;63;74;61;71;69;-1;No;No;No
1513;8;3;1;7;11;25;21;22;19;16;45;44;0;34;33;56;55;59;54;52;65;71;66;63;73;-1;No;No;No
1514;1;12;4;11;5;27;19;22;24;25;41;39;0;37;36;51;53;56;49;52;74;66;61;72;75;-1;No;No;No
1515;1;10;15;11;14;16;27;28;23;21;41;45;0;44;33;58;51;50;59;60;67;66;73;72;65;-1;No;No;No
1516;11;3;2;13;4;22;29;24;17;30;35;41;0;43;42;47;55;48;59;56;61;69;71;74;70;-1;No;No;No
1517;11;1;14;15;13;24;16;30;19;23;38;44;0;34;37;50;49;54;48;53;68;72;71;65;62;-1;No;No;No
1518;10;11;8;7;1;30;25;16;27;23;33;37;0;38;41;57;49;47;46;50;66;63;75;65;68;-1;No;No;No
1519;7;8;2;13;14;23;27;21;30;29;33;34;0;35;45;50;60;48;59;57;66;73;67;75;74;-1;No;No;No
1520;9;14;4;1;7;27;29;17;26;18;36;43;0;44;45;50;56;49;55;46;74;66;64;67;69;-1;No;No;No
1521;15;3;14;9;2;27;30;19;22;29;44;32;0;45;42;54;59;57;49;60;72;70;62;74;61;-1;No;No;No
1522;12;1;2;13;6;16;28;29;21;22;45;37;0;31;44;50;51;60;59;56;67;63;74;68;62;-1;No;No;No
1523;2;7;4;11;13;21;23;27;29;16;38;32;0;33;35;57;50;56;49;60;72;62;63;66;68;-1;No;No;No
1524;8;3;5;15;14;29;28;30;20;19;44;36;0;43;40;59;57;47;52;51;75;73;71;74;72;-1;No;No;No
1525;11;12;13;8;6;20;27;23;25;17;33;32;0;35;37;57;51;60;56;58;64;75;63;68;72;-1;No;No;No
1526;5;3;11;14;15;16;29;30;28;25;41;31;0;40;34;54;55;52;49;53;74;67;71;61;73;-1;No;No;No
1527;15;9;11;2;10;27;24;22;23;29;31;35;0;42;45;60;50;55;48;49;65;70;63;66;69;-1;No;No;No
1528;4;2;11;5;14;28;27;25;17;24;43;45;0;32;36;46;55;51;50;59;70;72;73;69;66;-1;No;No;No
1529;13;9;11;12;10;23;24;29;16;28;44;33;0;31;45;56;50;52;51;49;64;67;68;70;74;-1;No;No;No
1530;4;6;11;3;5;24;22;30;23;18;44;31;0;40;45;50;56;51;49;55;67;71;63;65;72;-1;No;No;No
1531;1;7;10;6;13;27;19;28;17;24;43;35;0;42;44;52;50;56;59;47;66;74;73;71;75;-1;No;No;No
1532;6;8;5;9;2;24;21;22;28;16;43;41;0;40;44;46;58;56;55;57;73;69;62;72;74;-1;No;No;No
1533;5;9;15;7;14;27;19;30;16;17;41;38;0;31;37;48;55;53;54;46;62;69;68;67;73;-1;No;No;No
1534;12;5;14;6;9;16;17;20;29;25;42;44;0;45;34;51;46;58;54;56;72;62;64;73;71;-1;No;No;No
1535;5;12;10;9;6;27;17;18;19;16;35;45;0;44;42;55;59;50;51;60;65;62;73;64;61;-1;No;No;No
1536;2;10;15;11;7;19;29;25;28;24;34;33;0;37;39;52;58;59;55;51;65;61;74;67;71;-1;No;No;No
1537;9;12;11;2;3;20;27;29;30;18;40;31;0;39;37;51;55;53;59;48;75;66;64;67;63;-1;No;No;No
1538;3;5;1;2;10;24;29;28;16;25;34;43;0;36;35;51;54;57;56;53;63;71;67;70;66;-1;No;No;No
1539;10;13;5;12;1;27;22;25;30;21;41;40;0;33;39;46;54;55;59;57;62;63;66;73;68;-1;No;No;No
1540;9;7;15;6;8;23;22;29;26;25;37;39;0;42;31;54;57;47;58;56;63;62;71;74;68;-1;No;No;No
1541;5;8;7;14;13;28;22;18;20;21;45;36;0;32;39;58;51;55;47;56;67;68;64;73;70;-1;No;No;No
1542;1;3;14;5;11;29;28;19;20;27;38;42;0;41;37;52;51;56;48;54;65;64;63;66;67;-1;No;No;No
1543;2;13;9;5;10;25;17;18;21;29;34;44;0;33;37;53;59;55;50;52;71;74;70;63;73;-1;No;No;No
1544;9;15;12;11;13;17;27;21;16;30;39;38;0;32;35;47;57;46;51;56;70;67;69;73;75;-1;No;No;No
1545;15;11;6;9;10;22;20;26;21;19;42;41;0;39;43;47;48;46;58;57;66;64;65;70;72;-1;No;No;No
1546;13;9;6;12;8;29;19;27;18;25;31;36;0;43;39;47;54;56;46;50;69;72;63;74;75;-1;No;No;No
1547;11;14;7;10;9;25;24;22;21;23;31;40;0;41;37;49;51;57;52;56;71;63;61;73;69;-1;No;No;No
1548;7;9;6;15;14;27;25;16;19;26;31;38;0;41;45;46;52;54;56;55;72;71;73;67;68;-1;No;No;No
1549;9;7;5;14;6;30;19;18;26;22;37;44;0;34;36;49;57;59;56;46;68;66;63;69;62;-1;No;No;No
1550;8;1;3;11;9;19;24;25;18;27;38;36;0;35;33;49;57;59;48;54;71;67;69;63;75;-1;No;No;No
1551;11;3;14;9;15;30;17;25;21;26;42;34;0;39;40;51;52;59;60;56;61;63;75;68;70;-1;No;No;No
1552;8;9;14;4;13;24;30;25;21;22;33;44;0;38;45;52;54;53;48;46;71;69;68;72;65;-1;No;No;No
1553;9;5;14;3;2;21;29;17;19;30;44;45;0;35;36;57;56;50;49;54;61;63;73;68;70;-1;No;No;No
1554;11;10;5;9;2;21;19;23;20;16;34;35;0;40;42;50;54;49;56;53;72;74;62;73;61;-1;No;No;No
1555;6;2;1;14;10;25;19;22;26;29;31;36;0;43;34;50;49;51;52;58;72;63;75;62;69;-1;No;No;No
1556;7;8;10;2;13;23;22;16;24;17;40;37;0;42;45;48;46;59;55;50;65;64;62;61;72;-1;No;No;No
1557;13;6;5;15;9;26;29;27;22;21;32;44;0;43;36;53;49;60;48;46;69;73;61;64;68;-1;No;No;No
1558;4;2;8;12;7;28;22;23;27;19;32;36;0;42;44;53;48;51;60;59;70;67;68;62;63;-1;No;No;No
1559;6;9;8;14;12;26;25;18;24;29;34;35;0;43;44;58;48;50;53;46;69;63;68;72;65;-1;No;No;No
1560;4;11;15;3;8;29;23;22;26;30;44;40;0;36;39;56;50;54;55;60;65;71;64;70;74;-1;No;No;No
1561;6;9;13;12;14;24;18;27;29;17;43;40;0;33;34;49;46;51;50;54;74;64;63;75;73;-1;No;No;No
1562;10;12;13;14;9;22;21;29;23;18;37;36;0;40;41;54;52;58;57;46;71;75;74;65;64;-1;No;No;No
1563;3;15;1;13;9;20;24;29;25;18;44;36;0;41;35;58;57;48;59;55;67;68;63;74;66;-1;No;No;No
1564;4;12;10;2;11;27;20;29;18;23;35;34;0;40;43;60;55;54;59;49;65;69;75;63;62;-1;No;No;No
1565;5;10;1;9;8;16;19;29;30;25;44;41;0;31;40;49;54;55;53;52;70;75;72;71;64;-1;No;No;No
1566;8;12;5;2;1;17;25;26;30;29;31;35;0;34;38;58;48;49;57;50;63;70;66;72;62;-1;No;No;No
1567;9;8;1;12;11;30;28;20;25;29;33;43;0;41;38;48;55;54;47;59;69;74;71;75;64;-1;No;No;No
1568;2;1;10;11;9;16;18;30;29;17;31;44;0;38;34;49;59;50;53;60;62;61;72;64;71;-1;No;No;No
1569;13;4;6;3;5;27;18;25;21;23;37;39;0;36;34;49;59;60;46;50;66;71;63;70;69;-1;No;No;No
1570;13;3;10;5;2;18;25;17;22;29;32;31;0;40;36;47;51;53;50;57;68;63;64;61;67;-1;No;No;No
1571;15;7;2;14;6;29;21;19;28;18;42;45;0;41;37;47;56;46;52;55;74;64;73;70;75;-1;No;No;No
1572;6;11;14;7;10;28;27;30;21;23;44;42;0;40;43;49;53;57;52;58;75;74;73;71;70;-1;No;No;No
1573;7;3;13;10;15;26;23;21;28;22;31;42;0;33;45;49;51;55;46;53;70;61;73;68;62;-1;No;No;No
1574;6;7;13;3;15;27;16;21;29;26;43;44;0;38;35;51;50;55;46;58;69;68;61;73;72;-1;No;No;No
1575;15;4;6;8;11;27;29;20;26;28;35;36;0;31;34;46;55;51;50;58;74;63;62;61;65;-1;No;No;No
1576;15;13;8;14;6;30;22;25;18;19;38;34;0;33;39;50;59;60;49;55;72;71;61;66;64;-1;No;No;No
1577;13;5;14;6;15;20;21;23;25;24;33;38;0;39;31;60;57;54;56;55;64;72;74;71;73;-1;No;No;No
1578;6;1;14;15;10;27;21;23;26;25;41;33;0;42;43;56;59;53;55;52;71;74;64;69;70;-1;No;No;No
1579;9;5;3;4;8;26;28;30;23;18;45;36;0;41;44;49;51;55;59;46;61;70;73;72;71;-1;No;No;No
1580;7;12;11;3;13;27;28;24;26;25;36;44;0;37;40;55;58;54;57;59;68;74;75;66;67;-1;No;No;No
1581;8;11;12;14;15;20;27;30;28;26;41;42;0;33;32;47;57;51;50;52;64;61;66;65;67;-1;No;No;No
1582;1;2;12;5;6;28;23;20;25;24;33;35;0;38;43;54;60;52;51;55;63;65;69;61;71;-1;No;No;No
1583;7;11;9;6;13;27;30;18;17;16;33;32;0;43;39;53;49;51;48;52;71;61;62;65;74;-1;No;No;No
1584;1;13;2;5;12;16;22;21;18;20;43;35;0;44;45;54;59;57;49;60;63;73;68;62;66;-1;No;No;No
1585;10;8;15;1;7;19;24;22;21;25;38;33;0;32;45;48;47;51;46;55;64;70;63;66;71;-1;No;No;No
1586;10;9;6;14;4;17;28;21;20;29;36;35;0;33;34;57;51;58;60;50;70;68;69;64;62;-1;No;No;No
1587;5;4;9;14;15;21;16;22;30;29;36;40;0;43;45;58;53;57;54;46;71;69;63;72;62;-1;No;No;No
1588;7;15;5;9;14;26;22;21;25;18;35;41;0;36;38;51;60;59;49;50;72;73;74;66;69;-1;No;No;No
1589;5;4;10;13;14;28;30;19;26;25;34;38;0;39;43;56;57;58;48;60;63;74;73;70;66;-1;No;No;No
1590;5;13;15;9;4;28;22;18;30;27;45;31;0;44;43;57;52;58;51;49;69;67;66;62;75;-1;No;No;No
1591;7;5;14;15;4;17;27;26;24;25;44;39;0;41;45;51;59;56;53;60;64;63;66;68;67;-1;No;No;No
1592;13;3;14;6;4;29;19;21;16;30;33;42;0;34;36;54;49;59;47;58;71;61;67;70;63;-1;No;No;No
1593;13;11;14;15;10;19;17;22;25;29;43;32;0;42;33;47;51;53;55;46;75;74;71;64;73;-1;No;No;No
1594;5;9;2;6;14;29;24;19;18;17;31;36;0;35;43;57;56;51;49;50;67;69;68;75;64;-1;No;No;No
1595;10;12;1;11;5;16;25;17;29;21;35;41;0;33;34;57;55;56;48;52;72;65;70;66;63;-1;No;No;No
1596;15;11;6;10;12;28;18;21;30;19;38;42;0;34;44;53;52;56;58;51;70;64;73;72;67;-1;No;No;No
1597;7;8;4;10;9;17;20;16;26;25;31;32;0;33;36;49;56;52;55;54;71;75;65;61;69;-1;No;No;No
1598;6;13;4;10;3;28;23;24;29;22;44;41;0;35;40;51;54;55;53;52;68;70;63;74;61;-1;No;No;No
1599;10;2;13;1;14;19;21;23;18;28;38;31;0;43;36;56;59;50;46;55;72;61;70;69;73;-1;No;No;No
1600;4;12;6;11;13;22;20;30;16;26;35;39;0;36;42;47;46;54;49;53;63;71;72;74;62;-1;No;No;No
1601;8;15;3;11;7;20;29;27;19;18;34;33;0;32;40;47;55;46;51;50;64;75;73;74;62;-1;No;No;No
1602;4;14;13;15;8;20;21;27;30;29;43;42;0;37;45;49;59;58;53;56;71;73;75;65;74;-1;No;No;No
1603;10;6;11;4;9;28;21;20;16;25;33;32;0;34;39;55;53;54;59;46;62;71;65;66;63;-1;No;No;No
1604;3;2;6;4;12;25;23;21;18;24;34;38;0;37;33;59;58;52;50;47;70;66;75;74;62;-1;No;No;No
1605;15;14;11;1;4;20;26;30;24;29;37;43;0;34;36;55;58;57;47;51;61;75;69;71;67;-1;No;No;No
1606;1;2;13;3;8;18;24;29;21;17;31;37;0;33;41;58;46;51;57;47;72;63;62;61;75;-1;No;No;No
1607;12;7;11;3;8;28;17;19;29;24;34;36;0;35;38;60;52;46;58;57;63;72;64;62;68;-1;No;No;No
1608;5;13;14;3;1;26;21;28;17;24;34;40;0;38;37;56;52;60;57;46;72;74;64;63;62;-1;No;No;No
1609;13;14;5;1;15;20;28;16;25;24;32;39;0;31;37;59;48;57;54;51;75;65;74;63;64;-1;No;No;No
1610;9;1;5;12;14;23;19;29;28;22;32;37;0;38;44;54;46;60;52;51;68;63;62;74;71;-1;No;No;No
1611;13;10;14;1;4;25;30;21;29;19;44;40;0;45;33;59;53;51;57;52;65;73;67;66;71;-1;No;No;No
1612;14;4;13;3;7;28;26;21;22;29;31;38;0;40;33;53;54;50;60;47;66;74;64;62;65;-1;No;No;No
1613;13;1;8;11;7;18;16;23;30;17;31;32;0;35;34;47;54;57;48;51;71;61;69;75;74;-1;No;No;No
1614;10;7;5;6;3;27;19;26;23;21;35;36;0;45;38;52;59;60;58;57;70;71;68;66;61;-1;No;No;No
1615;2;6;3;5;10;28;27;24;26;16;40;42;0;43;39;57;59;56;49;60;65;64;73;74;66;-1;No;No;No
1616;9;3;14;10;4;19;18;30;27;21;38;35;0;31;41;58;46;53;60;55;64;66;75;65;62;-1;No;No;No
1617;15;5;9;8;7;21;29;30;23;22;33;31;0;34;40;58;60;53;50;52;67;74;66;64;63;-1;No;No;No
1618;2;14;13;7;1;22;23;21;26;27;40;32;0;45;34;59;56;51;54;55;64;68;65;74;73;-1;No;No;No
1619;1;10;12;6;7;21;17;26;24;27;35;36;0;37;43;49;47;55;54;48;64;67;61;66;63;-1;No;No;No
1620;6;15;12;4;11;17;16;19;20;21;40;41;0;35;38;57;53;50;51;48;72;75;65;63;64;-1;No;No;No
1621;6;10;2;12;5;17;25;18;16;19;40;41;0;31;39;51;59;55;58;47;61;67;64;74;71;-1;No;No;No
1622;13;9;3;7;2;27;23;18;26;30;45;33;0;43;39;58;54;47;53;57;65;62;64;72;63;-1;No;No;No
1623;11;13;2;6;8;17;16;22;23;18;33;35;0;41;32;56;58;51;54;52;68;75;67;74;63;-1;No;No;No
1624;12;3;10;4;2;25;29;20;28;18;31;41;0;45;34;58;57;51;60;59;75;61;63;64;72;-1;No;No;No
1625;13;6;10;9;5;29;27;24;17;23;37;41;0;45;44;51;60;52;59;46;75;61;65;66;74;-1;No;No;No
1626;14;13;12;3;8;22;28;20;21;25;37;39;0;44;36;47;48;52;49;51;63;61;75;64;68;-1;No;No;No
1627;9;3;8;7;10;17;26;24;30;23;42;41;0;37;32;47;51;59;56;55;71;68;74;63;66;-1;No;No;No
1628;10;4;5;14;12;22;28;16;30;20;43;41;0;33;36;47;49;46;48;57;64;65;73;72;70;-1;No;No;No
1629;10;8;9;6;15;22;21;24;23;29;33;37;0;43;42;54;49;59;46;55;67;71;64;74;75;-1;No;No;No
1630;10;12;7;3;9;16;30;21;17;25;42;32;0;44;31;49;55;48;59;46;68;71;62;74;72;-1;No;No;No
1631;14;15;5;6;2;28;21;18;22;25;32;40;0;31;33;54;50;57;47;46;61;66;68;70;65;-1;No;No;No
1632;4;7;6;3;1;30;21;24;28;27;34;36;0;32;44;50;52;60;59;51;75;62;73;70;69;-1;No;No;No
1633;3;9;15;13;14;27;17;29;16;28;42;44;0;41;40;54;58;50;51;53;71;74;65;75;68;-1;No;No;No
1634;5;14;4;9;3;19;21;30;18;28;45;38;0;34;32;47;55;54;56;46;63;61;64;71;65;-1;No;No;No
1635;7;11;12;4;2;30;25;16;29;24;39;38;0;41;34;54;52;60;47;53;70;72;64;71;65;-1;No;No;No
1636;4;14;15;11;5;20;18;24;19;23;42;38;0;43;41;58;57;48;47;51;69;63;62;71;75;-1;No;No;No
1637;15;11;10;12;5;27;28;21;16;30;32;34;0;35;44;56;54;58;51;59;74;62;65;63;72;-1;No;No;No
1638;4;9;13;3;14;19;27;23;30;22;45;34;0;39;33;49;59;50;46;55;71;75;73;70;65;-1;No;No;No
1639;12;13;15;5;4;24;26;22;23;19;43;40;0;42;38;57;51;58;49;50;65;63;75;73;74;-1;No;No;No
1640;3;10;5;12;13;19;17;22;28;18;32;39;0;31;41;49;58;52;56;50;69;74;71;61;75;-1;No;No;No
1641;13;12;1;11;2;21;28;24;20;25;43;37;0;31;41;59;51;47;49;48;61;63;71;73;62;-1;No;No;No
1642;2;5;1;14;10;30;22;28;19;17;41;43;0;35;45;47;57;59;51;52;65;74;64;75;73;-1;No;No;No
1643;10;13;9;6;5;23;19;27;26;20;32;42;0;43;41;51;54;55;57;50;65;61;62;72;70;-1;No;No;No
1644;11;15;7;14;3;27;21;28;22;24;42;36;0;45;41;56;60;50;59;49;70;67;74;75;61;-1;No;No;No
1645;14;7;5;15;11;21;28;19;22;27;43;42;0;33;35;53;56;47;52;55;71;74;69;67;70;-1;No;No;No
1646;8;15;12;14;11;25;22;21;27;23;43;40;0;37;34;52;57;59;47;60;61;66;73;74;65;-1;No;No;No
1647;9;4;3;6;8;24;18;19;27;25;40;33;0;34;37;54;58;48;52;47;71;65;74;69;70;-1;No;No;No
1648;15;6;10;9;4;18;29;22;16;20;37;33;0;32;43;51;56;50;54;55;62;65;69;63;61;-1;No;No;No
1649;7;2;6;9;8;24;30;21;17;29;42;44;0;43;38;52;46;59;53;47;63;74;66;72;75;-1;No;No;No
1650;2;6;1;12;10;24;19;29;18;23;38;33;0;34;42;56;60;57;59;46;62;63;64;61;75;-1;No;No;No
1651;10;14;9;11;8;30;29;17;28;18;41;31;0;44;32;56;48;52;50;49;75;71;62;73;74;-1;No;No;No
1652;5;14;7;15;10;20;22;29;25;30;35;45;0;31;34;56;55;48;54;58;72;62;68;73;71;-1;No;No;No
1653;5;6;11;9;8;17;23;26;25;19;34;33;0;44;43;60;59;49;48;52;61;62;63;69;71;-1;No;No;No
1654;15;13;1;7;12;26;21;23;19;17;33;44;0;37;40;47;57;50;49;53;70;69;66;68;64;-1;No;No;No
1655;4;3;6;11;2;21;25;28;17;29;34;37;0;42;38;47;48;57;56;46;71;61;73;64;62;-1;No;No;No
1656;8;4;7;3;2;20;28;16;21;19;38;44;0;36;43;60;53;58;50;52;71;61;63;66;75;-1;No;No;No
1657;5;2;9;14;4;19;16;29;20;22;35;38;0;39;37;54;56;50;55;57;61;71;62;75;72;-1;No;No;No
1658;4;5;15;9;10;19;25;21;27;23;44;41;0;42;36;50;55;60;48;59;74;69;63;64;71;-1;No;No;No
1659;1;13;5;8;4;29;18;30;16;25;35;44;0;41;33;49;51;52;48;58;73;66;67;63;62;-1;No;No;No
1660;1;10;2;12;3;17;21;23;18;29;31;44;0;41;37;47;51;58;56;60;70;65;67;68;71;-1;No;No;No
1661;4;8;5;6;9;21;30;25;20;29;39;36;0;35;37;50;59;60;58;55;72;71;61;64;73;-1;No;No;No
1662;7;6;2;11;3;25;26;28;18;27;39;43;0;35;34;60;51;56;57;50;73;69;71;64;65;-1;No;No;No
1663;7;4;14;12;6;24;19;29;30;27;36;37;0;32;43;50;55;46;57;49;64;68;63;70;67;-1;No;No;No
1664;6;12;14;7;4;28;16;25;24;30;31;44;0;43;34;47;58;50;51;46;72;68;71;73;67;-1;No;No;No
1665;14;7;2;12;3;21;28;27;30;26;38;33;0;32;37;60;47;50;56;46;74;72;71;70;69;-1;No;No;No
1666;14;4;15;13;5;29;24;26;30;23;41;44;0;34;42;48;50;54;60;49;63;61;65;64;68;-1;No;No;No
1667;12;14;5;4;11;18;25;21;20;24;43;39;0;33;45;59;49;53;60;51;75;70;61;69;68;-1;No;No;No
1668;11;5;10;9;12;26;20;25;21;18;31;41;0;36;33;49;50;53;55;58;65;71;73;68;66;-1;No;No;No
1669;12;13;8;15;7;29;17;28;21;26;31;41;0;38;36;48;46;60;50;59;62;71;74;66;70;-1;No;No;No
1670;2;1;14;7;15;24;18;25;30;29;37;38;0;39;33;51;59;57;46;52;62;73;69;63;61;-1;No;No;No
1671;12;8;9;14;13;24;23;21;16;18;42;35;0;31;41;58;49;59;60;53;63;64;61;71;62;-1;No;No;No
1672;15;14;13;2;12;29;26;19;18;22;34;41;0;45;33;58;55;48;51;57;71;62;66;75;63;-1;No;No;No
1673;12;7;14;11;10;21;28;17;25;20;34;33;0;37;36;51;57;47;48;50;69;63;65;64;62;-1;No;No;No
1674;10;12;9;14;1;27;19;23;26;25;42;44;0;39;43;50;58;60;56;49;63;66;67;72;71;-1;No;No;No
1675;1;9;14;13;7;26;19;30;21;18;45;35;0;43;34;56;50;48;60;47;70;69;66;74;71;-1;No;No;No
1676;12;15;6;3;8;16;17;20;28;27;32;34;0;45;36;53;54;50;51;48;75;63;65;64;72;-1;No;No;No
1677;2;12;9;8;10;18;23;26;25;24;33;36;0;35;45;52;48;47;46;57;73;61;75;63;64;-1;No;No;No
1678;13;5;3;1;11;23;20;21;16;19;40;31;0;44;36;46;58;54;53;50;63;61;75;62;69;-1;No;No;No
1679;4;9;14;8;7;21;18;25;28;16;38;36;0;43;31;52;51;56;49;60;74;63;62;75;64;-1;No;No;No
1680;9;14;8;7;10;21;19;18;27;26;44;35;0;34;32;60;46;59;50;47;66;72;62;69;71;-1;No;No;No
1681;10;6;14;11;15;29;30;22;17;21;36;42;0;40;41;58;51;48;53;50;73;71;66;70;72;-1;No;No;No
1682;15;13;10;9;5;27;16;22;24;30;39;34;0;38;42;50;49;58;52;48;67;74;66;61;62;-1;No;No;No
1683;4;8;7;6;14;29;26;28;25;30;37;31;0;36;38;47;58;57;51;48;72;68;71;61;64;-1;No;No;No
1684;2;10;1;8;3;30;28;20;25;29;44;40;0;35;43;47;50;55;57;49;65;62;71;70;74;-1;No;No;No
1685;10;8;9;12;7;19;18;17;30;29;35;41;0;36;32;52;47;50;51;53;75;66;71;68;74;-1;No;No;No
1686;13;10;15;11;14;22;23;19;27;26;40;35;0;38;37;52;50;57;56;55;63;65;66;61;64;-1;No;No;No
1687;7;4;2;15;5;25;19;18;17;29;41;31;0;38;45;52;57;47;48;56;71;61;73;75;67;-1;No;No;No
1688;6;13;9;8;2;16;21;22;18;28;45;36;0;43;44;51;56;57;54;58;71;63;62;74;65;-1;No;No;No
1689;15;5;4;2;11;23;19;18;30;17;41;40;0;37;45;55;49;54;52;51;62;69;72;71;65;-1;No;No;No
1690;15;14;3;2;8;17;21;22;23;25;31;35;0;34;41;58;56;57;54;50;73;70;65;63;69;-1;No;No;No
1691;2;10;3;7;9;24;21;23;17;25;41;31;0;33;43;57;56;48;53;50;73;61;71;68;67;-1;No;No;No
1692;5;13;8;3;6;22;17;25;27;18;43;33;0;35;36;51;56;47;46;57;65;73;72;66;71;-1;No;No;No
1693;9;7;6;8;4;22;26;24;18;23;34;39;0;36;45;57;54;55;47;46;73;67;64;66;69;-1;No;No;No
1694;15;13;2;7;8;16;17;23;21;18;36;44;0;43;41;49;58;52;48;50;63;65;64;72;62;-1;No;No;No
1695;5;1;14;4;12;21;20;16;19;18;40;37;0;41;32;60;50;54;49;46;62;61;68;75;71;-1;No;No;No
1696;5;4;2;11;6;17;16;23;29;28;31;35;0;41;40;50;51;49;59;57;71;74;70;69;63;-1;No;No;No
1697;8;1;7;13;6;27;20;16;25;21;34;32;0;36;33;47;53;51;59;48;64;65;61;66;63;-1;No;No;No
1698;7;9;13;4;2;21;24;17;30;29;35;38;0;43;44;47;56;55;59;48;74;64;61;62;63;-1;No;No;No
1699;10;15;14;13;12;16;20;17;21;28;43;41;0;31;44;56;50;51;47;49;71;69;75;73;67;-1;No;No;No
1700;6;2;12;13;8;19;16;18;25;29;39;45;0;40;41;56;52;51;54;49;64;65;62;70;66;-1;No;No;No
1701;12;2;7;13;1;18;16;25;17;19;37;39;0;38;35;57;56;51;58;60;69;68;70;71;63;-1;No;No;No
1702;5;15;14;1;6;17;20;16;22;29;42;41;0;45;33;58;51;47;56;55;68;69;74;65;67;-1;No;No;No
1703;7;13;11;12;9;26;19;23;20;24;41;37;0;31;36;56;55;54;48;47;63;71;65;62;73;-1;No;No;No
1704;5;14;13;8;11;23;19;18;24;30;31;41;0;36;33;46;48;57;60;56;64;66;73;69;65;-1;No;No;No
1705;5;4;1;3;15;21;23;19;20;25;40;33;0;34;45;51;46;48;47;60;72;65;73;64;67;-1;No;No;No
1706;14;3;5;6;4;19;18;16;30;28;43;31;0;40;39;48;59;57;46;50;69;61;72;68;63;-1;No;No;No
1707;1;8;14;13;4;19;21;27;30;23;33;42;0;32;31;59;58;57;51;52;73;68;67;72;74;-1;No;No;No
1708;4;7;3;13;15;21;18;17;19;23;41;45;0;33;39;48;57;58;46;56;72;73;66;64;65;-1;No;No;No
1709;12;1;4;14;15;19;29;27;28;24;43;41;0;32;42;49;57;47;58;46;64;74;63;65;66;-1;No;No;No
1710;9;15;6;14;13;28;19;18;17;30;41;45;0;31;42;46;49;50;59;55;72;73;67;71;62;-1;No;No;No
1711;13;11;12;8;9;27;22;18;24;23;38;35;0;36;34;59;49;52;54;53;61;65;67;66;73;-1;No;No;No
1712;15;9;10;3;8;29;28;17;16;25;39;32;0;38;34;54;58;57;51;59;63;69;66;65;68;-1;No;No;No
1713;11;10;12;15;2;21;29;27;23;22;40;43;0;42;34;50;54;59;60;49;70;64;66;75;69;-1;No;No;No
1714;12;2;14;6;5;20;29;19;23;30;32;43;0;31;34;59;60;52;54;56;61;75;71;72;63;-1;No;No;No
1715;14;4;9;12;3;22;29;26;19;28;33;45;0;31;35;48;47;51;60;50;65;62;71;63;68;-1;No;No;No
1716;3;14;2;13;12;24;22;21;17;20;37;45;0;40;39;54;53;56;47;55;74;67;63;75;73;-1;No;No;No
1717;9;13;11;4;14;16;20;25;18;26;44;41;0;31;32;47;60;59;53;46;69;70;61;71;68;-1;No;No;No
1718;14;11;13;6;4;27;20;16;21;30;33;37;0;45;38;51;53;54;57;47;71;68;70;74;67;-1;No;No;No
1719;3;10;9;13;2;26;29;17;30;21;43;33;0;42;35;51;59;55;53;52;69;73;72;68;67;-1;No;No;No
1720;14;11;3;9;4;29;17;22;27;21;37;43;0;34;31;58;51;48;57;52;62;66;73;69;65;-1;No;No;No
1721;12;7;13;6;2;19;17;16;30;18;33;42;0;44;37;57;55;56;47;46;64;72;71;65;67;-1;No;No;No
1722;12;7;13;11;6;21;19;28;29;17;33;43;0;42;35;55;47;56;58;51;64;69;62;61;73;-1;No;No;No
1723;14;6;1;10;5;18;25;16;20;17;43;39;0;32;37;58;48;57;53;55;67;73;75;74;68;-1;No;No;No
1724;5;2;4;13;14;17;20;27;22;26;45;43;0;41;35;60;50;58;51;47;70;66;75;72;68;-1;No;No;No
1725;1;5;14;7;12;17;28;20;26;27;35;44;0;36;45;47;50;60;59;46;68;70;64;69;67;-1;No;No;No
1726;6;13;8;7;5;20;26;30;18;19;38;35;0;39;44;53;49;57;46;48;66;74;67;73;64;-1;No;No;No
1727;4;12;10;11;7;21;22;18;17;26;34;41;0;39;44;59;58;51;60;53;62;73;65;61;71;-1;No;No;No
1728;5;9;4;8;6;30;28;19;18;16;33;31;0;40;42;56;60;48;57;58;70;66;64;69;65;-1;No;No;No
1729;12;13;5;3;1;17;29;25;30;21;33;31;0;36;39;58;57;51;54;47;67;69;68;63;62;-1;No;No;No
1730;10;4;3;7;12;17;16;21;26;27;38;45;0;37;36;51;53;58;57;59;67;61;65;64;63;-1;No;No;No
1731;4;3;11;7;2;26;21;22;19;29;36;38;0;42;37;58;51;48;56;53;67;72;65;75;64;-1;No;No;No
1732;14;9;6;3;2;24;26;22;21;25;37;32;0;35;36;56;51;60;55;53;75;72;65;67;74;-1;No;No;No
1733;8;3;5;6;2;19;26;29;25;24;36;41;0;38;32;58;48;51;47;60;70;69;73;71;74;-1;No;No;No
1734;4;10;14;15;13;26;24;20;28;27;41;43;0;31;40;47;53;56;59;49;72;61;64;70;69;-1;No;No;No
1735;3;11;13;2;7;25;29;21;26;24;45;42;0;33;36;58;59;47;49;51;62;63;72;71;68;-1;No;No;No
1736;7;8;6;5;11;20;24;16;21;19;37;36;0;35;44;47;46;56;55;53;62;75;74;73;72;-1;No;No;No
1737;4;12;9;6;5;29;22;21;19;18;42;35;0;38;41;57;50;60;53;49;61;67;65;68;66;-1;No;No;No
1738;11;7;13;14;8;29;19;23;25;22;41;33;0;44;31;60;55;50;54;49;66;65;75;64;74;-1;No;No;No
1739;14;6;3;13;2;24;21;17;23;16;42;39;0;41;38;53;47;46;60;55;70;63;72;64;65;-1;No;No;No
1740;13;7;11;12;15;19;28;24;29;17;31;37;0;35;36;49;50;52;56;55;71;72;68;69;70;-1;No;No;No
1741;3;4;7;15;10;26;28;23;22;24;41;36;0;32;35;59;52;58;49;60;69;71;72;62;61;-1;No;No;No
1742;15;14;6;8;13;22;21;20;17;19;31;34;0;43;33;59;50;54;49;48;68;66;70;64;63;-1;No;No;No
1743;10;11;15;9;1;20;30;24;22;23;31;44;0;37;43;50;52;56;46;55;72;70;71;66;75;-1;No;No;No
1744;4;9;6;5;11;26;24;17;25;18;40;44;0;31;36;56;51;53;46;47;74;62;64;65;73;-1;No;No;No
1745;7;5;10;11;6;30;29;18;28;22;33;38;0;32;35;53;54;51;46;48;73;68;69;67;62;-1;No;No;No
1746;2;1;6;10;12;26;25;21;27;20;41;40;0;33;32;51;46;52;59;47;62;71;61;66;72;-1;No;No;No
1747;12;9;11;7;14;29;27;26;25;21;44;33;0;35;32;49;48;46;55;47;63;62;69;61;70;-1;No;No;No
1748;7;13;6;11;14;28;23;26;19;21;36;31;0;37;39;48;49;55;54;53;73;71;63;62;67;-1;No;No;No
1749;9;8;5;11;12;30;21;22;28;26;31;41;0;37;36;48;57;58;55;59;71;66;75;65;74;-1;No;No;No
1750;3;2;10;7;8;24;16;21;22;19;45;37;0;38;34;53;52;50;51;48;75;73;72;71;61;-1;No;No;No
1751;10;5;3;2;9;30;18;27;20;26;42;45;0;32;37;51;50;54;58;46;65;75;73;66;72;-1;No;No;No
1752;9;3;8;11;6;30;29;26;23;25;37;36;0;43;33;47;58;51;49;53;63;75;73;65;66;-1;No;No;No
1753;8;15;7;1;13;21;17;20;16;30;34;33;0;40;32;56;57;46;60;47;61;67;63;70;74;-1;No;No;No
1754;7;10;8;1;6;21;19;18;17;28;45;32;0;39;33;58;57;55;51;56;66;70;71;75;62;-1;No;No;No
1755;8;1;12;9;2;16;20;25;27;17;38;31;0;42;34;51;55;59;46;50;63;74;69;68;67;-1;No;No;No
1756;14;6;15;10;4;25;17;19;20;18;32;40;0;41;39;51;57;50;49;59;63;70;65;75;62;-1;No;No;No
1757;14;2;1;13;15;30;21;22;27;25;43;44;0;42;45;53;46;55;51;50;68;72;69;61;73;-1;No;No;No
1758;1;6;3;11;7;28;29;27;22;21;44;35;0;45;34;53;59;56;51;60;71;62;70;61;63;-1;No;No;No
1759;15;10;8;2;7;19;18;28;27;20;39;31;0;36;33;60;51;57;48;55;68;74;66;69;61;-1;No;No;No
1760;15;3;9;1;5;20;21;22;29;18;45;37;0;44;35;51;46;59;57;55;69;71;70;72;65;-1;No;No;No
1761;9;4;8;1;7;19;25;18;28;17;34;31;0;33;32;54;58;57;51;47;73;68;62;71;64;-1;No;No;No
1762;4;15;8;1;9;17;16;22;18;29;45;43;0;33;36;59;54;55;53;52;62;70;64;75;72;-1;No;No;No
1763;7;10;6;9;3;19;16;29;21;25;36;35;0;38;34;48;58;57;50;56;72;66;69;73;64;-1;No;No;No
1764;4;12;1;8;15;21;19;27;20;22;43;45;0;44;39;55;46;50;54;53;73;75;70;64;69;-1;No;No;No
1765;8;14;4;3;7;26;25;16;21;20;31;33;0;44;32;54;56;59;46;52;62;66;63;70;61;-1;No;No;No
1766;5;8;12;7;1;18;21;30;17;28;33;32;0;36;31;59;54;58;56;52;70;63;62;69;72;-1;No;No;No
1767;13;11;5;12;9;17;18;20;29;22;44;36;0;37;39;55;48;52;56;47;63;67;75;72;74;-1;No;No;No
1768;15;5;12;13;11;20;22;25;18;19;44;31;0;41;43;54;57;52;56;53;70;72;62;69;61;-1;No;No;No
1769;10;9;13;8;3;16;29;19;20;22;34;43;0;31;39;49;56;55;51;54;73;71;75;72;70;-1;No;No;No
1770;10;7;8;2;1;28;22;21;24;26;43;42;0;40;36;54;59;57;55;56;61;65;71;62;68;-1;No;No;No
1771;9;15;11;6;13;27;26;29;28;23;42;31;0;40;44;55;50;57;53;48;68;71;69;66;62;-1;No;No;No
1772;9;2;10;11;1;20;18;17;27;19;32;36;0;44;31;59;49;48;60;58;71;72;74;64;73;-1;No;No;No
1773;11;6;5;8;7;30;28;21;27;26;36;34;0;42;33;59;57;53;52;51;73;74;71;72;67;-1;No;No;No
1774;15;11;3;1;7;19;22;18;21;27;40;31;0;41;32;49;48;59;54;53;61;70;63;62;75;-1;No;No;No
1775;10;14;15;9;13;21;23;29;18;20;38;31;0;44;41;48;54;53;46;51;71;72;70;66;63;-1;No;No;No
1776;15;14;12;1;5;25;17;30;29;18;37;41;0;43;31;48;47;57;52;51;72;67;68;66;65;-1;No;No;No
1777;8;12;1;14;15;22;17;21;16;30;37;44;0;42;45;53;50;48;49;60;75;66;61;72;65;-1;No;No;No
1778;13;10;9;2;14;17;20;29;30;19;43;44;0;34;36;60;47;55;56;48;75;71;69;61;70;-1;No;No;No
1779;13;7;12;14;11;21;24;27;23;22;37;35;0;34;43;58;46;52;51;49;74;73;69;71;72;-1;No;No;No
1780;12;8;10;15;2;21;19;20;29;16;38;43;0;39;33;54;52;49;56;53;70;68;72;67;71;-1;No;No;No
1781;12;8;7;14;13;21;23;27;17;30;44;40;0;45;38;51;59;47;58;54;65;61;62;71;67;-1;No;No;No
1782;15;8;6;1;7;26;18;29;16;30;42;36;0;33;32;48;51;52;53;58;69;62;61;71;66;-1;No;No;No
1783;12;9;5;14;13;16;18;28;27;30;33;37;0;36;32;58;56;46;55;57;69;64;68;61;63;-1;No;No;No
1784;13;11;12;4;7;19;29;17;30;16;45;38;0;39;44;60;55;50;48;53;75;74;62;71;61;-1;No;No;No
1785;2;6;1;4;3;29;21;26;19;30;45;41;0;43;33;59;51;50;56;57;67;71;66;64;69;-1;No;No;No
1786;9;8;11;10;13;22;19;24;21;25;41;40;0;31;36;53;46;50;58;56;66;63;61;71;65;-1;No;No;No
1787;1;4;3;12;7;24;26;18;27;23;40;39;0;34;42;48;51;50;59;57;66;68;75;62;63;-1;No;No;No
1788;8;14;9;7;13;25;28;20;21;23;31;35;0;41;34;55;46;52;53;57;66;65;61;64;69;-1;No;No;No
1789;10;11;13;8;12;19;27;21;26;25;31;37;0;41;40;49;55;59;53;54;74;66;73;75;62;-1;No;No;No
1790;3;13;2;8;7;29;18;24;30;28;37;42;0;45;35;58;47;54;46;56;75;71;64;63;69;-1;No;No;No
1791;1;8;12;7;13;21;22;18;17;20;45;39;0;44;35;54;51;60;50;49;64;67;71;72;66;-1;No;No;No
1792;13;11;4;12;2;22;20;24;23;28;39;43;0;38;31;46;48;59;47;54;70;75;66;74;69;-1;No;No;No
1793;11;13;8;9;14;22;23;18;16;25;31;39;0;40;43;49;51;47;57;50;72;63;62;69;68;-1;No;No;No
1794;14;10;3;9;11;20;24;23;16;19;32;42;0;40;41;60;51;47;55;50;62;68;73;61;63;-1;No;No;No
1795;6;12;13;11;9;30;29;21;27;26;38;41;0;40;44;60;56;52;59;48;64;71;75;67;72;-1;No;No;No
1796;7;11;8;10;9;16;17;23;26;24;41;37;0;45;36;57;56;55;46;48;65;62;61;68;67;-1;No;No;No
1797;14;6;2;1;15;30;21;16;27;19;36;42;0;32;39;51;46;56;55;50;62;65;64;72;61;-1;No;No;No
1798;4;11;9;7;13;21;20;25;26;22;35;42;0;31;43;55;57;59;60;50;72;71;61;75;62;-1;No;No;No
1799;9;13;6;11;15;28;16;30;23;21;43;35;0;36;42;57;58;48;56;47;69;64;75;73;66;-1;No;No;No
1800;6;12;4;8;10;26;22;29;21;27;38;37;0;36;42;51;55;59;50;46;72;61;65;69;71;-1;No;No;No
1801;4;3;7;13;12;27;29;23;20;16;40;42;0;31;41;47;59;60;48;46;61;66;72;71;75;-1;No;No;No
1802;9;15;14;8;2;29;25;24;21;23;41;36;0;33;37;51;50;60;57;48;71;68;62;63;74;-1;No;No;No
1803;3;14;7;13;15;30;19;18;16;25;32;45;0;34;38;47;56;46;58;55;62;66;64;61;67;-1;No;No;No
1804;13;6;11;10;9;17;22;27;26;21;41;42;0;38;43;53;51;49;55;48;74;66;72;73;71;-1;No;No;No
1805;11;3;13;15;4;23;26;25;17;29;44;45;0;38;33;49;60;54;56;55;72;75;71;68;74;-1;No;No;No
1806;3;13;12;8;6;21;27;20;24;23;37;39;0;38;41;55;46;58;56;54;63;66;65;64;70;-1;No;No;No
1807;4;9;2;8;3;19;29;30;20;18;32;44;0;36;40;46;51;50;59;56;64;67;62;75;63;-1;No;No;No
1808;6;14;4;1;5;29;18;22;19;17;31;41;0;44;33;57;55;47;59;58;75;68;73;65;64;-1;No;No;No
1809;15;14;9;2;6;30;23;16;17;22;34;35;0;39;33;51;52;57;50;49;64;75;72;66;68;-1;No;No;No
1810;2;7;15;6;1;16;29;21;30;26;44;42;0;41;36;56;59;60;55;46;71;73;61;72;67;-1;No;No;No
1811;6;9;5;8;2;18;29;30;21;26;41;38;0;33;32;54;59;49;46;53;71;62;67;61;63;-1;No;No;No
1812;15;2;9;8;12;23;29;25;21;24;40;31;0;38;39;55;46;59;49;53;74;67;64;66;70;-1;No;No;No
1813;11;8;4;5;1;19;29;28;23;20;38;31;0;32;37;55;54;58;49;60;64;63;66;65;67;-1;No;No;No
1814;7;12;15;4;11;30;16;21;25;20;42;37;0;32;41;51;54;46;49;48;66;64;61;69;68;-1;No;No;No
1815;1;10;3;8;15;27;25;28;30;21;33;31;0;35;34;51;53;52;47;50;62;67;74;75;72;-1;No;No;No
1816;3;14;4;9;8;30;17;24;23;20;32;38;0;40;45;51;60;47;58;57;63;65;75;66;72;-1;No;No;No
1817;4;14;13;3;7;29;17;28;19;24;44;37;0;34;32;59;49;57;60;48;71;67;64;75;65;-1;No;No;No
1818;1;4;10;14;13;28;22;17;23;21;44;45;0;38;43;57;60;56;54;46;68;70;75;65;63;-1;No;No;No
1819;11;9;2;10;14;25;19;26;27;28;45;40;0;43;32;53;52;58;48;57;72;73;65;74;75;-1;No;No;No
1820;8;9;7;2;3;27;29;24;23;26;38;42;0;32;41;60;48;52;53;57;73;71;66;61;72;-1;No;No;No
1821;9;3;7;2;1;24;26;18;30;29;44;34;0;40;38;47;57;55;56;54;65;75;70;69;67;-1;No;No;No
1822;14;11;5;12;3;18;16;21;29;30;33;31;0;34;37;60;58;57;48;53;72;65;74;71;62;-1;No;No;No
1823;1;15;12;11;13;17;21;29;27;25;41;33;0;43;40;52;51;47;56;53;74;67;75;65;64;-1;No;No;No
1824;1;13;8;14;11;20;25;18;24;23;45;40;0;39;41;58;56;57;47;60;67;63;65;73;70;-1;No;No;No
1825;3;1;15;2;12;24;27;26;21;25;45;37;0;43;42;54;50;49;53;60;73;66;67;70;69;-1;No;No;No
1826;7;2;13;11;5;18;20;25;21;24;38;32;0;31;36;48;59;47;52;46;72;75;73;71;74;-1;No;No;No
1827;5;9;15;3;14;17;27;30;22;28;42;41;0;34;37;60;51;59;50;53;69;75;74;72;71;-1;No;No;No
1828;6;10;9;8;7;22;24;21;16;30;37;31;0;33;32;53;54;50;60;59;75;74;62;66;67;-1;No;No;No
1829;4;9;3;10;8;23;25;30;19;20;39;31;0;41;35;53;52;49;60;48;62;75;69;63;64;-1;No;No;No
1830;1;12;4;3;13;17;28;29;27;30;31;41;0;40;38;51;48;47;57;60;74;68;64;63;61;-1;No;No;No
1831;10;8;7;15;13;22;20;26;16;25;31;37;0;44;43;51;53;48;56;55;75;63;68;66;72;-1;No;No;No
1832;2;11;15;10;9;28;23;24;22;17;39;44;0;41;36;50;48;52;56;53;67;74;64;73;61;-1;No;No;No
1833;14;4;1;7;9;20;26;30;16;25;39;38;0;34;33;49;59;48;56;60;69;64;72;61;65;-1;No;No;No
1834;15;12;7;13;14;20;29;21;28;25;44;39;0;45;33;47;55;57;52;51;71;64;65;68;70;-1;No;No;No
1835;13;15;2;11;1;23;17;29;19;16;41;38;0;32;42;46;48;50;57;51;75;67;64;66;63;-1;No;No;No
1836;11;9;8;4;1;20;29;25;27;22;39;36;0;43;45;53;59;57;51;52;63;62;65;68;66;-1;No;No;No
1837;8;14;4;5;13;27;21;23;30;18;39;32;0;43;36;50;52;48;59;53;62;69;71;68;70;-1;No;No;No
1838;9;4;2;1;5;23;30;21;19;25;37;43;0;32;31;55;50;48;57;49;70;68;71;61;67;-1;No;No;No
1839;1;12;11;6;2;17;16;21;23;18;35;34;0;40;39;49;53;48;59;54;66;68;62;67;69;-1;No;No;No
1840;3;5;14;11;8;26;22;24;19;23;40;37;0;42;33;52;51;47;53;59;62;68;71;61;64;-1;No;No;No
1841;7;11;14;5;13;22;20;30;28;19;41;45;0;39;34;51;60;54;47;46;62;61;74;75;63;-1;No;No;No
1842;5;7;15;1;4;27;22;26;20;21;37;35;0;41;45;57;49;47;46;56;61;72;71;70;63;-1;No;No;No
1843;3;7;8;12;13;22;30;18;28;29;37;39;0;31;34;60;56;50;52;46;65;69;68;61;67;-1;No;No;No
1844;14;10;13;2;6;16;25;26;24;29;34;40;0;45;44;46;47;54;60;49;71;75;74;63;62;-1;No;No;No
1845;14;12;11;15;2;27;21;29;18;28;31;44;0;33;41;51;49;58;47;57;64;62;63;67;65;-1;No;No;No
1846;13;8;6;3;2;29;19;17;18;28;40;38;0;44;36;52;48;54;51;50;61;62;63;72;71;-1;No;No;No
1847;3;12;4;14;2;27;22;16;20;19;34;43;0;37;41;56;51;59;58;57;64;63;74;68;69;-1;No;No;No
1848;2;12;6;1;8;18;17;29;26;25;37;43;0;32;31;48;47;51;50;53;71;64;68;66;75;-1;No;No;No
1849;12;13;6;1;15;27;24;23;30;21;39;43;0;45;42;47;49;60;50;54;64;71;61;66;75;-1;No;No;No
1850;8;7;1;2;11;16;22;20;30;29;44;41;0;37;36;56;47;54;51;52;71;65;68;74;75;-1;No;No;No
1851;4;15;6;10;3;27;19;17;22;28;37;40;0;41;43;48;46;60;51;59;65;61;62;71;73;-1;No;No;No
1852;3;10;9;8;11;21;24;18;26;30;31;45;0;41;33;58;46;51;60;54;71;74;68;72;70;-1;No;No;No
1853;15;6;14;5;8;22;26;21;25;20;38;44;0;31;33;47;55;57;56;60;72;73;68;61;67;-1;No;No;No
1854;8;4;11;10;5;23;29;24;27;17;34;41;0;32;33;57;55;53;56;54;64;75;74;63;65;-1;No;No;No
1855;9;3;15;13;7;19;26;24;17;23;32;44;0;34;43;59;57;53;55;48;62;69;61;66;64;-1;No;No;No
1856;6;3;9;14;2;17;21;20;22;29;40;45;0;33;44;56;57;47;60;46;65;74;61;68;75;-1;No;No;No
1857;3;5;8;12;7;26;20;18;28;21;41;33;0;39;45;49;54;60;51;50;70;64;63;68;67;-1;No;No;No
1858;8;3;13;1;12;16;23;29;27;28;39;43;0;42;35;57;55;52;54;51;62;64;66;67;71;-1;No;No;No
1859;3;11;6;10;13;29;23;24;21;27;45;44;0;41;33;46;60;59;51;47;63;66;70;71;74;-1;No;No;No
1860;2;8;12;14;15;30;26;25;21;27;44;33;0;32;45;49;59;48;56;60;61;73;75;66;67;-1;No;No;No
1861;12;7;9;11;13;27;29;30;28;23;41;42;0;31;45;52;51;55;46;57;65;70;73;64;74;-1;No;No;No
1862;13;15;11;9;12;23;21;20;22;26;33;31;0;42;38;56;49;46;50;51;71;66;67;61;70;-1;No;No;No
1863;12;10;14;7;4;28;27;29;19;22;31;41;0;37;39;48;55;60;58;54;67;62;69;74;68;-1;No;No;No
1864;9;7;4;8;6;30;16;24;29;27;32;41;0;44;36;51;60;57;47;48;72;64;69;61;71;-1;No;No;No
1865;7;4;3;11;12;27;18;19;22;24;37;34;0;41;32;48;53;59;51;52;65;68;63;69;67;-1;No;No;No
1866;14;13;9;8;10;24;21;23;25;30;40;31;0;33;39;47;54;60;46;59;71;75;61;63;67;-1;No;No;No
1867;11;12;7;8;10;26;24;21;23;25;33;35;0;36;34;49;56;55;48;59;72;75;71;64;70;-1;No;No;No
1868;14;9;13;8;15;22;27;20;29;25;38;31;0;35;39;46;55;56;60;54;67;71;73;63;72;-1;No;No;No
1869;9;7;8;3;2;19;26;29;23;17;40;41;0;33;44;49;53;48;51;55;75;65;70;61;62;-1;No;No;No
1870;7;10;1;12;15;26;23;29;21;22;38;44;0;41;43;59;60;54;55;56;62;73;71;63;70;-1;No;No;No
1871;11;12;2;1;10;22;17;27;19;26;37;35;0;36;34;49;56;52;51;59;68;67;65;66;73;-1;No;No;No
1872;11;10;15;5;1;22;26;30;21;28;41;39;0;31;35;60;56;52;54;59;67;68;73;64;72;-1;No;No;No
1873;15;13;7;12;11;29;22;28;30;25;36;45;0;40;32;46;55;51;58;56;75;73;69;64;63;-1;No;No;No
1874;15;8;1;10;14;24;29;16;19;28;45;37;0;41;34;47;57;46;53;56;71;74;63;73;66;-1;No;No;No
1875;10;2;1;4;6;24;30;21;23;25;38;43;0;37;39;60;55;48;51;47;64;63;71;72;62;-1;No;No;No
1876;10;4;3;11;7;27;26;16;24;19;33;36;0;35;37;47;54;51;53;55;66;75;74;62;64;-1;No;No;No
1877;1;4;14;6;15;26;20;27;25;21;39;40;0;44;36;52;50;47;46;54;65;68;64;63;66;-1;No;No;No
1878;6;3;10;14;5;19;18;29;16;26;40;43;0;41;39;46;53;52;60;51;64;69;71;74;63;-1;No;No;No
1879;7;3;13;15;5;28;20;18;25;27;41;43;0;40;34;49;59;53;60;47;73;64;63;65;62;-1;No;No;No
1880;1;13;8;14;6;29;24;19;30;25;45;39;0;31;44;49;57;56;59;48;66;74;65;72;62;-1;No;No;No
1881;11;13;5;3;4;24;19;21;18;28;41;32;0;45;43;58;51;49;50;48;63;67;70;66;65;-1;No;No;No
1882;11;3;4;2;10;20;22;16;26;25;37;38;0;44;32;52;49;58;57;51;62;68;71;61;74;-1;No;No;No
1883;14;15;10;5;13;30;21;22;27;20;42;34;0;32;33;48;51;55;54;52;70;68;71;69;74;-1;No;No;No
1884;8;3;10;6;14;21;16;23;30;20;42;40;0;35;37;55;56;50;54;47;69;71;74;70;63;-1;No;No;No
1885;2;6;5;15;1;19;24;23;21;18;31;33;0;41;36;58;59;51;57;53;75;69;61;71;64;-1;No;No;No
1886;3;12;5;4;8;28;19;29;23;26;32;45;0;37;36;49;48;50;52;60;61;70;72;66;65;-1;No;No;No
1887;3;5;10;13;12;23;21;20;30;16;43;40;0;41;42;56;47;52;53;51;63;69;74;72;73;-1;No;No;No
1888;5;3;11;1;4;29;22;28;25;24;41;35;0;38;37;48;51;52;58;49;61;64;66;70;75;-1;No;No;No
1889;14;4;9;13;3;27;22;23;17;26;44;41;0;45;39;60;59;54;51;53;63;70;69;74;73;-1;No;No;No
1890;13;12;9;2;3;18;17;21;16;26;43;35;0;32;40;57;51;60;52;56;68;74;67;72;64;-1;No;No;No
1891;4;11;3;6;14;23;21;18;24;17;45;40;0;41;44;53;52;47;60;54;73;61;69;65;66;-1;No;No;No
1892;9;8;1;11;10;19;27;25;24;17;41;34;0;35;31;49;55;57;48;47;65;73;71;72;69;-1;No;No;No
1893;12;15;5;10;14;19;29;18;28;27;43;42;0;41;31;48;49;59;47;58;67;75;68;61;66;-1;No;No;No
1894;5;10;15;14;6;26;20;24;16;25;44;42;0;36;35;47;46;58;48;57;75;64;71;74;61;-1;No;No;No
1895;4;11;15;2;5;23;20;18;24;30;41;33;0;31;44;55;49;54;56;58;62;72;74;73;65;-1;No;No;No
1896;5;10;3;8;1;29;16;26;18;17;40;33;0;32;38;49;50;53;57;52;67;66;72;62;61;-1;No;No;No
1897;12;4;8;11;13;29;24;18;19;21;33;32;0;36;40;57;54;53;59;56;63;70;61;75;64;-1;No;No;No
1898;12;15;11;4;9;22;17;30;23;20;37;36;0;35;41;53;58;50;49;48;61;72;67;66;63;-1;No;No;No
1899;12;4;8;10;7;24;30;23;29;25;40;43;0;35;39;57;55;49;51;56;71;65;62;69;73;-1;No;No;No
1900;5;10;8;4;13;16;19;21;20;30;34;42;0;41;45;56;55;48;46;50;71;69;67;73;72;-1;No;No;No
1901;15;10;12;4;14;22;20;30;18;19;32;33;0;42;31;50;55;54;49;58;66;71;61;65;70;-1;No;No;No
1902;15;4;11;12;3;27;23;22;24;19;42;44;0;32;35;47;49;46;50;60;65;62;74;63;66;-1;No;No;No
1903;14;13;10;9;1;26;30;21;19;29;43;42;0;36;39;47;46;48;57;56;65;61;71;63;70;-1;No;No;No
1904;9;8;10;5;13;21;26;25;16;27;32;35;0;41;42;47;49;54;50;48;62;70;73;71;63;-1;No;No;No
1905;6;12;15;11;7;20;18;19;21;17;41;38;0;43;33;48;51;56;52;50;64;62;74;75;65;-1;No;No;No
1906;10;8;11;12;2;30;21;20;19;29;43;41;0;31;42;60;51;55;50;54;75;65;71;66;62;-1;No;No;No
1907;11;15;13;4;5;26;23;25;22;28;43;42;0;37;36;56;53;58;57;48;69;65;68;61;63;-1;No;No;No
1908;2;14;7;1;6;28;19;17;30;25;38;31;0;35;37;48;49;51;56;54;69;70;67;71;74;-1;No;No;No
1909;3;12;2;7;6;21;18;25;17;16;31;38;0;40;39;46;51;56;55;49;61;70;71;75;74;-1;No;No;No
1910;5;15;11;9;1;30;21;19;22;20;39;38;0;45;44;57;55;58;53;51;71;65;75;70;63;-1;No;No;No
1911;11;1;5;12;10;25;19;23;21;16;44;31;0;40;43;48;57;55;59;49;73;64;71;72;67;-1;No;No;No
1912;6;12;11;9;2;22;19;25;27;30;45;32;0;40;34;48;49;55;59;47;65;64;63;67;71;-1;No;No;No
1913;13;8;2;11;7;23;22;18;28;21;43;44;0;32;38;53;51;50;55;48;67;68;66;69;65;-1;No;No;No
1914;3;14;13;8;12;16;22;26;21;24;43;44;0;37;31;59;46;48;47;53;75;70;63;69;68;-1;No;No;No
1915;1;8;13;2;7;25;29;24;27;30;44;39;0;35;38;53;49;51;52;55;71;67;65;66;63;-1;No;No;No
1916;7;5;6;9;4;17;20;30;19;29;42;40;0;39;35;53;51;52;46;50;65;66;61;71;67;-1;No;No;No
1917;7;2;12;11;9;23;25;16;20;22;37;44;0;32;38;46;58;50;59;60;73;71;61;70;65;-1;No;No;No
1918;3;11;15;10;9;28;25;24;22;30;34;42;0;45;36;53;49;51;54;55;61;66;71;69;65;-1;No;No;No
1919;8;9;1;10;14;23;20;30;26;29;40;37;0;32;34;54;51;59;55;46;64;62;63;72;75;-1;No;No;No
1920;3;8;1;11;2;26;24;21;25;17;38;31;0;37;33;56;57;53;60;55;71;64;61;62;63;-1;No;No;No
1921;5;15;14;7;6;24;16;20;18;17;31;41;0;45;40;51;48;55;46;59;72;63;69;68;71;-1;No;No;No
1922;2;10;12;8;11;21;29;19;23;17;41;33;0;39;32;48;60;53;52;57;72;62;74;61;65;-1;No;No;No
1923;6;7;2;1;11;18;28;27;17;26;37;43;0;39;38;46;56;51;58;47;61;66;62;69;65;-1;No;No;No
1924;10;11;14;9;15;29;30;23;25;16;40;35;0;38;41;60;55;53;47;49;61;68;69;74;71;-1;No;No;No
1925;10;1;8;2;7;19;17;30;21;16;41;40;0;31;33;47;46;56;49;55;62;66;65;75;61;-1;No;No;No
1926;8;2;1;4;6;19;21;18;26;20;31;36;0;35;37;46;59;60;58;48;65;74;67;68;71;-1;No;No;No
1927;7;14;2;15;1;20;28;30;25;22;36;42;0;32;40;47;59;49;54;51;62;71;64;61;70;-1;No;No;No
1928;11;1;15;14;9;24;16;28;25;30;32;43;0;39;38;59;57;51;58;55;71;65;66;73;69;-1;No;No;No
1929;9;12;8;13;1;28;30;23;21;22;31;37;0;35;42;56;59;54;57;46;61;71;68;74;70;-1;No;No;No
1930;6;15;7;10;13;25;18;30;17;24;31;41;0;40;36;50;46;59;49;60;71;63;66;61;67;-1;No;No;No
1931;2;13;15;9;1;22;25;20;23;28;41;37;0;31;42;53;59;49;60;48;67;71;74;66;73;-1;No;No;No
1932;11;12;3;4;1;29;24;19;18;23;38;32;0;37;34;56;57;52;51;54;65;68;66;62;67;-1;No;No;No
1933;6;10;3;5;2;28;24;21;20;19;31;37;0;44;39;57;60;50;55;56;62;71;70;72;69;-1;No;No;No
1934;7;5;15;3;8;24;29;25;16;23;41;44;0;33;32;55;54;46;57;47;74;66;69;70;75;-1;No;No;No
1935;10;2;9;13;4;26;18;23;21;30;40;41;0;33;37;59;51;57;50;60;62;63;71;67;68;-1;No;No;No
1936;14;8;4;15;12;17;30;21;27;28;36;33;0;43;32;60;49;48;59;47;63;75;68;61;64;-1;No;No;No
1937;7;13;15;6;4;21;24;17;30;25;37;41;0;32;44;52;60;51;50;48;68;75;74;72;65;-1;No;No;No
1938;14;4;6;2;3;16;21;20;19;22;39;40;0;31;38;50;59;54;47;60;72;69;62;66;61;-1;No;No;No
1939;8;15;10;6;5;24;19;29;28;16;32;43;0;42;31;46;49;54;51;57;69;61;62;75;72;-1;No;No;No
1940;2;13;3;1;11;18;25;16;27;17;37;41;0;38;31;54;50;56;47;57;71;75;72;63;64;-1;No;No;No
1941;12;5;7;4;15;18;19;28;23;16;36;41;0;34;40;49;59;48;52;53;63;65;67;69;75;-1;No;No;No
1942;4;7;6;10;5;19;25;28;16;27;43;31;0;42;44;53;56;51;58;52;68;62;63;72;65;-1;No;No;No
1943;9;8;14;3;5;29;21;24;18;23;31;34;0;32;33;59;51;52;58;49;62;61;64;65;72;-1;No;No;No
1944;12;14;15;7;10;16;30;26;25;21;40;31;0;44;43;56;47;57;51;55;70;68;71;65;64;-1;No;No;No
1945;4;9;8;14;15;23;21;27;26;22;37;31;0;38;45;50;59;52;57;60;73;75;61;72;71;-1;No;No;No
1946;14;8;1;12;7;24;20;28;27;22;39;38;0;37;33;51;49;54;56;50;74;75;73;72;69;-1;No;No;No
1947;8;15;13;6;10;27;19;25;24;23;40;34;0;38;33;57;47;51;60;46;67;72;66;73;74;-1;No;No;No
1948;12;15;6;1;3;20;24;27;23;26;34;44;0;31;41;58;51;57;48;59;69;66;73;65;64;-1;No;No;No
1949;6;8;12;5;14;23;19;18;30;17;45;40;0;42;34;57;56;54;50;60;62;68;73;63;65;-1;No;No;No
1950;10;5;13;15;3;23;20;18;27;19;39;43;0;38;42;51;58;47;60;59;74;73;61;70;64;-1;No;No;No
1951;3;5;11;4;15;17;19;27;16;18;35;31;0;44;32;57;60;49;50;47;71;65;75;73;74;-1;No;No;No
1952;6;14;13;4;11;26;23;21;30;17;31;38;0;36;35;48;57;58;54;53;63;75;71;73;66;-1;No;No;No
1953;9;4;1;14;6;23;22;21;26;17;43;37;0;38;35;50;49;55;57;54;67;74;65;63;73;-1;No;No;No
1954;2;11;9;13;12;27;30;23;16;25;40;31;0;34;44;49;59;60;47;46;61;64;73;65;70;-1;No;No;No
1955;13;10;1;15;12;21;26;20;17;19;37;44;0;38;32;56;59;49;60;53;63;67;68;66;72;-1;No;No;No
1956;7;4;3;9;6;25;23;22;24;26;36;33;0;38;32;54;51;56;50;46;64;69;74;61;73;-1;No;No;No
1957;13;11;2;14;6;23;18;22;17;21;37;32;0;40;45;51;54;50;52;47;68;64;72;61;65;-1;No;No;No
1958;11;13;12;9;8;17;27;28;26;29;41;45;0;37;34;59;60;56;50;57;71;64;63;66;70;-1;No;No;No
1959;14;6;10;15;9;30;21;26;17;16;38;37;0;40;39;47;48;50;56;49;67;72;70;73;63;-1;No;No;No
1960;5;2;15;4;14;17;16;28;29;27;45;43;0;32;33;57;58;47;54;46;66;62;65;61;71;-1;No;No;No
1961;15;5;14;3;12;23;22;25;26;21;44;37;0;36;41;54;51;52;50;56;64;70;69;62;65;-1;No;No;No
1962;9;12;3;4;11;16;17;23;20;24;44;41;0;39;40;52;47;51;56;57;61;69;73;68;75;-1;No;No;No
1963;5;8;13;15;14;24;21;22;23;30;36;42;0;44;45;54;58;49;60;59;67;64;61;70;71;-1;No;No;No
1964;3;1;8;6;2;23;30;18;20;22;45;32;0;34;42;51;47;50;56;48;73;64;74;75;71;-1;No;No;No
1965;12;4;11;1;8;28;20;18;19;17;40;32;0;33;45;53;60;51;50;55;63;74;73;75;64;-1;No;No;No
1966;10;5;15;14;12;27;30;17;21;23;36;41;0;42;40;49;50;59;60;51;72;67;66;63;69;-1;No;No;No
1967;5;15;7;14;6;21;26;25;18;17;38;32;0;42;39;52;51;50;49;54;75;67;61;68;62;-1;No;No;No
1968;10;4;13;11;15;20;21;17;30;25;40;35;0;37;32;47;52;59;54;46;73;70;69;61;72;-1;No;No;No
1969;14;10;2;15;8;22;26;16;23;18;34;38;0;37;44;54;49;51;48;53;61;63;71;67;66;-1;No;No;No
1970;5;10;9;2;4;21;26;20;24;19;38;43;0;31;37;56;47;59;51;50;69;75;67;71;70;-1;No;No;No
1971;2;12;6;15;14;17;18;29;26;16;35;38;0;43;33;46;49;53;47;48;61;72;66;67;74;-1;No;No;No
1972;12;2;3;8;13;18;20;21;28;29;44;41;0;38;39;46;56;52;55;48;63;65;61;75;70;-1;No;No;No
1973;11;2;9;14;8;30;18;29;27;22;42;33;0;44;41;56;57;51;55;60;67;65;66;74;75;-1;No;No;No
1974;2;6;15;1;14;28;20;17;23;19;32;33;0;43;36;51;53;59;49;58;67;66;61;71;70;-1;No;No;No
1975;7;15;2;5;4;20;22;29;26;18;40;39;0;42;33;58;53;48;54;55;68;65;70;67;64;-1;No;No;No
1976;9;4;8;11;15;27;19;21;30;25;32;38;0;44;34;56;58;57;55;46;66;71;70;61;62;-1;No;No;No
1977;13;2;14;15;4;16;20;26;25;24;35;32;0;41;31;54;49;48;51;53;74;73;61;68;66;-1;No;No;No
1978;8;15;10;9;13;18;16;24;22;23;42;45;0;32;31;50;54;60;59;53;74;73;71;70;72;-1;No;No;No
1979;7;6;1;11;14;27;22;20;19;24;35;45;0;44;38;58;49;50;59;55;64;61;63;75;66;-1;No;No;No
1980;11;6;7;9;4;24;28;21;27;30;43;32;0;35;44;47;57;50;55;56;68;63;66;73;71;-1;No;No;No
1981;1;10;3;6;13;19;16;21;23;18;40;32;0;31;33;47;59;48;46;49;73;70;61;67;69;-1;No;No;No
1982;13;2;12;4;1;24;20;21;26;19;41;43;0;31;39;51;47;59;52;55;62;75;67;61;65;-1;No;No;No
1983;10;7;12;8;1;29;27;20;25;19;32;42;0;40;34;52;56;57;51;54;71;73;74;68;66;-1;No;No;No
1984;9;10;6;15;14;21;30;22;29;18;40;41;0;31;32;52;55;51;59;47;68;67;62;69;63;-1;No;No;No
1985;11;10;9;7;8;30;24;21;27;17;43;40;0;39;41;53;51;58;56;57;73;72;75;69;61;-1;No;No;No
1986;8;12;2;11;7;29;21;20;17;16;32;37;0;41;42;47;46;51;60;48;73;71;61;72;74;-1;No;No;No
1987;10;14;12;11;13;23;21;26;25;22;42;36;0;31;33;52;51;54;46;60;68;69;63;72;73;-1;No;No;No
1988;12;1;10;7;6;27;26;29;20;17;45;40;0;44;38;55;54;49;50;53;61;67;73;71;75;-1;No;No;No
1989;10;14;8;1;9;21;25;28;20;26;34;40;0;45;44;49;53;55;60;59;64;62;68;70;66;-1;No;No;No
1990;14;15;4;1;6;20;29;30;19;16;41;40;0;39;35;50;52;51;47;54;68;61;71;63;62;-1;No;No;No
1991;7;5;12;2;15;18;30;29;23;17;39;33;0;32;40;47;57;58;54;51;65;70;74;73;68;-1;No;No;No
1992;9;8;6;10;15;23;22;20;21;17;34;40;0;31;44;55;60;51;48;47;67;74;68;72;75;-1;No;No;No
1993;7;4;3;15;6;29;16;25;21;24;32;33;0;40;36;49;58;55;47;57;67;65;69;66;63;-1;No;No;No
1994;15;2;7;9;6;21;30;26;27;16;41;31;0;36;38;50;57;49;46;48;68;61;72;70;67;-1;No;No;No
1995;5;15;13;14;12;20;21;28;29;25;36;32;0;31;38;58;49;47;57;48;72;64;66;65;70;-1;No;No;No
1996;9;10;5;8;7;21;25;24;20;28;36;39;0;42;41;46;54;47;57;60;61;68;63;71;69;-1;No;No;No
1997;13;10;9;4;14;20;29;27;19;28;45;41;0;36;44;48;59;57;50;53;75;74;65;71;61;-1;No;No;No
1998;14;8;5;4;11;21;16;22;26;24;42;35;0;41;36;53;58;60;59;57;68;74;71;67;66;-1;No;No;No
1999;2;7;6;12;9;22;16;19;18;25;41;31;0;40;44;46;56;51;58;55;74;69;73;75;61;-1;No;No;No
2000;15;5;12;11;4;26;25;22;16;29;45;33;0;31;37;53;48;47;54;50;64;69;71;63;73;-1;No;No;No
2001;2;12;15;11;10;20;24;28;30;17;41;36;0;42;32;48;47;50;54;52;72;75;66;71;64;-1;No;No;No
2002;10;5;11;9;8;18;17;21;30;19;36;44;0;38;39;47;52;49;54;51;70;73;71;63;67;-1;No;No;No
2003;11;1;13;10;12;18;16;29;17;24;33;34;0;42;37;55;53;47;58;46;70;69;68;66;71;-1;No;No;No
2004;2;12;3;4;5;25;24;20;19;16;40;43;0;44;33;46;49;56;59;55;68;66;70;65;71;-1;No;No;No
2005;4;14;15;11;13;20;24;30;23;16;41;39;0;36;38;49;54;53;48;50;73;72;62;71;61;-1;No;No;No
2006;7;11;3;15;8;25;29;27;26;18;43;36;0;34;40;56;54;47;51;50;62;65;61;66;68;-1;No;No;No
2007;1;8;3;14;11;26;22;28;20;21;44;45;0;36;41;54;55;46;60;53;74;72;73;70;65;-1;No;No;No
2008;13;3;8;14;2;27;30;21;18;20;42;45;0;43;36;46;56;48;59;58;69;75;72;68;74;-1;No;No;No
2009;9;15;4;1;8;17;20;26;23;18;45;31;0;41;32;51;57;59;46;47;73;75;64;71;63;-1;No;No;No
2010;10;6;13;7;3;20;25;21;18;23;41;42;0;43;33;54;57;59;48;55;67;70;75;65;73;-1;No;No;No
2011;14;6;12;9;15;20;30;28;29;25;36;45;0;40;44;58;48;59;46;51;63;65;62;69;71;-1;No;No;No
2012;2;10;6;15;12;22;24;17;29;26;33;35;0;41;31;54;60;50;47;55;66;68;72;73;71;-1;No;No;No
2013;15;6;5;12;4;20;26;28;21;25;39;33;0;38;45;51;56;46;48;55;71;68;67;72;66;-1;No;No;No
2014;1;2;11;10;13;30;21;27;23;22;45;32;0;36;35;49;52;51;48;46;71;70;69;68;72;-1;No;No;No
2015;10;7;12;9;3;26;28;21;30;19;38;35;0;31;37;47;56;54;50;51;63;66;75;64;74;-1;No;No;No
2016;2;9;13;3;12;25;22;24;16;30;39;44;0;43;33;52;57;54;47;50;67;74;75;63;69;-1;No;No;No
2017;4;14;2;8;3;20;23;16;21;25;41;39;0;32;44;54;49;58;52;57;61;62;68;66;64;-1;No;No;No
2018;1;10;8;11;14;26;29;27;25;18;40;31;0;32;43;54;48;56;51;58;66;73;71;65;72;-1;No;No;No
2019;14;2;4;10;6;24;22;30;27;25;34;39;0;38;45;50;57;47;51;46;75;74;66;71;70;-1;No;No;No
2020;12;7;13;1;6;21;26;18;29;22;33;40;0;35;32;48;53;52;60;51;62;72;68;61;75;-1;No;No;No
2021;3;10;9;4;12;20;17;21;18;30;35;44;0;34;41;59;51;54;55;60;64;68;61;74;71;-1;No;No;No
2022;3;1;6;11;13;28;25;19;24;17;45;36;0;39;31;48;52;51;50;55;70;61;63;68;67;-1;No;No;No
2023;6;2;1;5;7;25;17;30;22;27;32;45;0;37;39;55;48;47;51;56;72;62;70;61;63;-1;No;No;No
2024;15;12;5;9;13;30;17;26;24;25;35;38;0;37;41;52;54;51;59;47;61;74;71;70;73;-1;No;No;No
2025;2;1;15;7;3;29;30;18;17;22;37;31;0;45;33;52;51;56;58;54;69;74;63;66;62;-1;No;No;No
2026;5;14;9;6;2;29;24;26;16;25;44;37;0;36;43;58;52;55;56;59;67;64;63;70;71;-1;No;No;No
2027;14;9;12;4;3;17;16;22;28;26;40;31;0;43;42;51;52;47;50;56;75;74;73;66;70;-1;No;No;No
2028;15;10;4;6;9;17;23;27;20;26;37;36;0;35;33;58;48;59;47;57;67;74;68;71;75;-1;No;No;No
2029;11;9;13;8;4;23;20;29;28;21;45;41;0;31;44;60;48;51;58;59;75;65;71;61;64;-1;No;No;No
2030;6;10;5;4;14;19;29;18;21;16;31;34;0;44;43;51;46;53;52;50;73;75;61;74;71;-1;No;No;No
2031;10;12;13;4;15;27;19;26;29;25;36;35;0;39;33;47;60;48;50;55;71;64;61;62;74;-1;No;No;No
2032;6;5;4;8;10;19;22;23;26;25;42;33;0;44;43;60;58;56;47;48;62;70;71;61;72;-1;No;No;No
2033;14;6;2;12;13;30;21;16;22;19;36;39;0;41;42;47;52;51;46;50;72;62;61;64;74;-1;No;No;No
2034;1;6;10;12;5;27;20;26;21;19;37;36;0;39;43;56;53;55;58;57;64;67;71;63;65;-1;No;No;No
2035;4;8;14;12;7;16;27;26;19;20;41;39;0;32;43;57;53;51;50;58;73;71;75;74;63;-1;No;No;No
2036;15;1;13;3;8;21;23;19;30;24;35;32;0;34;31;51;46;53;54;59;73;71;70;69;62;-1;No;No;No
2037;5;8;11;4;2;18;17;20;27;26;43;41;0;42;45;46;49;57;55;52;64;74;75;63;62;-1;No;No;No
2038;14;9;15;4;8;23;25;21;18;20;36;35;0;38;42;58;53;52;57;49;75;61;63;66;72;-1;No;No;No
2039;15;8;7;3;10;27;26;29;30;20;34;35;0;40;39;52;51;50;54;56;65;61;69;66;64;-1;No;No;No
2040;2;14;4;3;15;30;28;27;20;29;42;41;0;40;44;55;50;54;51;48;62;63;72;71;75;-1;No;No;No
2041;11;8;12;7;2;26;18;23;17;27;44;31;0;37;32;53;55;50;51;47;62;66;74;75;64;-1;No;No;No
2042;2;7;5;1;10;19;16;21;28;20;40;39;0;41;35;58;53;52;46;49;70;73;72;74;66;-1;No;No;No
2043;2;9;15;7;6;17;26;16;25;22;33;40;0;41;39;51;58;53;52;54;71;74;69;64;61;-1;No;No;No
2044;15;13;11;3;6;24;30;19;29;18;31;32;0;42;38;55;59;58;51;53;70;74;65;73;64;-1;No;No;No
2045;7;11;15;2;14;22;24;30;29;20;42;39;0;40;32;57;54;48;58;56;69;67;68;64;72;-1;No;No;No
2046;6;14;11;4;7;23;29;28;19;25;32;43;0;33;38;51;59;58;46;50;63;69;75;67;71;-1;No;No;No
2047;11;9;14;5;8;17;16;19;24;21;38;42;0;45;39;49;56;59;55;54;70;67;72;68;62;-1;No;No;No
2048;8;3;6;5;4;25;29;18;19;30;37;38;0;41;31;59;55;50;52;49;64;67;61;69;63;-1;No;No;No
2049;9;12;4;7;10;23;22;17;20;16;42;41;0;32;44;50;58;48;55;57;70;73;61;65;64;-1;No;No;No
2050;6;4;9;7;8;25;24;29;20;19;41;37;0;45;31;51;59;57;58;53;75;73;70;63;64;-1;No;No;No
2051;11;13;2;5;1;24;21;17;26;25;41;31;0;45;42;48;52;51;56;50;64;70;68;61;63;-1;No;No;No
2052;15;5;10;4;13;16;27;25;18;26;41;42;0;31;32;60;52;49;59;54;71;63;65;70;74;-1;No;No;No
2053;1;13;7;3;14;27;30;20;19;16;45;40;0;34;44;55;52;47;57;48;66;73;62;71;69;-1;No;No;No
2054;13;5;3;12;9;17;16;21;29;24;40;36;0;34;45;57;51;46;56;48;73;66;75;74;71;-1;No;No;No
2055;7;10;11;9;15;16;27;21;23;19;37;41;0;33;35;46;60;51;54;49;73;71;61;62;74;-1;No;No;No
2056;15;8;1;6;7;23;27;16;30;19;35;43;0;45;34;50;47;55;59;52;74;73;72;70;71;-1;No;No;No
2057;12;5;14;13;7;23;18;27;30;24;38;33;0;36;41;58;48;59;60;49;64;63;71;74;75;-1;No;No;No
2058;5;15;4;3;2;28;21;24;17;19;39;42;0;31;41;46;47;50;48;51;63;65;61;69;66;-1;No;No;No
2059;14;8;10;3;11;17;22;20;21;28;41;45;0;33;36;59;51;46;52;57;69;66;75;73;74;-1;No;No;No
2060;4;5;15;1;14;21;23;20;17;18;43;34;0;42;40;51;58;55;56;52;68;69;61;63;74;-1;No;No;No
2061;13;1;8;9;5;18;20;29;17;26;44;31;0;37;39;55;48;49;59;58;62;68;69;65;64;-1;No;No;No
2062;10;15;13;14;4;19;26;30;18;20;37;41;0;45;36;50;49;59;56;48;67;61;72;64;70;-1;No;No;No
2063;10;5;4;7;9;24;16;23;27;22;31;45;0;35;36;50;51;57;47;55;68;65;70;69;63;-1;No;No;No
2064;7;10;6;5;3;28;23;21;18;26;32;39;0;40;45;52;60;47;51;46;64;61;63;70;75;-1;No;No;No
2065;15;3;2;7;10;21;18;25;24;17;45;39;0;34;41;51;60;59;50;49;68;70;74;73;71;-1;No;No;No
2066;2;7;13;10;12;26;28;18;25;17;34;31;0;41;33;49;51;58;60;59;67;64;69;71;75;-1;No;No;No
2067;14;15;6;13;8;27;23;21;17;16;39;44;0;34;37;51;47;55;52;59;64;66;75;74;69;-1;No;No;No
2068;7;13;15;2;14;29;17;23;28;25;32;39;0;33;38;57;47;46;52;59;71;73;64;63;66;-1;No;No;No
2069;2;3;13;12;4;16;26;19;25;18;41;40;0;38;39;55;52;46;51;60;73;64;68;72;66;-1;No;No;No
2070;15;5;7;13;9;21;29;24;20;30;42;41;0;35;34;47;50;46;52;55;61;66;71;64;70;-1;No;No;No
2071;12;13;5;15;4;16;19;24;30;18;31;41;0;32;40;50;51;48;56;54;75;61;71;62;68;-1;No;No;No
2072;15;2;13;1;8;17;21;29;23;16;35;45;0;39;37;46;50;55;49;53;61;72;65;66;73;-1;No;No;No
2073;5;1;4;6;7;22;28;30;21;27;43;39;0;34;33;57;54;56;60;55;62;64;61;71;69;-1;No;No;No
2074;9;12;6;14;7;20;19;23;30;29;37;44;0;45;36;55;54;51;46;48;71;68;75;67;65;-1;No;No;No
2075;1;12;7;11;10;28;22;21;23;26;43;39;0;34;31;49;50;60;57;47;69;74;72;66;63;-1;No;No;No
2076;4;15;5;14;6;22;16;19;27;18;33;39;0;41;36;54;49;60;47;48;73;72;62;71;64;-1;No;No;No
2077;13;10;15;3;12;20;22;30;21;19;37;42;0;43;34;50;57;54;51;49;65;63;74;64;62;-1;No;No;No
2078;2;13;11;1;6;30;17;18;21;16;34;45;0;40;39;52;57;56;47;51;68;72;61;69;67;-1;No;No;No
2079;7;12;9;11;2;30;22;26;19;29;40;31;0;41;38;50;46;51;49;48;68;70;67;72;71;-1;No;No;No
2080;4;2;3;10;5;20;21;19;30;27;32;34;0;43;40;57;56;53;48;52;72;61;75;68;65;-1;No;No;No
2081;1;10;9;6;4;21;22;19;25;30;43;32;0;39;44;51;52;49;57;60;65;75;73;63;74;-1;No;No;No
2082;7;5;3;8;6;27;23;28;26;16;40;32;0;38;35;51;59;60;52;58;75;63;74;67;66;-1;No;No;No
2083;4;14;7;3;6;27;17;18;19;16;31;36;0;41;32;46;60;48;51;47;63;71;75;73;70;-1;No;No;No
2084;7;13;12;14;6;22;30;24;18;16;34;33;0;40;42;60;55;57;59;58;61;66;65;69;70;-1;No;No;No
2085;8;7;4;11;12;19;25;29;27;17;33;44;0;36;32;53;60;49;51;59;69;68;63;64;65;-1;No;No;No
2086;1;2;9;5;4;19;29;28;21;25;40;42;0;38;37;54;52;56;51;48;72;71;70;75;63;-1;No;No;No
2087;3;7;2;14;10;18;22;26;20;28;43;37;0;34;40;59;57;58;52;60;70;65;71;66;61;-1;No;No;No
2088;15;6;13;5;11;18;16;27;29;26;36;45;0;42;34;49;48;58;53;51;71;63;61;67;62;-1;No;No;No
2089;3;6;9;5;10;27;29;23;21;20;41;44;0;43;37;48;50;51;46;47;73;64;65;69;68;-1;No;No;No
2090;11;3;10;15;9;25;18;21;24;23;32;36;0;39;31;49;52;57;60;50;74;71;65;68;63;-1;No;No;No
2091;5;4;3;6;15;18;29;20;25;16;34;36;0;39;40;55;47;54;60;59;64;71;61;69;66;-1;No;No;No
2092;7;15;6;2;1;29;19;27;28;22;36;32;0;39;31;59;53;54;46;58;70;63;61;71;64;-1;No;No;No
2093;9;2;12;4;15;22;21;29;25;28;43;40;0;34;38;58;48;50;54;47;64;63;69;68;65;-1;No;No;No
2094;14;15;12;7;5;22;16;21;20;25;40;38;0;41;39;46;51;53;54;52;63;66;69;61;68;-1;No;No;No
2095;8;2;13;4;7;25;21;16;20;18;31;44;0;39;34;54;50;57;56;55;67;65;66;71;69;-1;No;No;No
2096;7;4;8;9;11;25;23;27;21;24;35;43;0;42;40;54;46;59;55;50;69;72;75;70;74;-1;No;No;No
2097;1;9;10;14;4;23;18;16;24;17;35;39;0;37;33;56;54;51;58;53;63;68;72;62;69;-1;No;No;No
2098;10;8;11;9;2;30;24;16;21;25;45;35;0;34;40;47;57;56;51;53;70;68;62;71;64;-1;No;No;No
2099;11;1;3;6;8;19;27;30;29;22;42;41;0;33;40;53;54;60;46;57;69;75;73;64;74;-1;No;No;No
2100;7;6;14;4;2;29;24;22;30;20;36;41;0;35;40;47;49;51;48;52;67;68;72;66;63;-1;No;No;No
2101;10;12;6;2;1;22;18;28;27;24;45;44;0;31;33;60;50;53;51;55;62;63;69;68;64;-1;No;No;No
2102;11;4;8;14;9;28;21;30;19;20;43;39;0;41;40;46;57;51;50;54;75;63;72;70;65;-1;No;No;No
2103;13;3;2;4;9;22;29;20;21;18;40;31;0;43;42;57;48;58;55;46;71;64;62;65;70;-1;No;No;No
2104;1;4;9;12;11;20;24;25;23;22;38;33;0;39;42;52;59;50;58;48;64;70;63;66;74;-1;No;No;No
2105;2;4;3;1;13;18;23;26;16;25;34;41;0;31;37;57;51;53;50;59;61;63;71;70;73;-1;No;No;No
2106;12;2;10;11;13;30;18;26;20;29;44;38;0;45;36;49;55;54;52;53;74;62;68;61;63;-1;No;No;No
2107;12;11;15;13;8;19;20;25;26;21;36;35;0;39;37;57;56;58;59;53;64;70;63;68;62;-1;No;No;No
2108;13;5;14;2;6;28;19;21;23;27;34;36;0;38;45;57;47;56;46;53;65;75;69;73;72;-1;No;No;No
2109;7;2;12;9;11;30;29;21;18;23;40;41;0;39;45;52;55;46;59;60;71;75;61;74;73;-1;No;No;No
2110;7;3;11;5;8;20;21;23;30;28;35;40;0;34;31;46;50;60;49;51;61;75;65;67;64;-1;No;No;No
2111;7;8;3;11;2;30;25;26;22;18;36;33;0;45;31;57;54;46;48;56;73;71;72;66;61;-1;No;No;No
2112;12;15;10;9;13;29;22;24;23;18;34;35;0;33;39;56;52;51;53;47;75;74;68;73;67;-1;No;No;No
2113;8;6;10;3;7;30;24;18;27;26;38;32;0;37;44;53;48;50;55;54;61;66;71;69;63;-1;No;No;No
2114;9;13;14;8;12;27;22;25;26;23;32;43;0;31;41;50;60;51;59;52;66;64;65;63;69;-1;No;No;No
2115;7;15;14;11;1;20;21;27;29;16;41;43;0;44;45;51;57;50;55;60;63;65;75;71;61;-1;No;No;No
2116;15;2;13;12;5;27;26;20;30;25;41;39;0;40;33;56;51;47;55;46;72;70;73;66;64;-1;No;No;No
2117;15;8;1;6;3;20;28;19;21;16;31;35;0;41;45;59;54;60;55;49;67;61;75;73;66;-1;No;No;No
2118;15;12;9;3;10;25;21;18;20;27;44;39;0;32;31;53;58;56;49;57;63;74;75;64;62;-1;No;No;No
2119;4;11;9;3;10;28;17;19;23;25;40;31;0;33;37;55;48;56;51;57;65;70;69;66;67;-1;No;No;No
2120;8;4;14;13;10;18;27;24;21;20;44;33;0;45;36;59;47;53;58;50;67;73;69;61;68;-1;No;No;No
2121;5;12;8;3;2;25;17;24;16;19;42;33;0;35;37;51;46;48;59;50;69;73;61;63;70;-1;No;No;No
2122;2;6;7;3;11;24;16;19;21;27;33;31;0;36;42;50;47;55;52;49;73;71;75;70;74;-1;No;No;No
2123;10;9;4;3;6;24;25;23;26;17;34;42;0;32;33;52;60;53;56;54;70;75;68;69;64;-1;No;No;No
2124;8;10;15;9;5;30;18;19;20;23;39;44;0;36;42;48;47;56;51;58;64;67;71;66;62;-1;No;No;No
2125;4;12;11;3;1;23;28;16;26;25;44;35;0;43;36;56;53;54;60;52;68;72;62;61;74;-1;No;No;No
2126;6;8;4;15;14;28;23;30;17;22;41;39;0;42;43;58;57;56;51;48;70;71;69;74;67;-1;No;No;No
2127;15;9;14;11;13;25;16;21;19;18;42;33;0;31;41;53;50;52;47;58;73;63;62;61;70;-1;No;No;No
2128;1;9;13;8;3;21;20;26;27;17;40;44;0;33;38;51;54;57;60;50;62;64;71;66;61;-1;No;No;No
2129;12;15;3;7;1;20;19;18;26;27;41;40;0;37;35;57;47;51;49;50;67;72;75;73;66;-1;No;No;No
2130;5;6;7;4;9;19;24;21;16;26;44;42;0;38;32;52;50;51;55;48;61;70;69;68;63;-1;No;No;No
2131;13;8;1;11;3;30;29;16;24;18;41;38;0;34;42;47;59;58;51;60;75;65;71;61;64;-1;No;No;No
2132;13;11;5;6;7;25;17;22;19;26;32;38;0;33;42;55;53;50;54;51;64;63;65;69;71;-1;No;No;No
2133;5;4;7;2;6;30;29;19;20;27;39;33;0;44;43;51;49;50;60;47;63;64;66;72;61;-1;No;No;No
2134;4;12;3;9;1;30;17;21;19;29;41;32;0;34;35;49;58;56;52;47;70;63;71;61;67;-1;No;No;No
2135;8;5;2;1;11;16;21;20;26;25;36;35;0;33;41;46;53;52;59;48;66;69;70;67;63;-1;No;No;No
2136;14;6;15;10;9;21;30;29;20;23;43;42;0;44;40;56;54;59;48;53;72;74;61;69;71;-1;No;No;No
2137;13;7;4;11;10;16;20;19;21;30;34;40;0;44;45;50;51;49;47;46;66;62;71;69;68;-1;No;No;No
2138;8;5;7;15;1;21;29;23;25;20;40;43;0;37;35;52;51;60;59;50;65;71;67;74;73;-1;No;No;No
2139;9;2;8;11;7;25;29;28;19;18;38;36;0;33;35;58;48;59;56;47;67;65;71;66;62;-1;No;No;No
2140;3;13;1;9;12;16;26;30;28;21;41;38;0;43;36;53;54;49;51;50;70;61;72;69;71;-1;No;No;No
2141;10;4;2;3;7;18;21;20;26;29;37;41;0;35;43;50;53;57;55;54;72;66;71;65;61;-1;No;No;No
2142;10;5;9;15;8;21;19;20;18;27;34;44;0;31;33;52;54;59;53;51;73;71;62;70;64;-1;No;No;No
2143;6;15;14;5;9;28;24;26;27;30;42;32;0;37;31;51;57;50;58;56;68;66;67;61;75;-1;No;No;No
2144;8;5;12;7;14;22;30;28;18;20;38;33;0;41;39;57;51;50;54;56;71;66;65;67;61;-1;No;No;No
2145;5;8;2;3;7;19;29;27;22;28;36;44;0;40;31;55;57;53;54;59;68;62;75;65;67;-1;No;No;No
2146;13;9;4;15;14;25;24;22;29;21;36;41;0;32;31;53;59;56;50;58;70;65;61;68;64;-1;No;No;No
2147;8;12;7;5;9;28;23;20;22;19;37;45;0;44;31;58;46;52;54;50;74;61;75;71;70;-1;No;No;No
2148;15;4;10;12;2;24;16;22;20;21;35;43;0;33;42;53;56;52;58;48;64;73;61;65;71;-1;No;No;No
2149;11;14;15;1;2;17;21;26;22;28;32;42;0;41;45;59;50;48;53;58;64;61;74;75;63;-1;No;No;No
2150;15;11;1;12;7;22;18;16;29;17;36;44;0;45;33;60;55;52;50;46;73;72;67;68;71;-1;No;No;No
2151;3;9;8;7;15;23;26;25;24;30;34;40;0;42;39;50;58;47;57;56;61;66;67;68;69;-1;No;No;No
2152;2;9;5;4;3;26;24;18;25;23;35;45;0;44;36;47;52;49;46;54;64;71;75;65;66;-1;No;No;No
2153;13;14;6;9;2;30;21;16;17;27;35;38;0;42;41;49;57;47;59;46;73;68;61;62;63;-1;No;No;No
2154;7;6;2;8;12;21;26;19;20;28;32;33;0;43;44;53;59;54;47;57;63;71;74;75;62;-1;No;No;No
2155;14;2;11;1;15;21;17;28;26;27;44;40;0;31;37;52;57;51;53;49;62;66;71;73;70;-1;No;No;No
2156;7;15;10;5;4;20;23;21;24;22;36;35;0;42;40;50;58;48;49;47;62;70;63;72;66;-1;No;No;No
2157;15;13;7;2;6;28;18;27;23;17;45;41;0;31;40;51;55;60;48;54;71;70;75;61;64;-1;No;No;No
2158;5;2;1;6;11;26;20;21;27;16;41;35;0;31;40;46;55;57;60;54;70;73;69;65;72;-1;No;No;No
2159;10;2;15;12;11;21;27;26;17;24;35;41;0;39;38;54;59;53;60;49;73;66;72;61;75;-1;No;No;No
2160;10;1;8;9;14;23;22;24;27;19;32;38;0;31;34;54;60;48;59;50;71;70;62;69;75;-1;No;No;No
2161;2;15;7;3;5;28;25;27;30;23;40;31;0;35;32;51;50;48;49;58;70;64;68;72;75;-1;No;No;No
2162;13;14;8;3;7;27;18;19;20;16;44;31;0;43;40;49;55;57;51;53;70;75;69;66;65;-1;No;No;No
2163;6;2;14;7;15;21;17;16;20;18;33;42;0;41;32;48;47;57;46;58;74;75;73;64;71;-1;No;No;No
2164;11;14;15;7;6;28;30;18;27;29;43;41;0;37;31;57;59;56;50;54;63;69;64;62;68;-1;No;No;No
2165;7;10;4;5;1;25;28;29;26;27;31;35;0;38;41;46;55;52;57;47;75;74;72;69;62;-1;No;No;No
2166;15;3;5;14;13;23;30;21;22;25;35;43;0;31;42;51;59;50;56;52;65;66;71;63;62;-1;No;No;No
2167;9;12;11;4;13;20;26;30;23;25;38;37;0;32;36;53;56;50;55;60;64;70;62;75;72;-1;No;No;No
2168;2;3;5;12;1;25;20;22;21;30;34;31;0;39;42;47;59;50;56;58;68;70;72;73;71;-1;No;No;No
2169;10;4;1;6;3;30;20;25;17;19;34;40;0;43;42;51;49;53;60;52;66;67;62;65;70;-1;No;No;No
2170;12;6;5;15;4;30;18;23;25;29;44;39;0;41;33;48;54;47;57;49;66;70;71;61;75;-1;No;No;No
2171;4;10;14;13;2;16;18;25;17;20;34;45;0;35;44;56;55;58;51;52;69;62;71;61;74;-1;No;No;No
2172;4;9;10;3;2;30;24;21;19;16;32;41;0;38;45;48;53;56;58;52;63;67;74;69;61;-1;No;No;No
2173;11;9;5;10;13;26;25;20;19;23;41;38;0;39;37;47;59;54;48;58;61;73;66;74;65;-1;No;No;No
2174;12;8;6;3;1;28;16;18;22;17;45;44;0;43;41;51;58;59;57;54;66;73;61;72;70;-1;No;No;No
2175;9;5;4;7;10;19;17;18;28;29;37;43;0;34;36;55;49;51;52;58;75;66;67;61;74;-1;No;No;No
2176;15;11;1;9;8;20;19;21;22;18;32;33;0;34;35;57;58;46;56;52;73;70;63;62;69;-1;No;No;No
2177;11;4;8;7;10;17;24;23;25;27;31;40;0;33;38;60;51;55;50;46;69;63;70;62;61;-1;No;No;No
2178;13;6;10;8;15;30;26;21;19;24;31;36;0;44;37;51;48;58;57;55;73;71;75;68;64;-1;No;No;No
2179;10;1;13;8;9;21;26;23;17;22;34;35;0;42;40;53;58;49;54;55;71;67;63;70;65;-1;No;No;No
2180;7;5;13;12;6;25;22;29;21;24;35;41;0;38;39;54;59;56;49;60;61;67;63;72;74;-1;No;No;No
2181;1;11;2;5;4;22;30;20;26;21;33;44;0;43;42;58;55;60;48;49;75;71;70;74;69;-1;No;No;No
2182;4;13;3;2;7;18;25;17;20;19;31;45;0;44;36;55;49;48;54;47;64;63;68;73;62;-1;No;No;No
2183;8;2;3;9;13;16;29;19;17;30;31;32;0;41;43;54;50;52;56;57;71;65;63;64;61;-1;No;No;No
2184;2;3;7;12;5;22;18;25;19;29;43;38;0;42;36;58;56;57;54;53;64;71;61;75;62;-1;No;No;No
2185;13;6;11;12;15;28;24;26;30;20;43;41;0;33;36;46;51;48;56;55;75;70;65;69;63;-1;No;No;No
2186;5;14;1;4;15;21;27;23;18;22;37;39;0;34;36;58;52;50;54;53;63;61;64;69;71;-1;No;No;No
2187;7;12;6;9;15;21;26;17;25;24;45;35;0;40;34;50;57;47;49;51;70;71;72;65;69;-1;No;No;No
2188;3;13;2;15;4;25;20;18;24;22;37;35;0;36;45;54;52;46;53;57;66;70;73;61;68;-1;No;No;No
2189;7;6;14;11;13;25;30;18;24;20;36;39;0;33;40;48;55;52;51;47;73;65;71;63;72;-1;No;No;No
2190;15;13;5;14;7;29;19;18;21;28;38;43;0;42;37;54;47;46;53;55;72;67;74;61;70;-1;No;No;No
2191;1;15;4;14;3;26;16;20;24;25;35;38;0;41;39;46;48;47;52;59;67;73;61;64;63;-1;No;No;No
2192;10;8;12;1;7;30;28;20;23;29;33;45;0;38;41;47;57;59;50;56;65;74;75;63;66;-1;No;No;No
2193;13;14;15;6;8;29;21;22;16;28;44;32;0;31;41;47;50;52;49;51;63;61;69;68;62;-1;No;No;No
2194;14;15;6;1;12;28;21;27;29;26;33;43;0;40;32;52;49;55;46;48;74;72;65;67;61;-1;No;No;No
2195;6;8;9;1;10;24;30;27;18;26;34;42;0;40;33;54;51;53;48;60;64;71;70;72;66;-1;No;No;No
2196;1;2;14;12;7;26;21;28;20;25;31;38;0;40;41;51;49;60;47;58;74;62;70;64;69;-1;No;No;No
2197;6;13;11;9;14;20;30;29;18;24;36;41;0;35;31;49;57;60;58;53;74;68;66;65;72;-1;No;No;No
2198;1;13;14;15;10;19;18;27;17;30;40;39;0;43;38;59;58;56;47;54;73;70;72;69;68;-1;No;No;No
2199;15;10;5;13;14;19;23;26;18;22;36;37;0;34;40;52;53;55;49;48;72;63;66;65;68;-1;No;No;No
2200;13;1;12;6;2;20;22;17;19;21;32;33;0;40;43;47;49;56;53;52;68;61;73;74;66;-1;No;No;No
2201;2;14;1;9;13;28;24;21;19;22;43;45;0;38;33;55;60;53;52;49;67;75;61;73;74;-1;No;No;No
2202;15;12;10;5;11;16;18;19;21;24;35;33;0;31;43;54;59;47;53;48;62;74;64;67;63;-1;No;No;No
2203;2;15;13;8;1;29;26;16;25;21;36;39;0;32;38;49;51;52;55;48;65;64;69;66;74;-1;No;No;No
2204;3;13;5;11;12;16;18;30;19;25;34;44;0;32;43;48;58;46;51;57;68;74;65;64;72;-1;No;No;No
2205;2;8;7;10;12;28;20;25;18;19;35;41;0;43;37;47;58;53;57;52;71;73;63;72;75;-1;No;No;No
2206;4;3;15;2;14;26;19;29;28;20;38;41;0;37;45;48;56;51;46;55;68;62;70;67;72;-1;No;No;No
2207;15;11;7;2;5;27;17;25;19;16;39;33;0;32;44;51;54;50;52;47;62;66;69;75;68;-1;No;No;No
2208;2;12;7;4;8;29;21;30;25;20;36;41;0;32;40;50;51;58;46;57;62;69;74;73;68;-1;No;No;No
2209;7;4;8;13;6;25;26;19;17;16;45;39;0;31;35;55;58;51;53;48;71;67;73;69;72;-1;No;No;No
2210;5;1;9;12;4;16;29;23;18;28;39;38;0;41;43;54;57;52;55;53;68;72;61;64;63;-1;No;No;No
2211;9;8;15;12;11;21;16;20;30;19;35;34;0;43;45;47;48;54;52;51;74;71;62;75;64;-1;No;No;No
2212;6;8;3;9;7;18;28;19;21;17;33;32;0;38;44;53;55;47;54;48;69;62;68;61;73;-1;No;No;No
2213;6;13;9;15;8;27;16;22;17;26;41;34;0;45;44;60;59;46;57;51;63;71;74;72;66;-1;No;No;No
2214;14;10;9;4;3;23;19;29;28;20;45;38;0;41;31;59;58;49;60;47;65;61;70;74;71;-1;No;No;No
2215;14;12;15;10;3;19;25;24;28;29;33;36;0;42;31;58;47;59;48;57;68;74;71;63;67;-1;No;No;No
2216;1;4;8;14;15;29;23;25;22;30;42;34;0;39;45;57;48;54;53;52;67;71;66;74;65;-1;No;No;No
2217;13;8;2;14;3;18;21;16;29;22;41;44;0;39;38;57;59;58;60;49;64;65;71;62;75;-1;No;No;No
2218;5;2;11;14;8;29;30;16;20;24;38;42;0;45;33;51;53;58;47;46;71;75;73;70;65;-1;No;No;No
2219;15;13;3;2;1;25;20;24;26;22;35;37;0;31;43;48;51;50;57;53;66;72;64;61;63;-1;No;No;No
2220;10;5;15;9;14;21;30;19;20;23;39;38;0;41;42;51;60;58;53;52;71;75;72;70;61;-1;No;No;No
2221;13;7;6;12;4;23;30;22;18;17;32;40;0;45;31;48;47;51;54;59;67;64;73;66;72;-1;No;No;No
2222;5;4;14;10;13;17;21;27;19;16;31;34;0;43;42;59;54;51;53;52;73;70;61;69;64;-1;No;No;No
2223;12;7;1;6;5;29;18;19;17;23;41;39;0;33;40;56;54;52;51;55;74;62;64;75;73;-1;No;No;No
2224;9;6;14;5;13;29;21;26;24;19;45;32;0;39;38;58;48;50;54;57;64;63;74;70;71;-1;No;No;No
2225;13;6;5;4;14;23;25;30;29;17;34;41;0;38;39;59;56;54;60;46;67;61;62;74;72;-1;No;No;No
2226;7;5;9;6;15;28;16;27;26;21;45;41;0;32;40;51;60;54;49;50;75;67;71;74;62;-1;No;No;No
2227;5;6;15;14;9;21;24;16;20;30;42;34;0;35;32;51;58;55;47;57;73;63;72;70;67;-1;No;No;No
2228;11;7;14;6;2;18;21;29;30;16;37;42;0;35;32;47;57;50;56;48;72;68;73;67;74;-1;No;No;No
2229;7;14;1;10;13;23;21;22;19;17;42;45;0;43;41;48;59;50;51;58;64;71;69;63;66;-1;No;No;No
2230;9;3;1;13;2;17;21;24;23;16;39;40;0;37;32;53;58;47;56;54;72;68;69;62;71;-1;No;No;No
2231;4;14;3;13;1;16;27;22;19;20;37;36;0;33;35;52;53;54;47;55;74;75;65;61;67;-1;No;No;No
2232;13;10;4;14;11;26;30;29;21;20;40;42;0;33;39;51;49;56;58;57;71;62;61;70;63;-1;No;No;No
2233;4;2;15;5;13;26;18;20;17;25;37;41;0;32;43;50;60;59;47;56;75;66;71;72;62;-1;No;No;No
2234;5;11;1;9;10;16;28;21;24;17;34;37;0;45;35;58;47;57;56;53;74;61;62;66;65;-1;No;No;No
2235;3;15;5;1;14;19;28;21;27;17;41;45;0;44;40;58;56;53;52;49;66;61;75;67;62;-1;No;No;No
2236;9;6;12;2;4;29;26;16;30;21;36;42;0;35;34;57;54;53;50;46;62;75;61;74;73;-1;No;No;No
2237;3;13;8;15;2;16;27;23;28;17;39;38;0;37;36;54;59;52;51;46;67;73;65;64;63;-1;No;No;No
2238;4;13;7;11;12;28;21;27;23;26;45;38;0;42;37;55;58;54;49;57;75;74;63;64;72;-1;No;No;No
2239;14;7;15;5;12;21;20;25;24;26;39;34;0;42;35;56;52;53;47;54;68;63;71;62;66;-1;No;No;No
2240;15;2;5;13;14;25;21;23;20;19;36;45;0;40;32;53;54;47;58;55;71;63;61;66;65;-1;No;No;No
2241;7;15;11;2;1;28;20;26;27;16;43;44;0;32;38;50;46;49;56;57;63;75;69;68;64;-1;No;No;No
2242;14;8;7;6;13;19;21;29;24;17;37;44;0;41;31;48;49;54;50;60;75;71;64;74;73;-1;No;No;No
2243;12;13;11;9;7;23;16;29;17;24;37;35;0;34;36;54;49;51;48;47;66;71;61;68;70;-1;No;No;No
2244;9;10;7;15;12;20;25;29;18;19;41;44;0;36;45;53;47;58;54;57;65;68;62;69;67;-1;No;No;No
2245;1;3;5;13;12;19;22;20;16;26;32;43;0;37;31;48;52;56;49;59;71;67;61;75;74;-1;No;No;No
2246;4;5;10;3;9;22;25;21;24;28;31;33;0;35;41;56;54;46;51;55;72;62;65;63;69;-1;No;No;No
2247;2;12;4;9;3;26;25;17;18;30;34;38;0;40;32;56;51;53;50;58;68;62;71;70;66;-1;No;No;No
2248;7;6;10;15;4;29;30;18;25;21;44;38;0;37;45;60;53;46;51;57;73;61;72;71;66;-1;No;No;No
2249;14;13;3;5;15;29;20;30;23;24;36;35;0;41;34;51;53;54;48;46;63;70;62;66;72;-1;No;No;No
2250;5;9;11;3;10;30;23;16;22;25;45;32;0;36;35;50;59;58;49;46;61;74;71;62;70;-1;No;No;No
2251;4;14;11;3;13;20;19;21;30;25;43;36;0;39;38;46;55;57;59;47;64;62;66;74;69;-1;No;No;No
2252;13;7;15;14;9;19;25;23;28;27;33;41;0;37;43;53;50;52;59;46;65;62;64;73;66;-1;No;No;No
2253;9;14;13;1;8;19;25;29;20;24;37;40;0;36;35;57;51;55;59;54;70;75;71;62;69;-1;No;No;No
2254;12;1;2;11;10;18;23;22;25;17;36;39;0;43;33;54;51;58;60;47;70;63;67;69;74;-1;No;No;No
2255;8;6;12;14;5;30;22;16;21;23;40;42;0;43;41;57;50;56;60;53;65;61;64;71;69;-1;No;No;No
2256;14;5;1;11;4;21;27;24;20;25;40;39;0;35;37;53;46;48;59;60;61;70;71;73;68;-1;No;No;No
2257;15;11;3;5;14;27;21;28;20;25;35;44;0;42;40;59;51;46;60;48;72;66;65;69;70;-1;No;No;No
2258;14;13;4;12;2;27;17;16;18;19;43;31;0;42;45;57;52;51;47;46;61;66;72;71;64;-1;No;No;No
2259;4;10;11;8;9;28;22;16;27;21;43;38;0;31;37;54;53;50;58;56;61;65;68;71;73;-1;No;No;No
2260;12;14;9;2;13;28;23;22;26;19;45;35;0;33;32;46;48;60;57;55;68;67;61;71;66;-1;No;No;No
2261;15;9;5;2;10;20;23;28;17;22;32;43;0;38;39;46;56;55;51;59;69;74;62;68;64;-1;No;No;No
2262;15;5;10;11;1;21;30;24;27;26;32;31;0;42;41;58;46;60;49;56;73;63;71;67;72;-1;No;No;No
2263;13;9;11;4;7;24;20;25;21;22;31;44;0;32;34;59;51;52;55;50;74;71;61;70;72;-1;No;No;No
2264;7;10;14;2;13;27;24;22;17;21;31;44;0;37;41;56;49;58;59;47;74;75;64;71;69;-1;No;No;No
2265;12;3;6;14;11;21;19;17;27;16;38;32;0;41;34;55;46;47;54;60;61;74;75;73;65;-1;No;No;No
2266;5;15;14;11;4;20;16;21;29;22;34;43;0;41;40;60;50;59;56;52;73;71;63;72;70;-1;No;No;No
2267;9;5;1;12;4;21;29;22;25;30;31;35;0;43;37;51;59;52;50;55;63;68;64;61;71;-1;No;No;No
2268;11;9;13;2;15;18;22;16;20;21;44;34;0;41;37;50;54;46;47;48;74;64;68;72;63;-1;No;No;No
2269;1;9;12;4;11;29;27;21;22;16;42;39;0;41;44;54;50;53;47;52;61;66;72;65;67;-1;No;No;No
2270;13;7;12;3;6;30;29;25;28;24;45;33;0;39;40;48;56;60;52;59;67;74;65;72;73;-1;No;No;No
2271;3;12;2;15;1;27;26;23;22;16;42;32;0;43;40;46;50;56;59;47;62;68;69;66;61;-1;No;No;No
2272;7;6;13;12;11;23;30;22;21;25;38;35;0;45;39;47;57;56;50;52;73;69;67;66;68;-1;No;No;No
2273;6;13;9;11;14;21;25;24;22;20;35;44;0;38;34;56;53;55;51;57;65;71;75;70;67;-1;No;No;No
2274;6;9;13;12;2;29;18;25;17;19;41;35;0;31;34;56;52;46;51;55;65;67;69;66;73;-1;No;No;No
2275;2;12;13;6;7;17;29;16;26;30;37;45;0;34;35;59;46;51;53;48;75;70;64;67;66;-1;No;No;No
2276;3;2;4;13;15;16;30;17;29;20;38;44;0;41;45;60;57;56;59;54;71;61;65;67;72;-1;No;No;No
2277;7;14;9;6;13;25;24;16;23;22;43;33;0;44;42;47;54;56;58;52;63;67;74;66;65;-1;No;No;No
2278;6;9;15;3;4;26;30;21;29;25;32;36;0;38;42;52;56;60;59;55;65;64;74;73;75;-1;No;No;No
2279;8;3;5;6;15;18;30;19;29;22;37;36;0;41;44;58;52;55;54;59;74;71;63;62;67;-1;No;No;No
2280;10;2;3;5;15;27;21;20;18;26;36;39;0;38;40;47;46;48;51;58;65;75;74;61;72;-1;No;No;No
2281;14;13;9;3;10;19;26;16;27;18;39;41;0;43;40;49;55;59;51;50;74;68;75;62;67;-1;No;No;No
2282;1;3;5;9;8;30;26;24;18;25;32;39;0;41;42;55;46;48;53;60;63;62;71;64;67;-1;No;No;No
2283;1;13;2;4;14;21;28;23;22;25;35;41;0;33;40;59;56;46;52;51;71;75;69;74;73;-1;No;No;No
2284;4;13;14;10;12;27;24;20;28;19;35;39;0;32;33;60;54;48;51;52;75;74;67;62;61;-1;No;No;No
2285;12;10;8;2;6;19;24;25;20;23;32;34;0;45;37;46;56;49;51;59;62;74;73;63;69;-1;No;No;No
2286;10;6;14;2;8;19;16;24;26;21;37;45;0;44;41;49;59;60;58;57;70;73;69;68;72;-1;No;No;No
2287;9;13;12;14;3;26;20;23;21;27;41;31;0;35;38;58;49;48;54;53;69;66;72;61;75;-1;No;No;No
2288;2;14;8;3;7;24;29;28;18;27;37;36;0;44;32;60;55;51;54;53;75;65;71;68;74;-1;No;No;No
2289;15;8;1;14;12;23;29;20;18;28;41;31;0;42;33;59;50;49;58;60;66;71;64;65;70;-1;No;No;No
2290;15;6;4;14;8;29;27;21;18;20;43;41;0;44;34;55;51;59;46;58;66;73;65;75;62;-1;No;No;No
2291;4;11;14;6;1;17;29;26;25;28;33;32;0;44;36;59;54;49;51;50;73;71;64;61;72;-1;No;No;No
2292;3;14;11;10;2;16;23;26;22;25;31;41;0;43;35;55;50;60;51;54;70;68;65;64;61;-1;No;No;No
2293;6;2;10;11;3;24;17;19;18;21;43;36;0;33;42;46;48;58;60;51;74;68;70;61;73;-1;No;No;No
2294;5;13;10;9;2;25;30;20;17;19;36;44;0;39;38;50;59;53;60;58;73;65;69;62;68;-1;No;No;No
2295;9;8;3;14;2;22;30;25;16;17;36;35;0;39;34;50;53;52;51;46;71;75;66;67;68;-1;No;No;No
2296;2;9;15;3;6;25;16;26;18;17;37;34;0;35;44;50;57;56;60;59;66;70;61;71;69;-1;No;No;No
2297;11;13;14;8;10;21;29;22;28;19;41;39;0;31;37;51;48;55;52;50;65;69;61;71;63;-1;No;No;No
2298;12;3;10;5;11;16;29;18;28;20;42;44;0;38;40;60;47;49;46;56;63;64;67;74;61;-1;No;No;No
2299;6;9;1;4;11;24;18;21;20;23;38;35;0;32;37;56;57;50;46;55;67;61;71;66;70;-1;No;No;No
2300;15;7;2;10;8;22;20;18;21;26;41;35;0;43;39;47;54;59;51;46;70;64;73;66;74;-1;No;No;No
2301;4;11;1;6;5;27;28;23;24;16;32;40;0;45;38;53;54;52;47;51;68;71;70;67;61;-1;No;No;No
2302;6;8;13;9;7;22;20;29;30;19;43;31;0;42;45;56;50;51;55;54;70;71;66;69;63;-1;No;No;No
2303;5;13;1;2;4;23;21;25;22;20;38;37;0;31;40;55;59;48;51;58;61;75;62;66;64;-1;No;No;No
2304;8;1;3;6;13;23;24;26;16;30;43;33;0;31;41;51;50;46;55;53;66;70;71;75;67;-1;No;No;No
2305;4;7;13;9;6;25;23;24;30;20;43;42;0;32;39;51;47;46;50;54;69;68;63;71;64;-1;No;No;No
2306;7;2;1;11;3;20;17;28;23;16;44;31;0;36;35;50;59;55;49;47;69;70;74;75;68;-1;No;No;No
2307;12;15;3;10;6;22;30;28;26;17;33;41;0;32;31;60;58;49;50;47;63;73;62;68;71;-1;No;No;No
2308;3;14;7;2;6;21;16;19;17;23;37;31;0;41;32;46;50;59;49;51;62;66;65;64;71;-1;No;No;No
2309;12;11;6;8;9;20;16;30;27;29;41;32;0;44;40;57;56;46;54;58;68;71;74;69;61;-1;No;No;No
2310;12;13;11;4;14;18;29;23;30;19;36;43;0;33;42;55;53;49;52;48;68;66;62;64;61;-1;No;No;No
2311;11;5;8;14;9;21;18;24;23;22;31;41;0;40;32;55;51;53;60;58;71;64;74;62;63;-1;No;No;No
2312;5;2;4;14;3;22;25;23;26;24;34;44;0;40;43;47;51;50;60;59;75;72;68;70;74;-1;No;No;No
2313;9;15;12;11;10;28;18;17;22;27;33;45;0;41;43;47;50;48;46;49;71;73;66;61;72;-1;No;No;No
2314;3;14;2;11;7;17;20;26;22;19;39;38;0;36;37;53;48;58;50;51;61;63;75;62;67;-1;No;No;No
2315;11;10;2;12;13;19;18;28;20;17;41;40;0;37;38;55;49;47;50;46;66;64;63;71;75;-1;No;No;No
2316;6;4;7;3;15;24;29;30;23;18;38;31;0;35;33;60;56;55;58;53;74;72;71;70;75;-1;No;No;No
2317;1;13;6;12;11;17;22;30;25;16;39;33;0;32;45;49;51;58;48;54;70;66;75;74;62;-1;No;No;No
2318;15;12;5;1;3;28;20;22;25;17;33;38;0;41;34;53;48;56;47;52;73;68;75;61;63;-1;No;No;No
2319;14;6;11;5;1;26;25;17;23;24;38;33;0;35;44;51;56;46;50;54;75;71;67;66;68;-1;No;No;No
2320;10;13;6;3;8;22;29;19;28;18;39;37;0;38;36;48;53;52;56;59;72;65;70;71;64;-1;No;No;No
2321;13;3;8;2;14;28;17;26;20;16;31;41;0;37;44;57;47;56;48;54;71;64;61;73;70;-1;No;No;No
2322;10;12;14;4;5;27;26;17;21;19;36;32;0;42;35;60;55;51;53;48;61;63;67;74;68;-1;No;No;No
2323;1;8;4;14;11;19;17;28;16;18;42;37;0;33;35;56;51;46;55;60;67;75;66;71;64;-1;No;No;No
2324;13;11;15;1;5;25;18;21;17;20;45;41;0;43;42;53;47;51;48;54;73;71;61;68;72;-1;No;No;No
2325;15;5;1;7;4;18;21;29;28;16;41;35;0;33;37;52;57;58;51;46;61;71;69;68;66;-1;No;No;No
2326;13;15;14;9;1;30;17;18;29;16;32;34;0;42;38;56;51;47;54;49;68;72;70;67;69;-1;No;No;No
2327;10;14;15;13;3;22;25;16;29;20;45;36;0;39;34;48;54;57;56;49;68;70;64;71;63;-1;No;No;No
2328;8;1;12;10;7;21;17;22;27;19;33;44;0;31;45;60;48;51;46;50;74;65;63;71;62;-1;No;No;No
2329;9;2;12;7;1;23;18;17;19;24;40;31;0;34;36;53;48;60;50;59;61;64;65;63;69;-1;No;No;No
2330;3;7;13;14;6;28;17;16;21;24;34;35;0;44;37;47;49;59;48;58;69;64;74;71;63;-1;No;No;No
2331;10;9;1;14;12;29;17;27;30;25;37;35;0;31;43;51;49;55;54;56;71;73;72;64;61;-1;No;No;No
2332;9;1;6;8;5;17;29;30;21;22;39;40;0;35;45;57;56;46;59;52;70;71;64;75;72;-1;No;No;No
2333;3;2;10;12;13;19;25;18;21;16;40;37;0;41;44;50;59;52;54;53;66;69;68;72;65;-1;No;No;No
2334;3;7;10;1;11;24;28;19;16;17;34;41;0;32;44;50;54;47;53;58;63;71;74;65;62;-1;No;No;No
2335;11;14;6;9;8;21;16;26;17;25;32;37;0;34;33;60;55;48;59;53;61;65;64;66;67;-1;No;No;No
2336;11;12;10;14;5;28;24;16;21;29;40;44;0;33;34;51;60;56;47;52;67;69;70;74;71;-1;No;No;No
2337;13;11;15;14;12;18;19;21;17;22;32;41;0;44;40;48;52;46;51;50;61;67;63;65;66;-1;No;No;No
2338;14;13;12;11;5;28;16;25;22;20;37;31;0;45;34;57;53;48;51;46;74;75;65;70;61;-1;No;No;No
2339;14;5;12;13;11;26;24;17;19;29;38;43;0;45;37;57;54;53;52;51;72;66;61;73;71;-1;No;No;No
2340;5;2;15;9;8;29;18;25;20;28;32;31;0;45;41;50;56;58;52;46;63;61;69;66;65;-1;No;No;No
2341;6;13;14;10;12;27;23;17;19;30;45;36;0;34;35;51;47;57;53;56;69;72;71;70;67;-1;No;No;No
2342;6;8;13;7;5;27;21;17;30;29;41;33;0;32;31;46;51;49;60;54;67;64;68;63;62;-1;No;No;No
2343;6;10;4;5;2;16;21;22;23;20;40;36;0;33;42;55;51;50;58;56;61;68;70;62;65;-1;No;No;No
2344;9;14;15;1;12;16;18;19;25;24;31;39;0;38;33;58;59;47;54;50;69;70;66;67;65;-1;No;No;No
2345;12;11;8;1;5;26;29;28;21;27;42;38;0;36;44;53;47;51;59;46;70;71;69;61;68;-1;No;No;No
2346;10;7;9;4;8;30;24;23;27;26;43;39;0;42;34;51;50;53;47;46;68;62;66;71;65;-1;No;No;No
2347;14;2;9;3;4;25;19;18;26;17;40;45;0;35;39;49;53;52;51;55;74;67;68;62;63;-1;No;No;No
2348;11;1;5;12;10;18;21;29;28;24;39;33;0;41;36;58;53;51;59;49;72;63;62;73;61;-1;No;No;No
2349;10;4;8;12;6;18;29;21;28;16;41;34;0;35;39;55;59;52;51;50;70;61;71;66;68;-1;No;No;No
2350;2;3;15;8;6;19;30;18;28;27;41;34;0;31;33;59;52;51;58;50;72;61;71;75;74;-1;No;No;No
2351;10;13;14;2;15;27;21;19;23;16;35;44;0;39;42;57;56;53;51;55;67;73;74;63;66;-1;No;No;No
2352;15;9;10;14;6;18;26;27;24;23;36;45;0;44;43;59;60;46;53;50;67;71;65;61;63;-1;No;No;No
2353;6;2;4;13;10;23;17;26;24;18;44;45;0;42;43;46;58;60;54;49;61;74;72;73;67;-1;No;No;No
2354;9;14;11;8;12;27;17;16;23;25;44;41;0;43;35;51;58;53;60;57;68;73;62;67;61;-1;No;No;No
2355;14;12;10;9;2;21;25;23;16;24;35;31;0;32;39;54;51;55;52;48;70;69;63;67;68;-1;No;No;No
2356;12;4;3;14;15;17;21;27;28;20;36;33;0;40;41;48;49;50;46;60;61;67;66;63;71;-1;No;No;No
2357;2;4;10;6;12;28;29;30;20;19;45;36;0;32;41;51;58;56;53;54;71;74;70;75;64;-1;No;No;No
2358;14;15;10;13;9;27;23;16;17;21;37;35;0;33;39;53;58;47;49;60;68;67;65;75;72;-1;No;No;No
2359;9;4;6;2;11;18;16;19;24;23;31;33;0;40;36;60;51;54;47;58;65;66;62;72;69;-1;No;No;No
2360;11;9;8;7;14;17;24;25;23;19;37;33;0;41;39;53;47;48;55;59;68;61;66;71;62;-1;No;No;No
2361;8;12;6;13;4;29;18;28;30;24;43;41;0;33;34;60;58;50;57;56;66;73;75;74;67;-1;No;No;No
2362;2;8;14;3;5;27;30;25;19;18;32;41;0;31;44;53;47;51;55;52;71;74;67;66;64;-1;No;No;No
2363;9;2;14;4;3;25;29;24;23;30;32;41;0;43;31;47;52;48;55;50;69;62;72;71;61;-1;No;No;No
2364;15;9;4;8;11;16;19;24;18;27;31;32;0;42;41;47;57;56;51;49;71;62;75;70;74;-1;No;No;No
2365;15;13;10;7;3;24;26;20;19;16;37;40;0;43;39;53;55;51;50;54;75;64;61;67;71;-1;No;No;No
2366;3;10;2;9;13;30;29;19;22;24;37;35;0;39;45;51;53;59;50;58;75;74;65;69;73;-1;No;No;No
2367;3;4;5;7;14;18;29;16;17;21;41;45;0;32;31;50;49;60;58;48;63;66;71;70;65;-1;No;No;No
2368;5;3;7;12;1;23;25;21;20;19;32;42;0;35;43;50;60;51;59;56;64;67;74;75;70;-1;No;No;No
2369;15;3;11;14;7;18;30;28;29;19;43;44;0;42;38;60;55;59;51;48;67;68;66;65;73;-1;No;No;No
2370;6;12;4;5;10;27;29;21;26;30;33;41;0;37;45;47;60;54;50;59;67;71;72;70;69;-1;No;No;No
2371;8;6;3;7;2;21;16;29;22;30;34;45;0;41;37;51;50;57;55;52;61;70;65;64;66;-1;No;No;No
2372;14;12;7;15;13;30;23;24;21;16;35;42;0;31;43;46;51;48;47;53;70;75;69;74;68;-1;No;No;No
2373;11;15;4;3;5;22;24;30;20;25;39;37;0;33;34;49;48;57;59;58;64;63;75;72;74;-1;No;No;No
2374;7;9;5;15;2;19;24;21;16;20;41;43;0;33;34;48;55;53;52;50;64;72;71;61;67;-1;No;No;No
2375;2;8;12;6;10;29;20;21;25;17;35;38;0;37;39;50;47;59;51;53;74;63;65;69;64;-1;No;No;No
2376;4;2;12;3;13;26;21;28;20;19;38;34;0;40;37;51;46;47;58;53;65;69;61;67;68;-1;No;No;No
2377;6;8;4;7;14;30;27;29;22;25;31;39;0;45;44;51;60;57;47;49;62;61;71;68;70;-1;No;No;No
2378;8;11;1;10;2;25;18;17;21;28;41;36;0;32;35;48;57;47;52;53;75;68;74;63;73;-1;No;No;No
2379;13;10;5;1;12;20;19;21;24;26;31;44;0;33;38;56;53;59;51;52;73;72;74;65;68;-1;No;No;No
2380;8;6;4;7;5;20;30;19;25;23;33;41;0;44;43;58;47;51;48;57;75;70;74;61;67;-1;No;No;No
2381;13;15;1;12;4;21;20;17;19;24;40;31;0;32;42;52;53;60;46;59;65;67;71;74;62;-1;No;No;No
2382;3;4;14;10;13;17;19;29;18;24;42;36;0;31;32;50;52;59;58;51;64;65;63;67;70;-1;No;No;No
2383;6;10;13;5;2;20;24;22;25;23;31;39;0;43;44;52;59;58;49;56;64;67;63;75;73;-1;No;No;No
2384;9;11;8;4;1;28;30;18;27;20;44;33;0;38;34;51;55;52;50;48;63;70;71;68;62;-1;No;No;No
2385;6;14;13;10;5;26;17;18;28;27;45;33;0;42;32;53;49;50;55;48;75;70;67;71;74;-1;No;No;No
2386;4;8;13;3;2;22;28;21;20;19;41;44;0;35;33;59;54;49;60;46;73;61;65;72;68;-1;No;No;No
2387;11;2;13;15;14;26;28;20;27;19;41;36;0;45;38;56;55;54;50;52;61;71;73;66;67;-1;No;No;No
2388;14;7;15;9;6;16;23;20;22;28;41;36;0;45;35;46;52;59;49;51;64;74;71;69;70;-1;No;No;No
2389;2;12;10;13;9;29;21;27;30;16;42;35;0;32;31;47;57;51;53;56;74;71;66;69;72;-1;No;No;No
2390;1;7;9;13;6;29;20;22;19;25;34;31;0;40;42;50;52;60;58;59;70;64;63;65;71;-1;No;No;No
2391;15;5;14;8;13;23;17;27;24;28;45;41;0;34;36;46;50;48;49;57;65;75;74;64;61;-1;No;No;No
2392;9;14;3;5;12;30;29;16;28;27;38;39;0;36;37;54;60;50;59;58;61;70;66;71;68;-1;No;No;No
2393;5;4;10;14;9;21;16;18;25;26;45;37;0;44;32;49;60;53;51;58;75;65;71;70;68;-1;No;No;No
2394;6;3;5;11;12;19;18;17;16;28;41;39;0;38;31;47;54;58;57;46;74;69;62;75;66;-1;No;No;No
2395;3;12;8;11;7;16;17;26;19;18;33;31;0;39;36;47;51;56;46;60;70;75;73;71;72;-1;No;No;No
2396;10;15;11;9;6;27;24;21;30;25;45;40;0;41;32;51;60;58;53;49;65;64;62;68;63;-1;No;No;No
2397;3;13;2;15;1;21;25;30;24;16;38;45;0;40;33;58;48;47;55;49;73;65;71;72;67;-1;No;No;No
2398;13;10;6;5;9;25;30;24;19;28;33;31;0;45;39;49;58;46;51;54;69;63;62;74;67;-1;No;No;No
2399;5;14;3;10;8;24;16;18;21;25;36;31;0;34;33;49;50;55;48;59;75;72;66;68;65;-1;No;No;No
2400;15;13;12;5;2;25;23;24;22;29;39;32;0;40;34;50;59;55;48;54;72;67;64;61;74;-1;No;No;No
2401;7;6;8;12;11;27;24;23;21;17;35;40;0;42;34;46;51;48;60;53;71;70;68;66;65;-1;No;No;No
2402;9;10;2;4;8;24;23;18;21;28;40;41;0;31;37;51;58;56;52;50;69;63;62;74;66;-1;No;No;No
2403;8;15;6;14;2;26;28;20;22;30;34;38;0;39;42;54;50;58;59;57;70;71;64;74;75;-1;No;No;No
2404;7;1;12;4;13;21;19;23;24;20;43;32;0;31;42;54;48;49;46;53;67;65;64;66;63;-1;No;No;No
2405;4;6;5;3;1;28;26;23;18;29;41;34;0;44;33;53;49;46;54;59;64;71;62;63;70;-1;No;No;No
2406;6;13;3;12;2;23;17;21;24;27;35;41;0;34;42;55;54;51;59;53;63;69;61;68;62;-1;No;No;No
2407;7;1;8;3;6;25;29;28;21;19;39;33;0;32;38;51;58;54;47;46;68;61;73;74;72;-1;No;No;No
2408;9;6;13;14;4;22;25;21;20;19;32;33;0;35;36;55;50;51;58;57;61;71;67;73;74;-1;No;No;No
2409;5;12;10;4;13;23;17;16;22;28;36;34;0;31;44;51;58;60;50;49;61;73;71;66;74;-1;No;No;No
2410;4;8;3;10;5;26;19;25;27;23;45;39;0;44;38;48;46;53;57;49;61;71;67;74;70;-1;No;No;No
2411;6;10;3;11;14;16;28;23;17;24;44;31;0;33;35;60;47;57;49;46;71;65;70;69;62;-1;No;No;No
2412;10;15;14;2;5;22;21;25;16;17;32;33;0;35;44;50;53;58;54;56;74;69;65;70;75;-1;No;No;No
2413;1;14;3;8;2;18;21;22;20;23;38;34;0;45;32;58;54;49;50;59;70;73;64;69;65;-1;No;No;No
2414;7;6;13;8;5;21;30;19;18;29;37;44;0;34;31;53;57;51;46;58;75;62;71;66;68;-1;No;No;No
2415;9;1;5;12;8;26;30;18;22;17;37;32;0;43;33;46;56;49;48;57;66;64;62;61;72;-1;No;No;No
2416;14;15;3;5;6;23;21;20;17;19;38;42;0;34;36;50;60;48;49;59;71;63;68;75;67;-1;No;No;No
2417;10;15;13;14;4;19;18;28;27;17;41;37;0;35;44;59;47;52;60;56;67;66;64;61;74;-1;No;No;No
2418;13;10;9;14;8;17;29;30;23;16;39;35;0;40;38;50;58;47;59;57;63;61;74;73;71;-1;No;No;No
2419;11;5;12;6;9;23;27;22;19;28;45;44;0;43;37;46;60;54;47;48;66;74;64;63;65;-1;No;No;No
2420;6;3;2;1;9;16;23;29;30;28;33;31;0;37;44;52;51;48;54;59;72;74;73;61;70;-1;No;No;No
2421;4;15;14;6;7;30;18;23;19;22;31;43;0;40;33;60;58;57;52;47;66;72;67;70;65;-1;No;No;No
2422;3;8;14;2;13;25;30;17;20;19;31;44;0;34;38;53;51;60;49;56;68;75;66;65;64;-1;No;No;No
2423;4;14;7;9;15;29;28;20;22;16;39;44;0;37;38;55;49;51;59;50;75;71;64;74;73;-1;No;No;No
2424;13;3;9;15;11;21;26;20;29;16;38;33;0;32;37;59;49;52;55;51;75;64;63;69;61;-1;No;No;No
2425;3;15;12;1;2;24;16;26;25;27;33;35;0;41;34;60;46;59;47;48;74;69;71;70;61;-1;No;No;No
2426;11;14;5;13;4;16;22;24;27;30;45;41;0;40;44;51;53;48;47;52;63;73;62;66;65;-1;No;No;No
2427;5;8;13;11;12;18;23;22;17;16;31;38;0;41;39;52;46;51;55;48;66;71;68;64;63;-1;No;No;No
2428;11;8;4;14;15;21;20;30;22;19;42;45;0;44;39;58;46;55;50;49;62;63;66;68;64;-1;No;No;No
2429;11;12;5;7;4;24;27;20;25;18;38;41;0;36;40;52;48;60;49;56;67;69;62;65;61;-1;No;No;No
2430;8;13;2;11;4;26;20;22;25;18;35;40;0;45;34;50;47;54;52;53;61;72;70;65;64;-1;No;No;No
2431;9;11;5;14;10;22;17;19;18;28;31;36;0;35;40;54;51;55;60;47;61;67;75;71;72;-1;No;No;No
2432;10;2;14;12;11;30;25;26;19;23;32;40;0;37;35;50;55;56;54;53;61;73;70;71;72;-1;No;No;No
2433;4;8;10;12;7;21;18;23;28;22;42;35;0;33;40;56;52;58;54;51;71;62;61;70;66;-1;No;No;No
2434;2;3;6;11;15;17;29;27;21;20;43;39;0;41;36;60;48;53;51;47;74;64;65;61;67;-1;No;No;No
2435;15;14;8;7;6;20;24;25;16;30;45;36;0;34;39;55;53;54;47;46;64;67;68;70;63;-1;No;No;No
2436;11;15;14;8;6;26;25;29;20;22;33;31;0;35;40;56;54;48;46;58;64;74;69;72;71;-1;No;No;No
2437;12;5;11;2;13;22;21;29;17;16;35;32;0;43;31;54;50;57;48;56;74;72;68;62;61;-1;No;No;No
2438;1;15;3;5;14;19;16;21;24;30;39;45;0;36;44;48;53;51;60;47;69;73;66;71;74;-1;No;No;No
2439;9;14;5;7;13;30;20;19;21;18;40;45;0;35;41;47;60;46;59;58;70;66;75;65;74;-1;No;No;No
2440;1;6;7;9;10;20;28;17;18;27;33;31;0;38;44;47;55;51;52;46;66;65;73;68;70;-1;No;No;No
2441;2;10;8;4;1;22;24;25;18;29;39;44;0;36;41;57;51;53;55;54;66;72;71;73;64;-1;No;No;No
2442;4;2;14;11;13;25;24;23;27;22;33;41;0;36;32;56;53;52;47;55;71;65;61;67;62;-1;No;No;No
2443;12;6;8;2;1;30;22;24;16;27;36;41;0;31;37;49;59;60;55;58;64;72;71;73;67;-1;No;No;No
2444;2;12;15;13;14;19;21;25;29;24;43;31;0;41;35;52;56;51;54;46;73;74;68;61;67;-1;No;No;No
2445;9;4;3;13;6;20;16;22;25;28;32;39;0;44;40;51;48;49;59;50;62;69;71;68;65;-1;No;No;No
2446;7;5;1;13;15;25;20;21;30;27;38;44;0;41;32;46;54;47;51;49;63;72;67;62;71;-1;No;No;No
2447;9;13;3;12;2;21;29;25;24;16;35;31;0;37;43;50;59;49;56;48;73;74;67;64;72;-1;No;No;No
2448;10;5;11;3;15;20;30;21;16;29;39;31;0;37;35;60;47;53;48;46;70;67;61;65;63;-1;No;No;No
2449;1;11;10;7;12;30;29;24;22;18;39;37;0;40;36;52;57;51;46;47;69;66;65;68;75;-1;No;No;No
2450;15;14;9;1;8;21;26;30;20;25;39;37;0;36;38;60;58;57;53;49;75;68;66;73;74;-1;No;No;No
2451;10;3;15;14;9;24;28;27;23;25;33;37;0;31;41;60;50;46;48;59;64;71;74;65;72;-1;No;No;No
2452;2;9;13;8;7;19;23;27;21;20;44;38;0;32;33;53;58;52;46;55;67;66;75;71;72;-1;No;No;No
2453;12;9;8;10;7;20;28;29;24;21;44;39;0;43;34;52;49;51;48;54;63;74;62;73;70;-1;No;No;No
2454;6;8;5;4;14;17;22;26;30;25;31;42;0;34;41;57;54;51;50;59;70;66;64;65;67;-1;No;No;No
2455;8;4;1;5;15;26;20;19;23;27;34;35;0;43;41;54;60;56;51;57;67;64;74;68;61;-1;No;No;No
2456;14;7;10;9;3;21;17;19;23;29;45;35;0;33;44;55;47;58;57;50;71;66;64;63;72;-1;No;No;No
2457;5;3;15;9;8;18;28;22;29;25;33;44;0;36;38;59;60;50;53;49;75;65;71;73;72;-1;No;No;No
2458;11;4;14;8;3;20;23;29;17;16;31;33;0;39;37;53;50;55;52;57;66;71;69;65;63;-1;No;No;No
2459;2;9;3;8;12;30;24;26;18;17;40;32;0;33;43;49;48;58;55;57;62;61;67;75;66;-1;No;No;No
2460;7;6;15;11;14;17;24;20;29;23;38;40;0;33;35;53;48;52;50;56;62;65;74;72;66;-1;No;No;No
2461;15;13;8;11;14;22;28;25;23;19;40;41;0;37;43;51;55;50;48;59;74;61;72;75;69;-1;No;No;No
2462;12;13;10;9;11;18;27;21;26;23;37;44;0;34;43;59;49;52;50;58;65;73;72;64;68;-1;No;No;No
2463;7;5;13;8;6;17;26;23;22;28;40;32;0;39;31;53;47;57;56;46;65;74;75;61;64;-1;No;No;No
2464;2;1;8;12;14;21;25;18;19;16;31;39;0;38;36;52;47;55;57;48;70;66;63;64;71;-1;No;No;No
2465;9;6;2;8;10;27;30;23;19;26;31;32;0;33;36;47;59;50;49;58;70;71;72;73;75;-1;No;No;No
2466;3;10;12;15;13;27;28;19;24;18;38;36;0;35;40;58;51;47;50;52;71;75;65;64;74;-1;No;No;No
2467;11;15;12;6;5;17;23;28;22;27;33;37;0;34;35;50;46;55;59;53;66;71;72;61;67;-1;No;No;No
2468;5;8;4;12;13;23;19;22;24;21;35;44;0;39;33;48;50;59;46;55;64;73;62;71;72;-1;No;No;No
2469;15;11;2;1;5;21;19;27;18;26;42;32;0;44;37;54;51;57;53;58;66;61;64;65;70;-1;No;No;No
2470;14;12;4;13;9;22;23;16;28;17;33;38;0;32;37;51;50;57;53;46;66;63;69;65;70;-1;No;No;No
2471;2;12;13;10;1;22;16;24;30;20;39;41;0;43;45;60;55;52;54;56;65;63;69;71;73;-1;No;No;No
2472;4;12;5;1;9;28;30;23;22;19;40;43;0;45;37;46;60;49;48;54;67;63;61;66;62;-1;No;No;No
2473;11;14;6;13;8;29;26;23;28;16;37;33;0;42;38;48;59;53;47;52;74;67;71;64;73;-1;No;No;No
2474;8;15;1;10;3;20;22;21;26;25;31;43;0;36;41;53;50;57;60;49;68;64;63;71;73;-1;No;No;No
2475;8;13;7;10;11;24;25;27;23;22;42;34;0;43;41;56;52;57;46;59;72;61;71;67;66;-1;No;No;No
2476;9;8;3;10;14;19;17;30;22;21;45;41;0;43;42;55;54;48;53;51;66;74;67;65;70;-1;No;No;No
2477;2;5;14;13;7;17;28;30;29;25;35;37;0;31;34;48;50;54;59;52;67;73;71;61;72;-1;No;No;No
2478;14;6;9;11;8;25;22;21;29;19;35;43;0;36;45;49;58;53;48;52;75;71;73;74;67;-1;No;No;No
2479;4;9;12;2;3;26;25;21;16;22;36;35;0;31;41;57;49;58;53;48;68;70;61;71;73;-1;No;No;No
2480;7;15;6;10;2;29;25;30;19;28;33;36;0;40;31;54;52;60;53;47;63;71;75;67;70;-1;No;No;No
2481;12;9;10;11;2;18;21;19;22;29;38;42;0;31;45;53;59;57;55;56;64;75;72;73;71;-1;No;No;No
2482;9;3;10;14;8;29;30;18;24;16;43;45;0;41;33;48;46;57;55;49;75;63;74;61;62;-1;No;No;No
2483;10;13;9;2;5;29;26;21;18;17;32;37;0;33;38;57;49;60;50;52;70;68;64;67;72;-1;No;No;No
2484;9;2;4;6;5;24;30;22;28;17;38;37;0;33;36;58;54;60;57;47;70;62;69;72;71;-1;No;No;No
2485;15;6;3;5;14;22;19;18;29;28;39;44;0;41;42;47;57;48;58;46;65;64;62;70;61;-1;No;No;No
2486;8;12;6;13;11;26;30;18;29;22;44;33;0;40;36;48;59;57;46;60;71;73;65;75;63;-1;No;No;No
2487;8;12;1;2;13;18;16;26;17;27;33;39;0;38;32;51;52;56;50;57;65;74;73;68;71;-1;No;No;No
2488;8;14;5;4;3;23;25;19;18;27;37;32;0;41;36;50;48;58;54;47;62;74;71;61;75;-1;No;No;No
2489;8;2;7;9;6;25;22;21;20;16;41;37;0;36;33;57;55;59;53;54;69;70;63;74;75;-1;No;No;No
2490;9;6;8;10;15;18;29;26;20;19;31;37;0;40;43;53;51;60;59;46;71;61;70;69;74;-1;No;No;No
2491;7;3;5;8;10;17;18;28;27;22;43;32;0;42;33;58;50;49;57;53;67;61;74;68;63;-1;No;No;No
2492;6;7;5;12;3;30;21;19;18;24;43;38;0;35;45;59;58;51;50;55;74;63;62;64;75;-1;No;No;No
2493;15;6;12;5;11;17;21;24;26;23;34;39;0;43;35;55;47;59;58;50;73;68;74;66;70;-1;No;No;No
2494;8;12;11;13;15;24;28;26;27;18;41;45;0;42;36;54;49;53;48;52;72;62;63;69;68;-1;No;No;No
2495;6;14;8;1;7;29;21;26;19;18;34;41;0;42;40;59;51;55;60;46;72;68;70;66;64;-1;No;No;No
2496;4;15;7;2;11;21;29;17;16;20;44;42;0;43;45;50;60;54;59;53;68;66;72;61;67;-1;No;No;No
2497;3;5;13;12;10;19;24;16;21;20;38;43;0;45;33;48;55;59;51;58;71;65;69;74;75;-1;No;No;No
2498;3;10;12;11;5;21;19;24;28;20;45;32;0;34;44;46;47;59;52;51;72;74;69;67;66;-1;No;No;No
2499;10;15;9;14;11;25;24;29;21;22;32;40;0;39;38;48;55;58;59;57;64;61;74;71;69;-1;No;No;No
2500;7;13;6;11;8;17;19;29;30;16;38;40;0;39;42;47;49;51;57;58;65;72;73;64;61;-1;No;No;No
2501;7;9;8;13;5;28;21;19;20;27;35;33;0;32;41;60;50;51;47;48;68;63;65;75;62;-1;No;No;No
2502;11;7;3;8;6;24;25;23;21;28;37;35;0;39;32;56;51;55;59;46;69;66;68;75;67;-1;No;No;No
2503;5;11;8;13;7;21;19;23;26;17;44;34;0;33;42;46;50;49;48;47;71;65;68;62;70;-1;No;No;No
2504;15;13;6;5;9;23;28;30;29;24;31;42;0;41;33;56;55;51;47;57;70;74;63;69;67;-1;No;No;No
2505;14;11;13;2;7;18;17;26;28;22;45;43;0;37;44;47;56;52;55;53;75;73;61;74;70;-1;No;No;No
2506;8;6;10;7;15;28;21;27;17;19;45;33;0;31;35;52;51;55;60;50;66;63;73;71;70;-1;No;No;No
2507;11;13;1;6;12;19;18;26;23;30;32;39;0;35;43;47;52;57;49;55;67;62;71;66;73;-1;No;No;No
2508;15;14;12;11;2;26;16;18;28;30;44;34;0;39;38;49;52;55;46;48;69;65;62;74;64;-1;No;No;No
2509;8;15;1;7;12;19;29;22;24;21;36;35;0;34;39;53;50;52;48;47;66;65;61;74;70;-1;No;No;No
2510;4;8;6;7;11;28;20;22;29;26;38;43;0;35;33;53;52;60;57;55;74;64;70;73;61;-1;No;No;No
2511;9;5;11;12;7;21;26;27;29;30;33;36;0;40;42;60;56;54;51;53;67;62;73;75;68;-1;No;No;No
2512;11;5;4;10;14;29;28;30;25;27;34;41;0;38;31;60;56;59;55;48;61;63;71;65;70;-1;No;No;No
2513;8;14;11;15;12;30;29;20;27;18;32;31;0;38;35;53;56;52;49;54;72;64;63;73;69;-1;No;No;No
2514;2;8;6;5;4;30;16;21;19;22;36;45;0;31;38;51;56;47;48;46;67;68;71;70;73;-1;No;No;No
2515;1;10;2;9;11;27;22;18;26;17;42;40;0;45;44;51;47;50;46;53;72;61;65;73;75;-1;No;No;No
2516;10;7;1;8;9;27;29;16;21;17;43;33;0;41;37;56;51;49;48;54;75;64;71;63;67;-1;No;No;No
2517;15;3;2;12;11;30;17;19;21;28;31;37;0;32;38;58;55;49;57;54;65;68;71;74;67;-1;No;No;No
2518;14;6;8;7;15;21;26;25;20;29;33;40;0;31;32;55;50;48;59;49;63;75;70;61;72;-1;No;No;No
2519;15;4;13;14;3;20;29;30;24;26;41;33;0;39;36;48;51;60;50;49;63;73;75;62;72;-1;No;No;No
2520;4;14;9;5;11;19;22;24;23;16;31;36;0;37;34;49;60;48;46;52;62;72;71;66;61;-1;No;No;No
2521;13;8;11;4;9;18;28;26;19;27;35;40;0;34;37;51;49;52;59;48;70;74;64;67;61;-1;No;No;No
2522;5;15;1;3;14;30;19;21;28;18;45;32;0;41;39;56;49;54;52;51;65;61;74;69;73;-1;No;No;No
2523;3;4;2;13;8;22;24;23;27;18;37;43;0;44;33;58;46;60;52;51;67;64;63;71;65;-1;No;No;No
2524;1;11;10;4;7;17;24;19;21;22;34;43;0;40;33;51;60;49;52;48;61;66;74;71;75;-1;No;No;No
2525;4;8;14;13;15;24;17;29;19;18;43;45;0;33;44;51;53;59;48;54;72;70;63;69;64;-1;No;No;No
2526;15;11;14;2;13;23;26;20;16;22;41;33;0;35;43;56;46;57;54;58;65;67;62;72;61;-1;No;No;No
2527;10;2;1;4;9;26;21;18;19;23;37;44;0;31;36;46;58;47;51;56;65;66;75;64;74;-1;No;No;No
2528;12;5;8;4;3;21;26;28;19;27;39;45;0;34;35;51;50;55;56;48;70;71;69;61;66;-1;No;No;No
2529;10;1;7;9;6;28;19;26;23;17;42;38;0;43;41;52;48;49;57;53;71;65;70;68;73;-1;No;No;No
2530;13;14;6;15;10;30;27;21;29;18;32;43;0;40;41;50;60;48;58;59;67;65;74;63;71;-1;No;No;No
2531;6;12;14;5;13;22;17;26;21;19;41;32;0;39;38;49;59;60;58;47;71;61;66;62;64;-1;No;No;No
2532;15;14;11;8;13;27;23;17;24;21;32;36;0;42;40;46;49;57;50;54;61;64;66;63;72;-1;No;No;No
2533;3;2;4;1;6;24;18;25;20;23;34;40;0;33;39;58;46;60;49;52;73;63;65;61;70;-1;No;No;No
2534;3;1;7;5;2;18;22;21;20;19;45;43;0;36;41;51;60;48;54;53;65;61;64;68;73;-1;No;No;No
2535;6;3;8;12;10;27;17;21;29;16;44;39;0;38;32;48;60;46;51;59;65;74;70;61;68;-1;No;No;No
2536;12;14;6;15;10;20;27;25;26;30;36;35;0;41;37;60;49;48;51;50;71;63;70;64;69;-1;No;No;No
2537;2;13;7;15;11;27;16;26;25;28;31;41;0;40;45;54;51;50;58;59;66;63;62;64;65;-1;No;No;No
2538;6;5;11;2;10;17;28;16;21;30;42;31;0;41;38;57;50;56;49;58;70;63;66;73;65;-1;No;No;No
2539;9;5;3;11;7;20;22;29;26;17;39;35;0;33;34;51;52;60;46;53;68;70;67;66;65;-1;No;No;No
2540;3;14;13;6;1;23;30;29;16;20;45;40;0;42;34;59;50;49;52;57;73;72;64;65;66;-1;No;No;No
2541;11;8;14;4;13;22;21;16;28;17;33;41;0;38;35;59;49;60;57;58;65;75;66;71;72;-1;No;No;No
2542;6;9;1;12;7;29;30;22;20;19;40;34;0;33;44;53;56;57;54;48;72;62;74;71;73;-1;No;No;No
2543;11;14;7;9;10;29;28;19;21;17;35;44;0;34;33;59;50;46;52;60;63;65;69;67;75;-1;No;No;No
2544;15;9;3;13;6;20;23;18;17;16;38;44;0;31;36;50;51;56;49;58;63;71;68;61;74;-1;No;No;No
2545;1;7;8;4;10;22;24;17;27;18;42;36;0;32;35;58;53;51;55;54;71;68;62;61;66;-1;No;No;No
2546;4;2;9;3;15;21;20;29;17;23;35;34;0;39;36;50;53;51;55;52;70;75;65;74;71;-1;No;No;No
2547;3;14;9;8;13;23;22;29;25;17;31;36;0;41;35;53;54;51;49;50;74;62;67;66;61;-1;No;No;No
2548;1;6;3;15;13;20;21;16;24;18;34;33;0;38;32;49;51;50;55;47;64;66;68;63;62;-1;No;No;No
2549;9;5;7;6;3;25;19;18;21;24;35;42;0;44;41;52;56;59;50;55;63;67;70;69;72;-1;No;No;No
2550;1;8;6;5;9;26;22;28;25;30;38;35;0;33;45;48;46;59;49;47;72;66;64;69;67;-1;No;No;No
2551;15;14;13;5;11;18;29;20;30;16;33;34;0;32;41;51;56;59;48;60;69;62;63;67;68;-1;No;No;No
2552;11;13;4;10;12;24;29;16;30;18;34;43;0;37;42;53;59;47;58;60;74;68;69;64;72;-1;No;No;No
2553;13;3;10;9;2;19;29;17;18;27;42;41;0;35;39;48;52;57;49;46;71;64;61;74;67;-1;No;No;No
2554;13;10;9;15;5;26;21;22;16;25;44;35;0;43;33;52;51;48;57;53;72;65;73;71;68;-1;No;No;No
2555;9;14;6;15;8;27;18;25;26;29;39;37;0;31;33;49;48;59;55;56;64;71;72;67;66;-1;No;No;No
2556;6;13;4;5;3;17;29;16;21;25;42;41;0;38;45;58;55;48;47;53;63;62;61;72;67;-1;No;No;No
2557;10;11;8;12;4;22;27;23;28;25;35;37;0;38;33;49;57;56;55;48;71;65;68;70;64;-1;No;No;No
2558;7;14;12;9;1;24;21;30;29;20;44;41;0;40;34;48;50;51;60;49;73;66;65;61;74;-1;No;No;No
2559;3;8;11;1;7;26;24;20;25;19;39;37;0;35;34;50;56;54;49;59;68;67;70;75;66;-1;No;No;No
2560;1;4;8;14;6;28;20;17;21;27;40;43;0;45;42;58;60;50;59;57;61;64;71;69;62;-1;No;No;No
2561;4;5;10;13;12;27;17;30;21;29;34;32;0;31;39;50;46;48;55;59;68;74;62;61;75;-1;No;No;No
2562;14;2;10;9;1;29;28;30;23;24;33;34;0;40;44;57;55;59;53;58;61;65;69;72;70;-1;No;No;No
2563;8;10;7;13;12;30;24;21;17;22;43;36;0;45;41;46;56;49;57;60;72;64;70;74;63;-1;No;No;No
2564;3;6;8;5;7;21;27;26;22;18;37;36;0;38;43;55;53;57;46;48;72;68;69;66;74;-1;No;No;No
2565;15;8;7;4;13;20;23;29;16;17;36;31;0;45;41;49;52;56;46;47;71;72;74;69;75;-1;No;No;No
2566;2;12;11;10;8;21;27;22;17;23;32;38;0;35;37;51;50;54;59;57;65;75;72;74;73;-1;No;No;No
2567;9;12;8;7;6;22;17;24;23;26;32;35;0;42;45;48;60;49;55;56;75;73;72;74;70;-1;No;No;No
2568;3;10;2;11;12;17;27;28;21;29;33;35;0;44;38;48;51;49;55;60;72;61;70;69;75;-1;No;No;No
2569;10;2;14;8;4;29;25;21;24;30;37;45;0;39;43;47;48;58;49;54;75;65;70;74;62;-1;No;No;No
2570;2;1;3;8;5;23;21;28;16;22;36;33;0;35;45;59;47;56;48;55;64;68;65;67;71;-1;No;No;No
2571;10;7;4;14;13;22;29;30;25;17;45;37;0;44;36;46;47;50;52;53;71;61;70;62;69;-1;No;No;No
2572;15;5;13;10;4;28;22;27;17;19;35;40;0;42;44;51;50;58;60;48;71;68;70;65;61;-1;No;No;No
2573;11;3;10;12;2;23;28;16;19;21;33;32;0;38;31;54;49;51;60;47;72;69;66;68;61;-1;No;No;No
2574;14;15;3;1;6;28;22;20;21;29;35;34;0;40;31;51;59;46;48;55;68;75;67;69;63;-1;No;No;No
2575;11;13;6;4;5;20;19;22;24;23;31;41;0;34;33;49;58;59;51;50;67;65;68;66;64;-1;No;No;No
2576;5;7;15;14;9;27;20;28;26;17;40;38;0;41;37;56;46;59;48;58;72;74;71;75;73;-1;No;No;No
2577;11;15;12;10;9;29;23;21;30;18;33;40;0;34;31;47;58;49;48;57;61;71;68;62;67;-1;No;No;No
2578;8;1;7;5;14;19;23;18;30;29;37;44;0;43;45;52;55;51;54;48;75;70;65;63;69;-1;No;No;No
2579;1;12;14;4;13;29;21;30;26;28;42;43;0;31;32;51;49;60;59;48;61;71;74;73;72;-1;No;No;No
2580;3;14;6;2;10;25;18;20;24;19;45;38;0;42;33;50;55;51;52;48;75;71;69;64;70;-1;No;No;No
2581;6;2;4;12;11;17;26;30;27;22;39;35;0;40;36;47;59;51;54;58;74;70;65;71;73;-1;No;No;No
2582;15;6;5;14;4;20;22;28;16;17;34;43;0;42;45;51;52;60;54;47;66;73;62;65;67;-1;No;No;No
2583;13;8;7;4;1;28;27;17;22;21;31;37;0;32;45;49;56;47;54;55;64;74;68;63;61;-1;No;No;No
2584;13;9;15;14;7;20;19;18;16;24;31;43;0;38;33;50;54;47;57;49;66;67;70;73;68;-1;No;No;No
2585;15;12;10;9;13;28;29;19;23;30;45;41;0;43;39;58;53;55;49;50;71;62;73;61;68;-1;No;No;No
2586;13;15;3;14;6;23;26;19;24;17;40;44;0;35;34;49;59;54;57;52;62;75;61;66;72;-1;No;No;No
2587;10;4;1;15;13;19;18;21;20;25;31;34;0;45;38;55;51;46;50;57;62;74;75;64;61;-1;No;No;No
2588;8;15;4;2;14;21;28;24;20;17;42;36;0;37;45;59;60;53;54;58;69;71;66;70;68;-1;No;No;No
2589;15;3;8;13;12;25;29;24;23;17;31;42;0;36;43;50;56;53;47;55;65;62;72;69;74;-1;No;No;No
2590;3;7;12;13;6;22;27;20;23;16;43;42;0;36;41;59;58;55;60;49;75;67;61;65;64;-1;No;No;No
2591;4;6;1;2;10;27;29;18;21;30;38;32;0;40;31;60;58;54;48;51;75;74;73;71;72;-1;No;No;No
2592;11;8;3;12;5;24;21;22;29;26;36;43;0;34;39;55;50;51;49;46;75;74;65;72;63;-1;No;No;No
2593;4;14;2;12;11;21;22;19;24;20;45;43;0;44;42;58;53;52;56;60;68;67;63;62;72;-1;No;No;No
2594;5;11;7;8;14;26;30;29;23;16;31;37;0;36;45;49;48;54;52;47;73;61;65;70;75;-1;No;No;No
2595;13;7;6;12;10;27;20;25;21;28;36;38;0;33;37;57;53;56;54;52;71;62;61;63;66;-1;No;No;No
2596;15;10;14;5;12;18;20;19;25;22;40;42;0;33;44;55;47;51;48;50;64;61;63;68;65;-1;No;No;No
2597;12;8;3;14;2;29;25;30;23;16;34;32;0;33;41;49;53;51;58;52;64;71;72;70;61;-1;No;No;No
2598;3;12;5;13;6;27;29;28;25;26;40;37;0;44;36;51;52;59;55;50;71;68;61;64;75;-1;No;No;No
2599;14;1;12;5;4;25;16;19;29;24;45;41;0;44;31;52;49;55;59;51;68;63;75;61;62;-1;No;No;No
2600;10;3;5;2;15;29;22;25;23;28;38;36;0;32;39;55;53;54;58;48;69;67;65;72;62;-1;No;No;No
2601;1;5;15;11;14;29;30;19;16;25;43;41;0;40;42;48;55;57;56;54;74;63;70;64;73;-1;No;No;No
2602;6;8;13;9;5;29;23;19;16;21;31;42;0;32;45;48;54;46;58;55;67;63;66;65;69;-1;No;No;No
2603;9;4;13;14;3;18;29;23;16;30;44;37;0;45;39;46;48;51;49;52;70;75;72;69;65;-1;No;No;No
2604;7;2;1;12;3;16;23;21;17;27;35;44;0;45;32;46;52;51;59;56;72;61;71;69;64;-1;No;No;No
2605;3;5;6;8;13;19;30;17;29;18;36;32;0;31;38;50;51;60;58;55;61;71;70;65;68;-1;No;No;No
2606;8;13;5;12;6;16;24;30;21;19;44;39;0;35;43;59;48;46;47;50;72;66;68;65;74;-1;No;No;No
2607;14;11;8;10;4;26;24;21;22;25;44;39;0;43;35;60;47;53;48;52;74;62;72;61;69;-1;No;No;No
2608;14;4;3;7;8;17;21;29;24;20;38;32;0;37;39;51;50;56;49;57;71;61;75;74;66;-1;No;No;No
2609;13;3;1;15;7;26;29;23;25;28;31;45;0;32;42;50;58;60;59;48;68;61;69;66;63;-1;No;No;No
2610;2;13;1;11;7;26;21;25;24;18;31;39;0;45;33;60;48;55;57;50;70;68;69;71;64;-1;No;No;No
2611;13;2;5;15;14;20;25;18;24;23;43;36;0;40;42;50;57;47;58;51;69;66;65;75;70;-1;No;No;No
2612;12;14;6;15;7;16;19;20;21;18;34;36;0;32;38;57;46;51;58;50;68;65;73;61;62;-1;No;No;No
2613;14;11;13;4;12;22;21;24;16;26;31;41;0;34;44;59;47;60;56;55;74;67;71;66;70;-1;No;No;No
2614;14;1;15;10;12;26;25;21;28;20;32;38;0;35;31;53;55;58;57;54;74;73;67;65;62;-1;No;No;No
2615;14;9;15;6;13;20;24;23;18;17;40;38;0;39;45;51;49;48;57;46;74;61;72;64;69;-1;No;No;No
2616;8;6;11;10;12;22;28;30;21;24;31;35;0;40;42;57;53;54;55;47;71;64;63;65;73;-1;No;No;No
2617;9;4;7;5;10;22;29;25;24;16;40;39;0;31;41;52;60;58;54;59;74;71;69;63;70;-1;No;No;No
2618;3;13;12;15;6;25;22;17;20;21;37;40;0;38;33;53;58;50;57;49;71;64;75;61;66;-1;No;No;No
2619;14;4;2;5;10;24;21;20;19;23;42;40;0;44;41;60;47;54;53;59;63;70;64;62;61;-1;No;No;No
2620;2;14;1;13;3;19;18;26;17;27;39;43;0;42;44;51;58;50;53;49;74;64;68;62;61;-1;No;No;No
2621;14;4;1;3;2;27;17;20;18;30;31;38;0;41;37;54;49;55;60;52;61;71;67;66;62;-1;No;No;No
2622;10;6;9;3;11;28;16;21;19;27;31;45;0;32;33;57;55;54;51;48;70;69;64;63;68;-1;No;No;No
2623;1;8;3;4;14;16;21;18;19;17;35;44;0;33;42;47;51;54;48;46;67;69;62;73;65;-1;No;No;No
2624;4;6;5;7;1;22;17;29;21;16;45;43;0;40;38;59;60;47;56;54;63;69;73;72;61;-1;No;No;No
2625;14;11;6;3;2;27;18;19;16;20;36;39;0;40;38;49;46;59;55;56;68;62;71;65;70;-1;No;No;No
2626;10;8;15;9;6;28;27;18;26;21;43;33;0;32;38;54;50;59;57;56;61;72;68;64;67;-1;No;No;No
2627;12;5;9;8;11;22;30;19;26;18;35;43;0;44;34;55;59;49;46;60;75;62;61;71;66;-1;No;No;No
2628;6;4;5;9;7;27;18;22;17;16;32;42;0;35;31;54;56;53;47;55;74;65;61;66;64;-1;No;No;No
2629;9;4;11;8;10;16;19;29;23;22;42;34;0;40;35;58;60;46;51;49;74;69;68;64;73;-1;No;No;No
2630;9;4;14;7;8;29;26;16;20;17;45;36;0;44;38;48;55;51;49;53;66;70;68;73;65;-1;No;No;No
2631;9;8;12;7;15;25;28;27;21;18;42;37;0;34;36;50;48;53;55;57;70;73;61;72;63;-1;No;No;No
2632;12;1;13;14;6;19;30;18;25;16;31;33;0;35;40;46;47;53;50;57;72;63;62;74;71;-1;No;No;No
2633;7;4;1;11;9;29;18;30;24;25;37;41;0;31;44;60;46;59;57;49;74;66;64;71;73;-1;No;No;No
2634;14;12;4;2;15;16;27;29;26;21;43;38;0;35;34;49;50;56;48;57;69;67;73;74;70;-1;No;No;No
2635;3;9;2;13;8;21;28;23;26;25;42;41;0;45;34;59;47;51;52;54;66;73;63;65;62;-1;No;No;No
2636;10;1;9;14;7;25;28;21;16;26;35;40;0;41;43;59;54;58;52;50;68;72;62;71;63;-1;No;No;No
2637;3;2;5;1;9;19;21;25;24;16;31;41;0;44;34;50;51;60;54;56;71;64;73;70;69;-1;No;No;No
2638;4;6;13;5;3;23;26;19;25;18;32;38;0;44;31;59;46;57;51;55;66;61;62;72;73;-1;No;No;No
2639;5;14;12;8;15;23;29;21;20;16;34;36;0;42;35;53;52;50;49;47;61;72;64;71;62;-1;No;No;No
2640;10;8;14;4;3;24;28;25;23;18;44;39;0;33;45;52;53;56;48;49;71;61;68;67;65;-1;No;No;No
2641;14;13;1;8;5;30;29;16;20;28;45;35;0;31;39;55;46;51;48;59;68;75;66;69;73;-1;No;No;No
2642;7;3;5;4;12;21;22;25;26;17;33;35;0;31;41;48;60;59;50;54;72;75;70;71;68;-1;No;No;No
2643;3;15;9;2;4;21;26;22;27;19;35;34;0;44;40;49;57;46;60;48;67;72;75;68;66;-1;No;No;No
2644;1;5;8;11;13;16;30;28;21;29;37;41;0;40;42;56;58;51;47;48;69;75;71;66;68;-1;No;No;No
2645;13;7;1;10;12;18;28;16;30;24;42;36;0;37;41;57;50;51;58;54;71;75;63;70;68;-1;No;No;No
2646;6;11;5;15;14;21;16;22;20;26;37;42;0;39;36;49;46;60;56;59;71;62;61;66;72;-1;No;No;No
2647;8;9;15;10;13;24;21;29;20;30;37;33;0;40;39;51;50;54;47;46;62;71;74;61;63;-1;No;No;No
2648;15;12;1;10;11;27;28;24;22;26;32;45;0;40;44;51;49;59;48;46;72;75;67;74;64;-1;No;No;No
2649;2;5;13;12;7;20;22;23;28;30;37;36;0;33;31;53;51;47;58;59;68;64;69;74;65;-1;No;No;No
2650;7;10;8;1;11;18;28;25;26;16;35;39;0;41;40;54;50;46;51;48;74;72;68;63;62;-1;No;No;No
2651;15;13;6;3;2;19;30;22;18;21;40;43;0;39;33;59;51;49;60;50;70;69;61;72;73;-1;No;No;No
2652;4;8;15;10;9;17;25;28;30;27;38;34;0;44;41;47;51;50;58;59;71;67;66;74;65;-1;No;No;No
2653;6;2;5;11;8;28;19;29;27;21;38;45;0;33;42;46;52;51;49;48;65;73;74;62;72;-1;No;No;No
2654;12;2;9;15;11;21;19;17;20;25;32;45;0;41;42;55;49;51;57;52;66;63;61;75;74;-1;No;No;No
2655;10;7;6;4;13;28;26;24;25;20;42;35;0;43;34;48;52;49;55;53;68;70;72;69;62;-1;No;No;No
2656;4;3;11;9;8;21;30;24;20;18;38;37;0;41;36;54;52;46;59;49;75;64;72;71;65;-1;No;No;No
2657;11;6;4;5;13;21;26;23;20;24;33;35;0;39;44;51;59;48;60;50;68;64;71;61;75;-1;No;No;No
2658;14;5;4;12;13;20;26;19;27;17;38;37;0;45;33;48;56;53;50;52;75;68;64;74;73;-1;No;No;No
2659;3;4;11;2;1;23;25;26;28;24;37;40;0;39;38;52;56;51;50;55;72;64;74;68;75;-1;No;No;No
2660;4;3;14;5;15;16;20;30;28;29;32;35;0;33;31;48;56;51;46;47;63;70;74;64;71;-1;No;No;No
2661;8;3;2;12;11;24;30;27;21;25;33;45;0;32;31;60;58;46;55;47;74;68;73;66;61;-1;No;No;No
2662;6;4;15;12;10;20;30;21;19;28;38;39;0;43;42;56;47;46;49;57;72;74;66;62;64;-1;No;No;No
2663;12;11;13;7;2;22;21;20;18;16;45;31;0;38;44;60;59;53;58;54;62;61;74;66;75;-1;No;No;No
2664;1;12;8;11;15;23;24;26;19;16;39;37;0;36;31;46;58;53;59;50;68;64;66;62;63;-1;No;No;No
2665;8;9;1;7;4;22;25;24;21;27;41;35;0;31;34;51;60;55;47;58;74;72;71;69;68;-1;No;No;No
2666;10;3;4;2;9;23;26;27;30;17;39;36;0;45;34;50;60;48;49;59;73;67;66;68;72;-1;No;No;No
2667;12;10;9;3;1;22;17;25;21;18;32;37;0;36;44;48;58;50;60;47;75;65;63;64;70;-1;No;No;No
2668;11;5;13;2;8;29;17;24;30;19;38;45;0;39;40;51;60;46;54;49;68;75;74;67;66;-1;No;No;No
2669;10;13;8;14;9;24;28;21;20;17;32;41;0;42;31;54;59;57;50;46;74;61;70;67;66;-1;No;No;No
2670;11;9;6;1;8;22;26;17;21;23;36;37;0;31;45;55;56;52;49;60;61;70;63;74;75;-1;No;No;No
2671;3;5;6;9;4;17;28;27;22;18;36;40;0;44;31;51;59;47;60;58;72;64;75;70;62;-1;No;No;No
2672;8;14;2;12;11;25;18;19;28;16;38;37;0;32;44;47;50;48;58;46;73;61;69;67;65;-1;No;No;No
2673;5;15;7;3;14;21;25;24;20;16;40;43;0;36;39;60;46;53;59;58;75;74;63;71;69;-1;No;No;No
2674;9;10;5;12;3;29;19;25;18;20;36;31;0;35;44;51;57;58;49;47;70;67;62;71;61;-1;No;No;No
2675;11;7;12;15;14;24;25;20;16;18;44;43;0;34;31;51;47;56;49;60;74;72;65;64;71;-1;No;No;No
2676;4;14;15;8;5;21;27;23;22;20;43;44;0;39;42;51;59;46;54;58;70;64;74;72;75;-1;No;No;No
2677;15;10;6;5;2;18;26;24;20;21;44;41;0;31;39;57;51;56;47;49;69;65;71;67;75;-1;No;No;No
2678;9;10;6;2;8;16;28;30;27;23;44;41;0;33;45;56;51;46;53;52;69;68;62;67;70;-1;No;No;No
2679;11;1;12;14;10;26;18;23;21;20;44;36;0;32;43;52;49;58;48;51;69;73;71;72;61;-1;No;No;No
2680;15;14;13;8;7;20;24;18;26;19;31;32;0;38;41;48;50;52;49;59;72;65;71;70;66;-1;No;No;No
2681;13;11;6;1;3;29;27;26;25;19;45;33;0;40;43;56;50;58;55;49;67;62;61;71;75;-1;No;No;No
2682;10;4;5;15;9;21;28;16;22;27;34;39;0;44;31;59;55;53;52;58;73;65;63;75;72;-1;No;No;No
2683;10;2;12;13;5;29;22;16;26;25;38;31;0;37;34;49;54;51;55;50;68;65;73;61;64;-1;No;No;No
2684;14;12;3;10;8;22;16;21;26;17;42;32;0;34;31;56;55;54;49;47;68;73;70;67;62;-1;No;No;No
2685;2;1;9;11;8;20;28;19;17;25;40;45;0;41;37;58;60;46;51;52;67;62;71;74;73;-1;No;No;No
2686;2;9;5;11;3;23;20;21;16;27;38;33;0;40;37;52;51;49;55;53;68;62;64;63;70;-1;No;No;No
2687;5;7;3;13;2;20;30;25;19;17;43;34;0;41;37;53;49;51;60;55;75;61;68;65;67;-1;No;No;No
2688;3;6;2;14;13;21;26;25;20;24;41;34;0;38;37;59;48;49;54;46;61;71;65;72;68;-1;No;No;No
2689;1;10;5;2;13;23;21;22;26;30;37;34;0;41;31;50;58;49;54;56;64;61;67;74;63;-1;No;No;No
2690;10;7;4;15;9;21;20;23;24;30;33;32;0;31;40;54;48;46;50;49;73;67;71;61;65;-1;No;No;No
2691;8;4;14;1;13;22;29;27;19;30;43;33;0;41;40;47;52;51;46;59;63;62;64;68;66;-1;No;No;No
2692;13;5;3;11;12;24;23;21;17;29;44;43;0;35;42;47;58;59;51;60;73;67;68;62;70;-1;No;No;No
2693;6;3;9;15;13;20;21;24;30;29;40;43;0;35;41;58;51;54;53;49;73;61;66;62;74;-1;No;No;No
2694;1;15;2;3;9;22;25;24;27;30;44;38;0;37;35;56;49;50;48;53;70;74;67;75;61;-1;No;No;No
2695;11;2;8;3;7;17;22;19;23;28;45;40;0;44;36;57;51;47;50;55;62;73;67;61;68;-1;No;No;No
2696;1;7;15;4;11;21;24;19;29;20;39;40;0;34;33;54;47;60;50;53;62;67;64;70;61;-1;No;No;No
2697;9;4;8;15;12;24;18;26;16;27;34;35;0;31;33;60;55;59;51;48;75;67;61;68;65;-1;No;No;No
2698;4;3;2;8;5;26;28;20;21;19;36;33;0;34;38;56;51;48;47;46;69;65;68;71;70;-1;No;No;No
2699;4;9;3;8;15;16;19;27;28;25;31;42;0;44;43;58;57;60;54;51;70;71;66;63;69;-1;No;No;No
2700;14;11;2;10;15;21;20;22;29;24;33;31;0;43;37;49;53;59;58;57;64;61;75;65;67;-1;No;No;No
2701;7;13;4;8;6;28;29;21;19;26;45;39;0;33;38;46;58;54;50;48;63;75;71;70;69;-1;No;No;No
2702;9;10;8;7;5;22;24;23;30;29;34;42;0;37;36;55;51;49;52;57;62;72;74;69;71;-1;No;No;No
2703;12;1;14;11;10;22;29;27;28;26;44;38;0;34;36;58;53;49;57;56;69;71;68;63;67;-1;No;No;No
2704;1;12;7;11;2;23;24;29;21;18;33;36;0;34;40;51;49;55;59;58;63;73;68;62;72;-1;No;No;No
2705;7;15;12;1;4;19;20;24;17;18;39;36;0;35;40;50;48;46;52;47;69;64;62;66;74;-1;No;No;No
2706;3;14;2;5;15;23;16;21;28;22;34;41;0;45;36;51;54;60;55;52;73;74;64;66;72;-1;No;No;No
2707;3;8;6;9;2;21;29;27;17;28;41;35;0;37;40;57;51;47;53;58;64;71;70;62;63;-1;No;No;No
2708;9;13;4;8;7;20;29;30;28;21;40;45;0;37;35;60;47;52;53;51;63;62;67;74;66;-1;No;No;No
2709;6;8;13;12;3;20;25;21;30;22;40;41;0;44;33;60;49;51;58;48;61;64;71;74;65;-1;No;No;No
2710;11;12;9;10;4;22;27;29;21;28;45;40;0;42;41;54;55;50;52;56;66;65;71;67;75;-1;No;No;No
2711;9;8;12;4;13;28;21;24;22;27;35;42;0;34;39;56;47;53;50;58;71;67;64;72;66;-1;No;No;No
2712;15;8;14;12;13;29;21;17;28;26;40;41;0;31;39;55;49;58;54;47;68;65;64;71;70;-1;No;No;No
2713;6;4;12;2;11;30;27;25;22;29;44;33;0;41;32;52;51;48;57;47;64;69;75;63;73;-1;No;No;No
2714;4;3;6;12;5;22;27;28;21;18;34;38;0;35;31;60;59;47;48;58;74;73;69;75;62;-1;No;No;No
2715;7;3;4;10;8;29;30;21;22;20;36;41;0;31;45;59;46;58;52;47;61;66;73;68;74;-1;No;No;No
2716;3;11;1;15;10;25;18;16;23;24;41;44;0;34;42;57;54;60;53;55;73;74;63;70;69;-1;No;No;No
2717;2;7;12;13;8;19;24;23;17;16;37;41;0;45;31;59;60;58;56;55;73;74;70;69;62;-1;No;No;No
2718;15;2;7;13;14;18;20;17;27;21;42;41;0;39;33;47;48;50;49;56;73;74;63;61;62;-1;No;No;No
2719;2;5;15;14;6;20;24;26;18;30;43;39;0;42;33;49;59;52;54;48;61;75;63;65;64;-1;No;No;No
2720;8;7;6;15;1;22;24;20;28;23;35;45;0;44;31;54;59;46;55;51;72;75;74;61;62;-1;No;No;No
2721;5;7;3;9;15;22;21;25;23;16;39;35;0;33;34;53;60;57;50;59;73;61;66;67;72;-1;No;No;No
2722;11;13;1;2;12;30;18;21;29;24;41;32;0;37;31;47;54;49;57;46;61;72;70;63;71;-1;No;No;No
2723;10;5;15;8;3;29;17;19;28;21;32;44;0;42;45;47;59;50;51;60;67;61;65;69;66;-1;No;No;No
2724;4;10;3;13;9;22;25;24;23;29;41;35;0;31;44;51;55;60;48;50;63;62;71;70;61;-1;No;No;No
2725;5;8;4;14;7;30;19;21;16;23;35;36;0;33;44;50;58;53;57;52;75;61;72;67;68;-1;No;No;No
2726;14;9;13;4;2;16;28;24;17;27;41;38;0;37;32;49;48;46;54;47;72;64;67;62;63;-1;No;No;No
2727;7;5;15;6;8;27;17;28;16;29;33;44;0;35;43;51;59;60;55;56;65;62;70;64;61;-1;No;No;No
2728;5;11;2;1;12;26;19;21;17;16;35;38;0;43;33;58;54;49;52;60;65;73;62;69;74;-1;No;No;No
2729;2;14;3;5;1;25;19;30;29;22;39;45;0;34;41;47;54;51;50;57;72;74;70;65;71;-1;No;No;No
2730;9;3;10;2;8;27;26;29;30;22;35;31;0;36;39;51;53;49;58;59;61;64;73;70;62;-1;No;No;No
2731;4;2;12;1;7;20;24;23;27;16;36;34;0;42;37;54;55;51;49;56;70;71;61;73;69;-1;No;No;No
2732;4;15;11;10;6;20;17;27;28;19;40;31;0;44;36;47;50;49;48;59;65;70;63;61;62;-1;No;No;No
2733;8;7;10;9;6;30;29;28;21;16;40;41;0;45;34;60;51;56;54;50;61;68;71;64;67;-1;No;No;No
2734;10;12;11;13;4;18;22;20;24;19;35;45;0;39;38;47;51;50;46;52;71;62;63;72;64;-1;No;No;No
2735;15;13;2;10;14;27;25;21;26;16;31;37;0;43;34;50;55;52;48;51;62;61;66;70;68;-1;No;No;No
2736;15;2;14;12;6;19;21;25;27;18;41;31;0;36;39;54;58;52;48;47;74;63;69;70;75;-1;No;No;No
2737;11;14;13;2;3;28;17;25;19;16;40;32;0;31;45;50;53;52;56;57;67;65;66;63;64;-1;No;No;No
2738;1;12;10;11;8;16;21;17;19;18;39;31;0;33;40;53;48;46;51;59;67;72;74;63;66;-1;No;No;No
2739;4;3;6;7;15;22;24;23;25;26;36;45;0;44;39;46;54;49;57;47;63;64;69;72;68;-1;No;No;No
2740;15;13;6;14;11;22;30;28;16;29;31;34;0;40;33;48;58;60;47;49;73;62;72;66;74;-1;No;No;No
2741;13;7;8;11;6;18;21;22;29;30;33;31;0;41;32;50;55;49;51;58;68;69;74;75;65;-1;No;No;No
2742;14;7;6;15;1;21;18;29;24;28;38;32;0;31;42;58;49;56;47;46;63;67;71;65;61;-1;No;No;No
2743;7;9;6;4;3;26;19;23;27;28;32;33;0;31;42;60;48;46;59;47;75;71;66;65;64;-1;No;No;No
2744;6;13;14;5;15;24;23;16;19;21;40;36;0;35;43;48;54;60;59;53;63;75;67;65;70;-1;No;No;No
2745;14;11;8;4;15;17;28;29;26;23;40;45;0;39;32;49;57;51;58;52;75;74;69;73;67;-1;No;No;No
2746;11;3;7;4;2;20;18;21;19;25;37;36;0;33;32;59;52;58;50;47;65;67;74;69;75;-1;No;No;No
2747;2;15;10;12;11;29;28;16;17;22;32;44;0;45;36;52;51;56;49;48;65;64;68;63;66;-1;No;No;No
2748;15;4;14;13;6;21;29;22;20;17;38;40;0;34;39;47;48;51;46;55;63;61;73;74;72;-1;No;No;No
2749;6;8;4;10;13;20;16;25;28;24;36;44;0;41;35;49;48;46;47;51;75;72;66;65;70;-1;No;No;No
2750;6;11;5;10;12;21;20;18;26;25;38;43;0;33;32;54;60;55;46;51;75;65;69;64;70;-1;No;No;No
2751;5;7;15;3;4;25;24;30;27;22;33;44;0;31;37;57;53;46;58;60;65;64;73;71;74;-1;No;No;No
2752;14;11;4;8;2;17;16;26;23;22;33;34;0;43;44;46;59;60;58;54;75;70;73;74;72;-1;No;No;No
2753;14;8;9;11;4;20;28;25;18;29;40;38;0;37;39;55;54;53;57;60;61;63;70;62;66;-1;No;No;No
2754;4;14;10;15;13;25;27;18;23;24;35;36;0;37;42;47;59;56;55;58;74;71;64;69;70;-1;No;No;No
2755;3;9;14;13;6;18;24;29;16;30;38;43;0;36;44;54;56;58;51;47;71;66;70;75;68;-1;No;No;No
2756;6;14;5;15;11;24;16;28;23;29;44;41;0;42;33;54;55;47;60;49;75;63;64;65;62;-1;No;No;No
2757;12;7;5;14;13;20;19;18;22;27;36;32;0;35;34;53;60;51;55;48;73;65;71;68;67;-1;No;No;No
2758;2;5;10;3;1;30;29;19;26;20;37;45;0;36;33;50;51;55;60;46;71;73;67;69;66;-1;No;No;No
2759;2;14;12;13;1;20;18;21;17;28;31;36;0;44;32;59;55;52;46;53;66;62;65;61;73;-1;No;No;No
2760;5;15;9;14;1;22;29;18;20;28;34;43;0;45;42;60;56;59;47;51;75;68;64;62;63;-1;No;No;No
2761;7;6;10;9;15;30;28;25;20;24;45;31;0;44;38;49;48;47;52;60;67;65;66;70;75;-1;No;No;No
2762;5;3;15;14;8;27;28;17;21;20;36;40;0;38;45;55;53;48;50;54;68;66;71;75;69;-1;No;No;No
2763;7;6;4;3;9;29;20;28;23;22;41;44;0;42;33;48;47;52;60;49;74;73;71;61;65;-1;No;No;No
2764;10;14;11;4;3;19;20;17;28;16;32;34;0;33;31;55;52;48;51;58;63;71;64;65;68;-1;No;No;No
2765;11;12;10;7;14;22;28;25;24;23;37;41;0;42;45;47;53;58;52;51;72;71;64;68;69;-1;No;No;No
2766;1;3;8;10;2;22;21;20;23;29;31;38;0;36;35;53;51;57;56;50;71;65;61;64;75;-1;No;No;No
2767;14;4;3;2;10;25;19;29;18;28;34;35;0;41;40;55;51;59;47;56;62;65;71;63;66;-1;No;No;No
2768;9;6;13;11;8;21;28;25;23;22;45;32;0;38;44;58;53;60;51;55;65;64;61;62;66;-1;No;No;No
2769;9;8;5;7;11;17;16;18;24;23;35;32;0;31;40;52;59;54;49;58;66;62;61;75;63;-1;No;No;No
2770;10;11;1;15;14;16;26;23;22;17;37;32;0;42;34;48;51;57;55;47;72;71;66;69;70;-1;No;No;No
2771;6;8;14;11;10;20;22;19;16;25;33;31;0;32;36;46;49;47;57;48;66;74;68;75;65;-1;No;No;No
2772;1;3;13;12;10;29;26;27;19;28;39;40;0;38;32;51;60;53;57;59;70;65;74;75;67;-1;No;No;No
2773;4;8;11;7;2;27;23;29;30;19;41;38;0;33;31;59;56;57;49;58;65;61;71;70;75;-1;No;No;No
2774;14;10;9;7;8;25;30;17;24;26;31;41;0;40;32;53;49;52;46;59;72;68;62;73;64;-1;No;No;No
2775;4;10;1;7;5;25;29;22;17;18;43;36;0;37;33;54;51;47;50;48;62;68;73;72;74;-1;No;No;No
2776;13;5;15;9;14;30;18;25;23;28;43;41;0;32;40;49;58;56;46;55;73;61;67;69;74;-1;No;No;No
2777;1;14;7;12;13;27;21;30;26;16;41;43;0;39;31;56;58;59;52;49;64;65;71;62;63;-1;No;No;No
2778;3;13;12;6;5;18;25;16;30;29;40;41;0;39;42;50;58;47;57;55;67;65;69;63;64;-1;No;No;No
2779;3;11;15;10;4;19;23;21;22;16;41;33;0;40;39;57;60;51;46;55;70;68;65;72;67;-1;No;No;No
2780;8;9;12;7;6;16;29;18;19;28;39;43;0;42;36;48;55;57;60;50;63;71;61;69;70;-1;No;No;No
2781;11;8;1;9;14;21;22;26;19;24;32;34;0;43;45;51;54;46;56;47;62;70;67;61;64;-1;No;No;No
2782;13;11;10;9;6;23;19;22;21;25;31;32;0;33;35;56;60;53;55;47;68;72;71;73;65;-1;No;No;No
2783;13;7;12;6;8;19;28;26;30;16;36;33;0;41;32;49;51;52;47;56;67;61;64;75;66;-1;No;No;No
2784;13;9;7;3;2;19;20;30;25;27;32;43;0;31;42;50;60;49;59;51;71;68;64;63;74;-1;No;No;No
2785;4;9;3;11;7;23;25;21;18;17;37;44;0;41;32;47;52;51;55;60;72;74;67;68;66;-1;No;No;No
2786;3;9;2;10;15;30;26;22;17;25;45;43;0;33;38;49;47;46;51;50;68;63;61;72;71;-1;No;No;No
2787;11;1;8;4;7;21;29;23;26;25;42;37;0;32;45;46;52;57;60;56;75;69;68;71;67;-1;No;No;No
2788;8;4;14;3;13;29;25;17;30;27;43;41;0;45;38;51;47;50;58;46;68;70;74;75;72;-1;No;No;No
2789;11;5;14;9;8;18;29;16;19;30;43;40;0;41;37;54;53;52;48;47;71;70;73;63;61;-1;No;No;No
2790;1;9;3;8;2;22;27;23;25;28;41;36;0;31;40;47;60;46;58;55;66;61;68;63;67;-1;No;No;No
2791;14;2;7;6;10;29;25;16;28;17;44;33;0;40;34;57;56;48;46;59;71;69;67;75;74;-1;No;No;No
2792;11;8;5;6;10;24;27;29;18;30;35;31;0;39;32;46;48;47;57;51;61;69;71;67;68;-1;No;No;No
2793;14;9;7;10;8;27;17;20;28;29;41;42;0;36;35;57;58;51;52;56;71;61;69;74;68;-1;No;No;No
2794;5;10;14;12;8;29;27;30;21;24;40;41;0;42;34;58;57;54;56;59;64;74;73;75;68;-1;No;No;No
2795;7;9;13;1;8;17;18;21;23;28;44;32;0;35;37;52;59;58;54;51;71;70;69;67;66;-1;No;No;No
2796;4;3;10;9;14;24;28;18;29;27;45;39;0;33;38;53;57;52;55;56;67;68;71;73;70;-1;No;No;No
2797;14;4;11;12;7;21;22;30;26;20;33;32;0;43;35;56;46;60;58;57;72;63;71;65;62;-1;No;No;No
2798;2;14;7;6;11;26;18;24;17;28;45;35;0;34;43;48;53;58;59;60;71;62;70;61;66;-1;No;No;No
2799;12;11;2;1;8;28;24;23;20;22;45;31;0;42;36;47;59;52;53;51;63;69;65;62;64;-1;No;No;No
2800;4;8;10;1;9;20;22;29;17;19;36;34;0;38;33;48;52;46;56;49;66;65;64;62;69;-1;No;No;No
2801;10;7;5;11;9;25;23;22;16;17;44;43;0;34;42;53;59;56;51;47;71;74;65;73;66;-1;No;No;No
2802;7;9;2;13;6;19;28;29;20;27;39;31;0;41;38;53;57;51;54;49;70;64;66;68;65;-1;No;No;No
2803;14;10;11;5;13;24;30;23;22;17;35;37;0;38;40;49;52;46;55;47;64;67;68;63;62;-1;No;No;No
2804;11;3;8;10;12;27;26;22;17;25;35;44;0;34;40;56;48;51;52;54;74;65;69;61;68;-1;No;No;No
2805;1;11;10;8;9;28;16;22;26;25;33;45;0;32;44;49;58;56;57;55;74;62;63;71;73;-1;No;No;No
2806;5;6;2;8;13;23;28;27;25;30;41;32;0;38;44;57;46;48;60;55;63;75;72;64;67;-1;No;No;No
2807;13;5;7;6;11;18;29;28;17;19;31;33;0;36;35;60;53;50;59;48;66;67;70;71;74;-1;No;No;No
2808;2;8;3;7;4;16;23;20;30;18;42;43;0;31;40;52;54;51;50;56;63;62;69;71;68;-1;No;No;No
2809;4;11;6;14;3;23;25;21;16;22;32;35;0;41;38;56;59;57;54;49;67;71;64;63;62;-1;No;No;No
2810;7;1;15;6;3;27;21;25;26;19;43;38;0;41;44;58;52;50;56;57;61;70;72;67;71;-1;No;No;No
2811;10;7;3;13;1;18;28;17;19;21;41;44;0;31;43;53;59;60;56;55;65;63;61;71;64;-1;No;No;No
2812;1;12;6;4;3;17;16;26;24;18;35;31;0;41;37;47;51;46;54;53;74;63;69;75;73;-1;No;No;No
2813;9;1;13;2;10;22;19;30;18;23;38;34;0;33;41;51;54;55;53;48;62;63;67;70;69;-1;No;No;No
2814;1;13;12;6;10;19;18;20;16;21;42;45;0;40;32;56;54;46;51;49;69;65;67;64;75;-1;No;No;No
2815;14;8;13;9;1;27;25;19;21;30;42;31;0;41;45;57;53;52;55;51;61;63;68;64;67;-1;No;No;No
2816;11;12;9;7;8;20;29;18;28;24;31;39;0;33;32;53;55;46;51;59;71;68;75;63;64;-1;No;No;No
2817;2;5;8;14;7;26;21;23;25;22;40;32;0;42;44;51;60;47;59;53;64;73;70;61;69;-1;No;No;No
2818;14;11;10;1;9;30;20;29;21;22;42;45;0;37;36;52;58;60;46;59;69;63;66;65;74;-1;No;No;No
2819;13;8;1;10;7;17;16;21;29;22;40;38;0;44;39;48;59;53;47;57;66;72;67;61;69;-1;No;No;No
2820;15;6;3;7;13;21;16;17;22;20;44;36;0;45;32;48;46;51;56;52;61;71;74;70;73;-1;No;No;No
2821;14;7;11;10;2;23;25;20;22;21;43;41;0;44;36;52;50;54;57;51;72;71;69;75;68;-1;No;No;No
2822;2;13;1;12;15;24;21;20;19;22;32;45;0;39;40;59;49;56;51;55;70;71;74;75;67;-1;No;No;No
2823;12;13;1;3;9;30;17;21;19;29;34;45;0;40;37;50;51;54;53;56;71;68;61;70;65;-1;No;No;No
2824;1;14;7;11;8;20;21;26;25;19;42;32;0;43;41;47;59;58;46;48;68;65;66;70;74;-1;No;No;No
2825;6;4;11;10;13;21;16;18;29;28;32;31;0;35;44;49;47;46;60;57;71;75;70;61;74;-1;No;No;No
2826;13;8;9;1;7;26;21;17;25;19;44;33;0;45;41;48;54;58;60;51;62;69;64;75;67;-1;No;No;No
2827;15;14;10;13;3;25;17;26;16;21;37;35;0;34;45;50;51;47;49;57;69;70;65;61;68;-1;No;No;No
2828;8;3;13;2;5;21;20;25;26;27;37;44;0;43;45;57;55;56;51;60;68;73;70;72;71;-1;No;No;No
2829;2;3;1;4;13;26;16;21;25;19;39;36;0;44;31;59;48;55;46;54;71;62;74;61;73;-1;No;No;No
2830;6;12;7;1;3;17;23;28;25;24;40;33;0;34;36;46;50;53;55;49;71;74;61;73;65;-1;No;No;No
2831;3;6;5;7;10;20;28;19;16;17;33;31;0;32;44;51;55;60;47;46;72;73;67;74;70;-1;No;No;No
2832;5;12;11;14;13;27;21;18;16;25;37;40;0;42;41;48;57;59;58;47;68;75;64;66;65;-1;No;No;No
2833;14;9;7;2;11;29;20;23;28;22;44;45;0;42;41;59;53;54;56;57;70;69;64;67;66;-1;No;No;No
2834;15;5;9;14;4;17;21;18;29;16;43;45;0;32;33;49;56;46;51;55;65;72;63;64;62;-1;No;No;No
2835;9;5;8;11;12;21;23;28;26;25;41;44;0;31;38;50;51;54;47;59;63;74;67;64;75;-1;No;No;No
2836;12;10;1;14;13;28;24;16;19;20;31;43;0;40;39;58;47;51;46;57;71;67;66;64;61;-1;No;No;No
2837;7;11;2;8;15;20;24;27;21;26;31;33;0;35;45;49;48;53;58;55;66;75;73;72;70;-1;No;No;No
2838;12;3;1;6;7;21;19;27;24;16;33;36;0;35;40;59;52;57;50;51;72;61;75;63;65;-1;No;No;No
2839;15;6;4;10;5;17;24;27;26;19;44;43;0;45;32;51;48;49;47;58;75;65;63;72;64;-1;No;No;No
2840;7;8;5;3;2;20;22;24;28;27;44;41;0;33;32;56;53;58;46;55;70;71;62;61;72;-1;No;No;No
2841;12;11;4;15;1;30;27;25;22;20;43;34;0;41;45;49;51;50;57;58;71;70;65;67;61;-1;No;No;No
2842;8;7;11;6;10;20;28;27;22;30;41;36;0;40;32;59;49;47;46;60;71;65;61;72;73;-1;No;No;No
2843;7;8;6;4;15;28;26;23;21;27;34;43;0;41;42;54;60;58;49;47;61;70;65;68;71;-1;No;No;No
2844;5;9;6;2;1;21;29;25;22;16;44;43;0;31;39;56;53;50;55;60;67;68;66;74;65;-1;No;No;No
2845;13;15;7;9;5;23;20;22;21;24;34;39;0;44;35;53;59;51;48;46;72;61;75;69;71;-1;No;No;No
2846;2;1;5;14;7;26;25;29;17;30;42;34;0;44;35;53;48;52;57;51;65;62;64;74;71;-1;No;No;No
2847;8;13;3;7;15;25;19;26;16;20;31;45;0;37;42;54;60;59;58;49;61;68;74;64;71;-1;No;No;No
2848;12;14;6;15;7;21;28;27;24;30;31;37;0;33;42;51;58;49;53;56;68;64;63;70;69;-1;No;No;No
2849;8;13;14;11;10;24;22;29;27;26;35;38;0;36;37;52;54;48;51;50;67;61;65;72;62;-1;No;No;No
2850;8;10;7;9;15;20;21;28;27;22;37;40;0;43;42;55;53;54;50;46;74;72;71;70;67;-1;No;No;No
2851;5;6;3;8;2;22;17;16;20;27;38;40;0;32;33;52;49;53;47;55;64;61;71;66;75;-1;No;No;No
2852;7;14;5;1;4;25;18;16;29;17;42;43;0;44;45;57;50;49;48;60;68;66;65;72;69;-1;No;No;No
2853;1;3;15;14;13;25;21;24;16;19;38;36;0;42;39;57;55;50;49;54;72;66;71;70;74;-1;No;No;No
2854;9;7;5;12;11;29;17;20;25;18;34;36;0;41;35;58;52;54;50;53;70;68;71;72;69;-1;No;No;No
2855;6;5;8;15;14;22;20;25;21;16;44;31;0;41;32;60;49;51;52;59;71;65;67;74;64;-1;No;No;No
2856;4;8;3;10;15;21;24;19;20;22;41;31;0;40;35;51;58;50;60;59;73;68;74;67;66;-1;No;No;No
2857;4;11;3;6;12;20;16;17;23;27;43;38;0;34;37;59;48;51;47;46;73;68;72;71;69;-1;No;No;No
2858;9;7;3;6;8;16;23;22;24;27;45;36;0;35;34;47;58;56;46;53;68;75;61;65;64;-1;No;No;No
2859;13;5;1;3;7;29;18;17;22;27;42;40;0;41;35;58;51;57;54;46;61;72;74;73;63;-1;No;No;No
2860;2;10;4;13;15;20;27;29;23;18;31;36;0;40;38;51;48;58;47;54;66;65;74;73;69;-1;No;No;No
2861;5;3;12;13;4;17;16;22;21;20;38;43;0;34;31;53;50;49;59;57;69;74;73;63;68;-1;No;No;No
2862;8;2;9;1;4;27;30;21;29;25;39;42;0;31;38;59;57;54;58;46;65;64;74;68;70;-1;No;No;No
2863;4;12;6;10;11;22;29;18;19;21;44;32;0;38;31;50;51;47;46;49;75;63;73;66;65;-1;No;No;No
2864;2;14;1;3;6;20;21;23;27;26;33;35;0;45;37;58;48;54;47;53;61;66;63;62;72;-1;No;No;No
2865;9;14;8;1;10;17;21;27;26;16;31;39;0;35;38;57;51;60;53;55;70;72;71;73;67;-1;No;No;No
2866;10;13;1;6;7;19;23;28;22;24;42;33;0;45;40;51;57;48;46;55;68;61;71;74;66;-1;No;No;No
2867;3;11;5;2;15;25;16;29;28;19;44;41;0;38;37;51;59;58;53;50;65;71;67;68;70;-1;No;No;No
2868;11;5;9;8;10;30;29;28;18;25;34;44;0;32;37;51;50;47;58;57;61;74;75;63;62;-1;No;No;No
2869;10;12;9;14;8;27;25;29;17;16;33;43;0;42;37;49;58;48;56;51;69;71;68;75;61;-1;No;No;No
2870;3;13;4;11;12;20;19;25;30;28;42;39;0;44;38;47;49;51;57;46;68;74;66;70;73;-1;No;No;No
2871;13;10;5;1;12;20;28;26;27;18;36;32;0;43;37;57;52;59;51;49;69;61;67;75;66;-1;No;No;No
2872;10;7;9;11;5;27;21;19;25;22;43;36;0;33;39;49;46;53;50;48;68;63;61;71;65;-1;No;No;No
2873;9;5;7;6;2;16;23;20;21;18;42;40;0;41;39;54;46;53;52;51;67;65;68;71;69;-1;No;No;No
2874;2;8;1;15;14;29;20;21;22;19;44;31;0;45;34;49;59;60;47;51;73;74;70;72;67;-1;No;No;No
2875;15;10;9;13;11;19;18;21;27;29;38;31;0;45;40;46;59;52;49;55;61;69;72;62;74;-1;No;No;No
2876;6;3;4;10;14;29;17;26;25;23;45;33;0;42;40;56;58;48;51;46;66;71;70;61;69;-1;No;No;No
2877;15;11;1;6;2;18;23;29;30;28;45;39;0;44;33;47;51;55;49;46;75;63;62;69;74;-1;No;No;No
2878;15;11;13;12;8;23;16;17;21;18;43;42;0;38;41;59;53;47;57;58;63;68;70;62;73;-1;No;No;No
2879;5;1;4;6;14;28;25;24;20;21;40;41;0;36;38;51;59;60;49;55;71;61;70;64;68;-1;No;No;No
2880;13;12;7;6;1;29;21;19;28;16;44;41;0;37;32;49;48;60;57;54;66;67;68;65;62;-1;No;No;No
2881;3;15;13;14;11;30;20;23;19;29;37;42;0;33;41;55;46;49;50;56;66;70;73;68;61;-1;No;No;No
2882;14;12;9;15;11;28;23;30;22;26;42;43;0;45;36;60;47;55;54;51;64;74;71;70;73;-1;No;No;No
2883;10;14;8;15;5;22;27;16;20;26;44;38;0;45;32;51;46;49;47;56;70;67;66;69;68;-1;No;No;No
2884;4;3;6;14;2;26;21;19;18;27;44;43;0;34;39;48;51;54;59;47;74;66;75;72;63;-1;No;No;No
2885;11;10;8;12;1;23;17;16;21;22;34;45;0;33;32;47;49;52;59;56;66;73;75;64;72;-1;No;No;No
2886;12;7;8;2;9;23;17;21;16;30;39;37;0;32;31;51;53;47;52;50;73;61;66;71;68;-1;No;No;No
2887;11;6;8;4;9;21;24;29;30;28;44;34;0;40;36;51;50;46;47;55;66;72;63;65;73;-1;No;No;No
2888;13;1;5;11;10;16;21;22;19;17;33;42;0;31;36;59;47;48;54;51;68;71;65;73;66;-1;No;No;No
2889;11;10;9;14;8;29;24;18;17;25;42;39;0;43;38;53;60;46;50;58;64;61;69;63;70;-1;No;No;No
2890;12;2;7;6;14;27;26;24;28;21;45;41;0;42;39;47;50;48;57;46;74;62;67;65;66;-1;No;No;No
2891;1;3;2;12;5;25;27;20;21;28;36;40;0;31;35;54;58;55;48;57;69;65;66;71;72;-1;No;No;No
2892;15;3;2;10;13;29;22;24;30;27;36;34;0;31;40;59;55;56;52;46;72;69;64;68;71;-1;No;No;No
2893;13;15;5;8;11;25;18;26;24;19;34;33;0;41;44;60;48;51;58;57;75;62;69;65;68;-1;No;No;No
2894;5;1;13;12;7;20;27;18;22;19;33;36;0;34;42;53;52;49;54;55;68;72;71;67;66;-1;No;No;No
2895;5;13;2;4;12;25;27;21;22;23;36;35;0;37;44;48;56;57;47;49;74;72;73;67;70;-1;No;No;No
2896;2;13;6;12;15;24;22;28;25;30;34;35;0;37;38;57;60;50;52;51;67;74;61;75;62;-1;No;No;No
2897;7;15;9;6;11;18;26;30;20;24;44;36;0;32;43;52;49;55;60;56;71;72;63;65;64;-1;No;No;No
2898;4;3;7;6;1;20;25;27;26;19;32;31;0;41;35;57;55;56;53;52;67;68;66;64;73;-1;No;No;No
2899;9;12;8;10;1;26;24;29;17;30;33;44;0;36;40;50;59;58;51;55;68;64;65;74;63;-1;No;No;No
2900;2;5;1;4;10;25;18;26;21;28;31;38;0;37;40;46;58;53;57;48;67;70;71;75;61;-1;No;No;No
2901;9;3;8;2;13;27;17;28;16;30;33;35;0;32;36;47;59;58;60;49;68;75;74;67;65;-1;No;No;No
2902;6;7;2;5;8;21;24;26;19;29;43;42;0;33;34;59;47;58;56;55;62;65;73;66;75;-1;No;No;No
2903;11;12;14;4;3;28;26;25;27;21;32;39;0;44;38;47;56;54;55;48;63;61;72;68;75;-1;No;No;No
2904;13;6;9;5;12;26;20;29;30;17;31;43;0;39;38;54;53;56;58;52;72;61;68;63;71;-1;No;No;No
2905;1;4;14;15;11;29;22;27;21;26;31;37;0;45;44;60;58;59;54;57;61;74;62;71;68;-1;No;No;No
2906;11;10;12;4;15;24;19;21;25;18;39;41;0;33;43;53;47;50;56;51;67;61;75;72;63;-1;No;No;No
2907;5;13;2;11;12;21;16;20;19;25;32;36;0;35;34;56;57;54;58;51;70;64;62;63;75;-1;No;No;No
2908;4;13;1;8;3;22;21;25;29;28;42;41;0;45;35;47;48;59;57;51;61;63;74;65;69;-1;No;No;No
2909;3;6;2;15;14;21;28;20;16;22;40;39;0;44;37;59;49;46;48;57;71;62;61;68;67;-1;No;No;No
2910;15;5;11;12;8;28;20;25;21;17;33;34;0;39;31;48;55;56;53;52;75;69;67;65;68;-1;No;No;No
2911;10;8;12;1;14;30;28;29;19;22;37;44;0;35;36;49;60;47;56;48;71;74;62;68;75;-1;No;No;No
2912;2;12;4;10;3;18;29;17;30;27;38;33;0;31;37;55;51;57;56;52;66;65;74;75;70;-1;No;No;No
2913;13;14;4;8;15;29;26;21;30;28;38;41;0;36;32;53;48;59;60;52;65;68;71;70;64;-1;No;No;No
2914;3;4;2;10;1;21;28;19;18;17;39;41;0;33;40;55;51;50;57;48;71;73;61;69;70;-1;No;No;No
2915;9;13;2;11;7;30;17;27;23;29;33;40;0;34;41;50;51;55;56;49;64;62;69;61;68;-1;No;No;No
2916;14;8;10;9;13;22;19;25;18;21;44;40;0;45;41;51;46;47;60;52;64;69;66;68;70;-1;No;No;No
2917;2;15;12;10;8;28;30;29;24;19;38;31;0;45;33;50;52;46;48;47;64;70;66;71;67;-1;No;No;No
2918;12;7;3;11;2;18;30;28;27;19;39;42;0;43;34;55;53;46;58;47;68;65;64;69;67;-1;No;No;No
2919;8;7;13;14;11;25;18;21;20;24;32;31;0;35;38;57;56;47;54;55;68;72;69;63;67;-1;No;No;No
2920;5;6;1;10;9;26;28;29;27;19;43;32;0;35;40;49;58;51;57;54;69;67;72;65;66;-1;No;No;No
2921;9;12;11;2;8;19;21;25;23;18;31;44;0;32;38;53;46;59;52;57;70;67;71;62;61;-1;No;No;No
2922;9;13;15;5;12;21;24;18;17;16;42;35;0;44;40;58;56;49;51;50;66;73;69;72;67;-1;No;No;No
2923;9;8;3;11;4;22;25;29;27;23;35;38;0;41;42;50;55;54;49;47;68;70;72;67;62;-1;No;No;No
2924;8;13;7;1;5;30;21;29;19;28;38;37;0;41;31;49;57;54;46;48;71;64;68;75;61;-1;No;No;No
2925;4;12;2;9;1;27;21;29;23;18;35;43;0;44;39;48;46;59;51;47;71;69;61;65;75;-1;No;No;No
2926;4;3;12;14;6;20;30;19;21;29;31;45;0;44;40;52;53;46;48;55;68;64;67;75;72;-1;No;No;No
2927;11;12;4;13;14;20;25;30;19;29;36;32;0;44;37;59;49;48;47;58;66;67;70;65;69;-1;No;No;No
2928;14;6;5;12;11;21;30;18;17;27;34;40;0;39;31;52;56;46;49;57;69;72;64;66;70;-1;No;No;No
2929;4;7;9;14;1;24;16;21;23;25;42;37;0;36;32;51;59;47;50;57;72;70;63;65;71;-1;No;No;No
2930;3;6;9;4;5;26;29;24;20;19;31;43;0;44;37;58;59;47;52;51;61;72;71;62;75;-1;No;No;No
2931;13;5;8;7;6;30;25;18;23;24;44;31;0;45;42;56;50;52;59;60;64;62;72;69;71;-1;No;No;No
2932;3;15;12;7;4;21;19;28;22;18;38;34;0;37;43;50;49;58;48;54;63;66;64;68;72;-1;No;No;No
2933;6;15;8;7;14;18;17;21;19;22;36;31;0;32;43;60;54;53;47;55;71;67;66;64;61;-1;No;No;No
2934;14;13;15;1;4;23;27;18;29;28;40;41;0;34;43;51;46;60;52;57;64;69;65;63;70;-1;No;No;No
2935;5;2;14;7;9;21;24;29;19;20;32;31;0;33;38;57;54;58;56;59;75;61;64;67;66;-1;No;No;No
2936;9;11;15;14;6;21;25;30;16;24;34;39;0;36;32;49;51;52;48;50;64;65;69;71;63;-1;No;No;No
2937;7;2;13;12;1;23;29;22;21;24;39;40;0;36;38;59;50;48;49;58;70;68;75;66;69;-1;No;No;No
2938;1;11;15;9;2;23;29;22;26;27;39;41;0;44;35;52;55;49;57;48;74;62;67;69;73;-1;No;No;No
2939;7;12;4;1;11;22;18;29;21;30;36;34;0;31;35;47;53;48;49;52;69;65;64;67;75;-1;No;No;No
2940;9;14;1;4;3;29;22;26;19;18;37;43;0;35;33;47;59;56;51;50;73;68;72;74;63;-1;No;No;No
2941;12;2;4;10;7;22;19;23;17;25;44;32;0;37;31;60;56;57;54;51;71;68;74;65;70;-1;No;No;No
2942;5;8;7;10;1;25;20;18;16;17;37;38;0;32;35;49;56;54;51;59;65;62;70;71;74;-1;No;No;No
2943;4;9;10;2;15;29;19;20;23;30;31;35;0;33;41;49;54;58;60;55;71;72;69;61;68;-1;No;No;No
2944;4;11;7;13;14;18;25;16;22;27;35;31;0;37;43;47;54;53;46;51;68;63;70;74;75;-1;No;No;No
2945;7;11;2;6;12;27;30;26;25;17;43;37;0;31;36;49;55;56;48;54;67;74;64;68;66;-1;No;No;No
2946;10;2;14;13;1;19;16;20;23;29;42;40;0;33;31;50;59;60;56;58;75;67;74;71;69;-1;No;No;No
2947;15;12;1;2;7;28;19;22;16;30;38;35;0;34;33;54;50;56;49;51;69;66;65;61;70;-1;No;No;No
2948;10;2;4;9;13;24;22;18;28;21;35;42;0;41;44;54;51;50;59;53;71;70;64;62;73;-1;No;No;No
2949;10;4;5;14;2;17;26;28;21;27;45;31;0;39;41;51;53;52;55;50;63;67;75;73;64;-1;No;No;No
2950;8;15;7;4;1;21;26;28;29;25;40;32;0;44;42;56;54;60;55;57;68;64;61;67;66;-1;No;No;No
2951;8;13;6;7;5;30;22;17;24;27;35;33;0;32;43;50;60;59;47;53;65;63;74;68;73;-1;No;No;No
2952;15;3;9;11;10;19;16;21;20;23;35;34;0;43;36;57;58;54;48;52;71;70;67;66;72;-1;No;No;No
2953;8;9;12;14;13;23;28;19;21;17;40;39;0;36;31;46;50;51;55;60;67;61;72;71;68;-1;No;No;No
2954;9;8;15;7;3;21;22;26;17;25;36;40;0;35;31;46;56;59;55;53;65;72;63;66;64;-1;No;No;No
2955;4;2;7;3;12;27;25;21;29;26;31;36;0;33;37;54;58;50;49;48;67;63;72;69;66;-1;No;No;No
2956;8;1;9;7;13;18;17;27;24;25;39;32;0;37;36;47;54;56;51;60;71;62;64;61;67;-1;No;No;No
2957;10;12;11;9;15;19;28;27;23;18;34;32;0;39;31;55;49;48;58;47;69;74;65;62;64;-1;No;No;No
2958;14;2;10;7;12;22;20;30;28;17;35;33;0;45;32;51;46;53;47;55;70;75;61;64;74;-1;No;No;No
2959;4;2;8;14;3;18;30;21;28;29;40;34;0;41;31;55;47;56;59;54;70;64;68;63;69;-1;No;No;No
2960;14;4;8;3;6;27;24;19;25;26;43;35;0;38;34;54;58;53;50;57;64;63;73;61;72;-1;No;No;No
2961;11;1;9;12;2;20;25;22;16;28;36;40;0;34;45;51;57;47;56;46;64;68;66;65;67;-1;No;No;No
2962;8;4;7;5;6;21;26;17;28;24;34;41;0;31;45;53;49;54;52;57;71;66;65;64;69;-1;No;No;No
2963;3;5;2;12;10;28;17;24;19;16;35;33;0;40;42;53;51;54;58;52;61;74;71;64;67;-1;No;No;No
2964;9;10;14;13;12;25;24;17;23;16;42;41;0;44;39;59;57;51;49;52;73;61;64;74;62;-1;No;No;No
2965;6;4;15;8;7;18;26;24;30;27;39;38;0;36;41;52;48;53;57;60;65;72;69;63;68;-1;No;No;No
2966;7;8;6;9;12;27;28;23;26;16;42;31;0;34;32;58;47;60;54;48;68;70;72;69;75;-1;No;No;No
2967;3;15;2;8;14;16;27;23;28;20;42;33;0;32;34;57;53;60;48;52;72;75;66;71;64;-1;No;No;No
2968;4;10;7;9;1;17;30;16;22;24;32;39;0;31;38;55;47;49;46;59;73;67;66;72;64;-1;No;No;No
2969;7;11;2;10;8;18;27;26;29;21;37;45;0;36;44;55;50;47;52;54;70;66;64;68;69;-1;No;No;No
2970;13;12;8;5;7;30;27;17;20;25;42;35;0;39;40;58;60;59;49;47;63;73;68;75;74;-1;No;No;No
2971;5;8;4;15;1;30;19;27;16;26;37;42;0;41;32;51;49;47;58;50;63;66;73;67;72;-1;No;No;No
2972;8;9;5;4;7;30;28;29;22;16;33;32;0;42;36;56;50;60;49;54;62;68;61;70;66;-1;No;No;No
2973;1;2;14;15;8;19;29;20;21;23;35;37;0;36;40;46;47;60;59;51;71;61;67;74;73;-1;No;No;No
2974;15;9;5;3;14;30;16;22;27;28;44;35;0;45;38;54;59;52;57;46;73;67;62;68;61;-1;No;No;No
2975;10;12;9;3;2;16;17;26;24;20;37;44;0;45;42;52;50;51;58;54;74;70;64;63;73;-1;No;No;No
2976;9;6;12;15;1;18;24;23;25;28;32;37;0;43;36;46;50;53;52;51;70;66;72;71;68;-1;No;No;No
2977;9;14;4;6;5;22;26;28;16;21;36;39;0;35;45;49;48;51;47;59;61;74;65;68;64;-1;No;No;No
2978;2;3;12;13;14;19;22;16;18;25;34;43;0;37;45;57;49;51;52;54;64;62;73;71;65;-1;No;No;No
2979;2;13;12;4;7;21;29;17;30;16;31;39;0;37;44;60;58;47;59;49;65;75;61;72;74;-1;No;No;No
2980;5;7;4;6;8;29;20;16;19;30;32;43;0;34;44;54;46;50;57;58;68;67;65;70;69;-1;No;No;No
2981;9;11;10;15;8;19;24;26;23;17;31;36;0;43;42;47;56;55;57;54;61;74;72;69;68;-1;No;No;No
2982;6;8;14;7;15;21;19;26;23;24;33;37;0;34;36;47;55;48;54;60;63;62;72;61;70;-1;No;No;No
2983;12;1;10;9;6;17;25;22;21;27;35;33;0;43;38;58;53;57;54;59;71;63;64;69;65;-1;No;No;No
2984;5;4;14;12;10;16;17;22;21;25;34;32;0;42;40;58;48;54;52;49;75;73;68;70;74;-1;No;No;No
2985;6;14;12;4;15;29;26;27;25;19;38;36;0;42;41;59;54;50;58;48;74;75;61;67;72;-1;No;No;No
2986;2;4;3;1;7;20;27;21;22;16;40;32;0;37;31;57;58;48;55;46;73;70;69;66;65;-1;No;No;No
2987;5;1;4;6;8;25;22;24;16;19;44;37;0;36;32;48;54;59;60;47;67;65;62;73;69;-1;No;No;No
2988;2;1;9;8;11;22;25;19;23;24;41;35;0;33;34;55;60;52;54;51;61;62;63;75;73;-1;No;No;No
2989;6;15;9;13;5;27;22;19;28;23;39;37;0;35;38;51;56;60;55;50;66;69;68;71;70;-1;No;No;No
2990;10;5;14;15;3;20;29;21;16;22;39;42;0;38;40;53;51;47;58;52;64;73;65;70;74;-1;No;No;No
2991;1;3;12;15;9;20;27;24;29;30;31;36;0;43;32;51;59;58;46;47;71;75;72;61;68;-1;No;No;No
2992;3;2;10;1;14;23;28;26;24;25;42;38;0;41;34;51;53;46;49;50;65;69;73;64;71;-1;No;No;No
2993;1;5;11;10;15;24;30;23;28;29;40;44;0;42;43;57;56;51;47;55;68;70;61;71;67;-1;No;No;No
2994;4;2;14;12;6;27;20;19;21;18;43;32;0;42;31;48;51;46;57;59;68;72;71;66;65;-1;No;No;No
2995;6;11;2;10;5;29;27;25;26;19;43;42;0;45;34;56;49;47;46;48;63;61;73;69;67;-1;No;No;No
2996;6;8;10;12;11;20;29;27;16;26;31;34;0;38;45;59;48;52;54;50;70;64;72;63;61;-1;No;No;No
2997;1;5;9;7;3;30;29;19;21;18;33;43;0;38;32;55;48;60;50;54;65;69;67;64;61;-1;No;No;No
2998;5;4;13;2;10;28;22;20;19;21;33;38;0;36;37;47;50;57;46;56;65;67;70;61;64;-1;No;No;No
2999;4;6;5;15;7;22;27;23;30;29;35;34;0;36;44;55;57;48;58;56;69;67;66;71;65;-1;No;No;No
3000;4;8;13;2;7;22;20;29;30;28;39;31;0;38;35;48;60;51;55;54;70;64;68;61;69;-1;No;No;No
3001;3;4;8;6;14;19;22;18;17;21;32;35;0;37;34;47;55;54;57;51;68;71;62;61;72;0;No;No;No
3002;3;15;13;14;12;22;23;19;28;21;31;40;0;38;41;59;49;51;58;54;72;66;64;63;67;0;No;No;No
3003;3;4;13;8;2;23;16;19;22;21;36;33;0;44;45;46;60;47;56;55;71;75;67;74;69;0;No;No;No
3004;11;7;14;10;5;18;23;16;26;21;38;36;0;37;35;54;48;53;59;60;65;72;62;74;75;0;No;No;No
3005;2;7;6;4;8;27;23;25;22;24;33;36;0;34;35;53;50;59;48;52;67;72;73;74;66;0;No;No;No
3006;11;9;1;4;10;18;23;29;28;25;38;36;0;31;33;56;59;52;58;48;61;71;64;69;65;0;No;No;No
3007;15;13;6;10;12;20;26;16;21;25;38;39;0;42;41;51;56;54;58;55;66;72;74;62;61;0;No;No;No
3008;5;1;6;4;15;24;27;17;23;26;31;43;0;37;42;49;48;46;60;59;64;73;70;62;67;0;No;No;No
3009;7;12;5;11;6;30;18;17;19;26;36;41;0;43;33;54;53;50;51;58;74;73;65;70;67;0;No;No;No
3010;3;5;12;15;1;23;30;18;21;26;32;38;0;33;41;55;51;50;49;60;65;72;68;69;64;0;No;No;No
3011;4;3;1;12;14;26;21;19;20;25;35;32;0;44;31;54;55;51;53;52;67;74;73;63;71;0;No;No;No
3012;2;4;14;13;5;22;30;21;29;18;32;36;0;33;34;60;47;51;50;52;61;69;67;75;72;0;No;No;No
3013;9;5;8;3;7;19;27;25;21;26;32;42;0;37;35;52;51;54;50;53;74;64;75;69;63;0;No;No;No
3014;4;13;3;6;10;24;22;28;27;21;39;32;0;41;34;55;54;60;52;48;72;61;73;74;65;0;No;No;No
3015;13;12;5;4;11;20;27;16;19;22;43;39;0;32;42;49;52;56;51;48;71;67;61;74;70;0;No;No;No
3016;12;11;15;3;10;30;21;25;16;20;35;41;0;45;34;50;49;51;54;48;70;68;63;75;62;0;No;No;No
3017;1;11;4;3;2;26;29;19;30;18;39;44;0;36;34;52;56;55;49;47;62;73;74;71;70;0;No;No;No
3018;14;3;8;10;7;22;20;29;28;30;38;32;0;41;31;47;58;49;53;48;72;71;69;63;62;0;No;No;No
3019;10;1;7;4;9;20;18;23;19;27;35;34;0;42;38;56;57;60;52;47;73;63;75;72;61;0;No;No;No
3020;14;7;1;6;4;18;29;21;24;25;32;39;0;41;38;53;60;55;49;57;69;71;65;68;70;0;No;No;No
3021;3;14;12;6;2;16;29;19;30;26;41;32;0;44;40;46;51;58;60;56;74;75;70;65;73;0;No;No;No
3022;9;3;4;14;12;18;21;28;23;22;32;39;0;36;31;50;51;53;47;49;74;68;71;61;67;0;No;No;No
3023;3;9;6;8;1;21;26;28;16;27;42;38;0;31;34;47;48;46;51;50;61;67;72;66;71;0;No;No;No
3024;15;11;6;4;2;18;22;28;30;17;36;44;0;38;33;58;57;52;48;47;72;75;68;66;70;0;No;No;No
3025;8;3;13;2;7;16;30;25;21;19;43;34;0;42;39;51;49;50;55;46;62;63;75;61;69;0;No;No;No
3026;14;2;15;10;1;20;29;26;16;21;36;39;0;42;45;54;57;46;52;50;61;73;66;68;67;0;No;No;No
3027;4;7;14;6;13;22;28;25;17;27;38;32;0;36;34;47;57;53;50;58;68;72;61;71;70;0;No;No;No
3028;2;11;12;1;15;20;27;24;29;26;33;42;0;40;36;51;55;56;54;49;65;75;66;73;74;0;No;No;No
3029;14;4;15;8;12;29;30;22;26;21;40;42;0;41;37;54;50;52;60;48;69;73;75;63;70;0;No;No;No
3030;7;3;6;4;13;24;16;17;20;23;45;42;0;41;38;52;51;55;57;50;72;64;67;68;66;0;No;No;No
3031;15;3;7;12;5;17;19;21;16;20;38;39;0;40;43;47;54;49;55;46;75;65;61;71;67;0;No;No;No
3032;3;13;12;8;2;18;20;19;17;16;32;34;0;41;45;48;60;47;57;46;64;73;66;74;75;0;No;No;No
3033;8;13;15;3;4;29;27;17;30;24;37;45;0;38;42;60;57;51;47;49;74;71;63;73;75;0;No;No;No
3034;5;4;2;9;11;20;27;18;16;25;31;35;0;38;41;48;47;51;55;56;68;65;63;66;64;0;No;No;No
3035;4;12;5;15;2;26;19;30;28;18;38;39;0;35;45;53;52;47;59;57;67;61;75;66;70;0;No;No;No
3036;9;13;11;7;8;21;26;27;16;23;31;37;0;43;41;57;58;51;48;50;64;71;63;67;70;0;No;No;No
3037;14;11;13;15;10;18;21;28;17;26;31;36;0;35;45;53;59;50;47;54;63;65;62;73;70;0;No;No;No
3038;5;6;7;14;2;21;19;26;17;18;41;42;0;31;40;52;47;46;60;55;69;71;63;64;74;0;No;No;No
3039;11;9;14;13;4;19;28;18;22;21;44;42;0;35;45;54;50;53;51;46;65;72;64;63;75;0;No;No;No
3040;6;1;15;4;12;24;22;21;20;17;42;31;0;36;33;50;54;56;53;49;74;64;63;75;70;0;No;No;No
3041;6;8;13;10;2;25;21;18;27;20;44;34;0;38;43;56;57;46;59;50;62;66;68;69;64;0;No;No;No
3042;6;14;15;2;8;28;29;26;27;25;42;37;0;32;34;50;59;57;60;58;66;61;64;68;72;0;No;No;No
3043;2;4;3;14;1;26;23;16;21;27;45;44;0;43;36;59;48;49;58;56;61;62;70;71;66;0;No;No;No
3044;15;6;9;13;12;27;26;28;24;16;31;45;0;40;39;60;52;51;55;56;67;63;68;70;64;0;No;No;No
3045;11;12;6;4;1;19;21;16;17;18;32;31;0;44;33;55;54;51;57;50;71;65;73;62;67;0;No;No;No
3046;4;12;14;9;6;26;25;24;18;22;36;44;0;42;40;47;49;53;48;57;71;68;63;62;73;0;No;No;No
3047;7;9;8;12;10;26;24;16;21;19;36;43;0;34;40;51;58;46;50;52;67;68;72;71;75;0;No;No;No
3048;8;1;14;5;13;16;20;18;25;27;42;38;0;33;37;59;57;55;51;56;71;69;68;63;70;0;No;No;No
3049;5;4;7;14;15;30;20;24;19;17;41;39;0;38;44;50;54;53;58;59;75;74;67;69;64;0;No;No;No
3050;13;9;10;12;7;21;19;18;20;30;38;43;0;32;44;58;60;50;59;53;75;63;68;65;62;0;No;No;No
3051;13;1;5;12;6;27;22;19;17;21;44;42;0;35;43;51;48;55;49;53;66;70;68;74;73;0;No;No;No
3052;3;13;12;1;2;21;20;28;23;27;38;45;0;41;37;53;49;55;56;47;74;72;70;69;66;0;No;No;No
3053;10;6;7;14;9;30;27;26;24;21;31;43;0;38;40;48;60;58;55;56;63;75;70;74;69;0;No;No;No
3054;8;5;13;12;2;20;24;21;22;23;36;45;0;31;37;56;51;55;58;53;70;74;67;61;64;0;No;No;No
3055;9;8;7;1;6;26;24;25;19;29;43;31;0;35;40;50;52;54;51;58;74;63;69;61;72;0;No;No;No
3056;6;4;8;7;3;29;19;24;28;30;37;38;0;36;40;60;59;49;48;47;66;75;70;69;65;0;No;No;No
3057;7;11;2;5;14;26;30;19;24;29;32;39;0;36;42;55;52;46;59;47;63;75;74;70;72;0;No;No;No
3058;8;14;13;5;12;21;23;27;30;22;44;41;0;36;35;57;46;60;51;48;62;64;70;69;61;0;No;No;No
3059;8;5;4;3;6;30;29;16;18;27;38;35;0;39;31;53;60;51;49;54;71;65;68;61;72;0;No;No;No
3060;13;12;2;9;11;30;23;17;22;20;43;42;0;35;44;60;58;50;57;54;70;71;69;68;64;0;No;No;No
3061;11;12;3;15;7;27;21;19;28;26;31;37;0;36;43;58;60;51;54;48;73;61;71;75;72;0;No;No;No
3062;4;3;14;13;15;27;25;28;17;29;40;34;0;33;32;53;60;49;51;48;71;75;72;69;68;0;No;No;No
3063;6;15;2;14;1;19;16;24;21;28;31;44;0;36;32;54;51;49;53;50;67;61;62;69;68;0;No;No;No
3064;4;3;15;12;8;30;23;24;29;19;40;44;0;45;31;50;57;56;55;59;68;62;66;65;64;0;No;No;No
3065;15;11;14;1;2;22;18;16;21;28;31;41;0;37;32;51;53;52;55;47;65;66;71;75;70;0;No;No;No
3066;12;7;14;15;8;24;16;18;26;21;43;40;0;35;38;53;60;58;50;51;62;69;70;68;75;0;No;No;No
3067;4;8;6;13;12;30;25;16;21;24;35;42;0;33;32;47;51;52;46;56;73;74;67;75;62;0;No;No;No
3068;5;15;13;8;4;21;17;25;24;22;35;39;0;38;45;54;49;55;52;53;73;68;67;74;72;0;No;No;No
3069;11;7;6;9;10;23;21;26;17;24;36;31;0;40;32;50;59;48;57;56;74;68;65;75;64;0;No;No;No
3070;4;5;6;3;15;25;28;18;24;23;39;37;0;40;32;57;54;53;52;56;74;70;62;71;73;0;No;No;No
3071;7;9;6;12;5;17;19;29;25;16;39;41;0;34;42;50;48;51;53;54;62;71;61;73;66;0;No;No;No
3072;4;2;10;1;5;20;30;17;16;21;34;44;0;41;37;55;51;54;49;56;65;72;75;73;74;0;No;No;No
3073;8;9;7;4;13;29;26;30;28;22;35;45;0;36;31;52;55;51;58;46;73;75;74;70;72;0;No;No;No
3074;6;10;13;9;5;29;19;23;24;22;38;35;0;45;31;56;47;54;46;57;66;72;71;73;74;0;No;No;No
3075;2;9;1;11;13;20;16;21;22;27;36;44;0;45;43;55;51;54;57;56;71;75;69;62;72;0;No;No;No
3076;8;2;1;10;9;29;20;24;18;28;42;31;0;32;34;49;48;54;55;53;68;66;61;62;65;0;No;No;No
3077;9;10;8;1;3;18;29;19;30;23;33;37;0;36;39;51;55;50;46;54;74;69;61;67;66;0;No;No;No
3078;12;2;9;15;8;21;25;24;22;20;42;43;0;44;41;56;54;59;55;60;75;62;73;65;64;0;No;No;No
3079;9;2;11;5;7;29;23;27;20;25;38;43;0;45;40;49;58;51;57;59;67;70;61;75;64;0;No;No;No
3080;5;3;1;11;13;29;17;30;25;18;32;31;0;34;40;46;55;57;47;50;66;70;74;73;75;0;No;No;No
3081;8;10;9;12;6;17;20;16;22;29;42;35;0;44;41;56;51;46;52;59;75;71;73;74;68;0;No;No;No
3082;4;1;13;7;12;29;26;28;27;21;45;42;0;40;32;56;49;53;46;55;71;62;72;61;74;0;No;No;No
3083;9;14;13;1;2;29;24;25;28;17;40;43;0;31;38;47;51;46;53;57;72;62;68;74;73;0;No;No;No
3084;5;7;6;14;2;30;18;21;29;19;40;37;0;41;31;57;47;59;48;46;68;66;64;67;61;0;No;No;No
3085;14;8;4;7;13;21;29;26;25;17;38;33;0;40;31;55;52;59;51;48;71;64;75;74;65;0;No;No;No
3086;15;1;12;11;2;19;17;28;21;26;37;36;0;43;32;60;47;48;56;46;68;73;63;61;67;0;No;No;No
3087;4;8;9;14;10;22;17;19;20;24;38;36;0;31;35;54;51;52;57;47;61;68;64;73;62;0;No;No;No
3088;3;13;12;15;8;29;26;22;18;27;38;37;0;42;34;46;47;51;59;60;72;67;75;74;64;0;No;No;No
3089;3;11;10;7;6;21;27;28;26;24;36;33;0;41;39;50;57;48;60;59;68;63;72;62;61;0;No;No;No
3090;9;13;6;4;11;20;22;28;21;19;42;33;0;34;37;50;60;58;49;59;74;72;68;73;75;0;No;No;No
3091;12;8;2;7;11;27;20;30;21;29;38;32;0;35;36;60;51;56;55;47;74;61;73;66;72;0;No;No;No
3092;12;15;4;3;6;22;24;21;23;26;33;44;0;31;35;52;51;49;54;55;69;61;67;64;63;0;No;No;No
3093;9;14;11;7;13;29;16;26;28;19;45;34;0;40;39;48;59;57;58;56;71;66;69;73;64;0;No;No;No
3094;5;7;12;6;14;21;20;30;25;28;43;39;0;34;32;52;48;49;57;54;61;74;68;63;67;0;No;No;No
3095;3;1;5;2;11;18;19;17;16;25;39;44;0;40;43;47;52;49;48;58;72;73;63;65;67;0;No;No;No
3096;12;3;2;4;7;18;26;27;19;17;31;39;0;32;42;51;59;47;46;48;73;64;66;71;63;0;No;No;No
3097;15;14;9;7;6;28;16;22;18;17;44;40;0;39;33;49;57;58;47;54;65;74;61;75;62;0;No;No;No
3098;13;15;10;7;14;21;16;17;23;26;33;42;0;43;45;47;59;55;46;60;63;72;65;71;73;0;No;No;No
3099;6;8;13;5;7;22;20;24;30;23;33;40;0;31;37;50;52;49;54;58;61;67;66;75;70;0;No;No;No
3100;10;2;9;11;8;24;23;27;26;25;44;35;0;31;41;47;56;57;51;50;62;68;75;65;67;0;No;No;No
3101;11;3;15;1;9;24;30;28;23;19;33;44;0;34;35;57;58;55;46;47;61;70;64;69;66;0;No;No;No
3102;3;2;11;9;10;19;17;18;24;29;44;32;0;33;35;48;53;58;57;60;69;72;68;67;66;0;No;No;No
3103;9;5;1;13;12;20;21;19;23;30;38;31;0;44;40;47;48;59;55;53;68;70;63;65;69;0;No;No;No
3104;4;9;14;11;12;27;19;18;26;17;44;39;0;37;38;48;55;56;54;50;75;74;65;61;70;0;No;No;No
3105;15;14;10;8;6;18;16;17;29;19;44;31;0;39;40;50;52;60;59;46;73;62;71;61;67;0;No;No;No
3106;8;3;2;13;9;20;26;24;22;25;44;38;0;34;33;56;57;51;60;59;73;72;74;65;64;0;No;No;No
3107;8;15;5;2;4;25;20;17;28;29;45;39;0;34;32;52;49;54;47;58;68;67;66;72;74;0;No;No;No
3108;11;4;14;10;15;22;20;17;23;24;33;32;0;45;35;47;46;48;52;58;65;63;67;66;62;0;No;No;No
3109;13;12;3;4;8;26;20;17;25;27;38;32;0;39;40;54;49;51;48;52;73;70;72;64;69;0;No;No;No
3110;15;11;4;2;12;26;19;30;18;20;45;40;0;31;36;55;50;57;56;49;65;71;75;70;69;0;No;No;No
3111;4;6;15;13;9;25;27;29;26;30;39;40;0;36;44;48;50;60;59;55;73;75;74;71;72;0;No;No;No
3112;10;2;15;12;7;24;26;18;17;23;40;44;0;45;31;51;50;48;57;56;69;64;74;63;68;0;No;No;No
3113;9;6;8;7;14;16;25;30;19;17;44;37;0;38;45;52;58;48;57;54;70;72;74;69;73;0;No;No;No
3114;6;12;10;5;14;22;16;23;30;24;31;42;0;32;39;55;51;50;47;57;70;73;75;64;63;0;No;No;No
3115;15;14;1;3;7;26;28;29;21;18;33;41;0;42;38;60;59;52;55;50;69;73;72;61;71;0;No;No;No
3116;3;6;2;1;10;21;19;16;20;29;43;39;0;44;41;53;58;60;49;52;71;75;70;62;64;0;No;No;No
3117;7;1;4;10;2;22;28;17;18;27;44;39;0;42;31;53;58;57;60;51;66;62;69;65;68;0;No;No;No
3118;10;11;1;8;9;16;19;18;21;20;34;33;0;38;42;54;53;55;46;47;63;71;61;72;75;0;No;No;No
3119;14;3;2;15;4;21;30;29;28;27;37;33;0;39;43;54;57;46;53;48;72;66;65;71;70;0;No;No;No
3120;10;5;8;9;6;29;19;18;20;16;41;45;0;44;40;50;52;58;49;47;61;70;66;69;72;0;No;No;No
3121;15;11;2;5;7;18;17;30;23;19;35;32;0;31;39;53;57;52;46;56;61;62;71;72;74;0;No;No;No
3122;9;15;14;11;12;17;29;19;28;23;34;44;0;33;45;50;53;59;52;60;75;69;70;67;71;0;No;No;No
3123;14;7;1;6;13;20;29;23;27;28;41;40;0;42;39;48;53;57;58;51;67;75;74;70;73;0;No;No;No
3124;6;10;15;7;5;17;29;16;24;23;34;42;0;41;43;49;56;46;48;50;70;61;67;66;73;0;No;No;No
3125;7;3;12;2;5;22;21;25;24;16;43;38;0;41;42;47;48;60;55;52;73;74;62;63;72;0;No;No;No
3126;7;5;15;12;14;25;18;24;23;30;42;37;0;45;44;55;51;58;57;52;68;69;74;70;67;0;No;No;No
3127;6;10;2;5;9;18;21;20;29;25;39;33;0;38;43;58;60;48;53;54;61;64;65;73;67;0;No;No;No
3128;4;14;3;12;11;21;20;22;25;16;44;34;0;39;45;52;57;50;60;46;63;61;72;73;70;0;No;No;No
3129;12;14;1;2;15;28;27;24;18;23;31;37;0;33;45;47;51;49;46;50;75;62;74;72;61;0;No;No;No
3130;14;4;15;3;11;28;26;27;18;16;34;33;0;44;43;60;56;46;50;47;65;72;68;73;64;0;No;No;No
3131;1;2;14;6;5;19;28;21;30;23;44;42;0;34;43;55;60;52;50;49;71;70;61;67;63;0;No;No;No
3132;12;14;9;11;2;20;27;19;18;25;38;34;0;35;40;50;53;58;57;54;61;73;68;70;65;0;No;No;No
3133;13;9;15;4;8;27;19;21;22;25;35;42;0;44;45;48;57;49;52;56;69;75;71;66;61;0;No;No;No
3134;9;12;7;11;3;24;23;19;28;20;37;31;0;32;41;48;51;50;54;55;73;63;70;65;68;0;No;No;No
3135;10;11;8;9;14;27;21;29;22;30;36;42;0;32;35;60;51;56;57;54;70;63;69;66;65;0;No;No;No
3136;10;7;1;5;2;20;21;19;18;30;42;38;0;45;37;54;56;52;57;53;62;64;72;73;61;0;No;No;No
3137;9;3;1;14;7;22;29;26;23;25;42;35;0;40;38;47;51;53;57;49;72;62;61;69;66;0;No;No;No
3138;4;14;12;7;11;21;16;24;27;28;33;41;0;40;45;55;49;51;54;57;72;62;70;66;71;0;No;No;No
3139;8;6;10;15;5;27;26;21;23;16;39;40;0;33;36;55;56;50;48;54;75;71;62;69;73;0;No;No;No
3140;10;8;4;15;9;19;21;25;20;26;37;42;0;32;38;47;59;52;58;46;72;74;64;75;70;0;No;No;No
3141;11;7;6;15;14;21;20;30;24;28;41;45;0;43;44;59;50;51;48;47;72;62;71;73;66;0;No;No;No
3142;15;10;14;4;12;26;28;18;29;23;43;33;0;44;31;52;49;60;46;55;71;62;69;67;68;0;No;No;No
3143;5;8;4;2;9;20;28;30;16;24;32;42;0;35;44;47;46;55;59;50;72;70;69;66;68;0;No;No;No
3144;1;11;4;10;13;16;26;25;19;24;40;42;0;32;37;46;58;50;55;48;71;63;70;72;67;0;No;No;No
3145;7;4;11;8;15;26;21;29;28;24;34;31;0;38;32;51;58;60;56;59;65;62;72;71;64;0;No;No;No
3146;5;4;15;2;14;21;24;19;26;20;33;42;0;31;35;58;59;49;51;57;72;75;64;62;63;0;No;No;No
3147;10;2;12;11;9;29;23;26;24;30;35;34;0;33;37;51;58;50;52;60;68;62;61;63;69;0;No;No;No
3148;9;3;11;4;10;25;30;22;18;26;44;41;0;32;33;59;58;48;54;47;75;69;66;64;70;0;No;No;No
3149;6;9;12;3;11;28;18;17;23;29;41;42;0;36;35;57;54;52;58;50;71;63;75;61;65;0;No;No;No
3150;10;11;15;5;13;28;24;29;21;26;38;39;0;37;36;49;48;46;55;47;74;66;75;73;64;0;No;No;No
3151;10;9;2;14;4;29;21;19;30;18;39;45;0;38;37;51;55;50;53;46;65;73;72;67;74;0;No;No;No
3152;6;14;11;13;5;29;16;24;17;18;39;43;0;41;31;53;57;50;60;55;66;69;64;63;68;0;No;No;No
3153;12;15;10;2;11;29;27;23;30;20;45;31;0;33;36;49;57;53;48;52;71;62;68;70;61;0;No;No;No
3154;5;7;13;14;8;19;24;17;18;23;39;44;0;41;40;52;58;47;51;54;62;75;61;68;67;0;No;No;No
3155;2;12;1;10;8;19;16;24;21;20;40;44;0;45;36;47;54;55;53;51;62;74;69;65;68;0;No;No;No
3156;8;14;11;2;7;21;16;19;18;25;37;43;0;36;35;48;57;46;54;49;63;71;70;62;69;0;No;No;No
3157;3;2;5;1;8;28;20;22;24;17;40;44;0;34;38;46;53;60;50;47;75;67;61;62;72;0;No;No;No
3158;15;5;12;10;11;23;21;16;26;24;40;33;0;43;39;49;51;50;46;59;73;71;66;61;68;0;No;No;No
3159;4;12;14;15;5;27;17;21;20;22;40;31;0;34;36;55;49;50;57;48;65;74;67;69;75;0;No;No;No
3160;12;5;13;10;7;28;24;17;19;16;39;32;0;42;34;49;60;56;57;55;67;68;64;61;73;0;No;No;No
3161;5;13;2;1;6;20;21;26;24;30;31;35;0;41;34;56;47;49;48;50;75;63;72;74;62;0;No;No;No
3162;5;15;3;4;14;19;18;22;16;21;44;37;0;32;40;53;47;55;51;58;75;66;70;73;69;0;No;No;No
3163;7;14;2;6;3;28;19;21;24;23;36;35;0;40;39;52;53;54;50;58;73;67;61;69;70;0;No;No;No
3164;3;1;13;14;11;21;23;16;25;30;41;37;0;31;42;58;47;46;54;51;61;73;74;72;62;0;No;No;No
3165;13;2;8;12;7;18;22;26;21;27;33;40;0;45;37;50;51;53;52;58;69;64;61;63;71;0;No;No;No
3166;1;8;6;3;5;21;27;18;24;23;38;37;0;36;34;59;47;60;49;48;73;74;63;75;64;0;No;No;No
3167;15;4;14;13;9;29;30;18;20;28;42;39;0;41;33;56;51;53;48;52;71;61;64;66;62;0;No;No;No
3168;14;4;15;10;7;18;20;25;17;29;34;37;0;33;36;49;51;48;54;59;75;63;74;70;64;0;No;No;No
3169;13;9;5;8;12;20;28;27;24;26;36;42;0;45;40;58;54;53;59;55;66;73;65;69;70;0;No;No;No
3170;14;4;1;9;3;21;16;28;25;20;42;32;0;31;44;48;57;60;55;56;62;67;66;71;61;0;No;No;No
3171;10;7;6;12;8;22;20;26;21;23;35;41;0;39;40;58;49;53;51;59;65;75;62;64;69;0;No;No;No
3172;9;7;8;2;10;24;23;27;16;29;37;38;0;33;45;56;46;49;58;48;75;74;73;62;70;0;No;No;No
3173;12;11;4;8;3;27;19;23;22;16;32;31;0;40;36;55;48;47;59;52;74;70;61;69;71;0;No;No;No
3174;14;1;10;7;3;16;21;24;23;19;42;31;0;32;34;50;47;48;59;46;65;69;75;68;74;0;No;No;No
3175;4;9;10;6;11;20;28;29;30;16;31;40;0;39;32;55;60;49;53;54;62;73;70;72;67;0;No;No;No
3176;13;10;3;4;12;18;29;30;24;26;42;36;0;31;33;56;55;52;59;58;64;67;75;74;66;0;No;No;No
3177;3;5;12;14;4;19;23;24;30;29;31;37;0;35;40;53;59;60;50;52;69;72;66;65;64;0;No;No;No
3178;9;6;13;8;1;21;17;20;28;27;38;36;0;43;32;46;48;51;58;47;68;74;67;69;64;0;No;No;No
3179;1;10;2;4;9;22;21;29;25;28;45;31;0;35;37;47;52;51;48;55;63;71;67;62;61;0;No;No;No
3180;2;10;8;5;15;26;22;21;19;27;35;45;0;39;38;51;55;50;56;49;75;74;65;72;71;0;No;No;No
3181;12;10;3;2;9;30;18;21;16;29;40;44;0;37;42;47;57;55;46;54;67;66;68;69;70;0;No;No;No
3182;9;1;14;13;8;22;29;19;23;28;31;33;0;43;37;55;51;50;49;60;67;70;71;64;69;0;No;No;No
3183;5;4;9;11;15;29;18;17;27;28;45;40;0;31;44;52;58;50;48;59;67;68;66;63;73;0;No;No;No
3184;2;8;7;13;4;22;28;21;26;25;34;40;0;31;45;47;57;55;56;46;68;71;74;69;73;0;No;No;No
3185;15;14;12;6;13;24;21;19;29;16;45;44;0;43;41;57;52;47;48;46;64;73;71;72;66;0;No;No;No
3186;13;12;2;7;9;21;20;16;30;23;39;33;0;37;31;51;60;59;54;55;65;70;64;73;62;0;No;No;No
3187;1;6;8;10;9;26;24;20;16;28;40;34;0;31;33;53;51;60;50;58;73;64;75;71;72;0;No;No;No
3188;9;4;7;13;6;25;20;21;19;18;31;44;0;41;35;51;56;52;49;46;67;71;61;64;66;0;No;No;No
3189;10;8;11;6;5;29;18;25;24;19;41;39;0;36;44;57;55;56;51;49;68;69;72;71;63;0;No;No;No
3190;11;10;4;7;6;19;27;20;28;23;37;33;0;36;42;46;50;59;48;49;62;75;68;61;67;0;No;No;No
3191;11;13;12;10;3;28;18;26;27;24;31;34;0;35;40;54;60;50;53;59;66;70;74;65;73;0;No;No;No
3192;12;10;6;9;8;29;27;30;18;17;35;36;0;32;43;47;60;50;56;58;68;62;66;65;64;0;No;No;No
3193;15;12;6;9;5;23;16;19;21;30;45;31;0;38;39;53;51;48;56;46;67;74;68;66;64;0;No;No;No
3194;8;3;13;1;7;28;27;26;21;25;34;40;0;42;36;59;52;48;53;55;75;68;65;63;71;0;No;No;No
3195;8;6;5;9;7;24;16;27;28;25;35;36;0;39;42;47;52;58;57;49;63;68;61;66;64;0;No;No;No
3196;11;2;14;4;3;20;23;25;22;30;43;35;0;38;37;59;54;51;48;47;71;63;74;73;62;0;No;No;No
3197;13;3;15;2;4;23;19;21;30;22;32;36;0;31;35;48;56;46;57;47;66;61;64;70;69;0;No;No;No
3198;2;4;9;8;14;26;18;17;20;23;36;35;0;32;40;53;58;59;50;57;65;71;70;74;66;0;No;No;No
3199;6;1;8;5;3;25;16;19;28;24;40;42;0;41;38;48;51;60;59;53;75;65;71;67;61;0;No;No;No
3200;1;10;12;8;9;27;30;22;23;24;41;37;0;33;42;54;53;50;48;47;72;71;74;63;62;0;No;No;No
3201;12;1;14;10;11;29;22;20;24;19;32;37;0;41;36;60;51;47;57;56;61;75;71;66;63;0;No;No;No
3202;15;5;2;13;6;27;17;21;26;24;31;34;0;44;42;47;59;58;52;51;61;75;71;74;66;0;No;No;No
3203;2;4;11;8;7;22;24;20;18;25;39;42;0;34;43;59;58;47;54;53;63;70;74;62;64;0;No;No;No
3204;5;13;6;11;10;26;24;28;29;30;38;43;0;42;36;48;46;60;51;55;73;65;61;63;75;0;No;No;No
3205;1;15;3;6;2;17;18;21;30;16;39;34;0;33;38;59;56;51;46;53;62;70;74;66;75;0;No;No;No
3206;9;8;6;5;2;23;24;22;27;30;38;35;0;34;41;54;51;56;60;52;61;74;62;73;64;0;No;No;No
3207;6;10;5;12;4;25;23;21;22;18;33;41;0;45;42;50;49;54;59;60;61;64;71;70;66;0;No;No;No
3208;7;5;14;9;11;19;24;27;21;22;39;38;0;37;36;56;46;49;55;60;64;73;74;62;63;0;No;No;No
3209;5;7;6;13;2;16;27;17;25;22;33;40;0;37;39;52;46;50;55;47;69;70;63;68;62;0;No;No;No
3210;10;2;5;12;11;20;19;23;21;22;38;44;0;33;32;52;58;59;57;50;61;72;67;75;74;0;No;No;No
3211;14;7;15;6;4;16;26;21;27;25;34;41;0;40;39;49;57;46;51;55;63;74;73;67;72;0;No;No;No
3212;13;8;9;4;3;23;29;22;28;18;41;44;0;31;40;50;55;49;51;48;70;75;61;71;69;0;No;No;No
3213;15;6;2;11;14;19;28;23;30;22;42;43;0;44;37;50;55;58;54;52;74;64;61;65;67;0;No;No;No
3214;14;10;13;15;3;29;24;20;23;19;34;31;0;40;45;55;56;54;60;51;69;67;75;71;61;0;No;No;No
3215;3;2;9;12;11;25;28;21;29;27;31;36;0;34;33;52;51;46;57;50;61;71;66;68;73;0;No;No;No
3216;2;8;13;3;10;22;28;26;27;21;38;43;0;32;31;47;60;50;54;53;67;68;66;72;71;0;No;No;No
3217;7;4;5;14;3;18;25;26;19;20;34;36;0;31;38;60;59;47;46;55;69;62;68;75;74;0;No;No;No
3218;8;6;5;4;10;21;24;26;20;25;38;43;0;33;37;46;59;52;50;56;65;72;63;66;71;0;No;No;No
3219;11;5;9;1;10;29;22;18;23;17;43;35;0;34;42;57;55;58;54;56;63;64;61;67;72;0;No;No;No
3220;9;8;11;6;7;16;27;29;21;25;40;42;0;45;31;58;57;59;60;48;69;63;74;75;66;0;No;No;No
3221;2;12;8;1;13;18;16;27;28;17;37;39;0;34;40;50;53;46;49;48;72;70;73;74;69;0;No;No;No
3222;9;5;8;3;1;17;26;29;16;19;38;39;0;43;31;53;52;49;58;50;72;71;70;65;64;0;No;No;No
3223;11;8;3;1;2;20;26;27;17;18;32;36;0;35;31;53;60;59;58;54;72;61;63;68;70;0;No;No;No
3224;7;10;12;11;3;29;21;23;19;28;44;37;0;35;43;49;57;54;48;47;73;70;71;68;66;0;No;No;No
3225;3;5;12;4;8;19;16;23;26;21;39;36;0;34;40;49;51;52;56;55;70;68;69;66;62;0;No;No;No
3226;2;9;1;11;8;24;17;16;21;23;35;36;0;41;34;48;50;51;47;60;75;69;71;65;64;0;No;No;No
3227;8;4;7;3;6;17;28;29;21;30;38;33;0;36;41;59;46;53;49;55;70;73;69;72;68;0;No;No;No
3228;6;14;15;2;12;20;28;24;23;26;31;37;0;41;43;48;51;49;46;54;67;75;74;69;64;0;No;No;No
3229;7;15;11;14;5;28;18;16;21;23;35;34;0;31;39;47;52;51;50;59;69;75;73;74;72;0;No;No;No
3230;6;15;4;5;2;30;20;28;26;25;41;33;0;40;35;54;59;51;55;50;67;66;72;65;63;0;No;No;No
3231;3;9;1;8;15;19;29;28;26;30;32;42;0;37;38;57;56;48;51;52;64;61;72;71;67;0;No;No;No
3232;15;7;3;12;2;25;21;20;23;24;32;37;0;41;38;49;55;46;52;50;63;69;62;64;71;0;No;No;No
3233;4;13;10;11;8;27;30;22;21;20;36;41;0;40;38;47;57;48;46;50;65;64;72;69;71;0;No;No;No
3234;7;14;9;15;11;23;20;19;26;22;33;36;0;32;31;57;55;47;48;46;62;70;65;61;73;0;No;No;No
3235;13;1;11;10;6;28;16;21;23;22;44;31;0;45;40;53;51;48;49;54;62;71;74;70;63;0;No;No;No
3236;15;4;13;3;10;28;27;21;18;22;39;32;0;40;35;46;59;47;55;60;61;71;66;75;73;0;No;No;No
3237;2;4;3;1;9;18;21;25;27;16;44;39;0;38;41;54;59;57;51;55;66;74;62;68;61;0;No;No;No
3238;8;9;7;2;13;28;20;22;27;24;38;40;0;41;44;56;54;55;47;59;64;72;71;75;66;0;No;No;No
3239;5;4;13;9;10;19;21;17;25;16;44;31;0;43;45;46;59;58;48;55;71;68;70;63;67;0;No;No;No
3240;15;1;7;12;3;18;25;23;24;16;43;41;0;38;31;51;52;60;47;57;65;73;72;64;74;0;No;No;No
3241;1;6;2;14;13;22;25;26;21;16;39;34;0;44;41;53;59;55;48;56;73;74;75;62;63;0;No;No;No
3242;15;11;9;10;14;16;30;17;25;28;36;43;0;34;33;60;48;58;55;52;73;75;72;74;67;0;No;No;No
3243;8;7;14;15;6;28;24;17;25;18;41;32;0;40;38;56;58;59;60;47;71;70;64;65;61;0;No;No;No
3244;15;5;14;12;3;21;27;22;23;18;45;41;0;43;40;53;56;54;48;50;62;73;61;68;69;0;No;No;No
3245;7;4;12;11;3;17;25;26;16;23;31;34;0;36;43;50;59;58;56;57;68;64;62;65;67;0;No;No;No
3246;10;2;1;5;11;21;22;20;19;26;31;34;0;35;33;58;50;51;57;59;65;67;69;71;70;0;No;No;No
3247;15;8;3;2;7;20;23;28;22;19;31;41;0;44;40;60;51;53;46;58;61;72;73;71;70;0;No;No;No
3248;8;14;10;4;2;25;17;27;26;21;34;33;0;42;38;60;55;57;46;56;63;71;73;62;75;0;No;No;No
3249;9;14;13;8;4;24;21;18;19;20;32;39;0;40;38;49;50;53;51;52;68;61;73;74;62;0;No;No;No
3250;11;3;9;13;10;17;22;28;30;21;34;45;0;44;39;55;50;48;51;53;65;70;63;61;73;0;No;No;No
3251;13;12;10;15;7;28;18;24;21;20;42;36;0;41;31;48;51;59;49;52;64;68;75;65;69;0;No;No;No
3252;3;11;5;9;10;29;17;30;23;25;43;38;0;35;42;52;54;51;59;48;75;70;74;67;69;0;No;No;No
3253;12;10;8;3;6;19;21;28;17;16;36;42;0;31;32;50;58;49;56;46;75;70;67;63;64;0;No;No;No
3254;5;6;9;4;10;24;19;23;16;25;44;39;0;41;35;49;58;54;60;57;69;67;61;68;70;0;No;No;No
3255;9;10;14;15;8;17;23;25;26;30;41;38;0;42;44;59;53;48;55;54;67;70;69;72;71;0;No;No;No
3256;12;8;15;14;11;30;18;24;29;28;35;39;0;37;33;56;54;57;58;49;63;62;68;67;66;0;No;No;No
3257;15;5;13;8;4;27;19;20;25;18;38;45;0;39;34;58;54;52;55;51;66;62;75;73;64;0;No;No;No
3258;11;13;3;9;10;20;30;24;23;26;45;38;0;42;34;47;52;51;60;59;68;63;66;61;70;0;No;No;No
3259;3;13;1;2;6;21;30;24;16;22;43;37;0;40;42;60;56;50;59;52;70;67;65;63;66;0;No;No;No
3260;5;1;3;9;15;18;23;28;19;17;31;37;0;38;44;55;51;49;50;54;73;72;66;61;71;0;No;No;No
3261;15;11;10;5;2;28;24;21;26;17;40;41;0;33;39;57;54;49;46;59;61;64;65;62;71;0;No;No;No
3262;8;13;4;7;14;26;29;25;17;16;45;38;0;32;41;46;50;53;49;59;70;74;75;61;73;0;No;No;No
3263;4;1;14;3;9;22;26;29;20;25;31;45;0;43;41;59;60;58;57;53;67;75;72;69;61;0;No;No;No
3264;14;10;8;5;11;17;25;23;22;16;32;42;0;43;31;60;53;56;47;57;63;72;61;71;62;0;No;No;No
3265;4;11;14;15;9;16;20;29;23;17;38;43;0;42;31;52;60;58;51;59;73;74;71;61;69;0;No;No;No
3266;15;2;10;7;9;20;17;19;26;30;38;45;0;31;39;56;48;55;59;58;66;73;65;63;69;0;No;No;No
3267;15;1;13;12;11;29;18;28;20;23;42;40;0;37;41;54;50;57;60;59;67;66;69;64;63;0;No;No;No
3268;7;10;13;8;11;24;28;21;26;30;39;37;0;43;41;50;56;54;57;55;66;61;74;68;65;0;No;No;No
3269;1;14;15;8;7;25;21;19;23;17;44;34;0;43;39;47;48;50;56;55;62;71;64;75;73;0;No;No;No
3270;15;13;6;9;1;22;18;16;21;25;35;31;0;33;43;47;53;46;51;55;75;68;62;63;61;0;No;No;No
3271;6;8;7;5;10;20;17;19;30;26;36;38;0;39;41;51;47;50;55;52;63;68;61;71;64;0;No;No;No
3272;5;6;12;15;4;26;27;17;28;25;31;42;0;33;41;51;55;54;60;59;74;69;73;66;70;0;No;No;No
3273;6;3;10;1;2;26;20;17;16;25;37;39;0;38;33;57;46;54;47;53;70;65;73;67;66;0;No;No;No
3274;12;5;9;6;14;19;21;20;30;25;31;43;0;33;32;50;49;48;54;51;64;66;72;74;62;0;No;No;No
3275;15;11;7;12;4;22;21;29;20;16;39;37;0;41;33;60;56;49;59;48;65;70;74;75;73;0;No;No;No
3276;5;8;11;4;3;17;21;18;23;25;38;37;0;35;43;52;53;51;60;47;70;73;74;75;71;0;No;No;No
3277;10;4;3;5;7;24;17;30;26;29;42;39;0;44;35;46;59;58;51;48;63;66;71;61;62;0;No;No;No
3278;4;10;7;6;8;19;16;21;22;18;40;37;0;39;38;57;47;50;52;56;61;73;70;71;64;0;No;No;No
3279;2;4;1;12;7;18;23;29;30;26;36;38;0;42;43;56;53;49;50;46;70;65;62;64;71;0;No;No;No
3280;8;10;1;5;12;22;23;28;17;21;31;35;0;34;43;47;55;60;59;53;62;72;70;61;66;0;No;No;No
3281;6;5;4;14;13;28;21;27;19;29;32;42;0;34;41;60;53;52;47;57;62;67;65;75;68;0;No;No;No
3282;13;8;9;12;14;20;28;24;25;29;37;40;0;35;36;60;58;46;51;49;63;72;67;69;62;0;No;No;No
3283;10;14;15;9;8;26;18;20;25;23;39;31;0;37;38;51;49;50;48;58;69;65;61;71;66;0;No;No;No
3284;8;2;13;1;14;25;16;29;28;27;36;34;0;33;39;54;50;58;47;56;72;66;68;65;62;0;No;No;No
3285;10;3;2;6;1;24;19;18;17;25;41;38;0;40;37;46;47;59;56;55;65;62;61;66;74;0;No;No;No
3286;10;3;14;15;9;17;27;23;22;26;37;33;0;45;43;49;52;58;54;48;69;68;74;72;75;0;No;No;No
3287;13;12;3;14;4;27;26;18;22;28;44;40;0;36;41;56;57;55;54;47;66;67;73;74;63;0;No;No;No
3288;7;15;14;5;2;19;21;18;22;23;32;33;0;40;41;49;51;47;46;48;66;73;71;75;74;0;No;No;No
3289;1;9;12;8;4;17;21;20;26;16;43;45;0;44;33;57;52;46;48;60;61;74;65;71;64;0;No;No;No
3290;5;13;8;3;4;27;19;21;17;18;39;43;0;31;34;55;49;54;47;46;65;74;70;72;61;0;No;No;No
3291;8;1;7;9;3;26;23;21;16;25;32;31;0;41;40;53;59;48;51;47;61;63;66;74;65;0;No;No;No
3292;6;14;13;10;12;18;24;30;25;23;45;42;0;36;43;56;57;54;49;59;67;61;66;68;71;0;No;No;No
3293;13;7;8;6;12;22;28;19;16;21;43;38;0;31;40;53;48;47;60;56;68;74;66;62;61;0;No;No;No
3294;13;11;9;3;12;16;29;27;22;23;36;40;0;35;37;58;51;59;46;48;65;75;70;66;73;0;No;No;No
3295;12;4;9;8;11;30;22;19;17;16;37;39;0;31;36;51;54;57;52;53;75;66;69;71;65;0;No;No;No
3296;9;6;12;3;8;23;29;27;28;20;44;41;0;45;35;50;59;56;48;57;73;71;72;61;70;0;No;No;No
3297;1;13;15;9;11;21;30;28;16;25;35;41;0;44;42;56;58;53;55;48;61;74;67;62;65;0;No;No;No
3298;14;2;9;3;8;27;17;19;22;21;39;40;0;35;31;50;48;54;55;52;61;64;75;71;67;0;No;No;No
3299;13;11;4;10;12;20;29;30;25;28;33;31;0;32;40;54;52;59;58;60;62;64;61;72;63;0;No;No;No
3300;10;8;7;3;2;28;25;21;23;24;42;41;0;37;31;50;51;58;57;52;74;73;67;61;70;0;No;No;No
3301;6;5;14;11;7;21;28;26;17;20;39;40;0;35;41;50;56;59;58;47;64;65;63;61;69;0;No;No;No
3302;1;13;3;9;2;28;26;24;16;25;38;45;0;33;31;50;47;49;52;48;71;68;62;61;72;0;No;No;No
3303;13;5;9;11;14;28;22;17;29;27;42;39;0;38;34;47;46;52;50;51;69;64;67;72;68;0;No;No;No
3304;10;6;3;8;9;29;18;20;16;25;38;36;0;44;45;49;55;51;48;54;64;71;74;73;69;0;No;No;No
3305;7;9;10;14;13;19;21;29;30;28;43;33;0;31;40;54;56;46;51;52;64;62;69;73;63;0;No;No;No
3306;8;7;6;5;9;25;30;17;16;29;33;43;0;39;41;58;47;57;46;59;75;69;73;67;70;0;No;No;No
3307;13;6;1;9;8;21;19;16;22;20;37;42;0;38;36;49;52;59;58;60;72;73;71;63;66;0;No;No;No
3308;6;4;14;13;15;20;22;24;17;21;40;42;0;32;34;59;52;47;58;51;64;66;65;70;69;0;No;No;No
3309;9;1;8;6;7;16;20;28;21;17;42;44;0;39;31;56;58;46;47;54;61;64;71;69;67;0;No;No;No
3310;2;8;7;11;5;16;20;29;18;28;38;31;0;42;44;55;51;48;54;58;75;65;63;69;74;0;No;No;No
3311;14;4;8;12;13;20;21;25;19;24;33;34;0;32;44;60;59;58;56;46;61;71;65;73;75;0;No;No;No
3312;11;10;6;9;14;17;21;27;28;20;36;35;0;37;43;55;52;54;50;60;71;75;68;67;74;0;No;No;No
3313;4;3;8;6;10;16;27;28;23;26;33;43;0;45;37;51;54;59;56;52;64;63;65;72;62;0;No;No;No
3314;5;15;2;11;8;24;21;27;23;20;31;32;0;37;40;53;51;50;49;46;61;74;67;66;62;0;No;No;No
3315;3;8;2;1;11;17;29;16;25;23;39;32;0;45;35;46;58;59;49;50;72;74;71;61;66;0;No;No;No
3316;6;5;3;11;13;28;21;27;30;18;41;39;0;42;40;51;47;48;59;60;63;75;72;65;62;0;No;No;No
3317;9;6;15;7;14;29;21;17;24;23;43;45;0;44;40;59;58;56;55;50;61;63;68;71;67;0;No;No;No
3318;9;10;4;6;7;26;17;20;24;29;40;42;0;41;39;59;52;47;49;51;61;64;72;69;66;0;No;No;No
3319;12;4;8;6;3;24;18;16;25;21;43;32;0;31;38;55;53;46;51;58;62;74;75;70;69;0;No;No;No
3320;7;8;3;4;11;24;18;27;26;20;42;36;0;34;41;54;49;51;57;58;65;66;62;64;69;0;No;No;No
3321;9;7;11;6;12;28;24;17;21;16;43;44;0;41;31;55;48;51;47;54;66;75;72;69;73;0;No;No;No
3322;6;5;14;15;8;22;29;28;25;16;33;37;0;38;34;55;60;59;58;50;66;61;72;70;64;0;No;No;No
3323;4;10;1;8;9;18;26;25;19;20;38;35;0;43;40;56;51;58;49;59;73;69;61;70;67;0;No;No;No
3324;10;7;12;2;14;21;23;25;29;28;41;37;0;39;38;55;58;47;48;60;61;69;70;66;67;0;No;No;No
3325;6;4;12;5;8;24;21;25;16;22;35;36;0;42;33;49;55;59;50;48;68;69;63;70;75;0;No;No;No
3326;7;6;10;8;3;29;24;18;25;19;36;37;0;44;40;50;56;58;55;54;64;73;65;69;61;0;No;No;No
3327;5;3;12;7;2;29;30;23;27;16;41;40;0;44;42;53;57;56;59;52;71;70;61;68;69;0;No;No;No
3328;5;11;4;3;9;18;17;30;16;28;44;34;0;31;38;55;53;50;47;52;63;62;65;71;61;0;No;No;No
3329;10;7;8;12;9;24;30;20;22;27;33;35;0;43;42;60;52;51;55;47;67;71;66;70;63;0;No;No;No
3330;12;14;10;7;9;21;18;17;16;25;41;43;0;35;38;48;59;52;58;49;72;61;68;64;74;0;No;No;No
3331;3;7;4;9;6;20;22;21;28;19;45;43;0;44;32;51;55;56;47;53;63;71;75;70;64;0;No;No;No
3332;6;11;8;5;10;30;20;24;29;23;39;45;0;34;33;53;56;52;55;60;71;65;68;63;61;0;No;No;No
3333;12;8;6;5;4;19;17;21;20;25;31;33;0;38;34;59;58;54;52;51;66;63;62;74;75;0;No;No;No
3334;8;12;1;7;11;17;30;21;27;16;40;45;0;42;44;60;56;47;46;59;75;62;70;63;74;0;No;No;No
3335;2;10;5;4;11;27;22;19;30;23;36;34;0;44;31;51;52;47;53;49;62;64;63;71;70;0;No;No;No
3336;12;2;13;14;1;17;28;23;27;26;38;37;0;43;32;53;52;58;49;51;68;74;72;73;69;0;No;No;No
3337;9;1;5;11;6;17;19;25;21;18;37;33;0;39;32;53;52;48;51;49;68;72;70;69;66;0;No;No;No
3338;12;4;3;1;7;24;16;27;26;25;39;37;0;32;41;55;47;56;54;53;75;66;70;62;65;0;No;No;No
3339;7;8;5;1;15;27;30;28;25;18;40;44;0;36;41;49;48;47;55;56;73;71;67;69;70;0;No;No;No
3340;5;3;6;11;1;22;28;20;21;19;31;42;0;37;36;55;51;59;56;60;65;61;71;74;72;0;No;No;No
3341;10;6;8;5;7;21;23;18;20;28;34;35;0;32;36;58;48;47;46;52;65;68;64;72;62;0;No;No;No
3342;3;7;9;1;8;23;21;27;18;17;39;33;0;38;32;48;46;51;55;54;73;64;71;74;75;0;No;No;No
3343;5;10;1;14;12;17;19;26;29;25;43;31;0;32;39;49;50;58;48;59;64;73;62;65;75;0;No;No;No
3344;10;3;9;8;7;24;29;23;25;20;39;42;0;31;38;55;54;50;59;52;72;63;62;65;73;0;No;No;No
3345;4;9;12;8;6;17;22;19;18;24;31;34;0;36;35;50;60;53;46;58;70;64;68;63;62;0;No;No;No
3346;14;1;7;13;6;24;21;29;23;25;37;45;0;44;32;54;51;55;59;53;71;61;67;70;73;0;No;No;No
3347;12;11;4;5;14;22;21;16;19;23;38;37;0;34;44;59;56;51;60;55;71;64;69;75;66;0;No;No;No
3348;8;5;4;3;12;30;23;22;19;29;33;32;0;39;38;51;48;53;60;50;63;73;69;74;66;0;No;No;No
3349;10;13;11;2;14;25;23;21;19;18;37;31;0;38;34;52;50;57;51;54;72;71;66;70;69;0;No;No;No
3350;5;14;6;4;2;20;28;23;27;22;33;34;0;42;43;59;60;50;47;58;67;69;74;64;73;0;No;No;No
3351;15;4;13;7;14;28;27;20;19;25;33;35;0;38;39;49;57;60;47;59;62;66;67;70;68;0;No;No;No
3352;8;13;11;5;12;21;23;25;16;18;45;35;0;44;42;48;52;60;56;49;71;73;67;63;70;0;No;No;No
3353;5;12;8;2;1;23;25;24;26;28;38;37;0;31;35;56;57;46;59;58;68;75;64;63;62;0;No;No;No
3354;13;11;5;12;9;18;27;22;26;25;41;44;0;45;43;55;54;46;60;50;68;67;66;65;71;0;No;No;No
3355;9;8;15;2;14;19;25;20;16;17;31;41;0;40;38;51;54;49;50;48;65;70;62;69;63;0;No;No;No
3356;3;12;2;5;9;24;20;22;16;21;34;42;0;33;45;52;48;47;60;49;71;63;66;65;68;0;No;No;No
3357;11;7;2;4;3;23;30;21;22;29;42;41;0;40;35;51;59;53;50;60;69;65;74;66;62;0;No;No;No
3358;10;2;1;7;9;19;16;24;18;22;31;43;0;45;38;55;59;54;60;50;75;61;65;69;66;0;No;No;No
3359;5;9;3;8;4;30;24;21;23;18;38;37;0;39;36;47;49;55;51;50;71;65;61;64;72;0;No;No;No
3360;8;3;15;2;13;19;21;25;18;24;35;33;0;37;31;51;48;49;54;53;70;66;75;71;69;0;No;No;No
3361;5;11;14;15;4;18;30;21;26;25;39;38;0;32;43;47;60;46;59;52;63;61;75;70;62;0;No;No;No
3362;12;2;14;6;15;29;21;17;30;19;37;31;0;36;35;54;56;58;53;48;71;74;69;66;65;0;No;No;No
3363;10;2;6;8;4;21;23;26;22;16;34;35;0;41;45;54;57;58;52;59;71;67;63;61;74;0;No;No;No
3364;12;6;1;15;5;25;28;27;24;16;41;37;0;40;34;51;60;46;52;50;74;62;64;75;63;0;No;No;No
3365;4;15;5;6;14;19;18;20;26;21;33;41;0;36;40;51;48;60;57;54;63;62;65;71;69;0;No;No;No
3366;2;7;11;12;1;19;24;25;23;22;35;33;0;32;43;52;46;60;53;47;69;68;71;64;75;0;No;No;No
3367;15;14;7;6;4;19;18;29;21;20;39;32;0;34;33;55;51;52;57;53;72;62;69;71;65;0;No;No;No
3368;1;15;12;9;2;23;24;16;22;21;40;45;0;35;34;59;51;52;50;49;69;62;61;74;65;0;No;No;No
3369;10;14;13;15;6;24;20;26;23;17;37;32;0;38;35;58;59;54;47;60;69;68;63;66;72;0;No;No;No
3370;8;6;10;5;14;17;21;16;24;18;35;43;0;33;32;47;53;60;59;52;64;70;74;63;73;0;No;No;No
3371;8;13;1;14;7;30;29;23;16;20;41;40;0;32;39;53;52;50;55;57;61;73;65;67;68;0;No;No;No
3372;6;4;12;13;14;27;25;20;28;21;40;41;0;33;32;52;57;59;51;60;63;69;62;64;74;0;No;No;No
3373;15;13;2;5;7;29;21;23;30;24;35;36;0;42;40;50;54;48;49;51;63;62;74;75;65;0;No;No;No
3374;13;7;10;14;15;16;21;20;22;18;44;43;0;35;45;52;51;48;56;53;73;61;63;68;70;0;No;No;No
3375;12;6;5;15;10;20;27;25;19;23;36;43;0;37;45;60;53;47;48;50;62;67;61;69;64;0;No;No;No
3376;1;5;11;15;2;23;19;18;30;21;44;34;0;33;43;46;54;50;47;52;72;66;65;70;71;0;No;No;No
3377;3;14;10;7;9;20;29;27;28;21;38;33;0;44;37;53;59;47;58;46;68;72;61;66;65;0;No;No;No
3378;12;1;14;7;13;27;30;16;26;18;44;43;0;34;39;54;58;50;57;48;72;69;70;74;71;0;No;No;No
3379;15;3;9;10;7;23;26;21;28;27;32;42;0;39;36;55;57;60;59;58;69;74;75;70;61;0;No;No;No
3380;14;11;5;12;13;17;20;21;27;19;42;33;0;44;43;49;55;52;51;60;75;69;68;74;67;0;No;No;No
3381;8;7;15;5;6;26;22;16;17;21;33;39;0;41;40;60;53;52;55;56;65;75;63;67;70;0;No;No;No
3382;2;1;10;11;9;18;24;29;26;16;38;41;0;31;32;56;55;47;50;59;69;67;75;71;62;0;No;No;No
3383;11;13;8;14;4;16;23;26;29;30;33;39;0;32;42;50;47;52;55;51;72;70;64;65;61;0;No;No;No
3384;7;10;9;6;11;19;23;26;22;28;35;45;0;43;44;52;58;48;47;49;67;71;62;74;65;0;No;No;No
3385;11;8;13;7;6;16;18;30;24;28;40;37;0;32;39;55;56;49;48;58;62;70;72;67;65;0;No;No;No
3386;13;12;3;11;2;26;20;18;16;30;31;44;0;43;36;53;58;47;60;52;69;70;68;71;62;0;No;No;No
3387;2;15;6;11;4;30;16;25;21;29;41;45;0;40;31;59;60;51;58;48;63;72;71;74;69;0;No;No;No
3388;14;4;1;3;5;21;19;18;25;24;31;32;0;45;36;58;50;59;56;54;67;74;64;70;75;0;No;No;No
3389;6;7;10;5;13;22;26;28;16;19;37;32;0;33;36;50;58;54;56;49;68;66;75;62;64;0;No;No;No
3390;8;7;1;6;10;16;27;20;21;25;35;39;0;33;37;56;54;53;60;52;69;71;67;70;61;0;No;No;No
3391;6;4;14;9;13;21;24;27;26;23;43;37;0;33;44;46;59;60;55;47;73;72;70;71;62;0;No;No;No
3392;12;4;5;3;2;24;25;22;27;18;31;40;0;44;33;48;46;50;51;47;71;68;67;70;63;0;No;No;No
3393;3;1;2;11;10;26;25;16;23;17;31;38;0;41;32;59;60;54;50;57;67;73;61;69;62;0;No;No;No
3394;8;14;10;13;11;30;16;21;27;26;45;33;0;31;42;59;50;48;47;55;61;67;71;68;66;0;No;No;No
3395;12;7;14;15;9;21;25;30;24;22;41;38;0;36;42;46;49;57;47;53;69;73;68;75;70;0;No;No;No
3396;15;1;5;4;14;29;23;21;28;20;45;38;0;31;37;50;55;60;53;51;62;71;68;63;70;0;No;No;No
3397;5;12;1;3;11;19;24;23;18;30;41;36;0;33;39;54;48;53;60;46;69;72;70;67;66;0;No;No;No
3398;6;10;3;14;15;17;30;21;20;23;39;41;0;38;32;52;60;59;47;55;68;75;73;67;66;0;No;No;No
3399;14;9;10;5;15;23;26;27;22;20;42;41;0;32;33;48;51;46;58;47;74;69;68;70;71;0;No;No;No
3400;1;10;11;3;4;27;16;24;23;21;44;38;0;41;35;46;56;55;59;58;63;69;67;71;68;0;No;No;No
3401;6;14;5;4;3;16;20;30;25;29;39;31;0;35;42;59;48;55;58;50;63;72;66;75;71;0;No;No;No
3402;11;12;10;3;4;22;28;23;21;18;38;33;0;40;43;46;48;58;55;60;73;71;69;65;70;0;No;No;No
3403;8;2;14;10;9;17;19;16;27;26;43;31;0;44;40;51;47;58;50;55;74;70;62;73;66;0;No;No;No
3404;10;6;4;3;8;21;18;30;24;25;41;37;0;40;36;48;51;50;53;54;70;71;63;72;69;0;No;No;No
3405;7;6;12;4;3;19;28;18;29;30;36;38;0;35;43;59;49;53;48;60;62;73;74;72;68;0;No;No;No
3406;6;5;15;14;2;23;18;17;19;24;36;35;0;40;43;55;60;51;54;50;64;68;67;66;73;0;No;No;No
3407;15;7;14;6;4;24;17;18;23;26;39;43;0;31;36;59;50;48;46;47;65;61;63;72;62;0;No;No;No
3408;11;10;2;12;9;30;19;21;26;20;35;42;0;45;41;53;59;50;54;52;69;74;71;75;68;0;No;No;No
3409;13;10;9;1;3;17;26;23;22;16;43;31;0;37;44;58;56;57;60;51;71;68;70;66;67;0;No;No;No
3410;10;13;3;9;4;23;18;17;16;26;36;40;0;32;31;54;49;53;51;50;61;65;67;63;74;0;No;No;No
3411;8;7;5;15;4;16;18;28;21;19;45;32;0;33;44;59;52;51;48;58;66;65;68;74;62;0;No;No;No
3412;14;11;12;13;8;18;28;27;21;20;40;32;0;44;39;57;48;60;53;56;67;66;61;62;68;0;No;No;No
3413;11;9;8;3;4;16;21;28;23;18;34;40;0;41;36;54;57;50;53;56;72;75;67;63;66;0;No;No;No
3414;15;5;13;12;11;23;17;30;20;24;36;43;0;40;44;56;46;57;59;58;72;73;67;63;74;0;No;No;No
3415;6;7;3;4;15;20;30;18;21;17;35;32;0;42;41;59;55;46;53;57;69;64;74;75;66;0;No;No;No
3416;2;15;3;10;8;25;17;24;21;19;36;44;0;38;40;58;51;50;52;55;61;71;74;70;64;0;No;No;No
3417;12;11;10;8;1;24;18;17;25;29;35;31;0;39;36;49;51;55;57;59;73;63;72;68;61;0;No;No;No
3418;13;5;4;12;15;26;17;22;25;21;45;41;0;31;32;49;50;53;54;48;75;71;63;74;62;0;No;No;No
3419;1;5;10;8;14;21;29;19;18;25;40;41;0;36;33;59;50;60;58;53;62;71;61;67;70;0;No;No;No
3420;8;15;13;9;12;21;17;20;16;26;33;32;0;45;31;51;49;47;59;60;70;64;73;61;62;0;No;No;No
3421;2;3;7;13;4;23;19;16;26;30;32;41;0;40;31;53;59;57;56;55;70;67;65;68;61;0;No;No;No
3422;3;5;12;13;6;20;23;21;18;25;38;33;0;44;43;49;59;46;60;48;64;74;62;75;61;0;No;No;No
3423;11;9;3;7;10;17;18;16;27;26;32;41;0;43;36;48;58;54;47;55;62;61;65;68;75;0;No;No;No
3424;9;13;2;6;5;16;26;25;22;29;33;40;0;34;36;51;50;54;59;60;66;74;73;75;61;0;No;No;No
3425;7;14;8;6;13;18;21;19;17;20;43;35;0;34;31;54;59;60;47;46;61;71;62;70;67;0;No;No;No
3426;7;15;10;13;12;22;25;18;16;21;41;36;0;40;31;53;58;59;57;46;67;64;75;74;73;0;No;No;No
3427;8;3;7;11;4;22;29;17;20;28;42;40;0;37;43;46;53;52;60;58;69;74;64;68;63;0;No;No;No
3428;14;8;15;1;7;25;21;18;19;16;45;38;0;35;34;56;54;55;48;53;64;70;75;65;61;0;No;No;No
3429;3;1;5;9;7;28;17;20;23;21;40;43;0;39;44;56;58;49;48;50;75;61;67;63;62;0;No;No;No
3430;15;4;1;14;13;20;19;29;16;28;31;38;0;36;33;48;52;55;47;50;72;63;75;66;62;0;No;No;No
3431;5;3;2;8;4;30;16;26;21;25;42;44;0;37;43;53;50;49;57;55;65;63;61;72;62;0;No;No;No
3432;5;13;11;6;7;26;21;23;18;25;45;39;0;34;36;46;51;55;48;47;71;73;62;68;61;0;No;No;No
3433;8;7;10;6;3;30;18;17;21;22;31;38;0;39;33;49;50;51;59;46;67;68;63;61;72;0;No;No;No
3434;2;1;7;11;9;27;22;28;21;26;36;32;0;42;39;51;50;60;54;49;64;63;66;65;61;0;No;No;No
3435;13;3;7;14;15;26;21;22;18;16;31;36;0;33;32;54;47;55;58;57;75;69;61;67;66;0;No;No;No
3436;2;3;6;1;4;19;18;29;17;30;45;34;0;44;41;49;51;59;50;60;63;72;64;68;67;0;No;No;No
3437;14;2;12;1;11;26;30;22;29;20;31;45;0;42;39;52;58;47;48;49;68;75;72;69;74;0;No;No;No
3438;14;2;8;15;10;19;20;18;17;16;42;39;0;34;31;46;59;56;50;47;61;68;67;73;64;0;No;No;No
3439;13;1;8;5;4;19;28;21;18;30;45;41;0;40;39;56;47;57;60;53;72;63;71;70;74;0;No;No;No
3440;5;11;4;2;9;26;28;17;30;16;42;31;0;38;33;53;52;51;55;47;70;71;63;75;74;0;No;No;No
3441;3;1;15;7;6;21;25;27;29;20;45;33;0;39;32;51;56;57;60;54;70;71;72;74;68;0;No;No;No
3442;12;4;14;8;3;24;17;22;23;21;32;45;0;31;40;48;55;54;56;51;63;74;62;68;65;0;No;No;No
3443;7;1;3;5;4;18;25;16;30;28;39;35;0;34;31;48;56;55;49;60;61;73;72;64;68;0;No;No;No
3444;10;11;5;7;2;28;25;30;24;26;38;43;0;33;42;56;48;58;49;57;65;66;62;64;67;0;No;No;No
3445;2;4;12;5;1;30;20;19;16;23;43;45;0;42;31;53;46;52;54;55;63;71;61;62;75;0;No;No;No
3446;14;11;2;10;9;26;29;21;30;18;43;32;0;36;39;49;54;60;52;46;75;64;65;61;71;0;No;No;No
3447;11;6;14;15;10;22;28;19;21;24;31;40;0;38;37;59;50;51;49;54;67;65;71;61;63;0;No;No;No
3448;11;10;6;2;8;24;21;29;17;25;43;42;0;33;39;50;55;60;52;51;68;73;71;64;74;0;No;No;No
3449;15;1;14;10;3;26;30;19;27;17;32;34;0;45;37;51;50;55;48;46;73;66;69;63;71;0;No;No;No
3450;3;10;7;4;15;30;19;21;23;20;34;38;0;43;37;59;51;60;47;58;63;65;73;67;70;0;No;No;No
3451;6;10;8;5;2;18;22;30;28;25;31;35;0;36;41;50;49;55;56;59;71;75;61;65;64;0;No;No;No
3452;10;4;7;12;9;18;21;25;16;19;45;39;0;38;31;50;54;59;53;60;62;65;68;64;63;0;No;No;No
3453;2;12;9;11;13;16;29;28;17;19;33;35;0;44;43;54;47;46;51;59;64;68;65;69;73;0;No;No;No
3454;6;4;8;9;5;26;21;17;23;22;40;35;0;45;36;51;50;48;47;56;65;64;67;71;62;0;No;No;No
3455;10;8;13;9;11;17;22;30;23;19;40;42;0;39;44;52;51;54;58;56;74;62;72;66;71;0;No;No;No
3456;14;1;9;10;15;21;20;18;17;25;35;32;0;38;37;56;52;57;46;53;61;72;70;67;69;0;No;No;No
3457;11;13;5;3;1;21;25;22;17;28;35;40;0;33;44;56;59;60;49;50;73;67;75;74;66;0;No;No;No
3458;9;13;8;7;6;20;24;17;22;23;32;44;0;31;42;49;47;60;57;51;68;72;61;73;69;0;No;No;No
3459;9;13;5;7;2;23;25;16;29;19;41;39;0;31;38;57;48;51;49;56;61;71;73;72;64;0;No;No;No
3460;14;5;8;13;4;29;21;24;22;23;32;35;0;44;36;47;48;52;56;51;66;71;70;74;64;0;No;No;No
3461;14;2;10;4;13;28;16;18;23;27;41;45;0;39;42;55;51;49;56;48;63;67;62;66;65;0;No;No;No
3462;10;2;6;15;9;16;18;22;25;27;33;42;0;40;35;58;47;52;49;46;63;73;72;71;67;0;No;No;No
3463;3;10;8;6;7;21;18;28;16;27;39;38;0;35;44;47;54;53;60;57;64;69;75;61;63;0;No;No;No
3464;3;13;9;2;5;17;20;27;16;19;36;38;0;43;45;50;55;49;56;48;62;73;72;75;61;0;No;No;No
3465;9;15;7;6;12;21;18;19;27;25;33;39;0;37;38;50;48;49;59;47;75;72;74;73;64;0;No;No;No
3466;5;14;11;3;4;16;28;29;19;26;31;45;0;39;41;46;57;55;60;56;73;69;61;68;64;0;No;No;No
3467;3;9;8;15;12;19;27;22;21;26;39;34;0;40;33;57;55;47;51;54;65;64;62;74;68;0;No;No;No
3468;15;8;13;12;7;22;24;28;29;25;31;41;0;32;33;51;53;60;57;54;67;73;70;71;75;0;No;No;No
3469;14;13;6;15;3;22;28;29;21;25;35;32;0;34;37;57;52;47;56;51;71;74;65;68;61;0;No;No;No
3470;7;15;3;2;1;23;29;21;30;28;40;38;0;39;34;53;48;46;49;52;70;68;66;69;71;0;No;No;No
3471;13;15;10;9;14;16;24;29;18;25;32;31;0;37;41;56;58;49;50;57;73;66;67;61;63;0;No;No;No
3472;12;2;11;10;7;17;25;20;21;19;37;33;0;36;43;50;58;51;60;49;75;72;71;63;70;0;No;No;No
3473;3;1;8;12;2;19;26;17;22;25;33;31;0;32;36;51;58;54;57;55;64;74;63;70;68;0;No;No;No
3474;14;5;13;15;10;18;27;30;17;29;42;32;0;39;41;59;57;58;47;56;74;61;64;71;63;0;No;No;No
3475;3;7;15;11;1;30;20;28;18;23;41;32;0;37;31;50;57;56;51;46;74;64;71;75;61;0;No;No;No
3476;1;4;8;3;9;16;23;30;22;19;31;43;0;41;32;52;51;48;58;57;71;70;72;64;61;0;No;No;No
3477;10;2;12;11;3;24;22;17;21;26;44;37;0;40;39;46;59;50;54;58;64;74;68;73;63;0;No;No;No
3478;12;9;4;15;3;25;26;24;16;27;42;39;0;41;36;49;60;54;46;55;63;66;65;61;62;0;No;No;No
3479;6;8;7;13;9;29;19;25;21;30;44;37;0;36;38;58;46;49;56;55;70;69;71;72;67;0;No;No;No
3480;6;3;7;5;1;20;23;22;27;21;45;43;0;41;34;52;57;58;60;55;69;70;67;66;65;0;No;No;No
3481;3;6;11;9;13;23;30;18;24;21;36;38;0;44;42;57;55;54;58;56;73;65;63;61;64;0;No;No;No
3482;14;6;8;10;15;17;21;29;26;16;45;42;0;39;31;46;53;50;52;59;62;75;66;61;63;0;No;No;No
3483;10;14;15;4;13;30;19;26;21;25;40;32;0;37;41;50;60;51;59;46;75;61;68;74;69;0;No;No;No
3484;7;14;15;10;13;20;30;24;22;23;33;45;0;41;37;60;53;50;58;59;69;67;68;64;66;0;No;No;No
3485;12;7;9;3;13;16;28;30;21;18;38;31;0;36;37;48;59;58;50;57;67;68;61;72;66;0;No;No;No
3486;12;3;10;5;9;20;22;25;27;18;37;44;0;42;38;59;53;47;60;49;75;71;66;70;74;0;No;No;No
3487;8;10;5;4;12;28;17;26;25;19;43;36;0;31;45;51;56;59;55;52;61;70;74;73;64;0;No;No;No
3488;12;5;6;7;14;30;20;19;18;21;42;41;0;31;38;58;59;47;49;51;73;63;74;65;69;0;No;No;No
3489;11;12;10;13;7;16;19;17;18;26;36;33;0;34;39;49;48;51;60;50;70;63;61;71;74;0;No;No;No
3490;7;13;5;4;6;22;18;29;21;30;33;44;0;38;45;46;51;53;57;48;66;65;68;74;75;0;No;No;No
3491;1;14;3;11;10;17;24;18;16;22;31;41;0;32;33;54;57;56;55;50;65;72;74;63;62;0;No;No;No
3492;4;3;2;11;5;18;21;20;30;29;44;32;0;38;35;55;47;60;58;59;66;71;63;69;61;0;No;No;No
3493;8;4;11;3;5;17;28;26;20;25;41;33;0;36;32;50;55;47;58;49;65;68;62;64;70;0;No;No;No
3494;3;4;8;14;1;18;25;21;17;27;41;40;0;34;38;51;50;56;55;48;73;66;72;65;71;0;No;No;No
3495;13;3;2;10;4;29;19;18;23;25;32;42;0;34;33;55;56;58;50;49;62;65;71;66;69;0;No;No;No
3496;6;11;2;7;5;29;20;19;30;21;36;39;0;38;35;59;52;60;49;55;71;74;73;70;62;0;No;No;No
3497;11;2;4;12;3;17;27;25;21;18;42;41;0;45;34;48;56;54;58;55;67;73;69;65;70;0;No;No;No
3498;5;11;15;4;2;29;17;18;25;28;33;36;0;34;32;56;50;47;59;52;63;62;66;64;61;0;No;No;No
3499;10;15;5;14;11;17;25;24;26;16;35;40;0;37;34;60;59;56;55;58;64;67;71;73;63;0;No;No;No
3500;1;3;14;13;2;27;23;25;26;30;43;37;0;36;45;56;52;58;57;49;67;65;68;61;64;0;No;No;No
3501;13;5;14;1;12;20;24;21;30;19;39;43;0;42;38;47;49;60;58;59;64;63;66;62;74;0;No;No;No
3502;12;14;13;10;5;28;16;27;25;21;36;35;0;45;31;60;55;54;47;49;69;75;63;73;68;0;No;No;No
3503;3;14;11;2;7;17;21;29;20;30;42;31;0;41;36;51;58;46;47;49;61;71;74;66;75;0;No;No;No
3504;10;5;12;9;1;24;28;22;30;25;38;36;0;41;37;56;52;46;54;48;62;71;73;66;70;0;No;No;No
3505;10;7;3;6;2;25;29;24;26;16;41;38;0;32;40;55;56;50;60;59;64;71;63;74;75;0;No;No;No
3506;11;2;10;9;4;18;24;17;23;25;41;36;0;39;42;59;50;60;58;49;72;75;68;62;67;0;No;No;No
3507;15;11;2;12;7;29;26;21;17;24;32;41;0;44;42;48;54;52;51;49;74;69;71;67;68;0;No;No;No
3508;4;14;15;7;2;18;28;26;20;27;39;34;0;41;37;53;49;52;48;51;74;75;64;71;70;0;No;No;No
3509;1;10;9;11;4;24;30;27;22;25;38;43;0;39;32;48;56;55;46;57;61;72;64;67;65;0;No;No;No
3510;5;3;4;2;7;28;24;17;21;18;39;33;0;35;37;55;48;53;51;46;72;73;69;64;68;0;No;No;No
3511;10;2;5;12;6;18;20;17;24;16;44;43;0;31;33;50;48;56;53;60;74;61;68;73;67;0;No;No;No
3512;4;10;1;8;7;25;24;16;30;17;32;38;0;37;31;49;51;56;48;52;61;69;74;71;70;0;No;No;No
3513;11;8;3;10;13;17;23;30;29;18;40;43;0;41;39;58;51;57;47;56;68;66;62;69;61;0;No;No;No
3514;6;5;10;11;1;27;29;16;25;28;31;39;0;44;45;51;46;57;58;47;62;69;66;64;65;0;No;No;No
3515;1;10;7;6;5;18;20;16;25;28;35;45;0;32;31;47;56;53;55;48;71;73;68;66;65;0;No;No;No
3516;8;2;4;7;1;21;26;29;16;17;31;41;0;44;32;49;54;50;51;53;70;62;73;63;75;0;No;No;No
3517;15;14;4;3;10;29;17;25;20;24;41;36;0;40;35;51;53;46;52;60;62;65;71;61;69;0;No;No;No
3518;9;7;3;10;8;18;23;22;16;21;36;33;0;32;38;58;51;50;60;55;75;61;69;67;68;0;No;No;No
3519;12;3;9;8;11;18;16;23;25;17;44;43;0;40;45;48;53;47;52;58;71;62;69;61;68;0;No;No;No
3520;4;11;6;9;10;20;26;29;24;21;34;43;0;40;39;49;46;52;57;60;70;66;69;71;74;0;No;No;No
3521;1;12;6;7;4;28;26;27;17;25;40;35;0;45;37;57;48;53;58;54;63;73;67;69;70;0;No;No;No
3522;14;2;7;12;11;17;19;18;16;29;38;45;0;44;32;51;55;60;56;47;68;63;64;66;61;0;No;No;No
3523;7;14;11;9;6;19;30;17;18;20;43;41;0;38;36;58;49;53;52;55;68;73;71;62;61;0;No;No;No
3524;12;14;11;7;10;19;25;30;16;18;32;33;0;40;34;51;53;54;47;52;68;63;74;61;62;0;No;No;No
3525;12;7;9;6;4;28;27;22;17;26;45;35;0;41;36;47;46;57;51;55;64;71;63;73;74;0;No;No;No
3526;13;14;10;9;15;21;26;27;18;19;34;40;0;39;44;57;58;60;50;59;74;64;75;73;72;0;No;No;No
3527;2;10;4;3;6;21;27;22;23;20;36;38;0;32;35;54;56;47;50;55;65;62;64;67;68;0;No;No;No
3528;1;7;6;5;12;30;20;22;27;26;38;33;0;45;32;52;50;57;51;60;68;66;72;61;67;0;No;No;No
3529;1;3;7;4;10;27;17;21;20;28;31;38;0;44;36;54;51;58;50;53;67;62;70;71;64;0;No;No;No
3530;5;4;14;13;15;24;27;21;25;26;32;42;0;31;38;51;50;49;48;55;69;75;71;68;74;0;No;No;No
3531;7;3;10;13;2;29;19;30;17;18;40;38;0;39;41;49;57;58;54;56;68;71;73;67;69;0;No;No;No
3532;14;15;12;6;10;24;23;17;16;25;37;32;0;31;34;56;53;54;55;51;66;68;73;65;67;0;No;No;No
3533;15;14;6;2;5;17;25;24;20;26;41;43;0;38;33;51;58;49;56;57;63;71;64;74;72;0;No;No;No
3534;13;2;14;12;3;19;16;26;29;30;34;41;0;31;35;60;56;49;59;55;70;63;62;69;68;0;No;No;No
3535;2;11;1;14;8;20;29;30;22;21;45;35;0;39;44;48;52;46;53;47;68;63;65;71;61;0;No;No;No
3536;5;4;8;11;7;18;24;22;30;29;42;32;0;45;40;56;54;53;60;48;61;65;69;75;63;0;No;No;No
3537;3;1;12;4;11;29;20;25;30;17;37;33;0;41;45;47;51;50;57;53;73;61;74;75;72;0;No;No;No
3538;3;2;10;1;13;26;25;30;23;19;35;44;0;32;36;54;48;47;53;52;62;72;73;71;67;0;No;No;No
3539;3;10;8;9;7;21;17;19;26;18;43;41;0;37;36;52;58;57;56;55;72;62;69;67;66;0;No;No;No
3540;8;1;3;14;7;20;29;28;22;27;36;34;0;32;40;57;59;53;52;50;71;74;68;61;63;0;No;No;No
3541;3;2;5;7;6;27;28;29;30;16;44;40;0;36;39;46;56;55;54;51;61;69;73;71;62;0;No;No;No
3542;7;9;14;12;10;25;21;17;18;29;41;33;0;32;45;59;49;47;57;48;71;75;64;65;74;0;No;No;No
3543;8;13;5;12;10;26;25;19;24;23;39;37;0;31;38;50;57;53;56;54;71;73;74;72;68;0;No;No;No
3544;9;4;12;10;3;25;20;23;30;19;44;42;0;43;32;54;53;51;58;52;68;63;71;75;67;0;No;No;No
3545;3;9;2;4;10;23;30;21;18;17;35;34;0;41;45;53;52;57;59;55;70;67;72;66;63;0;No;No;No
3546;8;1;4;3;11;26;21;29;27;25;36;37;0;39;44;53;57;55;58;56;68;73;71;63;62;0;No;No;No
3547;11;10;1;5;3;26;25;20;23;19;33;39;0;42;37;58;51;50;49;59;70;68;69;66;63;0;No;No;No
3548;12;15;1;5;14;30;29;28;22;27;32;41;0;42;44;54;57;49;53;52;62;63;69;75;64;0;No;No;No
3549;1;3;2;14;13;27;26;17;16;28;37;41;0;40;45;54;59;48;53;52;72;63;75;71;65;0;No;No;No
3550;4;14;12;9;13;20;24;23;17;19;37;40;0;44;43;48;47;54;46;55;65;71;61;64;72;0;No;No;No
3551;11;2;1;15;5;16;18;21;19;17;44;36;0;45;42;50;49;58;52;60;65;63;62;64;67;0;No;No;No
3552;6;2;10;12;13;30;17;28;19;29;45;32;0;44;31;47;58;55;60;46;64;69;74;65;67;0;No;No;No
3553;10;6;9;14;12;24;19;18;28;21;42;31;0;38;33;53;59;60;49;51;64;66;62;65;63;0;No;No;No
3554;5;13;7;14;3;20;29;23;25;22;34;45;0;31;33;54;50;51;56;60;64;67;65;66;71;0;No;No;No
3555;7;6;2;4;5;17;29;19;30;24;42;37;0;41;40;55;53;47;57;54;62;72;71;65;64;0;No;No;No
3556;13;7;10;5;4;27;21;29;30;22;44;41;0;36;40;48;55;57;51;58;67;66;75;68;70;0;No;No;No
3557;15;14;9;8;11;21;16;22;25;30;38;43;0;42;41;47;48;56;55;60;73;64;63;72;61;0;No;No;No
3558;2;5;8;3;10;21;27;24;22;23;43;44;0;37;39;55;51;53;54;58;68;65;61;63;72;0;No;No;No
3559;7;15;1;11;10;29;25;21;24;23;35;34;0;39;33;53;47;52;57;60;71;63;61;66;65;0;No;No;No
3560;1;6;4;8;9;26;24;22;23;20;44;32;0;31;34;58;46;50;57;49;61;62;66;69;72;0;No;No;No
3561;10;11;9;8;1;20;18;27;21;25;33;43;0;36;44;51;50;55;49;52;70;68;61;69;67;0;No;No;No
3562;13;10;7;3;6;19;21;30;20;24;35;37;0;33;34;50;53;51;57;47;65;74;61;73;70;0;No;No;No
3563;13;15;14;9;10;26;19;18;24;20;31;42;0;41;32;56;59;58;48;57;69;61;72;70;71;0;No;No;No
3564;9;7;13;10;3;23;27;28;22;30;39;38;0;31;42;55;47;59;56;54;67;70;68;74;61;0;No;No;No
3565;3;7;6;11;10;27;23;18;22;17;34;44;0;42;41;49;57;58;51;54;66;63;62;72;67;0;No;No;No
3566;10;15;1;12;9;23;30;18;29;27;41;43;0;32;39;49;52;60;56;54;66;65;64;61;70;0;No;No;No
3567;3;8;9;7;12;19;27;26;30;25;45;40;0;39;34;55;60;54;53;50;64;74;71;63;73;0;No;No;No
3568;4;14;5;15;9;29;19;18;21;30;31;33;0;38;34;56;59;55;53;60;61;65;70;62;75;0;No;No;No
3569;4;5;8;1;11;24;21;29;28;23;33;31;0;44;34;57;47;51;46;59;74;70;66;64;63;0;No;No;No
3570;15;1;5;4;7;23;18;19;21;22;33;31;0;42;34;58;56;57;60;55;74;67;64;62;65;0;No;No;No
3571;13;3;10;2;4;24;16;28;20;19;43;33;0;31;34;52;58;49;59;48;62;75;66;70;65;0;No;No;No
3572;4;6;9;1;15;26;29;28;21;25;44;34;0;40;42;49;48;47;50;57;73;71;64;65;66;0;No;No;No
3573;14;3;7;6;13;18;23;28;16;17;31;38;0;33;45;54;59;49;56;50;64;71;72;74;75;0;No;No;No
3574;15;5;4;10;8;25;23;16;27;24;32;39;0;45;43;46;59;57;50;60;61;63;74;64;68;0;No;No;No
3575;11;13;7;9;6;26;19;23;22;25;33;31;0;41;36;53;59;56;51;58;65;75;73;63;64;0;No;No;No
3576;1;7;3;2;4;25;20;22;21;23;38;41;0;44;31;53;57;46;56;58;61;69;63;68;71;0;No;No;No
3577;11;10;6;4;7;18;26;17;30;25;37;41;0;44;45;55;60;59;52;46;74;61;69;75;73;0;No;No;No
3578;5;4;7;12;3;25;20;26;16;24;40;42;0;34;32;51;56;58;50;47;70;69;71;62;66;0;No;No;No
3579;5;13;3;12;14;20;28;19;29;30;40;41;0;44;42;51;57;55;47;56;61;69;75;74;73;0;No;No;No
3580;2;1;5;6;3;22;25;29;23;21;37;38;0;36;43;47;57;49;51;56;73;63;65;66;62;0;No;No;No
3581;5;11;15;1;4;22;20;21;24;19;38;37;0;39;44;52;56;51;55;58;75;68;63;70;67;0;No;No;No
3582;8;2;15;5;6;20;19;18;25;17;45;35;0;40;34;56;58;46;54;55;75;74;65;64;73;0;No;No;No
3583;8;15;2;4;1;28;18;20;22;27;38;34;0;31;39;57;56;59;51;52;72;71;66;64;65;0;No;No;No
3584;1;3;8;10;7;27;17;16;29;28;40;42;0;35;33;48;47;52;57;51;68;63;73;62;67;0;No;No;No
3585;1;9;4;8;3;30;22;19;21;29;41;31;0;37;40;49;60;54;48;47;72;65;62;70;63;0;No;No;No
3586;11;15;10;14;8;26;17;25;16;23;38;36;0;37;43;46;48;57;47;58;63;66;65;70;74;0;No;No;No
3587;14;4;8;2;12;27;20;26;18;22;43;42;0;36;40;58;53;60;57;55;70;65;72;74;68;0;No;No;No
3588;15;11;9;6;14;22;20;24;27;19;40;41;0;35;39;47;46;54;50;51;74;65;69;72;73;0;No;No;No
3589;5;7;2;4;6;20;24;18;30;29;42;35;0;38;44;55;48;50;47;60;68;64;61;67;65;0;No;No;No
3590;8;2;15;4;1;21;16;26;20;30;32;36;0;40;33;54;52;58;49;57;66;68;61;75;67;0;No;No;No
3591;5;2;3;6;14;25;28;22;19;20;40;32;0;42;31;59;51;52;47;46;66;73;67;68;69;0;No;No;No
3592;4;3;12;15;13;25;18;24;21;29;42;32;0;31;40;50;53;46;52;59;75;63;64;69;73;0;No;No;No
3593;3;12;6;13;8;21;19;26;18;20;31;32;0;41;33;48;51;47;53;55;75;63;66;74;73;0;No;No;No
3594;15;14;10;2;12;26;28;27;29;20;34;40;0;41;33;50;59;51;60;46;61;66;64;75;65;0;No;No;No
3595;11;9;5;8;10;17;21;20;22;29;39;40;0;42;36;48;59;51;56;52;61;65;75;64;69;0;No;No;No
3596;6;12;11;2;10;17;18;21;20;25;42;32;0;33;35;50;56;55;49;48;66;67;68;71;64;0;No;No;No
3597;10;5;6;9;8;18;21;20;28;25;39;43;0;36;33;46;49;59;47;48;69;73;75;62;61;0;No;No;No
3598;12;15;2;5;9;22;20;21;29;19;38;36;0;35;45;50;54;46;53;56;74;68;73;67;65;0;No;No;No
3599;12;2;15;10;3;17;29;24;18;23;36;33;0;35;42;50;60;52;58;59;64;63;62;66;70;0;No;No;No
3600;2;14;3;6;10;30;18;16;29;26;36;39;0;44;43;49;47;46;48;50;62;72;66;64;63;0;No;No;No
3601;8;4;9;14;3;30;23;17;21;18;34;38;0;33;35;51;49;60;58;50;61;75;65;68;74;0;No;No;No
3602;6;12;10;5;9;26;19;25;18;17;43;34;0;42;33;50;58;59;52;60;70;71;69;62;61;0;No;No;No
3603;9;8;5;3;11;17;16;20;27;24;33;42;0;31;41;56;53;48;50;47;69;72;64;71;74;0;No;No;No
3604;9;6;11;5;7;25;24;22;21;23;41;40;0;33;32;60;50;52;49;47;61;62;69;67;66;0;No;No;No
3605;8;6;3;7;5;25;29;28;21;26;32;36;0;34;33;46;54;60;59;50;68;62;71;70;74;0;No;No;No
3606;6;8;1;5;4;28;22;17;21;25;41;43;0;40;35;47;57;58;59;60;73;67;70;66;63;0;No;No;No
3607;12;15;8;10;9;26;22;20;23;19;39;42;0;34;41;52;46;51;48;59;72;75;68;71;61;0;No;No;No
3608;9;13;2;12;1;29;21;28;30;24;45;34;0;31;37;49;54;52;60;53;65;75;74;72;61;0;No;No;No
3609;10;13;12;14;6;19;18;30;27;28;44;35;0;33;45;59;47;48;58;46;70;62;71;61;63;0;No;No;No
3610;8;14;9;10;15;28;19;17;27;22;32;39;0;34;37;52;59;55;53;54;73;71;64;69;70;0;No;No;No
3611;14;8;1;5;13;26;21;18;16;17;43;44;0;33;39;58;53;56;46;59;69;71;63;75;62;0;No;No;No
3612;12;9;8;2;11;20;18;16;25;17;39;45;0;35;44;56;55;50;46;54;66;75;70;68;69;0;No;No;No
3613;13;8;5;4;7;30;24;28;29;22;37;40;0;39;32;57;60;47;50;59;67;64;65;63;62;0;No;No;No
3614;12;10;7;5;15;17;28;25;16;20;40;39;0;37;45;51;46;48;53;50;73;67;71;65;64;0;No;No;No
3615;7;9;4;3;12;27;16;17;25;26;37;33;0;39;38;58;46;48;60;50;65;62;61;69;68;0;No;No;No
3616;1;7;13;15;10;16;18;17;19;28;36;40;0;32;39;50;59;49;51;58;72;64;61;70;71;0;No;No;No
3617;2;8;1;7;11;19;24;25;21;20;34;37;0;35;42;55;60;53;52;47;62;66;65;75;64;0;No;No;No
3618;1;5;4;14;2;17;24;18;23;25;43;34;0;37;44;56;46;51;50;58;74;67;62;73;69;0;No;No;No
3619;2;13;1;11;3;27;26;21;30;20;34;32;0;35;44;51;46;53;55;50;66;65;71;74;72;0;No;No;No
3620;3;8;1;7;6;29;20;30;27;26;45;40;0;32;31;54;60;48;53;55;69;68;70;73;61;0;No;No;No
3621;13;4;9;8;14;24;20;16;19;17;38;42;0;37;45;60;56;50;59;51;74;61;70;63;72;0;No;No;No
3622;8;15;13;7;4;28;29;25;22;30;44;39;0;33;31;51;53;49;59;50;72;69;65;71;63;0;No;No;No
3623;3;12;7;2;1;30;26;21;29;23;31;44;0;41;45;50;59;51;49;53;64;63;71;67;69;0;No;No;No
3624;6;8;1;9;15;23;27;20;17;16;44;33;0;31;37;53;49;58;52;57;66;73;75;68;67;0;No;No;No
3625;5;6;13;8;4;18;27;24;22;25;38;43;0;35;42;51;50;49;59;53;71;75;61;69;62;0;No;No;No
3626;11;14;2;1;12;30;27;21;18;29;44;36;0;45;32;56;55;47;51;54;63;70;61;68;64;0;No;No;No
3627;15;5;8;3;10;23;21;20;30;24;37;41;0;36;32;57;59;54;48;49;63;70;69;68;61;0;No;No;No
3628;9;2;10;1;11;16;29;26;28;20;37;36;0;45;32;55;51;46;60;56;75;68;74;69;67;0;No;No;No
3629;9;3;12;7;8;22;29;23;24;30;32;37;0;40;33;46;47;60;53;50;64;75;69;62;73;0;No;No;No
3630;15;8;14;1;5;25;24;21;30;27;32;44;0;37;43;48;51;46;60;59;63;67;62;74;61;0;No;No;No
3631;3;5;13;10;9;20;23;17;25;27;44;42;0;31;38;60;52;51;46;58;64;69;72;63;62;0;No;No;No
3632;12;10;2;11;1;21;16;23;22;29;41;31;0;32;44;51;48;54;47;49;73;74;67;72;70;0;No;No;No
3633;10;11;14;13;4;26;28;18;17;20;36;41;0;33;40;50;59;47;58;49;70;68;75;69;67;0;No;No;No
3634;3;4;1;8;12;21;20;27;30;18;38;35;0;40;44;55;54;49;50;53;63;73;69;65;72;0;No;No;No
3635;9;10;12;4;6;25;30;20;17;24;31;33;0;32;34;47;56;57;48;55;68;67;75;70;74;0;No;No;No
3636;14;13;1;2;10;23;18;28;27;22;35;43;0;37;34;56;53;55;58;59;70;72;63;62;69;0;No;No;No
3637;10;5;2;6;8;30;29;20;25;19;41;44;0;36;34;54;57;47;53;48;67;74;66;75;62;0;No;No;No
3638;3;13;2;7;11;16;30;28;23;22;32;40;0;31;41;58;57;56;49;60;75;70;73;67;74;0;No;No;No
3639;9;1;3;6;2;29;20;21;19;18;36;38;0;31;41;56;57;49;58;55;75;62;61;72;66;0;No;No;No
3640;4;15;14;9;13;23;29;17;22;16;37;36;0;34;43;51;54;55;53;50;71;65;64;62;66;0;No;No;No
3641;8;14;5;10;9;25;28;24;21;26;40;38;0;37;36;47;57;56;59;50;72;71;66;69;73;0;No;No;No
3642;8;14;2;1;9;28;21;29;27;25;33;31;0;32;40;55;50;54;57;48;72;68;69;66;62;0;No;No;No
3643;4;15;13;7;6;29;18;16;25;17;45;42;0;39;40;48;56;57;54;49;70;72;61;69;63;0;No;No;No
3644;13;12;5;10;4;22;23;18;17;19;31;38;0;35;32;49;60;57;48;54;71;74;75;62;69;0;No;No;No
3645;15;1;4;7;3;18;25;26;17;30;44;41;0;39;35;59;60;46;51;50;74;67;64;69;68;0;No;No;No
3646;3;14;15;6;12;25;22;16;21;20;32;34;0;31;35;54;51;52;53;55;61;65;68;75;69;0;No;No;No
3647;15;9;3;13;8;30;16;28;18;26;34;36;0;39;43;49;59;53;58;55;61;73;69;72;67;0;No;No;No
3648;3;9;14;13;11;16;21;23;17;24;31;38;0;36;40;53;55;51;56;50;74;64;71;63;75;0;No;No;No
3649;4;3;1;2;6;20;16;18;23;24;38;41;0;40;43;55;54;58;60;50;66;73;61;63;69;0;No;No;No
3650;7;13;10;1;9;21;16;30;20;29;34;41;0;38;32;60;49;50;51;48;70;62;69;68;75;0;No;No;No
3651;9;6;15;10;14;29;27;19;30;22;34;32;0;36;33;50;47;51;54;48;73;69;64;65;75;0;No;No;No
3652;15;2;1;8;7;28;19;30;20;27;35;34;0;39;33;52;55;57;47;60;68;69;63;66;67;0;No;No;No
3653;13;2;5;1;14;29;16;20;26;17;32;42;0;38;41;50;46;48;49;47;75;73;74;63;68;0;No;No;No
3654;13;10;12;7;4;25;23;21;20;30;45;33;0;31;39;51;49;58;48;47;68;75;63;70;69;0;No;No;No
3655;3;11;2;1;15;17;21;19;28;29;34;44;0;39;32;49;51;59;55;48;66;71;64;74;73;0;No;No;No
3656;2;15;1;4;3;20;26;21;23;24;38;35;0;34;37;55;50;48;59;57;71;61;74;70;67;0;No;No;No
3657;10;9;14;12;4;19;18;17;28;27;38;33;0;44;45;48;57;47;54;49;61;63;64;69;75;0;No;No;No
3658;3;2;15;14;13;26;17;22;21;16;43;45;0;35;42;51;54;50;49;59;65;64;63;62;70;0;No;No;No
3659;7;8;10;4;14;20;27;19;28;17;42;34;0;37;40;53;48;58;60;57;70;69;71;64;61;0;No;No;No
3660;8;9;7;15;3;21;28;24;19;30;33;39;0;31;32;55;54;53;50;52;75;69;71;68;73;0;No;No;No
3661;3;7;1;2;4;24;18;29;30;21;34;40;0;37;39;55;60;54;53;58;64;69;71;63;73;0;No;No;No
3662;8;14;2;10;11;30;29;21;16;27;42;31;0;36;37;46;53;50;59;60;64;62;67;68;69;0;No;No;No
3663;4;15;14;5;13;20;30;29;25;23;33;35;0;31;40;59;46;49;60;48;63;64;73;62;65;0;No;No;No
3664;12;5;3;15;14;23;21;28;20;16;31;40;0;38;45;59;56;58;50;57;66;73;65;71;75;0;No;No;No
3665;4;2;7;5;1;22;21;26;29;27;40;31;0;37;39;59;53;57;46;49;69;74;73;63;70;0;No;No;No
3666;10;6;12;13;9;27;22;20;26;24;39;42;0;40;32;53;51;58;57;52;74;62;61;67;63;0;No;No;No
3667;5;15;1;14;9;23;22;27;20;21;39;44;0;35;41;59;51;48;55;50;65;71;61;69;63;0;No;No;No
3668;15;5;3;13;4;20;18;25;28;27;35;34;0;32;40;49;48;59;54;50;61;71;66;67;62;0;No;No;No
3669;15;8;9;14;1;20;28;22;16;21;40;31;0;41;33;46;55;53;51;57;68;62;75;64;72;0;No;No;No
3670;14;8;3;12;15;25;24;18;23;22;34;42;0;33;35;60;59;58;47;53;62;72;73;70;71;0;No;No;No
3671;2;12;13;15;14;24;16;19;21;18;35;36;0;33;39;56;50;51;55;49;61;65;71;75;69;0;No;No;No
3672;14;10;6;5;13;25;17;24;27;26;32;44;0;42;41;49;56;55;53;48;66;74;63;61;68;0;No;No;No
3673;3;2;12;9;4;29;30;27;20;24;39;35;0;32;41;48;49;53;52;47;70;71;62;65;64;0;No;No;No
3674;3;2;12;1;8;29;23;25;17;30;45;37;0;33;38;51;47;49;50;48;71;68;69;61;73;0;No;No;No
3675;6;9;11;8;15;19;25;29;24;17;45;41;0;42;38;59;49;48;50;54;67;68;61;73;66;0;No;No;No
3676;13;11;15;5;10;21;25;18;17;27;35;43;0;45;40;49;58;54;48;55;74;65;63;64;66;0;No;No;No
3677;11;13;12;6;15;21;20;29;24;19;31;41;0;45;40;50;59;52;60;48;75;63;74;61;71;0;No;No;No
3678;4;6;5;3;12;27;23;24;21;22;39;45;0;36;38;47;51;46;50;54;70;66;74;73;64;0;No;No;No
3679;8;13;10;6;2;29;20;16;24;25;42;41;0;40;39;52;55;53;54;50;69;72;61;65;67;0;No;No;No
3680;3;4;7;2;1;24;21;23;19;26;43;37;0;36;39;57;50;49;47;56;71;75;68;64;63;0;No;No;No
3681;4;5;3;11;7;23;20;26;16;27;34;40;0;44;33;59;53;52;55;51;71;66;74;61;64;0;No;No;No
3682;14;8;13;7;6;27;22;20;19;30;33;44;0;45;36;54;52;55;57;46;65;72;64;66;75;0;No;No;No
3683;7;3;4;8;6;17;16;24;19;25;45;36;0;35;32;51;56;52;55;58;66;73;61;64;65;0;No;No;No
3684;10;9;7;6;13;28;17;21;25;27;45;35;0;32;44;57;50;52;55;56;64;63;66;72;67;0;No;No;No
3685;7;8;13;9;2;20;30;29;24;23;31;34;0;43;32;59;51;52;57;60;74;67;71;72;73;0;No;No;No
3686;12;7;11;15;2;17;18;16;23;20;41;35;0;45;44;57;50;46;60;59;72;66;74;75;62;0;No;No;No
3687;15;12;11;2;10;21;30;25;24;18;42;45;0;40;41;47;49;59;51;48;74;70;63;61;69;0;No;No;No
3688;6;5;15;13;12;19;24;16;21;30;39;33;0;41;43;48;50;59;56;58;62;61;72;70;69;0;No;No;No
3689;14;7;6;15;13;30;26;19;29;23;41;37;0;32;33;52;46;57;48;47;61;68;70;69;74;0;No;No;No
3690;4;10;6;2;9;23;26;25;22;30;31;37;0;40;38;49;59;56;60;46;61;66;69;68;65;0;No;No;No
3691;3;7;15;2;14;23;18;17;16;22;40;43;0;41;45;52;51;46;47;53;69;63;61;71;68;0;No;No;No
3692;7;6;9;4;13;24;16;26;30;18;40;33;0;32;36;51;53;57;59;60;62;63;74;65;71;0;No;No;No
3693;7;12;9;6;8;24;16;27;21;30;36;44;0;43;40;58;56;55;54;52;63;71;61;67;64;0;No;No;No
3694;1;12;10;11;13;21;19;24;23;25;31;41;0;33;32;46;54;48;47;52;65;68;61;67;63;0;No;No;No
3695;6;9;11;13;15;23;16;22;26;24;44;43;0;40;36;53;49;56;46;48;61;67;66;70;74;0;No;No;No
3696;4;2;6;1;11;20;26;24;22;16;39;33;0;32;38;46;55;48;58;54;74;72;69;67;75;0;No;No;No
3697;1;3;15;14;13;23;25;24;30;26;43;40;0;36;37;55;57;56;53;52;64;67;61;63;69;0;No;No;No
3698;10;1;3;15;9;21;19;20;23;17;34;37;0;36;42;55;48;54;47;49;69;62;71;61;63;0;No;No;No
3699;8;9;7;10;11;29;27;26;18;20;43;39;0;32;35;60;51;57;59;55;67;65;64;68;74;0;No;No;No
3700;1;10;9;13;3;24;19;29;27;23;44;34;0;43;33;57;53;50;51;60;64;68;63;66;67;0;No;No;No
3701;5;7;15;13;9;26;23;22;30;24;39;38;0;34;35;46;52;54;58;57;70;72;67;71;66;0;No;No;No
3702;8;15;3;13;2;26;18;22;28;17;42;41;0;44;37;60;59;54;51;50;72;68;69;62;75;0;No;No;No
3703;10;15;9;2;14;30;27;19;20;16;43;37;0;33;36;46;51;57;49;56;74;75;68;73;61;0;No;No;No
3704;3;8;9;15;5;23;24;25;22;16;31;41;0;39;40;47;57;58;60;46;66;74;65;73;61;0;No;No;No
3705;9;7;3;2;8;26;16;23;21;22;37;34;0;44;33;55;53;52;54;57;64;68;70;72;63;0;No;No;No
3706;7;8;14;13;6;26;23;29;30;19;43;45;0;44;42;53;49;56;52;55;75;67;63;64;68;0;No;No;No
3707;2;6;12;4;15;20;22;25;28;24;34;36;0;38;45;51;60;49;52;47;68;71;61;70;62;0;No;No;No
3708;15;6;5;8;9;28;23;21;16;30;44;34;0;45;37;58;55;60;56;50;69;74;67;72;66;0;No;No;No
3709;5;6;4;11;8;22;24;27;20;30;37;34;0;43;45;46;58;47;56;57;61;68;62;71;75;0;No;No;No
3710;9;7;6;4;1;22;19;18;23;17;35;36;0;40;45;53;51;54;59;58;69;68;64;63;75;0;No;No;No
3711;8;3;5;11;7;26;21;20;16;18;35;37;0;43;31;51;52;47;60;53;61;68;73;72;66;0;No;No;No
3712;14;2;13;7;12;21;26;24;23;29;42;34;0;32;33;56;57;58;55;60;63;72;62;64;70;0;No;No;No
3713;12;7;6;9;15;22;28;30;27;29;35;39;0;41;34;50;51;55;53;52;63;69;64;65;68;0;No;No;No
3714;6;3;7;5;2;26;21;16;25;19;45;32;0;33;35;48;51;59;56;54;64;72;62;63;70;0;No;No;No
3715;10;9;3;8;1;16;21;19;26;22;38;32;0;44;36;50;51;59;46;56;66;74;73;72;71;0;No;No;No
3716;14;4;8;3;7;25;21;18;16;28;37;32;0;40;33;50;52;51;55;49;71;61;62;68;65;0;No;No;No
3717;11;15;7;14;2;29;23;21;27;26;40;43;0;36;32;47;48;55;56;54;71;61;75;63;72;0;No;No;No
3718;14;12;5;9;13;17;20;30;22;24;41;36;0;44;35;56;51;50;57;48;69;75;72;61;66;0;No;No;No
3719;15;9;1;7;14;21;24;29;22;19;33;32;0;43;42;57;59;56;51;54;69;61;73;70;66;0;No;No;No
3720;14;2;6;5;1;23;20;29;21;30;33;45;0;41;37;55;46;53;60;57;61;71;75;70;69;0;No;No;No
3721;9;12;3;6;2;28;16;25;20;21;34;44;0;40;43;55;59;47;56;53;61;68;67;66;72;0;No;No;No
3722;1;2;13;9;7;28;17;19;22;20;32;41;0;34;38;56;54;49;51;50;71;74;73;64;68;0;No;No;No
3723;14;6;9;5;1;25;22;16;24;19;35;36;0;44;40;53;56;52;54;46;66;62;65;71;64;0;No;No;No
3724;15;10;7;4;9;23;25;17;18;16;33;38;0;44;45;59;53;50;48;52;65;61;70;75;66;0;No;No;No
3725;10;11;9;1;13;23;21;22;30;17;44;33;0;42;32;47;54;53;46;60;70;66;72;63;65;0;No;No;No
3726;1;4;2;15;11;20;29;21;19;28;41;36;0;35;32;50;56;48;51;46;63;67;64;75;68;0;No;No;No
3727;14;3;1;4;12;21;20;19;16;25;41;37;0;31;42;48;52;55;47;50;73;69;70;66;63;0;No;No;No
3728;12;5;11;13;8;17;22;16;23;21;43;39;0;33;32;49;53;57;55;56;74;73;72;68;67;0;No;No;No
3729;11;14;7;13;12;24;17;23;29;16;35;45;0;40;43;51;48;46;59;57;71;74;75;64;65;0;No;No;No
3730;4;2;8;14;3;18;24;21;20;28;44;39;0;31;38;52;46;50;55;49;65;64;67;74;70;0;No;No;No
3731;5;14;2;1;4;21;20;24;25;27;45;42;0;41;40;49;56;58;51;52;64;62;63;67;71;0;No;No;No
3732;10;4;13;9;3;28;26;23;30;29;38;35;0;34;44;48;58;46;56;47;62;73;72;70;71;0;No;No;No
3733;2;13;12;1;11;16;28;27;22;21;44;41;0;31;33;59;50;57;49;60;65;72;74;71;75;0;No;No;No
3734;8;11;9;7;3;21;22;23;28;27;39;34;0;31;35;60;50;51;56;55;67;75;72;61;62;0;No;No;No
3735;6;7;12;14;15;21;25;17;22;23;42;40;0;33;34;48;52;51;50;46;67;63;71;74;64;0;No;No;No
3736;9;3;11;8;10;16;29;25;22;28;36;42;0;45;31;55;53;49;58;59;71;65;61;74;75;0;No;No;No
3737;5;14;6;7;9;21;24;19;18;23;37;38;0;31;36;53;51;56;57;52;73;70;66;71;65;0;No;No;No
3738;8;14;12;9;10;21;29;24;17;25;32;36;0;38;34;53;56;51;52;57;64;70;62;71;72;0;No;No;No
3739;7;14;3;2;13;26;23;22;19;25;44;33;0;40;39;52;57;50;48;49;65;61;67;63;62;0;No;No;No
3740;8;3;11;10;14;20;19;23;18;29;39;33;0;44;38;57;54;48;47;59;72;71;70;68;73;0;No;No;No
3741;13;4;1;6;9;26;18;24;20;23;38;34;0;32;31;55;59;53;54;49;63;66;74;70;65;0;No;No;No
3742;11;6;12;5;9;24;30;18;17;29;38;32;0;36;43;56;46;51;58;55;75;71;74;61;62;0;No;No;No
3743;3;5;11;14;7;28;20;17;18;19;44;43;0;38;33;52;60;46;55;48;63;64;71;70;67;0;No;No;No
3744;3;13;11;2;5;21;26;16;24;27;43;31;0;44;41;59;56;58;51;60;62;72;66;67;71;0;No;No;No
3745;8;3;7;14;4;25;28;24;17;19;43;42;0;39;38;54;60;59;48;58;62;72;69;70;67;0;No;No;No
3746;15;10;9;12;4;25;27;30;17;24;44;36;0;42;43;52;57;54;51;59;75;69;74;67;66;0;No;No;No
3747;13;11;14;8;5;24;19;20;18;30;32;33;0;44;40;50;52;59;60;51;65;66;62;71;61;0;No;No;No
3748;3;14;2;8;1;19;29;20;28;16;35;33;0;40;34;49;51;57;55;47;70;73;68;69;64;0;No;No;No
3749;15;14;11;13;9;24;30;16;25;20;35;39;0;33;38;49;54;50;53;57;75;68;70;73;69;0;No;No;No
3750;13;14;8;15;7;27;21;17;28;30;39;32;0;43;33;59;60;50;57;56;74;62;61;64;75;0;No;No;No
3751;7;1;12;15;11;20;22;29;30;28;37;40;0;32;39;52;51;48;56;50;66;70;73;64;69;0;No;No;No
3752;7;1;11;8;4;16;21;30;22;17;34;36;0;35;37;49;52;57;56;54;70;63;61;62;64;0;No;No;No
3753;8;13;5;4;3;22;21;16;28;20;39;42;0;41;35;54;58;50;46;55;66;68;62;72;61;0;No;No;No
3754;11;10;8;9;15;19;20;26;21;16;33;43;0;39;32;52;55;60;57;58;71;72;74;61;73;0;No;No;No
3755;12;8;10;7;11;19;16;21;18;29;45;37;0;43;35;58;54;52;57;59;70;64;67;66;63;0;No;No;No
3756;5;8;12;6;15;20;24;26;18;29;37;31;0;41;43;46;57;47;56;53;66;74;73;62;61;0;No;No;No
3757;13;11;10;14;15;22;16;18;30;21;34;35;0;36;44;58;57;60;51;47;65;71;73;62;61;0;No;No;No
3758;2;14;7;1;6;16;17;30;21;26;38;39;0;33;41;46;50;55;53;52;61;73;65;63;62;0;No;No;No
3759;15;9;7;8;4;30;25;29;20;24;33;32;0;40;31;53;60;58;57;47;63;72;62;73;71;0;No;No;No
3760;1;3;5;4;12;30;20;26;19;27;45;42;0;40;36;60;50;57;58;55;70;61;64;69;62;0;No;No;No
3761;13;8;12;7;14;17;23;21;22;30;42;32;0;41;45;59;55;58;48;53;63;73;75;64;62;0;No;No;No
3762;5;9;14;13;15;26;19;17;18;23;40;36;0;34;33;57;56;60;54;51;71;73;75;68;66;0;No;No;No
3763;5;4;15;9;8;28;27;20;25;29;34;43;0;36;33;51;47;54;49;50;62;75;70;67;69;0;No;No;No
3764;2;14;9;8;15;28;17;21;24;25;43;42;0;31;41;60;51;50;47;49;67;66;71;65;63;0;No;No;No
3765;6;12;5;4;3;30;19;24;22;21;41;38;0;32;37;55;48;57;58;47;65;64;63;67;73;0;No;No;No
3766;4;1;8;2;3;25;23;21;17;28;36;31;0;41;33;51;57;56;59;50;71;75;68;67;73;0;No;No;No
3767;4;14;2;11;15;17;27;19;28;21;41;31;0;39;38;57;59;46;53;48;68;75;66;70;69;0;No;No;No
3768;15;5;10;11;2;27;20;16;23;26;42;45;0;31;41;51;56;55;47;52;67;69;75;72;74;0;No;No;No
3769;2;9;5;14;8;24;28;21;20;25;33;37;0;36;39;51;54;50;57;53;68;72;62;71;65;0;No;No;No
3770;6;4;2;7;13;22;20;16;27;28;31;35;0;40;41;57;56;48;46;55;67;69;63;61;62;0;No;No;No
3771;4;14;3;9;15;18;17;20;28;24;41;44;0;43;36;57;55;50;56;51;62;69;61;66;65;0;No;No;No
3772;12;4;11;3;6;28;30;25;26;27;40;41;0;38;44;59;60;49;47;48;61;63;74;68;75;0;No;No;No
3773;11;14;9;1;10;23;18;25;20;22;38;37;0;39;45;60;51;46;56;50;74;73;61;63;66;0;No;No;No
3774;2;9;7;1;6;26;29;28;21;30;42;44;0;39;37;59;60;58;51;57;63;73;75;72;64;0;No;No;No
3775;2;12;9;15;1;22;18;19;21;23;31;42;0;41;36;50;53;48;47;52;71;65;61;68;64;0;No;No;No
3776;9;1;7;12;13;30;23;22;19;25;41;36;0;42;31;59;58;52;51;54;69;62;74;67;73;0;No;No;No
3777;14;12;6;2;5;22;29;24;21;17;38;39;0;45;33;53;56;58;59;57;69;70;63;75;72;0;No;No;No
3778;12;15;8;1;6;28;20;24;26;29;44;43;0;45;40;46;58;56;48;47;75;68;65;74;61;0;No;No;No
3779;2;14;9;15;8;23;22;29;25;28;45;41;0;31;37;51;54;57;53;50;68;65;71;63;66;0;No;No;No
3780;12;1;13;9;5;17;27;26;18;25;34;44;0;43;45;49;54;57;47;56;72;61;68;71;70;0;No;No;No
3781;5;15;13;3;4;17;16;20;19;28;38;43;0;36;35;54;56;60;55;51;66;71;67;73;65;0;No;No;No
3782;2;8;12;13;1;27;26;28;16;25;38;31;0;39;42;57;48;53;52;47;73;71;61;69;63;0;No;No;No
3783;13;14;6;12;15;24;27;19;21;26;41;33;0;44;34;58;48;47;54;53;62;64;67;65;69;0;No;No;No
3784;15;13;14;7;11;26;20;24;30;19;45;34;0;41;35;54;46;48;59;47;63;68;70;69;67;0;No;No;No
3785;6;9;8;13;5;21;16;20;17;22;33;37;0;40;32;60;54;50;48;57;64;63;62;67;69;0;No;No;No
3786;15;1;13;5;12;20;21;23;19;18;38;32;0;31;40;49;47;54;53;56;67;69;66;70;72;0;No;No;No
3787;7;4;5;15;6;20;27;21;30;23;40;37;0;34;41;50;59;49;57;53;71;64;75;73;66;0;No;No;No
3788;12;4;14;2;15;28;30;21;20;25;45;35;0;31;36;52;54;53;47;51;74;64;70;65;63;0;No;No;No
3789;5;4;3;10;8;19;18;20;17;21;43;31;0;41;44;46;49;50;51;57;75;69;65;74;72;0;No;No;No
3790;12;2;6;9;14;17;19;23;29;25;35;34;0;38;33;51;47;53;48;50;74;70;69;61;68;0;No;No;No
3791;14;6;11;10;4;23;18;29;26;17;31;43;0;39;36;51;48;60;55;53;63;66;73;68;71;0;No;No;No
3792;15;7;4;3;11;21;25;30;24;27;45;40;0;44;42;53;58;47;50;52;62;73;72;61;75;0;No;No;No
3793;2;4;14;15;7;26;16;30;19;20;34;39;0;31;36;59;55;46;52;60;71;70;68;74;62;0;No;No;No
3794;3;5;15;10;8;20;29;30;18;17;45;31;0;34;39;51;48;52;50;55;72;65;62;71;61;0;No;No;No
3795;3;13;7;12;1;21;24;27;17;16;43;37;0;34;42;46;56;51;55;57;69;67;75;63;68;0;No;No;No
3796;13;3;1;15;6;20;25;22;21;16;37;31;0;42;43;54;53;48;59;58;70;72;67;63;64;0;No;No;No
3797;3;4;15;2;10;19;21;18;22;16;36;37;0;38;33;57;53;60;58;46;74;64;63;65;72;0;No;No;No
3798;2;6;9;8;1;18;26;20;27;25;45;41;0;40;37;50;53;57;59;58;68;67;61;71;69;0;No;No;No
3799;9;5;4;2;14;24;22;20;30;23;34;40;0;38;32;51;59;56;52;50;61;74;71;70;66;0;No;No;No
3800;1;9;7;8;13;22;25;20;21;19;34;33;0;41;45;57;46;54;51;56;61;69;68;72;71;0;No;No;No
3801;10;8;14;12;9;28;19;24;23;30;43;33;0;35;34;48;57;50;56;49;68;62;61;71;72;0;No;No;No
3802;15;10;1;8;9;20;25;18;30;27;43;40;0;39;45;51;59;60;48;53;71;69;62;75;61;0;No;No;No
3803;4;14;13;5;12;21;19;18;22;26;43;41;0;31;45;54;52;59;51;47;68;73;70;63;69;0;No;No;No
3804;13;10;14;8;12;22;23;19;30;27;41;32;0;37;40;49;46;51;48;55;64;61;63;68;66;0;No;No;No
3805;9;15;4;10;8;24;23;17;29;20;31;39;0;34;38;54;50;53;52;56;71;75;70;61;62;0;No;No;No
3806;6;9;1;2;8;26;18;17;29;28;43;34;0;33;32;52;54;51;47;58;61;71;73;65;75;0;No;No;No
3807;11;4;9;15;3;28;16;22;30;27;36;35;0;38;40;46;53;47;49;48;67;75;65;74;72;0;No;No;No
3808;15;8;14;7;11;28;24;17;21;20;37;38;0;45;43;59;46;48;52;57;74;61;71;68;75;0;No;No;No
3809;14;4;13;6;7;25;21;24;30;20;35;33;0;37;44;60;51;48;50;54;72;71;68;66;62;0;No;No;No
3810;11;1;9;3;15;29;28;23;21;16;40;42;0;32;39;56;48;46;50;54;74;61;64;63;75;0;No;No;No
3811;7;10;9;6;2;21;24;27;30;20;45;31;0;35;39;52;59;57;58;48;63;67;61;65;66;0;No;No;No
3812;4;11;5;15;1;18;24;17;23;26;41;40;0;43;37;49;51;57;56;50;74;68;64;69;71;0;No;No;No
3813;12;11;6;9;10;24;19;29;28;27;39;40;0;42;36;50;56;46;52;47;66;70;71;69;63;0;No;No;No
3814;3;13;4;12;9;18;24;17;25;16;41;39;0;32;34;59;57;48;56;47;65;73;71;63;72;0;No;No;No
3815;11;2;10;14;8;16;23;27;19;26;39;31;0;35;45;51;56;49;52;47;74;67;64;66;73;0;No;No;No
3816;12;2;1;14;10;18;21;19;26;30;32;42;0;31;39;60;59;53;55;51;61;63;62;66;73;0;No;No;No
3817;10;2;13;8;9;16;27;19;24;26;40;34;0;33;39;54;58;48;60;47;73;61;75;66;74;0;No;No;No
3818;2;6;12;13;5;21;30;22;18;23;36;44;0;31;43;51;47;48;57;46;67;71;64;68;73;0;No;No;No
3819;13;12;11;8;6;26;18;17;25;23;39;41;0;31;36;49;55;48;57;53;64;74;71;75;68;0;No;No;No
3820;7;14;8;13;4;25;26;30;27;24;32;37;0;41;39;51;49;53;56;55;72;70;65;75;74;0;No;No;No
3821;13;14;9;3;2;17;20;16;25;24;32;31;0;42;36;48;51;49;50;55;75;63;62;61;67;0;No;No;No
3822;8;6;10;5;4;30;24;28;20;25;45;44;0;33;43;52;60;55;49;48;71;70;63;61;62;0;No;No;No
3823;4;8;6;12;10;21;20;28;27;16;45;41;0;33;44;48;54;59;51;52;72;71;61;75;70;0;No;No;No
3824;6;10;4;11;9;22;16;19;29;18;41;33;0;31;43;50;56;52;49;59;74;61;72;64;68;0;No;No;No
3825;3;4;11;12;9;28;18;29;30;19;35;38;0;37;36;52;60;59;53;51;67;73;71;61;69;0;No;No;No
3826;12;3;11;7;5;26;21;23;20;24;31;41;0;39;37;55;53;56;46;48;64;71;68;61;66;0;No;No;No
3827;15;13;9;4;1;25;17;28;27;22;41;31;0;45;44;55;48;53;52;50;73;67;61;72;65;0;No;No;No
3828;3;2;1;6;4;28;19;24;23;18;32;39;0;34;33;56;52;59;51;47;73;71;74;63;62;0;No;No;No
3829;12;9;3;8;10;28;27;29;22;30;35;44;0;34;42;52;50;60;57;55;70;73;74;68;75;0;No;No;No
3830;10;3;9;6;15;17;16;22;28;27;32;43;0;42;35;46;50;49;59;48;75;65;71;72;74;0;No;No;No
3831;12;2;13;7;10;28;26;27;17;23;34;38;0;35;37;49;56;58;59;52;75;68;74;67;61;0;No;No;No
3832;9;10;2;14;5;24;19;26;30;18;41;36;0;31;35;49;52;57;51;55;75;70;65;64;63;0;No;No;No
3833;6;9;15;5;12;25;18;24;21;22;31;33;0;35;43;55;47;54;57;59;75;69;72;71;65;0;No;No;No
3834;7;8;15;1;5;21;26;24;25;22;43;40;0;41;42;59;57;52;54;53;67;62;73;61;72;0;No;No;No
3835;10;14;5;12;9;29;21;19;30;20;36;35;0;44;37;50;46;48;52;47;71;70;68;75;74;0;No;No;No
3836;4;8;13;15;14;20;21;19;18;30;33;31;0;34;42;56;48;57;58;53;64;61;70;69;66;0;No;No;No
3837;1;14;7;13;12;23;29;22;21;26;35;38;0;32;40;57;59;46;48;49;68;72;66;67;75;0;No;No;No
3838;15;12;7;2;1;23;22;19;30;29;39;41;0;32;31;47;53;52;46;57;74;65;73;71;72;0;No;No;No
3839;6;7;5;15;10;19;29;17;20;28;38;40;0;36;32;50;51;57;55;54;75;65;69;64;67;0;No;No;No
3840;5;10;2;15;3;17;24;23;26;19;33;32;0;39;38;50;46;57;59;52;63;69;67;61;71;0;No;No;No
3841;15;9;2;1;10;28;25;26;24;23;33;45;0;39;44;54;55;46;53;52;72;67;61;71;63;0;No;No;No
3842;14;11;15;6;9;21;16;23;18;19;34;32;0;43;35;59;60;56;48;49;65;71;68;75;70;0;No;No;No
3843;8;15;6;4;7;29;19;18;16;26;38;45;0;34;41;50;59;48;47;51;68;65;72;62;61;0;No;No;No
3844;4;1;14;15;2;25;23;24;21;22;32;43;0;35;41;48;52;60;59;51;74;73;72;64;71;0;No;No;No
3845;9;8;11;15;7;29;16;18;23;26;35;45;0;38;40;58;57;49;50;59;74;62;71;64;67;0;No;No;No
3846;10;3;8;7;2;28;30;16;18;23;43;37;0;35;38;54;60;58;51;50;67;62;64;65;63;0;No;No;No
3847;5;3;4;7;6;17;21;24;29;23;44;33;0;43;42;55;49;52;53;48;68;67;62;71;70;0;No;No;No
3848;3;5;2;14;6;30;21;20;22;29;41;40;0;38;42;55;54;52;51;48;68;69;63;75;65;0;No;No;No
3849;1;6;3;7;2;16;26;25;18;17;37;34;0;32;31;49;48;51;50;47;74;70;72;63;71;0;No;No;No
3850;3;6;14;5;2;28;29;22;17;30;32;35;0;45;37;51;54;53;60;47;71;69;62;67;61;0;No;No;No
3851;3;7;1;9;2;28;30;21;18;16;44;40;0;45;31;57;56;52;58;51;72;61;65;74;71;0;No;No;No
3852;7;9;2;14;10;19;30;21;28;29;40;31;0;41;38;55;48;50;47;54;73;66;75;74;68;0;No;No;No
3853;8;5;4;3;7;16;27;26;25;23;35;34;0;38;32;54;50;49;56;53;64;67;61;71;66;0;No;No;No
3854;14;13;1;12;7;20;19;17;18;21;33;31;0;32;45;51;49;60;53;59;68;74;67;62;71;0;No;No;No
3855;4;10;2;13;7;27;21;16;28;18;39;42;0;43;41;55;53;51;56;48;62;61;72;71;74;0;No;No;No
3856;15;8;11;5;10;22;18;27;29;24;38;33;0;32;36;57;58;50;56;49;63;62;73;72;71;0;No;No;No
3857;10;6;1;2;7;16;21;17;18;27;45;32;0;41;38;59;48;47;60;46;71;61;73;67;66;0;No;No;No
3858;1;2;7;6;14;19;23;21;25;28;31;37;0;38;39;51;56;55;47;57;69;68;63;62;71;0;No;No;No
3859;10;12;9;7;2;24;17;23;27;22;33;38;0;36;35;56;55;46;58;54;67;72;68;62;74;0;No;No;No
3860;5;11;15;2;4;21;28;25;20;24;36;44;0;45;43;58;51;55;50;54;72;73;62;64;61;0;No;No;No
3861;8;6;7;5;15;29;22;30;25;24;35;39;0;36;41;51;57;49;47;53;65;75;61;64;67;0;No;No;No
3862;3;13;4;5;14;19;18;29;17;22;40;32;0;41;31;51;55;48;57;47;61;68;72;75;64;0;No;No;No
3863;15;6;10;9;1;17;26;16;28;20;32;41;0;35;37;49;58;51;50;53;61;70;66;68;62;0;No;No;No
3864;7;2;12;11;10;16;28;27;29;18;38;36;0;34;37;60;54;58;51;55;71;74;75;70;61;0;No;No;No
3865;3;15;8;12;7;22;18;29;24;17;44;41;0;31;40;54;53;50;59;58;75;67;63;68;71;0;No;No;No
3866;11;13;3;2;9;16;17;29;28;26;35;37;0;38;44;60;46;59;58;57;65;70;75;71;61;0;No;No;No
3867;2;11;12;8;13;25;18;22;19;27;41;35;0;33;45;60;56;54;51;53;65;73;71;64;61;0;No;No;No
3868;3;2;14;1;9;21;22;25;26;24;43;45;0;42;35;47;56;54;53;50;73;72;61;68;65;0;No;No;No
3869;3;6;9;5;2;24;21;27;17;16;45;44;0;35;34;58;50;53;57;56;72;65;64;71;68;0;No;No;No
3870;9;8;6;11;15;21;27;22;18;25;43;41;0;35;40;52;46;51;54;49;64;70;61;73;62;0;No;No;No
3871;6;11;8;14;7;16;30;21;29;23;33;37;0;43;31;56;55;58;57;54;69;72;61;64;71;0;No;No;No
3872;4;6;3;5;8;16;28;29;30;23;31;33;0;42;40;47;57;56;49;52;75;74;70;69;65;0;No;No;No
3873;4;14;13;5;3;20;30;21;24;29;41;31;0;44;40;48;47;53;49;58;71;67;61;70;69;0;No;No;No
3874;5;14;2;13;12;27;28;18;19;26;32;35;0;36;42;52;46;53;60;51;72;70;71;74;62;0;No;No;No
3875;6;4;13;2;1;25;18;17;29;20;41;32;0;42;35;56;58;50;54;53;62;75;63;69;61;0;No;No;No
3876;3;15;5;2;4;21;24;26;16;25;45;44;0;41;42;60;52;53;47;51;67;70;74;75;63;0;No;No;No
3877;14;13;3;2;7;18;27;24;21;17;32;33;0;41;45;49;47;46;57;50;66;73;74;64;61;0;No;No;No
3878;1;3;6;8;10;25;16;21;18;29;42;36;0;31;35;59;54;58;47;51;64;73;74;61;75;0;No;No;No
3879;14;1;13;3;5;29;20;30;26;25;35;41;0;40;36;47;51;50;54;58;72;69;67;71;68;0;No;No;No
3880;10;6;2;5;3;27;28;18;21;25;39;43;0;34;36;49;60;54;59;52;72;71;64;70;68;0;No;No;No
3881;7;6;5;1;2;30;19;17;22;29;34;44;0;45;37;57;49;56;46;55;70;68;61;71;69;0;No;No;No
3882;4;14;7;15;12;21;28;18;17;22;45;41;0;35;34;60;52;53;48;46;70;69;75;61;68;0;No;No;No
3883;13;10;8;9;1;18;28;27;23;24;43;44;0;41;35;60;59;51;48;56;70;68;66;69;71;0;No;No;No
3884;3;9;2;13;15;23;16;26;29;25;44;38;0;39;45;47;51;46;48;55;71;66;67;64;65;0;No;No;No
3885;9;12;8;7;3;16;21;24;20;26;41;36;0;31;33;50;51;58;54;49;67;66;62;74;70;0;No;No;No
3886;8;3;7;11;9;18;26;23;16;25;38;40;0;34;42;52;55;50;56;59;65;63;72;68;69;0;No;No;No
3887;8;11;10;14;7;17;22;19;21;20;39;37;0;41;31;58;52;59;49;48;74;69;72;64;75;0;No;No;No
3888;9;11;6;4;5;17;21;18;22;25;32;38;0;37;45;50;60;53;54;52;64;62;66;74;65;0;No;No;No
3889;5;7;14;4;3;28;30;21;25;29;45;44;0;40;39;49;59;57;47;51;68;72;66;75;74;0;No;No;No
3890;2;1;8;10;13;22;16;19;17;25;37;39;0;38;42;50;57;47;55;46;68;62;71;72;63;0;No;No;No
3891;15;11;8;14;9;24;20;18;28;19;36;41;0;33;40;46;59;54;58;60;73;62;61;70;64;0;No;No;No
3892;9;4;7;10;3;25;26;24;28;20;40;31;0;41;42;53;57;51;46;56;62;71;61;64;67;0;No;No;No
3893;12;2;1;3;4;23;16;25;21;22;41;33;0;44;40;57;59;51;60;53;74;70;71;61;68;0;No;No;No
3894;7;11;8;15;13;22;20;28;18;19;36;35;0;34;45;52;46;50;51;48;74;73;68;66;65;0;No;No;No
3895;8;12;3;9;1;30;27;29;22;26;41;33;0;43;35;46;56;47;54;55;68;69;65;67;75;0;No;No;No
3896;5;11;6;13;4;18;27;28;30;29;34;33;0;43;42;47;50;52;51;59;65;66;74;67;62;0;No;No;No
3897;1;11;5;7;10;30;24;20;27;16;34;43;0;45;32;55;54;53;58;48;71;66;74;75;69;0;No;No;No
3898;4;7;12;14;15;27;28;26;25;21;40;33;0;35;32;60;59;58;52;51;63;68;64;67;62;0;No;No;No
3899;10;9;7;2;1;29;22;27;21;18;42;33;0;43;34;51;53;47;60;49;67;63;70;68;62;0;No;No;No
3900;14;8;12;2;7;16;30;19;28;27;44;39;0;38;36;51;54;58;59;52;69;72;71;64;61;0;No;No;No
3901;14;10;2;1;3;27;29;22;28;30;31;40;0;41;34;59;56;51;53;58;62;67;63;71;61;0;No;No;No
3902;7;4;11;10;6;19;21;27;18;20;32;41;0;40;31;49;46;55;52;48;62;67;75;61;70;0;No;No;No
3903;5;10;12;13;7;24;21;30;17;23;32;31;0;33;40;50;51;49;53;48;62;72;71;65;74;0;No;No;No
3904;7;3;2;6;15;28;16;29;21;27;34;40;0;41;42;50;58;48;55;57;67;64;62;66;69;0;No;No;No
3905;3;13;1;8;2;16;21;29;25;20;41;45;0;44;39;53;59;55;54;58;64;63;74;71;75;0;No;No;No
3906;15;9;3;11;1;24;29;18;23;30;36;35;0;33;40;59;54;47;60;46;67;66;72;69;68;0;No;No;No
3907;15;11;14;9;4;24;21;25;19;22;41;35;0;40;34;54;57;53;49;55;69;61;64;71;63;0;No;No;No
3908;1;7;15;10;4;19;28;18;27;23;41;34;0;37;40;53;50;49;46;55;66;69;73;68;72;0;No;No;No
3909;14;13;4;11;2;22;27;18;26;25;37;36;0;35;34;51;58;60;46;50;70;69;75;72;65;0;No;No;No
3910;13;2;10;11;4;23;19;16;18;21;32;45;0;35;37;49;59;55;58;60;73;71;68;69;70;0;No;No;No
3911;2;7;1;6;5;28;27;26;18;29;44;38;0;31;41;53;49;58;47;60;70;74;61;71;73;0;No;No;No
3912;3;14;2;15;6;27;21;20;17;29;41;33;0;36;38;48;57;54;52;46;62;70;75;74;66;0;No;No;No
3913;2;4;5;7;12;18;19;25;21;28;45;37;0;34;44;59;57;51;49;55;63;61;65;71;64;0;No;No;No
3914;13;1;9;15;12;22;20;18;19;29;43;33;0;34;32;58;60;48;59;46;72;71;65;61;63;0;No;No;No
3915;5;15;3;4;9;21;20;30;24;19;36;34;0;31;45;58;48;49;51;60;73;75;70;62;67;0;No;No;No
3916;11;5;3;15;14;21;30;24;16;25;39;32;0;31;43;52;51;59;57;48;65;70;71;74;69;0;No;No;No
3917;7;2;13;12;15;18;20;30;28;26;39;33;0;36;32;59;58;54;50;53;61;62;63;75;67;0;No;No;No
3918;12;13;8;11;10;23;18;16;22;21;41;32;0;37;39;56;54;49;55;46;68;67;61;66;65;0;No;No;No
3919;3;4;8;1;10;21;29;30;25;18;38;37;0;32;39;50;57;49;54;46;68;71;67;63;62;0;No;No;No
3920;14;13;8;5;11;26;20;27;25;30;33;34;0;31;32;51;58;54;60;50;66;62;74;61;67;0;No;No;No
3921;11;8;3;6;14;28;20;21;17;26;34;45;0;41;36;51;59;53;58;52;71;67;62;61;64;0;No;No;No
3922;14;13;3;5;10;20;30;18;29;25;37;33;0;31;41;51;57;47;46;60;72;63;75;67;70;0;No;No;No
3923;15;1;10;3;12;21;29;18;30;19;37;40;0;34;39;51;58;48;57;46;65;67;64;66;63;0;No;No;No
3924;4;12;14;5;13;20;23;19;17;26;39;41;0;31;32;51;58;52;50;57;73;63;72;62;67;0;No;No;No
3925;14;5;7;15;1;23;22;19;30;18;44;40;0;43;38;60;48;59;46;51;75;71;70;74;64;0;No;No;No
3926;15;4;2;1;14;26;21;23;24;22;45;44;0;37;35;51;46;60;58;47;66;65;64;61;68;0;No;No;No
3927;13;4;3;8;9;23;26;25;21;20;39;32;0;45;35;49;54;59;48;58;65;67;75;72;74;0;No;No;No
3928;2;1;15;4;5;17;25;20;16;29;34;41;0;43;44;50;52;49;48;55;64;66;70;71;63;0;No;No;No
3929;7;12;6;11;8;24;16;26;25;20;31;32;0;38;41;58;57;48;55;51;66;73;65;72;68;0;No;No;No
3930;1;3;4;9;14;28;24;26;16;23;45;41;0;40;34;54;49;51;53;55;68;74;71;61;64;0;No;No;No
3931;4;12;6;13;8;28;25;20;16;30;41;38;0;37;42;57;47;51;52;55;73;67;61;70;74;0;No;No;No
3932;12;15;14;9;7;18;23;30;26;25;33;45;0;32;44;54;53;57;52;50;66;73;68;71;75;0;No;No;No
3933;1;8;6;11;10;16;17;27;21;29;35;38;0;37;39;51;47;46;58;52;65;67;62;72;71;0;No;No;No
3934;5;6;15;7;3;21;26;23;24;22;38;39;0;45;40;60;59;54;51;55;70;71;72;74;73;0;No;No;No
3935;7;2;11;13;8;29;20;18;21;25;43;36;0;41;44;47;49;53;52;54;73;65;68;61;67;0;No;No;No
3936;12;13;15;1;14;22;28;27;24;25;43;35;0;39;36;55;51;53;46;49;74;72;68;75;63;0;No;No;No
3937;8;3;9;15;11;25;17;19;21;30;33;42;0;32;37;54;53;48;50;58;63;65;64;68;75;0;No;No;No
3938;14;9;8;1;15;24;21;19;17;26;37;35;0;42;41;59;54;56;52;53;64;67;66;72;71;0;No;No;No
3939;1;11;10;2;6;28;21;27;17;20;40;42;0;39;31;50;60;59;51;54;68;66;71;69;67;0;No;No;No
3940;15;12;6;1;13;27;29;19;23;18;31;32;0;37;36;56;53;52;48;55;67;66;70;74;65;0;No;No;No
3941;12;6;5;9;4;27;30;21;24;26;31;33;0;36;37;51;47;53;57;54;64;68;73;62;65;0;No;No;No
3942;10;6;2;9;15;21;28;20;27;25;43;44;0;45;40;51;55;57;48;56;62;66;63;61;71;0;No;No;No
3943;6;3;8;1;5;16;19;17;25;18;31;41;0;35;39;47;53;56;60;55;61;73;74;67;68;0;No;No;No
3944;4;7;2;13;3;17;30;18;25;21;39;41;0;31;33;57;58;47;55;48;74;71;70;61;69;0;No;No;No
3945;2;14;15;1;3;20;18;29;24;16;34;32;0;39;37;53;51;57;56;52;72;61;73;65;66;0;No;No;No
3946;8;1;10;6;9;24;19;21;23;18;33;41;0;37;42;53;48;51;49;47;71;68;63;75;62;0;No;No;No
3947;5;15;3;14;1;27;17;16;18;21;43;34;0;45;37;47;54;50;52;55;73;64;71;68;74;0;No;No;No
3948;10;14;12;9;6;22;27;16;28;18;31;37;0;43;33;53;51;46;47;56;66;71;70;75;69;0;No;No;No
3949;5;11;10;15;7;22;21;24;20;25;36;37;0;39;42;51;57;59;50;47;72;70;62;69;75;0;No;No;No
3950;1;12;2;8;11;17;30;16;28;29;37;33;0;40;41;50;55;47;46;58;66;71;67;73;69;0;No;No;No
3951;14;4;8;3;13;21;20;25;18;24;34;33;0;35;43;54;58;47;52;55;62;70;75;61;74;0;No;No;No
3952;12;9;1;8;4;21;22;18;19;20;38;33;0;43;32;51;50;49;60;59;74;66;62;69;71;0;No;No;No
3953;9;8;11;14;13;22;30;21;28;18;43;39;0;42;31;59;55;53;58;56;67;72;65;74;62;0;No;No;No
3954;8;7;13;11;12;19;24;27;30;29;38;33;0;36;35;46;58;50;56;57;73;63;70;74;75;0;No;No;No
3955;7;2;1;13;4;28;17;29;21;25;38;42;0;35;41;54;50;48;55;51;65;64;71;66;70;0;No;No;No
3956;10;11;14;9;2;20;25;27;17;26;39;34;0;41;43;50;58;60;52;49;68;71;65;73;67;0;No;No;No
3957;5;8;15;7;3;21;23;16;24;18;45;39;0;35;34;57;53;50;54;60;65;71;74;64;73;0;No;No;No
3958;3;13;9;2;1;28;16;30;26;23;33;41;0;38;37;51;47;52;58;54;70;71;63;64;66;0;No;No;No
3959;7;3;4;6;8;16;21;29;30;17;36;35;0;32;39;51;47;48;59;46;65;70;74;75;66;0;No;No;No
3960;5;12;10;13;3;19;29;26;20;30;39;41;0;38;34;59;55;60;47;52;62;61;72;71;66;0;No;No;No
3961;1;2;10;11;4;30;16;23;28;29;32;38;0;36;42;54;59;50;48;55;61;65;72;71;63;0;No;No;No
3962;2;6;15;5;1;26;16;25;17;18;39;32;0;42;31;50;49;51;52;55;75;72;74;67;70;0;No;No;No
3963;11;8;12;9;10;28;24;16;21;19;32;40;0;44;36;46;47;51;54;50;70;66;71;69;63;0;No;No;No
3964;15;8;14;12;4;24;16;26;27;21;31;41;0;36;44;54;51;55;56;50;62;70;69;72;63;0;No;No;No
3965;7;6;13;3;2;23;19;30;28;22;41;33;0;39;31;53;60;49;48;50;61;63;74;62;69;0;No;No;No
3966;11;5;4;13;7;23;30;24;26;21;41;32;0;33;40;54;46;55;49;58;73;65;72;64;63;0;No;No;No
3967;4;13;2;15;10;22;29;27;17;26;31;38;0;41;37;53;46;56;48;55;73;75;71;74;72;0;No;No;No
3968;2;13;10;3;9;18;23;29;22;28;42;33;0;38;32;46;47;57;53;58;67;68;63;71;70;0;No;No;No
3969;11;5;6;13;1;18;25;21;23;27;33;44;0;32;37;58;55;52;50;47;66;63;65;61;64;0;No;No;No
3970;4;12;5;3;1;23;21;30;27;28;39;38;0;34;42;49;51;47;56;59;70;61;67;71;74;0;No;No;No
3971;11;8;5;4;15;30;17;23;21;19;41;33;0;38;37;58;60;59;46;54;75;72;66;63;70;0;No;No;No
3972;4;6;2;12;13;19;28;27;25;17;38;32;0;37;36;51;50;46;47;57;67;70;64;61;66;0;No;No;No
3973;10;3;12;9;7;16;20;21;18;29;42;38;0;45;37;54;60;48;47;59;74;70;67;69;64;0;No;No;No
3974;14;6;8;15;13;21;20;30;22;29;40;41;0;44;33;48;60;50;51;49;61;68;64;70;72;0;No;No;No
3975;15;1;14;2;3;21;16;29;23;17;36;34;0;42;32;56;52;54;55;60;75;72;65;68;66;0;No;No;No
3976;15;14;2;12;13;16;21;28;18;25;33;34;0;38;37;51;60;59;53;46;66;64;74;70;75;0;No;No;No
3977;11;10;4;2;9;30;20;17;27;26;43;34;0;36;44;47;57;56;50;54;67;72;62;65;69;0;No;No;No
3978;3;8;14;7;13;25;20;18;29;19;31;40;0;32;45;57;56;60;55;54;75;65;63;68;67;0;No;No;No
3979;1;13;12;4;14;30;18;17;21;20;35;40;0;41;39;59;58;60;54;51;61;63;62;72;74;0;No;No;No
3980;14;9;8;4;15;21;17;16;19;20;41;43;0;37;32;49;56;55;48;53;71;65;64;68;70;0;No;No;No
3981;6;15;8;13;5;29;19;17;30;18;43;41;0;39;31;48;47;51;46;60;66;74;75;61;63;0;No;No;No
3982;4;13;15;11;12;30;18;25;28;29;38;39;0;41;36;53;51;49;58;55;69;71;66;61;72;0;No;No;No
3983;13;6;3;7;2;22;16;29;21;19;32;33;0;40;39;48;46;57;53;60;74;71;66;65;70;0;No;No;No
3984;14;11;15;10;2;30;20;18;17;19;34;33;0;41;37;55;48;47;50;60;61;71;67;75;62;0;No;No;No
3985;6;9;7;1;3;19;18;30;29;20;37;32;0;35;36;56;51;49;47;50;75;62;68;72;61;0;No;No;No
3986;1;14;6;12;13;27;17;25;18;16;36;45;0;41;35;49;55;59;56;53;62;68;71;74;63;0;No;No;No
3987;7;15;14;6;5;26;20;29;30;25;43;40;0;33;41;55;51;60;56;52;64;71;63;70;69;0;No;No;No
3988;4;14;15;13;9;19;30;27;26;24;34;32;0;35;44;49;51;47;46;53;61;71;72;62;70;0;No;No;No
3989;4;6;3;5;2;16;18;21;30;17;35;44;0;32;42;54;47;48;46;55;61;72;65;67;66;0;No;No;No
3990;9;14;1;15;5;29;23;20;18;28;45;35;0;34;39;53;60;49;59;48;72;61;71;63;68;0;No;No;No
3991;7;13;2;3;12;29;28;18;26;27;43;31;0;40;32;54;52;47;49;51;61;66;70;69;72;0;No;No;No
3992;2;9;5;7;1;29;30;20;19;26;31;33;0;45;37;49;57;48;56;55;75;67;71;61;65;0;No;No;No
3993;6;15;14;13;1;22;16;29;21;27;37;40;0;31;41;47;55;46;51;48;61;67;68;69;66;0;No;No;No
3994;4;11;10;3;13;28;17;21;29;25;43;42;0;33;35;60;59;58;54;53;74;75;71;63;61;0;No;No;No
3995;4;3;14;10;13;28;27;17;16;23;33;34;0;31;41;50;54;55;53;57;66;75;74;67;62;0;No;No;No
3996;12;6;3;4;11;20;27;22;19;18;31;34;0;43;37;58;57;52;48;59;68;71;73;66;62;0;No;No;No
3997;8;14;13;1;4;29;16;20;19;18;39;38;0;31;40;54;47;50;60;49;75;74;66;67;73;0;No;No;No
3998;2;6;3;8;5;26;20;21;17;24;38;34;0;36;35;50;47;49;58;48;70;63;64;68;65;0;No;No;No
3999;3;10;9;2;11;23;19;21;26;22;31;37;0;36;33;46;59;54;52;51;68;71;67;66;65;0;No;No;No
4000;2;1;5;11;3;18;25;28;22;30;31;33;0;40;36;46;50;60;47;51;63;72;74;73;71;0;No;No;No
4001;4;8;5;9;6;18;30;29;25;28;44;38;0;37;34;49;56;51;55;60;74;67;69;65;68;0;No;No;No
4002;14;3;15;2;12;25;26;30;28;20;45;31;0;35;40;52;54;51;46;50;64;71;70;61;66;0;No;No;No
4003;11;7;14;8;6;29;24;28;30;23;41;32;0;36;31;50;49;56;53;55;72;75;74;70;71;0;No;No;No
4004;2;8;11;3;1;26;24;30;20;23;43;40;0;34;39;54;48;51;47;50;62;75;73;72;61;0;No;No;No
4005;10;13;1;5;6;22;27;24;25;26;43;41;0;45;32;59;57;56;55;46;63;75;70;67;64;0;No;No;No
4006;3;9;10;2;13;23;21;18;25;24;35;33;0;31;37;55;50;59;47;49;75;73;71;67;65;0;No;No;No
4007;6;12;14;11;13;28;22;21;19;25;42;35;0;39;33;58;53;52;60;59;63;74;68;73;67;0;No;No;No
4008;14;7;4;13;12;23;16;21;27;22;39;41;0;43;34;53;57;52;46;50;72;69;68;71;64;0;No;No;No
4009;4;1;14;13;15;24;27;28;19;25;39;32;0;33;43;57;53;52;51;56;66;74;70;68;69;0;No;No;No
4010;14;11;10;4;2;17;19;21;23;25;34;31;0;43;37;50;60;59;49;53;71;74;63;67;61;0;No;No;No
4011;6;4;1;11;9;26;23;22;29;18;44;37;0;41;45;47;59;50;56;55;71;67;72;61;66;0;No;No;No
4012;2;3;13;6;10;25;17;22;28;24;43;41;0;40;39;54;53;57;59;47;61;71;70;65;66;0;No;No;No
4013;11;10;5;1;3;23;28;24;18;27;37;40;0;38;45;54;51;55;60;56;69;62;67;61;68;0;No;No;No
4014;11;4;5;15;14;26;20;30;18;29;41;44;0;39;45;51;49;47;55;48;61;66;68;62;67;0;No;No;No
4015;10;8;4;13;3;22;17;18;26;25;31;38;0;35;37;57;60;58;51;55;69;61;73;68;72;0;No;No;No
4016;5;1;6;10;9;21;22;28;30;23;36;35;0;40;39;54;51;60;53;52;71;62;67;70;61;0;No;No;No
4017;1;10;5;2;15;29;22;16;27;19;31;44;0;45;43;53;54;56;46;55;71;63;61;67;73;0;No;No;No
4018;7;11;8;13;6;16;17;18;28;24;44;41;0;36;37;48;56;55;52;51;65;69;72;75;67;0;No;No;No
4019;11;2;6;5;7;27;18;17;23;26;37;41;0;45;35;51;60;55;47;59;69;61;66;63;72;0;No;No;No
4020;5;12;11;7;3;30;24;18;21;23;32;40;0;38;37;47;56;59;57;46;62;73;61;71;65;0;No;No;No
4021;13;3;6;7;10;27;20;23;19;22;37;35;0;40;44;56;47;46;60;50;61;63;72;69;62;0;No;No;No
4022;14;13;3;2;12;25;21;29;24;27;31;36;0;41;37;46;59;58;57;54;69;64;71;75;65;0;No;No;No
4023;8;9;6;1;4;19;18;17;21;16;38;32;0;40;34;52;47;51;57;60;72;75;61;63;69;0;No;No;No
4024;15;12;2;1;5;16;18;22;29;26;43;31;0;37;38;57;53;55;46;54;65;73;62;64;68;0;No;No;No
4025;14;2;3;4;15;26;21;22;27;25;44;40;0;31;45;58;54;50;46;51;65;72;63;64;69;0;No;No;No
4026;4;6;2;7;13;26;24;25;22;21;41;42;0;34;43;48;47;53;51;52;75;63;73;66;65;0;No;No;No
4027;13;14;11;10;9;24;29;23;18;30;45;44;0;38;37;54;50;49;52;53;68;69;71;63;67;0;No;No;No
4028;9;10;6;5;8;23;25;16;21;18;35;45;0;33;39;56;59;52;53;50;64;72;67;66;69;0;No;No;No
4029;14;6;13;5;11;21;22;18;25;23;37;35;0;45;34;49;59;58;53;60;72;65;70;61;71;0;No;No;No
4030;12;2;8;1;11;23;19;30;22;21;37;40;0;33;36;52;56;57;59;51;62;63;67;72;71;0;No;No;No
4031;8;5;10;7;9;19;27;25;23;26;40;33;0;32;39;48;52;53;59;55;64;71;72;63;66;0;No;No;No
4032;11;15;14;10;2;25;29;28;20;26;43;32;0;33;42;59;52;60;56;58;70;69;74;71;62;0;No;No;No
4033;13;12;6;5;11;19;23;18;22;17;41;45;0;39;44;55;48;47;46;54;64;70;65;63;67;0;No;No;No
4034;2;9;10;1;11;21;27;30;19;25;43;31;0;35;32;49;53;47;57;60;62;73;72;68;61;0;No;No;No
4035;2;10;11;8;1;23;22;29;27;21;41;45;0;31;39;53;46;55;58;49;75;71;74;73;69;0;No;No;No
4036;13;5;11;10;4;21;26;24;30;23;40;31;0;38;32;47;58;54;60;59;65;63;62;61;72;0;No;No;No
4037;14;13;8;12;11;30;16;18;17;25;40;38;0;39;37;56;53;50;55;60;74;69;66;75;68;0;No;No;No
4038;15;6;5;2;1;26;19;18;21;17;31;41;0;34;40;54;50;59;49;52;69;64;72;71;74;0;No;No;No
4039;15;8;3;13;2;29;22;19;18;21;41;43;0;32;37;48;47;60;50;52;71;68;67;74;69;0;No;No;No
4040;15;4;7;11;3;29;24;16;17;21;43;41;0;34;33;54;48;55;52;53;67;72;71;68;64;0;No;No;No
4041;2;8;4;9;11;25;29;21;27;30;37;31;0;40;34;47;50;49;56;46;73;74;69;64;75;0;No;No;No
4042;9;1;4;15;12;23;16;24;20;19;44;33;0;45;32;54;60;46;51;55;67;69;75;64;65;0;No;No;No
4043;14;8;3;13;7;17;20;16;26;22;45;40;0;44;34;59;56;58;57;55;74;72;61;62;65;0;No;No;No
4044;15;12;5;4;2;26;28;18;25;16;32;34;0;31;40;51;48;55;54;58;63;69;73;71;75;0;No;No;No
4045;7;3;15;8;11;20;27;25;17;19;37;41;0;36;34;58;53;48;49;47;70;62;69;67;75;0;No;No;No
4046;2;8;10;14;1;21;25;16;24;17;43;42;0;32;40;48;58;46;50;47;70;72;74;66;62;0;No;No;No
4047;9;10;7;6;1;20;28;16;21;26;41;34;0;31;40;56;58;47;57;59;61;62;69;63;71;0;No;No;No
4048;8;2;4;6;15;24;21;20;23;25;45;35;0;32;31;55;58;49;47;51;64;74;71;75;63;0;No;No;No
4049;1;12;4;5;7;26;18;16;17;30;42;31;0;33;41;47;51;58;48;59;72;66;67;71;69;0;No;No;No
4050;11;2;6;15;14;28;22;21;27;18;32;40;0;43;39;54;55;52;47;58;74;73;70;72;71;0;No;No;No
4051;5;11;10;3;15;27;22;23;21;30;34;39;0;36;31;57;56;55;59;47;71;69;73;61;64;0;No;No;No
4052;6;3;11;14;10;19;21;17;18;25;42;33;0;45;38;59;49;55;60;48;69;71;65;66;73;0;No;No;No
4053;5;10;15;9;6;16;28;25;27;26;31;41;0;40;39;51;56;52;53;55;74;66;64;71;62;0;No;No;No
4054;6;1;9;5;7;30;29;27;20;28;31;39;0;41;36;47;53;51;48;52;64;62;66;71;67;0;No;No;No
4055;14;8;11;15;13;23;30;17;18;27;32;42;0;39;31;53;51;56;58;55;70;69;65;64;62;0;No;No;No
4056;13;15;1;9;3;24;18;27;25;26;45;34;0;31;37;58;59;57;48;47;62;64;68;74;73;0;No;No;No
4057;8;12;5;6;3;19;22;21;28;26;36;41;0;43;45;56;52;48;49;53;63;71;62;66;68;0;No;No;No
4058;6;2;8;3;9;21;17;16;24;18;35;40;0;37;36;54;47;51;48;55;70;73;62;63;68;0;No;No;No
4059;7;4;6;1;3;18;28;17;23;27;41;37;0;31;45;58;48;54;53;46;65;66;68;71;62;0;No;No;No
4060;14;10;15;7;9;26;24;20;22;23;43;32;0;31;35;48;60;57;46;47;64;67;63;72;61;0;No;No;No
4061;14;8;5;10;4;17;21;27;26;16;45;35;0;34;42;56;52;51;49;50;71;70;66;61;64;0;No;No;No
4062;1;12;3;2;10;26;30;22;18;19;39;44;0;41;36;58;48;54;56;47;66;65;71;63;74;0;No;No;No
4063;10;9;4;15;3;19;17;29;30;18;35;42;0;32;34;54;56;57;46;51;72;63;75;71;67;0;No;No;No
4064;8;5;9;11;10;24;27;20;28;26;44;45;0;34;43;51;48;49;53;47;71;63;74;69;72;0;No;No;No
4065;3;1;6;7;5;29;27;28;23;26;39;36;0;31;40;56;59;52;53;49;68;63;61;65;69;0;No;No;No
4066;9;15;11;3;7;27;17;23;16;28;40;43;0;39;42;49;54;52;46;60;64;71;69;61;63;0;No;No;No
4067;7;14;9;1;11;29;25;18;16;20;43;40;0;41;37;47;50;60;49;51;74;72;67;75;73;0;No;No;No
4068;13;12;11;10;3;24;16;23;26;19;36;42;0;43;41;60;51;57;47;56;73;71;67;72;66;0;No;No;No
4069;11;15;10;9;1;23;19;21;27;20;38;43;0;42;34;46;52;57;55;48;69;65;68;67;62;0;No;No;No
4070;15;2;5;6;7;23;30;29;16;25;36;42;0;37;31;46;57;56;48;52;61;65;69;67;75;0;No;No;No
4071;4;15;3;8;1;21;18;28;27;17;45;43;0;41;44;51;56;60;55;57;67;72;66;63;62;0;No;No;No
4072;14;10;13;8;5;18;21;22;26;17;44;31;0;43;42;58;46;57;54;55;71;68;62;70;72;0;No;No;No
4073;1;14;11;9;12;29;18;17;28;27;44;34;0;33;40;51;59;48;50;55;74;67;68;61;66;0;No;No;No
4074;6;8;13;12;7;17;23;21;22;16;38;41;0;43;42;53;55;52;51;49;73;74;64;72;66;0;No;No;No
4075;7;12;5;4;15;29;16;21;28;19;36;39;0;34;32;48;47;54;46;60;65;62;74;64;68;0;No;No;No
4076;13;9;7;6;3;28;18;16;17;25;37;33;0;36;35;54;60;51;59;47;75;70;74;68;73;0;No;No;No
4077;15;1;11;14;9;22;19;24;16;18;34;31;0;33;45;48;58;51;54;55;69;61;64;74;71;0;No;No;No
4078;10;2;1;6;5;30;20;19;23;18;38;44;0;35;41;58;46;56;55;50;67;70;71;72;66;0;No;No;No
4079;4;12;3;1;10;22;18;26;16;25;38;35;0;45;34;55;46;53;49;54;66;63;72;75;73;0;No;No;No
4080;6;14;11;13;10;27;17;21;26;22;45;34;0;42;38;49;51;57;54;53;74;71;70;65;67;0;No;No;No
4081;13;3;1;2;11;20;28;27;25;22;32;45;0;39;37;50;59;56;58;52;66;64;75;71;65;0;No;No;No
4082;5;15;3;6;14;18;29;27;17;30;36;39;0;42;37;60;57;49;48;47;64;69;62;74;75;0;No;No;No
4083;15;2;12;8;5;23;28;17;30;27;35;40;0;34;42;58;57;47;50;56;75;73;64;66;74;0;No;No;No
4084;4;9;3;8;12;30;23;21;19;25;39;36;0;35;31;51;56;52;48;50;67;64;68;63;66;0;No;No;No
4085;13;4;6;8;15;19;25;16;21;22;36;40;0;33;42;59;51;58;49;57;68;65;69;61;70;0;No;No;No
4086;13;15;4;3;6;29;18;21;30;20;45;38;0;32;44;58;54;52;50;53;73;70;62;69;67;0;No;No;No
4087;5;4;12;14;8;29;18;28;26;27;35;44;0;39;42;50;59;58;49;53;62;70;71;66;73;0;No;No;No
4088;7;13;2;12;14;27;26;22;20;21;36;41;0;44;35;60;54;52;46;53;69;75;66;64;68;0;No;No;No
4089;10;15;3;6;14;26;25;20;29;28;42;35;0;41;31;53;59;56;57;58;64;74;71;72;73;0;No;No;No
4090;11;14;3;9;10;26;25;21;24;30;32;35;0;31;41;58;57;51;50;47;67;62;66;68;69;0;No;No;No
4091;7;3;4;8;2;21;30;18;16;20;37;33;0;41;43;48;47;60;59;46;64;71;62;72;61;0;No;No;No
4092;1;5;9;15;8;28;27;21;29;20;39;36;0;33;41;58;49;53;52;57;63;68;67;66;72;0;No;No;No
4093;9;12;7;13;6;24;26;21;23;20;39;35;0;32;31;49;59;52;55;47;65;75;70;74;71;0;No;No;No
4094;11;13;12;7;4;21;26;16;29;25;39;43;0;42;38;58;49;48;52;55;65;67;64;75;66;0;No;No;No
4095;2;5;11;10;7;19;29;16;23;27;41;35;0;42;38;56;46;60;57;55;61;66;62;68;75;0;No;No;No
4096;6;11;4;14;15;19;24;29;28;25;39;40;0;31;36;60;59;55;52;47;75;71;66;74;65;0;No;No;No
4097;14;8;3;2;5;22;21;26;24;25;36;34;0;37;38;48;52;54;60;51;75;72;63;70;71;0;No;No;No
4098;8;3;7;10;6;30;20;21;19;26;41;33;0;39;40;60;48;50;49;52;62;74;75;64;66;0;No;No;No
4099;3;4;1;10;9;22;25;17;24;16;41;43;0;38;42;57;51;60;58;50;72;62;75;74;65;0;No;No;No
4100;2;3;15;8;10;26;28;27;30;29;41;31;0;44;33;51;59;60;47;49;65;66;72;74;63;0;No;No;No
4101;1;2;5;8;13;25;28;26;19;22;37;38;0;33;40;60;55;59;48;46;70;66;62;61;67;0;No;No;No
4102;7;2;8;14;4;29;30;19;26;21;32;33;0;41;35;52;50;58;54;51;61;66;64;62;73;0;No;No;No
4103;7;13;2;9;4;26;24;27;22;18;45;38;0;31;39;57;58;47;50;46;64;63;62;69;67;0;No;No;No
4104;3;7;13;12;5;29;17;27;25;18;42;41;0;31;34;56;57;53;54;47;72;69;63;75;73;0;No;No;No
4105;2;5;11;7;15;16;20;30;17;19;42;37;0;41;38;54;50;51;46;57;74;69;65;73;70;0;No;No;No
4106;2;10;4;6;7;25;18;19;23;26;35;43;0;38;33;50;56;49;46;52;71;66;65;70;62;0;No;No;No
4107;4;2;15;7;3;26;18;23;30;21;40;38;0;35;42;60;51;53;46;55;61;70;64;69;68;0;No;No;No
4108;4;14;13;5;12;21;30;29;19;23;34;33;0;42;36;48;54;58;51;49;62;73;69;70;72;0;No;No;No
4109;11;3;10;8;1;20;21;30;16;22;37;39;0;34;43;52;53;56;49;57;70;63;69;73;74;0;No;No;No
4110;7;10;11;4;8;24;19;23;27;28;33;37;0;35;32;50;46;53;48;49;63;69;72;62;66;0;No;No;No
4111;12;9;14;8;7;19;29;23;16;24;39;42;0;45;33;54;57;50;49;51;67;70;62;64;74;0;No;No;No
4112;2;13;12;14;11;20;22;25;16;24;45;42;0;41;36;53;48;57;59;46;62;71;73;64;74;0;No;No;No
4113;7;5;2;14;1;16;26;29;24;18;43;42;0;38;40;46;55;50;53;47;63;61;68;73;65;0;No;No;No
4114;9;7;12;11;8;28;16;24;19;21;45;42;0;38;39;59;48;56;52;58;64;73;71;66;65;0;No;No;No
4115;12;14;6;15;9;16;25;20;22;23;33;39;0;38;45;49;52;55;50;48;70;72;69;73;68;0;No;No;No
4116;4;14;5;15;12;26;23;18;21;16;45;34;0;42;36;53;47;56;49;51;62;72;61;68;67;0;No;No;No
4117;15;3;12;11;14;16;28;27;20;21;39;43;0;34;31;53;48;49;54;55;61;75;64;62;69;0;No;No;No
4118;3;5;13;7;4;26;20;21;22;25;33;34;0;43;41;51;56;49;57;60;64;67;72;75;73;0;No;No;No
4119;13;2;5;14;11;19;23;18;20;26;36;32;0;38;35;55;47;49;48;58;75;67;68;71;73;0;No;No;No
4120;7;11;8;1;14;26;27;18;19;25;32;41;0;42;37;56;51;47;46;57;64;70;68;63;65;0;No;No;No
4121;11;12;2;6;8;30;19;26;25;16;43;39;0;36;32;58;52;50;53;56;63;61;66;73;74;0;No;No;No
4122;6;3;5;1;14;27;28;30;22;20;42;43;0;45;37;48;60;57;54;46;75;70;62;61;65;0;No;No;No
4123;12;6;11;13;15;16;22;24;20;30;44;42;0;41;45;60;52;49;51;58;64;62;74;65;69;0;No;No;No
4124;9;14;10;12;4;25;29;27;28;26;42;34;0;39;44;52;46;55;58;57;66;72;73;69;63;0;No;No;No
4125;7;13;11;14;12;19;17;18;21;16;39;32;0;41;33;49;51;50;57;47;61;72;71;64;65;0;No;No;No
4126;10;1;2;15;13;18;17;22;16;29;34;35;0;44;39;55;50;47;58;52;69;68;72;71;75;0;No;No;No
4127;2;12;7;10;9;20;22;25;17;21;35;44;0;39;36;50;49;57;58;59;71;63;64;72;73;0;No;No;No
4128;6;3;15;1;7;22;18;23;29;27;42;41;0;33;31;50;53;57;49;51;62;71;73;63;67;0;No;No;No
4129;8;12;3;13;15;28;25;16;24;23;36;32;0;34;40;54;53;56;50;55;73;68;75;71;65;0;No;No;No
4130;5;12;15;4;13;23;16;24;17;30;34;36;0;40;32;53;48;47;58;54;71;65;61;75;64;0;No;No;No
4131;13;5;7;9;14;22;26;20;24;17;43;38;0;44;31;52;49;51;58;53;68;66;72;73;69;0;No;No;No
4132;6;9;10;12;2;22;21;17;24;16;39;33;0;42;38;50;51;52;60;58;72;65;61;71;73;0;No;No;No
4133;3;7;2;12;6;18;30;28;17;29;41;34;0;38;42;56;47;55;52;51;75;63;65;67;74;0;No;No;No
4134;14;1;3;2;10;26;28;25;17;21;43;39;0;33;45;60;55;58;48;46;75;74;68;67;63;0;No;No;No
4135;6;11;12;8;1;26;29;21;24;27;41;33;0;32;39;47;53;57;59;60;70;71;75;63;61;0;No;No;No
4136;10;4;9;1;15;24;30;19;27;17;42;40;0;35;31;59;52;51;58;55;75;68;65;71;74;0;No;No;No
4137;8;9;2;14;6;30;24;26;17;18;41;35;0;33;44;60;58;54;48;56;68;75;61;64;67;0;No;No;No
4138;6;2;9;13;15;22;25;27;16;18;31;44;0;35;42;59;56;49;60;53;74;62;61;72;75;0;No;No;No
4139;13;1;9;2;14;24;19;28;18;29;41;32;0;36;38;49;48;52;46;59;63;65;67;71;68;0;No;No;No
4140;3;4;8;12;6;20;27;16;26;22;38;45;0;36;39;46;56;53;50;48;64;65;63;71;73;0;No;No;No
4141;9;4;10;3;2;19;22;21;16;25;31;44;0;38;35;60;53;52;48;58;73;74;66;68;69;0;No;No;No
4142;12;5;8;7;3;28;20;26;23;24;32;35;0;34;43;60;47;56;59;58;61;66;67;72;71;0;No;No;No
4143;13;8;2;5;12;21;16;23;27;26;36;44;0;38;35;53;51;60;47;54;64;73;63;74;67;0;No;No;No
4144;12;5;2;11;4;29;21;19;18;30;32;43;0;44;36;50;54;55;48;47;70;61;72;75;69;0;No;No;No
4145;11;4;3;7;2;24;21;23;17;26;37;34;0;40;31;60;49;55;46;57;67;68;65;70;71;0;No;No;No
4146;10;15;6;14;11;23;30;25;22;18;39;43;0;45;36;50;56;59;54;46;65;61;69;64;75;0;No;No;No
4147;3;14;7;1;15;24;16;30;27;26;42;44;0;34;32;47;60;55;51;57;72;68;70;62;65;0;No;No;No
4148;3;13;5;4;8;28;16;17;27;24;39;42;0;34;37;59;48;47;58;57;69;65;68;63;66;0;No;No;No
4149;2;13;12;9;1;20;28;19;30;22;44;38;0;32;39;51;46;55;56;50;61;66;65;73;75;0;No;No;No
4150;8;9;13;3;15;25;28;16;30;19;35;39;0;45;38;53;54;52;59;51;70;62;68;73;65;0;No;No;No
4151;7;2;10;1;6;18;28;17;22;20;34;42;0;35;36;53;46;48;55;49;72;63;61;70;65;0;No;No;No
4152;13;7;8;4;14;28;18;17;20;21;37;38;0;41;44;57;53;56;48;47;65;66;71;69;70;0;No;No;No
4153;9;7;14;6;3;17;24;19;26;21;39;34;0;43;32;59;53;46;57;54;68;64;70;75;74;0;No;No;No
4154;5;11;8;10;15;24;22;18;26;29;35;37;0;43;42;56;50;46;58;49;66;61;75;71;62;0;No;No;No
4155;14;3;7;4;8;27;20;22;24;30;40;35;0;44;33;48;53;47;60;46;68;74;75;70;72;0;No;No;No
4156;9;10;11;4;2;24;20;22;28;16;36;43;0;32;38;57;48;56;46;49;68;69;66;75;74;0;No;No;No
4157;8;6;4;14;13;26;29;18;27;28;40;34;0;36;39;47;46;52;53;54;75;65;62;63;61;0;No;No;No
4158;15;10;14;1;12;27;17;20;22;18;41;36;0;45;42;54;46;51;59;50;64;66;62;61;69;0;No;No;No
4159;14;13;5;12;11;16;21;28;26;25;34;40;0;36;43;52;49;59;50;47;62;63;70;75;67;0;No;No;No
4160;8;2;1;6;13;25;30;29;20;16;31;41;0;36;42;55;59;47;54;57;73;61;75;65;68;0;No;No;No
4161;15;4;8;10;14;30;19;16;29;28;38;33;0;34;31;51;47;60;55;59;75;74;68;62;66;0;No;No;No
4162;11;2;10;8;7;26;28;23;24;16;34;33;0;40;38;51;59;60;54;46;74;63;66;73;75;0;No;No;No
4163;2;5;6;15;7;22;24;27;17;21;31;39;0;37;38;49;59;50;48;46;73;65;64;69;61;0;No;No;No
4164;4;10;8;7;6;27;20;30;23;28;40;44;0;33;38;50;54;55;46;48;63;69;74;71;75;0;No;No;No
4165;14;3;9;12;2;26;25;16;22;18;35;42;0;44;31;50;57;59;56;53;73;61;68;66;63;0;No;No;No
4166;8;15;2;13;9;18;23;30;25;29;42;33;0;37;38;48;51;52;49;55;65;71;69;62;73;0;No;No;No
4167;15;6;10;1;3;16;21;17;20;30;35;31;0;36;33;54;58;48;53;59;66;61;69;72;65;0;No;No;No
4168;1;11;3;4;10;29;25;22;20;23;31;43;0;40;42;53;60;55;54;49;62;67;68;69;75;0;No;No;No
4169;3;5;15;2;7;16;29;24;26;19;40;38;0;45;35;52;51;49;54;46;62;68;63;70;61;0;No;No;No
4170;6;8;9;7;10;16;29;18;25;19;31;43;0;40;35;56;58;47;60;46;67;71;63;72;62;0;No;No;No
4171;3;2;12;1;10;26;20;23;24;27;34;31;0;45;38;55;51;49;52;56;69;71;74;62;65;0;No;No;No
4172;10;4;3;8;5;30;20;17;27;28;42;37;0;43;34;52;55;49;54;48;72;66;71;64;67;0;No;No;No
4173;2;6;7;13;10;24;22;17;18;19;37;35;0;43;38;60;54;56;48;46;63;65;66;73;74;0;No;No;No
4174;4;2;9;11;6;28;27;24;23;22;35;32;0;31;38;52;46;48;53;47;70;68;64;61;71;0;No;No;No
4175;3;7;9;4;8;26;29;21;30;25;37;43;0;42;45;55;53;51;46;57;62;65;73;61;70;0;No;No;No
4176;6;12;11;10;7;21;25;28;17;22;40;32;0;37;35;49;46;59;47;53;67;70;73;65;72;0;No;No;No
4177;14;7;12;4;13;20;30;21;23;19;39;43;0;42;38;52;60;48;57;56;61;75;62;67;65;0;No;No;No
4178;13;6;5;10;8;30;27;18;21;28;32;40;0;37;43;55;52;54;58;57;73;71;67;69;70;0;No;No;No
4179;14;2;9;12;3;28;27;29;25;23;34;33;0;32;40;58;59;47;48;52;62;74;71;69;75;0;No;No;No
4180;11;2;13;3;12;29;26;25;19;24;42;31;0;35;41;58;48;52;49;55;62;71;65;61;68;0;No;No;No
4181;6;11;14;8;1;25;20;26;21;30;31;44;0;38;39;46;53;56;50;60;64;65;70;61;75;0;No;No;No
4182;6;8;5;1;13;28;21;26;27;29;39;33;0;44;37;59;46;55;48;58;62;63;75;72;74;0;No;No;No
4183;15;2;13;14;8;16;27;18;25;19;36;41;0;43;34;51;56;55;60;46;69;75;70;66;68;0;No;No;No
4184;11;8;3;14;1;20;21;30;25;18;40;41;0;44;34;55;50;51;59;60;65;70;73;75;71;0;No;No;No
4185;5;8;6;7;11;23;27;25;26;18;44;37;0;42;43;60;56;50;57;52;74;62;70;72;75;0;No;No;No
4186;10;14;13;3;12;22;18;29;21;23;38;32;0;35;33;55;58;46;57;49;64;71;63;62;70;0;No;No;No
4187;10;13;9;5;11;21;26;25;28;29;44;37;0;32;42;60;51;52;58;48;62;75;70;66;73;0;No;No;No
4188;7;13;12;5;15;27;24;30;29;20;40;41;0;37;33;54;55;47;51;57;74;73;75;68;69;0;No;No;No
4189;14;6;3;10;11;29;18;28;22;17;33;44;0;32;37;47;52;48;58;53;71;72;70;75;65;0;No;No;No
4190;7;6;9;14;1;27;29;24;26;23;39;38;0;33;35;48;49;54;57;56;72;71;63;62;67;0;No;No;No
4191;10;6;2;3;12;28;22;25;20;17;39;33;0;31;38;58;47;57;46;56;71;66;73;74;63;0;No;No;No
4192;13;12;2;3;6;22;18;17;30;29;32;39;0;44;37;56;55;46;50;49;63;71;66;65;74;0;No;No;No
4193;2;11;13;3;5;19;29;23;22;28;45;39;0;37;32;50;55;54;52;60;74;72;61;67;69;0;No;No;No
4194;3;13;12;4;14;18;19;20;29;21;35;42;0;34;44;46;60;57;50;49;68;63;73;75;72;0;No;No;No
4195;14;7;6;10;9;30;26;27;25;21;32;44;0;36;33;54;56;58;53;51;70;71;72;69;67;0;No;No;No
4196;2;10;6;4;5;26;24;29;25;22;39;45;0;34;33;58;54;59;56;57;63;75;65;67;68;0;No;No;No
4197;11;12;5;10;3;20;25;23;26;30;43;34;0;32;40;59;54;50;56;52;62;73;66;74;61;0;No;No;No
4198;13;8;5;2;3;20;25;21;19;17;32;43;0;38;39;60;50;52;48;55;72;64;75;66;68;0;No;No;No
4199;9;2;11;5;14;24;21;25;30;23;40;31;0;38;36;59;50;54;56;47;72;62;73;65;74;0;No;No;No
4200;3;15;14;11;10;19;16;27;21;24;40;33;0;39;38;47;46;53;59;58;73;71;68;62;70;0;No;No;No
4201;3;10;9;11;7;16;28;19;26;17;40;41;0;37;31;60;56;59;49;57;72;70;68;66;75;0;No;No;No
4202;1;2;14;3;9;16;17;26;18;24;40;43;0;35;44;58;46;53;60;47;72;68;67;62;65;0;No;No;No
4203;1;4;12;14;13;19;16;22;21;20;44;32;0;42;31;58;46;50;52;59;65;66;63;69;62;0;No;No;No
4204;10;12;4;9;8;19;17;16;29;23;43;34;0;42;40;51;52;58;50;59;69;73;68;67;74;0;No;No;No
4205;6;15;8;3;12;29;18;20;16;24;33;34;0;40;37;48;53;46;47;52;68;73;75;64;62;0;No;No;No
4206;10;7;3;1;4;25;19;29;28;24;41;35;0;38;39;46;53;50;51;48;70;64;66;67;68;0;No;No;No
4207;12;13;6;8;5;22;19;26;28;27;41;32;0;44;31;57;51;46;60;55;66;63;69;73;74;0;No;No;No
4208;3;10;7;1;2;29;22;17;26;20;39;44;0;45;41;56;55;48;50;49;71;61;75;74;62;0;No;No;No
4209;12;1;4;6;10;26;27;16;18;30;36;35;0;37;33;54;60;51;53;48;62;71;64;75;67;0;No;No;No
4210;12;6;9;4;7;17;20;21;16;18;33;40;0;43;35;47;53;52;56;59;66;64;61;68;73;0;No;No;No
4211;13;15;10;4;6;21;23;18;22;26;31;34;0;40;43;55;49;51;58;50;75;73;71;68;66;0;No;No;No
4212;6;9;11;1;3;27;23;26;19;17;43;34;0;32;40;55;60;58;50;56;73;64;75;61;68;0;No;No;No
4213;2;15;14;13;12;29;20;18;25;22;34;43;0;41;36;50;58;49;48;55;74;75;67;62;71;0;No;No;No
4214;14;11;3;7;2;24;28;29;26;21;42;40;0;32;33;51;52;54;55;49;64;72;67;68;66;0;No;No;No
4215;9;5;12;6;11;22;27;24;29;23;35;32;0;36;42;56;52;51;47;55;64;70;68;72;75;0;No;No;No
4216;6;1;3;13;5;29;27;24;19;30;41;34;0;44;45;53;55;54;47;52;66;62;74;68;65;0;No;No;No
4217;5;12;2;6;3;24;23;25;22;19;35;39;0;37;32;58;57;51;52;60;62;75;72;67;71;0;No;No;No
4218;4;5;11;7;3;27;17;19;23;18;40;34;0;42;36;52;56;49;47;51;70;69;68;61;75;0;No;No;No
4219;7;4;6;13;3;19;16;22;23;29;34;44;0;43;41;55;56;59;47;54;72;74;62;63;68;0;No;No;No
4220;3;1;9;8;7;17;26;18;24;16;42;34;0;44;38;60;57;47;58;56;74;61;66;62;67;0;No;No;No
4221;7;12;11;2;8;24;23;20;21;17;34;31;0;39;42;53;56;48;54;49;63;71;62;64;74;0;No;No;No
4222;4;5;13;6;9;28;26;20;22;18;43;40;0;33;36;54;58;59;60;55;62;61;75;63;69;0;No;No;No
4223;3;4;8;11;6;24;16;27;21;18;35;43;0;37;45;57;49;47;53;51;73;64;63;70;74;0;No;No;No
4224;4;11;8;15;3;25;23;19;21;26;32;44;0;38;31;57;55;50;56;48;61;75;62;68;70;0;No;No;No
4225;8;11;1;13;14;20;26;24;22;19;38;40;0;33;35;54;56;49;57;52;73;70;61;62;74;0;No;No;No
4226;11;4;15;12;9;28;20;27;17;16;44;43;0;42;32;54;51;50;52;56;61;70;72;63;71;0;No;No;No
4227;14;13;5;9;11;29;30;18;20;24;38;32;0;37;45;46;50;47;59;48;62;67;64;70;74;0;No;No;No
4228;6;1;8;15;14;26;18;23;27;22;39;35;0;31;43;51;57;49;46;47;75;70;71;69;67;0;No;No;No
4229;6;3;14;13;2;21;30;22;17;25;39;40;0;44;38;51;60;55;59;58;61;69;75;64;71;0;No;No;No
4230;7;11;8;3;5;23;18;17;20;24;45;41;0;42;32;50;58;48;53;52;73;75;64;74;72;0;No;No;No
4231;10;13;11;15;9;17;25;29;19;27;44;37;0;31;32;50;51;52;46;47;63;69;62;66;67;0;No;No;No
4232;10;5;14;7;8;16;29;22;19;18;44;33;0;40;45;52;55;56;49;58;68;65;66;63;73;0;No;No;No
4233;2;12;8;13;4;17;19;25;21;20;32;33;0;41;36;46;56;52;54;51;72;66;75;69;68;0;No;No;No
4234;5;11;12;4;9;20;28;16;29;30;31;43;0;42;41;60;53;51;48;46;65;72;70;75;69;0;No;No;No
4235;9;15;7;1;12;16;18;21;26;19;42;34;0;32;31;48;51;60;59;52;61;64;66;69;65;0;No;No;No
4236;7;5;11;9;10;30;16;21;20;18;36;38;0;37;34;49;50;47;46;56;62;65;68;72;69;0;No;No;No
4237;12;2;7;14;4;18;24;17;21;19;34;40;0;44;35;59;56;57;46;55;70;73;74;67;63;0;No;No;No
4238;4;8;14;10;9;25;23;26;27;29;35;44;0;45;32;50;51;52;53;47;66;64;74;72;65;0;No;No;No
4239;4;1;15;14;9;24;22;20;26;16;45;38;0;32;35;46;52;49;59;60;71;63;75;74;73;0;No;No;No
4240;8;6;9;15;7;27;29;23;20;24;38;42;0;34;32;47;49;57;60;53;71;72;64;70;65;0;No;No;No
4241;4;14;1;6;12;18;24;23;22;21;33;35;0;38;42;58;57;48;49;53;70;73;74;65;71;0;No;No;No
4242;1;2;5;8;13;25;28;26;19;22;44;38;0;41;31;52;47;58;50;48;61;68;63;70;69;0;No;No;No
4243;5;14;11;12;2;18;21;16;28;20;39;34;0;43;33;46;49;54;52;51;75;68;61;70;62;0;No;No;No
4244;5;14;7;4;15;27;18;25;22;21;42;33;0;37;43;46;47;52;50;54;71;66;75;64;74;0;No;No;No
4245;3;7;12;14;15;29;28;27;26;22;34;41;0;36;31;51;56;59;49;54;61;75;62;69;71;0;No;No;No
4246;6;15;13;5;1;26;17;27;24;28;44;41;0;33;32;48;50;57;55;52;62;75;65;69;66;0;No;No;No
4247;2;11;6;12;8;28;25;21;26;23;36;41;0;33;31;56;59;53;55;46;67;68;62;63;69;0;No;No;No
4248;7;8;1;10;15;21;18;26;29;20;33;40;0;34;42;60;54;49;57;50;68;71;72;70;61;0;No;No;No
4249;6;13;15;8;9;17;19;26;24;22;36;39;0;35;38;47;49;58;54;55;63;62;72;61;66;0;No;No;No
4250;12;7;13;5;1;27;26;18;30;16;33;40;0;44;43;56;49;51;47;60;63;62;73;70;68;0;No;No;No
4251;7;9;2;4;14;22;25;20;21;23;43;38;0;32;42;55;59;53;46;54;74;62;61;68;69;0;No;No;No
4252;15;7;11;8;6;17;27;16;20;30;45;37;0;40;33;48;54;47;50;53;64;72;74;73;66;0;No;No;No
4253;5;6;2;1;8;29;17;30;27;18;34;33;0;38;35;56;46;47;53;49;66;69;63;67;61;0;No;No;No
4254;1;15;4;13;10;22;16;18;23;25;37;36;0;33;43;46;59;50;52;56;67;65;74;69;62;0;No;No;No
4255;10;12;3;13;2;21;18;16;26;17;34;37;0;42;38;58;48;51;55;59;73;70;71;67;69;0;No;No;No
4256;11;9;5;3;6;28;20;16;17;27;31;41;0;34;44;56;59;46;50;48;66;73;62;69;67;0;No;No;No
4257;1;11;9;3;13;16;24;26;18;21;39;36;0;34;40;48;58;55;50;49;66;73;63;67;64;0;No;No;No
4258;5;7;13;12;3;27;26;29;22;23;41;43;0;35;34;56;50;51;48;47;65;66;62;74;69;0;No;No;No
4259;13;2;14;4;11;17;23;29;30;20;37;45;0;42;40;50;57;49;52;60;75;61;74;70;66;0;No;No;No
4260;7;2;8;5;4;23;27;20;22;18;39;33;0;36;42;55;51;52;54;50;73;70;63;74;72;0;No;No;No
4261;6;8;14;1;13;29;28;25;16;27;42;44;0;43;37;48;59;56;52;50;66;61;64;63;71;0;No;No;No
4262;3;8;9;10;13;20;26;24;19;22;40;44;0;34;33;60;51;53;46;48;70;64;61;66;69;0;No;No;No
4263;3;9;5;7;1;30;25;22;28;27;35;34;0;42;33;54;58;51;47;53;61;72;65;75;68;0;No;No;No
4264;11;8;13;6;4;22;27;20;17;28;41;34;0;37;40;49;58;57;51;56;61;65;71;62;69;0;No;No;No
4265;12;2;5;13;10;29;16;18;17;22;40;33;0;37;44;56;57;55;46;50;66;68;63;64;75;0;No;No;No
4266;1;2;6;14;5;23;26;17;29;25;42;34;0;39;38;51;53;48;50;57;67;61;75;66;68;0;No;No;No
4267;4;13;8;7;6;16;21;22;17;23;31;40;0;34;32;47;46;49;54;60;70;67;63;62;72;0;No;No;No
4268;6;2;13;12;5;24;30;19;21;23;41;36;0;31;45;58;56;51;46;50;72;70;66;73;63;0;No;No;No
4269;15;11;10;13;1;16;25;29;28;27;32;31;0;39;44;56;51;49;53;46;68;69;74;72;71;0;No;No;No
4270;2;12;4;14;15;26;25;16;27;28;44;39;0;31;42;51;56;59;52;48;62;69;66;75;70;0;No;No;No
4271;2;1;5;3;13;19;25;28;29;17;33;44;0;36;45;60;58;46;57;47;66;63;69;64;61;0;No;No;No
4272;2;14;4;11;7;19;23;27;26;28;32;41;0;37;40;56;48;46;59;55;62;74;61;69;68;0;No;No;No
4273;15;9;11;1;10;30;21;18;27;19;39;33;0;44;31;56;59;49;55;51;74;63;66;64;65;0;No;No;No
4274;7;15;5;10;4;16;21;19;24;23;34;39;0;36;33;47;57;48;50;59;62;65;74;64;71;0;No;No;No
4275;1;14;10;7;12;27;25;28;24;16;40;32;0;39;41;56;59;52;54;60;68;61;64;75;74;0;No;No;No
4276;9;3;6;15;11;18;21;23;19;17;36;37;0;41;40;60;46;54;56;53;61;73;62;66;64;0;No;No;No
4277;10;8;1;11;13;20;26;19;23;18;37;35;0;38;39;60;59;51;48;58;61;72;65;70;64;0;No;No;No
4278;9;10;3;12;7;22;21;29;16;20;38;33;0;41;35;52;49;46;60;56;63;66;73;71;72;0;No;No;No
4279;13;8;6;5;4;23;29;28;20;27;45;37;0;35;33;51;59;58;49;47;62;71;61;74;69;0;No;No;No
4280;9;1;3;11;6;27;24;30;22;17;45;38;0;43;31;55;54;46;48;57;68;65;61;63;69;0;No;No;No
4281;4;8;1;6;13;21;24;19;22;25;35;34;0;32;37;54;57;58;49;52;61;71;66;75;74;0;No;No;No
4282;13;4;6;9;12;28;26;21;27;30;38;31;0;39;32;52;46;49;56;60;75;70;61;68;74;0;No;No;No
4283;11;9;1;14;3;30;16;19;18;20;38;37;0;41;39;52;50;53;59;49;66;74;64;63;70;0;No;No;No
4284;10;14;15;6;7;16;22;28;26;21;37;41;0;43;32;51;50;55;48;53;61;68;67;72;66;0;No;No;No
4285;9;13;6;10;4;18;30;17;21;16;42;40;0;31;45;46;53;48;56;49;69;65;61;67;64;0;No;No;No
4286;11;8;13;1;3;18;23;21;27;25;43;42;0;32;36;60;54;58;50;47;68;63;69;74;61;0;No;No;No
4287;9;10;7;6;15;17;28;29;25;16;35;45;0;37;32;58;50;51;54;47;66;63;74;72;65;0;No;No;No
4288;2;10;1;12;8;20;19;25;18;27;37;44;0;40;32;46;57;52;53;54;70;73;71;69;66;0;No;No;No
4289;12;10;14;2;11;25;29;28;21;23;44;39;0;34;40;56;58;50;57;60;74;70;64;72;68;0;No;No;No
4290;2;4;14;12;7;18;16;24;26;30;33;40;0;37;45;54;50;47;55;48;64;75;63;70;67;0;No;No;No
4291;10;15;8;3;4;24;26;19;23;16;37;41;0;44;39;53;58;52;47;54;69;75;73;68;66;0;No;No;No
4292;3;10;7;12;9;25;23;24;21;28;36;37;0;33;35;60;57;54;52;46;64;68;73;67;62;0;No;No;No
4293;5;11;7;12;13;22;25;24;20;21;34;41;0;43;40;56;55;54;59;60;63;64;70;71;72;0;No;No;No
4294;13;12;2;3;11;26;19;21;16;22;31;34;0;38;43;56;50;58;55;48;70;61;65;63;74;0;No;No;No
4295;12;3;13;6;15;16;27;25;21;19;42;32;0;36;33;54;56;53;46;51;73;72;75;68;69;0;No;No;No
4296;14;10;3;13;12;22;24;30;20;16;40;42;0;39;33;49;51;56;53;47;61;63;66;64;71;0;No;No;No
4297;11;3;6;2;4;29;25;30;27;16;36;35;0;34;39;55;46;49;47;59;68;73;75;63;67;0;No;No;No
4298;6;4;11;8;5;25;21;19;28;20;39;32;0;37;40;55;52;47;49;51;64;74;68;73;72;0;No;No;No
4299;9;12;1;6;7;29;16;23;18;20;44;36;0;33;31;47;48;55;57;50;74;72;71;67;73;0;No;No;No
4300;4;13;8;5;1;23;21;20;16;28;42;33;0;44;32;48;55;50;47;60;65;63;75;73;62;0;No;No;No
4301;13;10;8;2;12;28;24;29;22;16;32;41;0;43;44;53;51;50;47;46;64;71;66;70;62;0;No;No;No
4302;12;5;13;7;15;23;26;19;18;28;45;32;0;41;31;57;51;59;53;56;61;68;73;71;64;0;No;No;No
4303;14;9;11;1;4;21;18;23;26;19;32;37;0;43;42;60;53;57;58;46;74;69;75;71;61;0;No;No;No
4304;4;5;12;13;2;19;20;25;17;28;32;40;0;43;31;58;48;52;60;53;68;69;64;72;71;0;No;No;No
4305;3;13;1;2;11;29;17;19;24;23;39;41;0;36;34;51;48;53;54;60;68;69;71;72;61;0;No;No;No
4306;2;5;12;6;1;28;16;22;30;18;40;39;0;41;44;56;54;47;50;46;75;69;72;71;70;0;No;No;No
4307;1;5;7;10;13;26;29;20;24;16;37;40;0;43;34;55;60;54;46;48;61;70;66;64;67;0;No;No;No
4308;12;1;14;8;11;24;27;25;16;26;33;37;0;31;43;52;59;60;58;54;71;64;63;68;72;0;No;No;No
4309;9;10;6;5;15;22;28;23;20;18;32;31;0;34;35;55;58;56;60;48;61;66;69;64;73;0;No;No;No
4310;12;2;5;10;8;20;28;19;17;22;45;37;0;41;40;55;60;53;47;56;61;63;72;65;64;0;No;No;No
4311;5;6;9;14;4;20;22;26;28;19;37;42;0;41;40;52;55;60;46;54;66;64;71;68;74;0;No;No;No
4312;6;5;12;7;14;26;25;29;16;22;43;32;0;37;36;55;46;57;50;48;70;65;71;68;63;0;No;No;No
4313;7;8;1;14;9;29;28;19;25;16;31;37;0;33;36;46;57;58;56;52;70;71;75;66;62;0;No;No;No
4314;12;15;6;8;14;24;25;16;22;20;44;35;0;38;40;51;58;54;53;46;71;74;65;73;62;0;No;No;No
4315;12;1;6;11;4;28;27;24;23;19;41;45;0;32;36;52;47;55;46;48;75;71;73;62;68;0;No;No;No
4316;14;8;11;13;5;21;20;18;24;30;38;33;0;44;40;47;60;48;46;59;65;62;63;70;61;0;No;No;No
4317;7;8;1;15;2;28;17;22;19;21;39;40;0;37;43;58;50;51;57;48;70;61;69;62;75;0;No;No;No
4318;13;11;3;9;14;18;17;25;29;23;43;34;0;42;45;54;48;58;59;57;67;73;64;65;69;0;No;No;No
4319;12;11;9;13;6;16;24;28;23;19;42;37;0;32;44;51;46;49;55;59;74;61;67;63;69;0;No;No;No
4320;13;2;8;9;5;19;24;28;21;30;41;37;0;35;40;59;49;50;56;57;64;65;61;72;66;0;No;No;No
4321;2;3;14;1;11;26;19;23;20;30;34;31;0;38;35;57;50;58;54;46;67;68;64;72;70;0;No;No;No
4322;8;14;10;13;6;22;26;20;17;30;36;32;0;44;42;53;48;46;50;60;66;62;65;73;64;0;No;No;No
4323;10;7;2;4;11;30;23;18;24;16;36;39;0;40;38;47;54;53;49;59;74;67;66;61;64;0;No;No;No
4324;11;9;6;3;14;27;16;29;25;28;44;42;0;35;36;48;59;58;49;50;74;62;70;73;64;0;No;No;No
4325;15;9;14;7;11;27;20;18;24;26;34;39;0;44;41;55;54;58;53;52;69;72;66;74;64;0;No;No;No
4326;3;2;7;6;5;17;21;18;23;16;38;42;0;43;32;59;51;46;50;58;68;62;63;71;73;0;No;No;No
4327;7;13;3;4;10;16;22;21;25;24;44;36;0;35;31;51;52;57;56;49;70;69;73;61;72;0;No;No;No
4328;10;5;15;4;14;30;23;26;17;25;38;40;0;44;36;57;52;56;48;49;70;69;64;67;72;0;No;No;No
4329;9;3;10;15;1;26;22;17;21;23;39;40;0;41;33;56;46;48;59;57;66;69;67;62;63;0;No;No;No
4330;1;5;6;15;11;29;21;18;26;27;40;39;0;36;35;54;47;58;51;60;63;62;64;73;72;0;No;No;No
4331;10;13;15;2;5;23;27;26;17;16;43;39;0;35;31;51;48;57;54;49;62;68;70;71;63;0;No;No;No
4332;15;5;6;10;1;22;26;29;18;25;43;39;0;40;32;57;56;58;51;50;68;67;61;65;70;0;No;No;No
4333;13;15;6;8;4;29;27;28;19;24;34;31;0;33;43;47;51;49;59;48;75;66;70;63;68;0;No;No;No
4334;5;3;4;6;9;23;17;25;30;21;35;41;0;43;38;51;54;48;46;47;64;72;65;61;66;0;No;No;No
4335;14;5;2;10;7;17;23;18;25;20;40;36;0;44;41;49;53;55;56;54;72;68;66;75;62;0;No;No;No
4336;3;11;13;1;7;18;24;23;25;28;39;35;0;40;38;50;58;52;60;49;66;70;73;62;72;0;No;No;No
4337;3;8;15;7;4;28;19;25;18;24;38;44;0;35;37;58;54;46;52;53;64;61;69;68;67;0;No;No;No
4338;10;8;3;13;5;27;16;30;26;17;41;35;0;44;39;50;51;52;60;49;72;61;62;63;66;0;No;No;No
4339;9;5;7;2;14;19;17;29;21;18;35;40;0;36;37;59;56;57;53;54;65;70;64;61;74;0;No;No;No
4340;10;12;3;11;4;23;21;20;17;25;38;42;0;41;35;47;59;58;48;51;70;75;65;63;69;0;No;No;No
4341;6;10;1;13;15;19;18;26;16;25;38;34;0;44;33;53;47;52;54;48;68;73;71;62;69;0;No;No;No
4342;7;3;6;1;13;18;17;26;23;27;37;43;0;32;40;48;53;56;59;50;63;64;71;75;73;0;No;No;No
4343;4;3;6;9;14;19;26;24;21;29;39;40;0;38;41;53;59;57;48;60;74;71;69;68;67;0;No;No;No
4344;5;12;3;13;9;20;19;26;21;27;43;34;0;42;39;49;56;55;48;51;71;75;73;65;69;0;No;No;No
4345;9;1;14;11;7;16;28;21;26;22;40;43;0;44;32;53;47;51;54;46;65;61;73;62;68;0;No;No;No
4346;7;2;8;4;13;23;19;18;26;17;36;41;0;39;43;54;59;52;49;50;70;63;73;65;67;0;No;No;No
4347;7;5;4;14;9;20;29;22;24;16;35;40;0;43;39;54;49;58;55;46;70;61;71;65;75;0;No;No;No
4348;11;10;8;15;12;25;20;29;17;16;42;31;0;35;40;60;47;56;59;53;68;63;73;61;62;0;No;No;No
4349;11;15;3;12;14;30;21;19;17;22;41;33;0;42;36;53;47;49;57;56;72;75;63;69;66;0;No;No;No
4350;12;9;3;13;6;16;19;17;27;23;37;40;0;38;33;58;47;60;57;59;65;64;74;68;70;0;No;No;No
4351;5;9;12;4;7;22;17;21;23;18;37;32;0;43;45;50;58;48;54;49;62;70;61;68;72;0;No;No;No
4352;3;10;2;9;4;25;18;26;16;19;31;38;0;34;39;49;51;47;58;54;67;71;64;73;61;0;No;No;No
4353;9;5;14;4;12;25;21;28;26;29;43;36;0;32;33;48;46;47;51;50;73;72;63;68;66;0;No;No;No
4354;8;7;3;2;14;24;27;17;26;28;33;43;0;38;36;58;57;54;60;47;61;62;73;66;75;0;No;No;No
4355;6;5;7;3;4;18;20;21;19;27;32;38;0;44;37;54;60;52;49;56;74;68;75;73;62;0;No;No;No
4356;7;5;6;13;4;29;16;19;24;22;38;45;0;43;37;47;59;60;49;48;68;65;70;75;69;0;No;No;No
4357;5;13;10;3;9;27;24;26;28;16;36;35;0;38;31;54;58;49;51;46;62;73;70;63;68;0;No;No;No
4358;5;13;4;12;15;16;29;19;30;27;43;40;0;39;38;48;49;51;57;54;74;71;67;61;72;0;No;No;No
4359;8;1;14;13;9;22;30;27;23;16;36;41;0;31;35;58;50;60;57;54;75;73;72;70;62;0;No;No;No
4360;13;1;14;5;15;27;16;25;23;18;35;34;0;42;44;54;53;47;48;52;67;62;68;69;73;0;No;No;No
4361;14;12;15;9;3;21;23;16;24;19;34;43;0;39;44;53;48;52;54;55;64;67;63;72;69;0;No;No;No
4362;11;13;9;6;12;18;25;21;29;22;43;44;0;41;36;49;54;59;57;48;64;67;72;62;70;0;No;No;No
4363;14;15;13;9;10;20;21;27;28;17;35;40;0;42;44;53;54;60;58;51;63;69;64;61;74;0;No;No;No
4364;11;1;4;7;10;21;20;17;23;30;44;34;0;41;42;60;51;46;57;58;63;69;73;62;68;0;No;No;No
4365;6;1;7;9;10;17;18;26;30;28;36;37;0;32;33;54;49;55;51;52;62;67;64;70;61;0;No;No;No
4366;7;11;4;15;13;16;24;27;28;18;41;33;0;40;43;57;55;48;60;52;64;65;75;71;72;0;No;No;No
4367;9;4;11;15;3;21;30;19;28;16;45;39;0;31;35;50;47;52;60;58;71;73;63;64;62;0;No;No;No
4368;6;14;10;1;4;27;22;18;19;20;34;32;0;35;39;54;59;56;57;48;69;70;62;63;72;0;No;No;No
4369;10;4;1;2;13;19;30;18;20;23;40;32;0;43;41;53;46;59;57;48;74;65;70;67;68;0;No;No;No
4370;6;3;9;2;7;19;18;20;30;21;32;35;0;34;38;49;52;47;51;46;71;75;62;67;61;0;No;No;No
4371;11;12;7;14;5;21;30;20;18;16;33;37;0;35;45;52;51;53;48;54;74;64;68;65;63;0;No;No;No
4372;7;3;2;12;10;22;21;28;18;20;38;44;0;33;39;50;51;54;47;49;62;63;64;61;72;0;No;No;No
4373;11;10;1;6;12;23;16;25;19;17;42;44;0;36;43;51;52;53;49;59;75;69;73;66;67;0;No;No;No
4374;10;4;8;2;5;29;17;20;30;23;33;34;0;38;39;54;50;49;51;57;72;71;61;73;66;0;No;No;No
4375;14;8;5;11;9;18;28;29;30;16;34;43;0;39;32;52;53;57;59;46;69;63;61;71;74;0;No;No;No
4376;6;3;7;4;5;30;23;27;18;29;42;39;0;33;38;60;55;46;48;53;68;67;61;70;66;0;No;No;No
4377;8;10;6;9;14;27;23;17;26;30;37;38;0;41;45;46;50;54;52;60;63;64;68;71;67;0;No;No;No
4378;6;13;10;4;2;25;16;29;28;22;38;32;0;43;41;54;47;58;49;51;68;71;70;73;61;0;No;No;No
4379;10;12;13;2;1;18;27;16;25;23;39;32;0;31;34;58;54;46;50;53;75;69;70;72;66;0;No;No;No
4380;7;6;4;5;10;16;20;26;19;18;44;37;0;35;38;55;57;53;59;56;70;69;67;71;63;0;No;No;No
4381;11;14;3;8;15;17;19;29;30;23;45;38;0;41;44;46;53;59;58;50;71;69;65;74;75;0;No;No;No
4382;14;1;9;3;11;16;25;23;28;18;38;37;0;33;35;60;55;56;54;57;66;64;68;69;70;0;No;No;No
4383;12;8;13;6;11;19;28;23;17;22;31;42;0;40;33;55;56;46;48;59;71;70;64;73;68;0;No;No;No
4384;6;8;4;11;9;28;18;27;24;19;44;35;0;39;45;54;52;60;49;48;66;64;68;71;69;0;No;No;No
4385;2;3;7;6;8;21;22;29;16;17;33;38;0;43;37;54;55;59;50;49;74;61;71;68;67;0;No;No;No
4386;10;11;15;7;2;26;17;20;24;16;37;40;0;33;32;59;46;57;48;53;68;66;72;67;73;0;No;No;No
4387;12;5;7;8;15;19;28;24;26;20;41;31;0;44;34;51;60;57;50;55;75;61;62;74;67;0;No;No;No
4388;4;3;12;2;13;22;28;24;21;30;36;32;0;34;41;50;52;51;55;56;64;65;71;69;73;0;No;No;No
4389;8;6;14;11;5;28;21;20;25;17;38;44;0;43;45;56;46;47;49;50;66;67;64;72;73;0;No;No;No
4390;8;10;13;11;6;21;27;18;24;19;36;35;0;41;34;57;56;51;53;50;74;61;64;65;68;0;No;No;No
4391;2;6;1;13;5;29;26;20;17;30;42;31;0;45;44;60;56;53;57;48;71;64;72;61;67;0;No;No;No
4392;11;4;10;6;12;30;26;24;28;19;43;31;0;39;40;49;52;47;50;51;72;67;73;61;68;0;No;No;No
4393;2;1;6;3;5;26;25;22;17;30;40;37;0;45;35;51;57;56;50;60;72;75;70;66;73;0;No;No;No
4394;12;6;3;8;15;18;29;27;26;25;41;45;0;33;38;51;48;58;55;47;68;65;62;75;73;0;No;No;No
4395;13;14;4;11;7;19;28;20;27;22;37;43;0;45;40;48;58;52;60;59;70;61;74;75;69;0;No;No;No
4396;15;10;2;11;6;26;21;20;28;29;45;40;0;35;42;60;51;47;59;46;69;68;67;61;71;0;No;No;No
4397;9;6;4;11;1;16;17;25;29;26;39;40;0;41;38;53;49;54;48;60;64;70;68;69;73;0;No;No;No
4398;10;1;13;12;2;23;27;28;29;20;35;34;0;31;45;57;58;60;49;51;69;68;73;67;63;0;No;No;No
4399;2;6;1;7;4;25;16;24;29;30;43;40;0;35;38;48;46;51;58;59;75;62;69;61;71;0;No;No;No
4400;2;8;7;6;13;29;24;19;30;23;36;38;0;37;34;54;57;60;52;46;63;71;74;64;68;0;No;No;No
4401;15;5;13;1;6;18;30;23;28;21;39;38;0;45;44;50;59;60;56;46;72;61;71;69;67;0;No;No;No
4402;5;6;13;3;4;27;18;25;17;21;37;34;0;35;39;53;57;46;55;60;75;65;68;67;63;0;No;No;No
4403;10;15;6;8;14;28;16;26;21;20;43;40;0;45;33;51;60;55;46;53;70;73;74;62;69;0;No;No;No
4404;6;9;11;7;13;27;22;23;21;24;37;41;0;40;38;54;51;53;60;59;63;70;66;67;71;0;No;No;No
4405;11;15;14;12;13;22;29;26;28;25;33;42;0;43;38;46;56;53;48;47;74;75;64;68;72;0;No;No;No
4406;6;11;3;9;1;27;26;25;30;17;43;41;0;38;34;55;60;59;57;47;69;71;65;66;73;0;No;No;No
4407;12;5;8;2;15;27;18;26;28;30;32;31;0;34;42;58;46;51;55;50;61;63;74;68;72;0;No;No;No
4408;8;13;7;4;14;30;25;18;20;22;40;45;0;37;32;48;55;52;53;54;72;67;66;71;75;0;No;No;No
4409;13;4;6;10;12;21;23;28;30;24;33;40;0;41;35;52;55;54;58;47;71;61;66;72;62;0;No;No;No
4410;4;13;15;3;7;30;17;23;22;20;36;32;0;40;38;57;59;49;55;48;67;70;64;69;65;0;No;No;No
4411;6;13;14;2;11;25;23;28;30;18;40;45;0;42;38;49;51;50;58;48;62;68;64;63;67;0;No;No;No
4412;2;5;14;10;12;23;20;27;16;24;33;44;0;43;35;54;57;56;55;50;63;62;61;71;73;0;No;No;No
4413;3;9;2;14;1;24;25;18;16;28;39;41;0;43;31;60;58;57;47;59;63;75;66;62;70;0;No;No;No
4414;4;7;1;10;15;19;28;17;22;21;39;34;0;37;36;54;57;50;51;59;73;66;68;74;69;0;No;No;No
4415;11;2;1;4;12;29;22;27;24;30;45;32;0;37;35;59;47;57;56;48;67;63;61;71;70;0;No;No;No
4416;12;4;11;1;7;27;23;30;29;25;33;35;0;38;43;55;56;49;48;57;70;68;62;64;65;0;No;No;No
4417;9;11;10;8;13;24;20;23;29;26;40;44;0;42;37;54;52;46;51;53;62;64;68;67;72;0;No;No;No
4418;4;13;2;3;7;30;22;26;16;28;33;36;0;41;37;54;46;56;51;55;70;67;62;66;68;0;No;No;No
4419;3;1;11;13;6;16;18;30;24;23;31;35;0;39;38;57;52;55;53;46;63;69;70;75;71;0;No;No;No
4420;3;11;12;13;9;26;21;24;16;18;41;44;0;42;39;46;52;50;58;55;75;62;67;63;65;0;No;No;No
4421;6;8;7;14;4;16;30;19;29;28;45;39;0;36;34;60;59;47;53;56;66;67;61;65;68;0;No;No;No
4422;8;3;13;4;9;24;18;26;21;16;42;31;0;36;34;52;58;55;57;49;70;75;62;63;67;0;No;No;No
4423;8;6;13;15;9;30;23;19;26;25;40;37;0;34;33;58;56;55;47;54;75;65;62;74;61;0;No;No;No
4424;2;10;3;14;15;25;28;27;21;30;37;38;0;31;42;58;46;48;60;52;67;66;74;72;65;0;No;No;No
4425;3;15;11;8;14;26;17;29;27;24;38;33;0;42;40;58;54;55;60;53;70;62;73;71;65;0;No;No;No
4426;7;5;8;15;11;29;20;18;22;27;37;38;0;40;42;58;60;51;54;53;62;66;68;72;61;0;No;No;No
4427;3;14;2;12;15;26;16;18;30;23;41;34;0;45;35;49;51;46;55;59;68;71;75;61;65;0;No;No;No
4428;14;10;11;6;4;28;25;23;22;21;33;34;0;44;35;48;60;46;53;59;70;68;61;64;73;0;No;No;No
4429;3;8;6;14;1;26;28;19;27;24;33;44;0;35;38;56;52;58;46;53;62;75;67;64;68;0;No;No;No
4430;10;8;13;6;4;20;25;24;22;28;32;38;0;41;43;53;59;47;56;48;68;62;70;69;67;0;No;No;No
4431;7;13;6;4;15;30;22;16;20;18;41;33;0;44;40;49;50;48;57;60;64;69;74;62;72;0;No;No;No
4432;9;11;6;15;4;24;22;16;18;19;37;40;0;42;34;50;49;57;56;51;70;67;63;73;74;0;No;No;No
4433;12;6;2;14;9;24;23;29;20;28;32;31;0;36;45;57;46;47;55;48;63;68;67;62;73;0;No;No;No
4434;6;2;3;12;4;27;22;29;16;18;44;40;0;38;33;50;58;59;48;56;73;72;74;71;62;0;No;No;No
4435;1;7;13;6;2;21;28;18;30;25;34;31;0;39;45;52;59;53;50;58;74;63;71;67;68;0;No;No;No
4436;15;8;2;7;1;19;26;22;24;25;31;39;0;35;36;56;48;53;46;49;70;75;72;65;67;0;No;No;No
4437;12;3;4;1;10;22;28;29;26;16;44;32;0;31;38;60;48;51;53;47;75;62;66;68;64;0;No;No;No
4438;9;13;8;3;7;21;23;29;20;18;31;41;0;40;37;58;51;55;48;56;64;67;72;61;71;0;No;No;No
4439;14;6;8;12;9;16;18;20;19;25;41;33;0;36;37;56;53;50;46;57;66;65;67;63;62;0;No;No;No
4440;4;6;15;11;13;23;16;25;30;26;37;43;0;39;40;49;50;46;47;52;65;67;64;66;62;0;No;No;No
4441;2;8;12;1;3;21;17;25;24;30;43;42;0;41;32;54;58;59;52;50;63;75;69;70;74;0;No;No;No
4442;15;6;1;14;2;30;25;21;17;27;42;39;0;31;38;46;50;58;60;48;66;61;72;65;69;0;No;No;No
4443;7;9;5;13;15;19;27;16;24;22;31;36;0;35;42;58;51;57;46;53;75;71;68;66;73;0;No;No;No
4444;8;4;11;15;7;27;20;25;23;30;32;45;0;39;43;58;52;49;55;48;65;72;75;71;73;0;No;No;No
4445;3;4;13;5;7;20;18;17;29;16;36;40;0;43;31;56;60;50;49;51;66;74;62;71;63;0;No;No;No
4446;15;8;2;7;9;22;17;20;23;25;39;34;0;43;33;52;51;60;46;49;73;75;71;64;69;0;No;No;No
4447;9;13;11;10;5;19;16;24;30;27;41;31;0;44;43;60;49;59;55;53;74;61;70;73;68;0;No;No;No
4448;6;5;15;12;2;25;21;26;19;28;40;42;0;35;32;51;58;47;53;48;70;63;65;62;71;0;No;No;No
4449;12;13;7;6;9;23;25;24;20;29;35;38;0;31;36;56;50;47;59;46;73;62;65;72;61;0;No;No;No
4450;14;15;7;1;5;28;22;19;21;23;33;35;0;34;43;55;58;57;52;59;65;69;62;70;61;0;No;No;No
4451;1;7;10;4;6;18;29;21;25;22;42;43;0;38;36;48;56;51;55;49;75;71;66;64;63;0;No;No;No
4452;3;1;10;5;7;26;30;29;20;16;35;38;0;34;45;48;54;49;56;55;62;73;70;75;67;0;No;No;No
4453;5;6;11;2;3;18;23;30;22;21;32;36;0;35;37;57;52;50;49;46;68;73;66;75;63;0;No;No;No
4454;9;6;7;11;8;29;30;23;25;26;36;43;0;37;31;50;47;60;46;48;74;71;70;63;67;0;No;No;No
4455;10;14;12;5;8;28;24;30;18;23;34;41;0;39;32;51;59;50;56;55;65;75;70;63;69;0;No;No;No
4456;15;7;5;3;4;29;28;30;21;16;38;40;0;33;37;59;50;56;51;46;75;71;61;62;63;0;No;No;No
4457;5;9;14;8;4;21;23;26;17;22;36;37;0;40;39;60;58;52;47;56;63;68;62;75;73;0;No;No;No
4458;6;7;14;9;13;25;18;24;29;21;39;43;0;34;38;55;46;49;48;56;72;74;69;64;65;0;No;No;No
4459;5;4;3;2;6;29;25;18;22;23;40;39;0;34;36;50;55;46;47;57;69;71;65;62;68;0;No;No;No
4460;12;15;14;4;2;28;26;24;19;22;42;31;0;34;39;54;50;55;52;56;75;65;68;73;64;0;No;No;No
4461;10;3;7;2;15;24;22;21;18;29;38;44;0;35;37;51;52;48;53;58;69;72;68;74;66;0;No;No;No
4462;6;1;13;3;8;23;16;28;25;18;44;36;0;40;42;55;57;47;56;46;70;71;73;75;64;0;No;No;No
4463;11;8;14;1;6;22;19;30;26;16;42;41;0;43;32;50;52;54;46;55;62;70;65;74;61;0;No;No;No
4464;7;12;15;5;4;25;29;17;28;24;39;35;0;34;40;54;49;51;52;60;70;62;74;72;71;0;No;No;No
4465;5;12;10;11;6;21;23;18;24;16;45;32;0;38;36;58;49;60;57;54;62;65;69;74;72;0;No;No;No
4466;11;10;13;5;12;28;25;22;30;29;42;32;0;39;38;46;50;55;56;60;74;66;75;65;64;0;No;No;No
4467;15;9;13;7;8;19;25;24;30;28;31;32;0;38;37;55;57;59;56;48;72;70;71;65;67;0;No;No;No
4468;8;12;3;6;13;28;23;26;30;29;31;38;0;32;40;52;58;55;47;54;72;68;73;67;71;0;No;No;No
4469;7;12;14;5;2;21;29;25;18;19;37;38;0;43;32;50;48;58;46;56;63;62;66;65;68;0;No;No;No
4470;9;12;4;11;15;28;20;25;24;23;35;40;0;34;36;51;47;59;49;46;71;62;64;74;70;0;No;No;No
4471;13;9;4;10;7;25;28;21;23;19;32;31;0;40;34;49;51;56;53;54;62;65;70;73;64;0;No;No;No
4472;9;10;7;1;15;22;26;19;20;30;32;43;0;37;44;54;51;47;58;60;61;73;65;72;71;0;No;No;No
4473;9;2;14;7;15;19;24;18;20;16;35;38;0;45;39;54;48;55;60;50;70;74;64;73;68;0;No;No;No
4474;10;11;2;4;8;27;19;25;20;21;38;39;0;32;44;59;50;55;57;53;62;67;70;74;64;0;No;No;No
4475;10;15;14;13;4;27;29;25;19;16;39;34;0;42;33;51;48;54;57;56;74;71;72;70;63;0;No;No;No
4476;1;11;2;5;12;21;23;22;16;19;39;36;0;32;37;46;58;55;49;56;72;68;74;64;70;0;No;No;No
4477;6;13;7;10;1;21;23;20;25;27;42;36;0;38;40;58;59;60;49;50;67;64;75;61;73;0;No;No;No
4478;4;8;9;2;3;22;30;24;21;20;41;40;0;35;32;58;53;48;57;52;72;74;75;71;65;0;No;No;No
4479;3;10;12;2;13;19;18;30;22;25;32;34;0;39;33;59;46;48;50;51;64;73;75;68;62;0;No;No;No
4480;1;4;5;10;14;22;30;29;23;19;41;43;0;31;40;56;52;48;60;53;67;71;64;73;65;0;No;No;No
4481;13;9;5;12;7;24;30;17;22;27;33;43;0;35;44;54;46;53;58;57;69;61;75;70;71;0;No;No;No
4482;12;8;1;11;6;27;16;18;24;19;35;33;0;32;34;51;49;53;57;59;61;73;63;62;71;0;No;No;No
4483;8;4;15;11;12;25;16;24;26;18;41;38;0;40;32;55;46;60;59;58;65;74;64;63;61;0;No;No;No
4484;10;1;3;14;2;28;18;17;24;29;42;31;0;41;40;56;46;49;53;48;62;71;74;75;66;0;No;No;No
4485;5;14;2;13;6;19;21;28;16;18;39;33;0;36;44;56;55;46;58;51;64;62;68;75;73;0;No;No;No
4486;3;7;1;8;2;29;23;22;19;25;32;38;0;36;45;55;52;59;58;53;63;61;72;68;74;0;No;No;No
4487;8;14;12;1;11;24;16;20;23;28;39;34;0;33;36;54;48;52;47;51;73;64;66;72;71;0;No;No;No
4488;5;6;8;7;14;20;26;22;28;23;33;41;0;34;35;55;59;57;53;54;64;68;69;67;62;0;No;No;No
4489;3;5;10;1;4;23;29;27;22;16;36;38;0;42;43;55;53;46;58;57;68;71;70;61;69;0;No;No;No
4490;8;12;3;4;9;29;16;20;17;25;31;33;0;35;43;46;55;59;51;48;61;70;75;72;68;0;No;No;No
4491;6;4;5;8;3;27;29;17;22;24;36;38;0;34;43;56;55;53;51;59;69;70;62;73;67;0;No;No;No
4492;6;10;14;13;8;22;20;24;28;23;31;33;0;39;38;59;60;53;47;46;68;64;62;73;65;0;No;No;No
4493;3;8;2;13;15;22;27;26;23;25;42;38;0;44;34;49;53;52;47;55;68;75;62;67;64;0;No;No;No
4494;10;12;7;13;5;22;26;27;28;29;44;32;0;31;40;51;49;52;57;48;67;69;65;63;70;0;No;No;No
4495;11;2;5;14;6;22;29;16;28;23;42;36;0;37;40;51;55;46;53;50;68;73;66;71;72;0;No;No;No
4496;7;8;3;15;5;20;23;27;29;25;34;40;0;44;38;53;55;46;52;54;73;74;72;62;70;0;No;No;No
4497;9;6;14;3;15;23;25;28;20;16;37;40;0;42;34;48;55;49;51;54;71;73;65;66;61;0;No;No;No
4498;7;9;14;12;11;28;24;20;25;29;33;44;0;39;45;60;53;54;56;57;73;61;70;62;75;0;No;No;No
4499;7;8;12;11;13;26;20;21;22;27;42;33;0;38;39;60;55;53;54;51;71;64;72;66;67;0;No;No;No
4500;12;7;6;8;2;28;24;27;21;19;31;42;0;38;32;59;46;51;47;57;64;72;63;74;65;0;No;No;No
4501;4;7;9;6;2;21;17;23;18;29;38;39;0;33;41;53;55;59;60;48;75;67;65;73;63;0;No;No;No
4502;12;7;2;10;8;17;18;26;27;24;31;36;0;32;44;60;57;46;54;50;64;62;75;69;72;0;No;No;No
4503;8;13;2;4;5;18;28;17;16;30;41;35;0;34;33;58;49;50;60;53;71;75;73;61;68;0;No;No;No
4504;6;11;2;10;1;20;28;16;23;30;34;35;0;37;43;50;59;57;58;49;74;62;61;63;65;0;No;No;No
4505;8;6;2;4;5;20;26;27;22;18;32;43;0;33;40;51;48;58;60;55;75;73;65;68;63;0;No;No;No
4506;7;12;11;4;3;21;23;29;19;17;43;33;0;32;37;50;47;51;52;58;68;64;69;67;63;0;No;No;No
4507;13;11;10;9;4;24;26;20;16;18;31;43;0;37;36;58;48;54;53;51;62;65;63;68;69;0;No;No;No
4508;5;10;3;4;14;27;24;28;22;21;38;33;0;35;39;50;56;48;57;51;70;67;75;71;63;0;No;No;No
4509;5;1;6;9;11;22;23;27;24;16;39;34;0;42;36;54;47;46;56;48;65;62;66;67;61;0;No;No;No
4510;3;12;1;7;14;26;29;16;19;28;35;39;0;44;33;47;55;48;56;60;67;64;72;61;69;0;No;No;No
4511;14;7;4;9;8;17;24;27;19;30;43;40;0;35;38;58;55;50;48;49;75;66;63;68;71;0;No;No;No
4512;3;7;14;12;10;21;29;20;17;18;35;42;0;32;43;49;59;57;47;46;68;61;64;75;65;0;No;No;No
4513;15;3;14;11;9;23;22;19;18;28;41;34;0;45;39;53;57;52;54;55;63;72;73;61;65;0;No;No;No
4514;3;14;2;5;9;26;23;25;16;30;34;32;0;33;40;49;46;53;58;54;65;74;72;62;66;0;No;No;No
4515;9;13;10;5;2;25;21;23;16;26;39;40;0;38;35;56;47;53;48;49;61;67;75;64;73;0;No;No;No
4516;9;13;6;15;12;17;24;27;20;23;34;40;0;32;33;56;58;48;54;59;71;68;72;65;75;0;No;No;No
4517;3;13;8;9;10;17;30;26;22;18;35;36;0;32;45;57;48;50;56;58;63;75;73;65;64;0;No;No;No
4518;8;1;2;9;5;25;29;17;23;16;36;33;0;45;37;49;54;55;48;53;68;66;75;69;63;0;No;No;No
4519;14;8;9;12;13;22;19;27;26;28;31;44;0;39;33;51;47;55;60;57;68;67;73;72;69;0;No;No;No
4520;6;4;13;5;11;21;16;20;27;17;36;35;0;44;34;54;58;47;49;52;72;63;66;65;69;0;No;No;No
4521;9;14;3;6;7;23;21;25;19;30;32;34;0;39;33;50;52;60;57;47;62;75;67;69;61;0;No;No;No
4522;9;7;5;6;12;29;26;18;27;30;38;35;0;42;32;50;46;55;47;54;71;62;65;68;66;0;No;No;No
4523;10;5;12;13;3;27;17;20;22;19;39;35;0;33;43;52;58;57;56;46;66;74;67;61;68;0;No;No;No
4524;6;2;11;12;9;18;22;24;23;17;32;31;0;44;43;52;53;56;46;49;61;69;74;67;73;0;No;No;No
4525;3;13;12;6;4;28;27;19;17;16;35;42;0;41;36;54;60;46;49;57;61;72;63;74;67;0;No;No;No
4526;8;14;10;13;15;28;21;30;24;18;35;38;0;32;42;52;47;57;56;49;65;73;66;70;68;0;No;No;No
4527;8;9;14;11;7;25;16;28;19;18;43;45;0;41;35;46;58;59;60;47;67;66;70;63;61;0;No;No;No
4528;4;14;13;15;5;29;24;17;18;26;44;37;0;39;36;49;52;59;48;54;72;69;63;71;68;0;No;No;No
4529;13;3;6;14;11;30;19;17;27;21;34;42;0;44;43;55;50;52;51;47;66;69;74;63;75;0;No;No;No
4530;8;4;2;13;3;24;17;27;30;26;39;36;0;35;45;49;51;53;52;55;69;61;67;75;63;0;No;No;No
4531;11;7;8;3;6;23;16;24;21;19;31;32;0;39;34;50;51;59;46;57;68;61;70;66;72;0;No;No;No
4532;8;9;4;10;7;29;28;20;19;17;34;36;0;32;39;53;59;57;47;46;66;67;68;74;69;0;No;No;No
4533;9;12;8;7;14;28;16;23;29;30;44;43;0;41;33;53;52;59;46;50;72;64;68;66;71;0;No;No;No
4534;6;10;15;7;2;24;22;19;21;27;39;40;0;42;36;60;49;58;46;55;70;66;68;74;67;0;No;No;No
4535;6;13;8;12;5;21;18;29;20;24;31;35;0;41;37;48;51;60;47;56;71;63;65;62;69;0;No;No;No
4536;2;5;9;14;4;24;23;27;29;18;42;37;0;36;33;52;54;47;58;53;64;65;69;61;75;0;No;No;No
4537;2;11;6;8;14;21;28;29;19;22;33;37;0;35;38;50;57;48;49;51;69;67;74;66;72;0;No;No;No
4538;1;2;5;14;3;24;26;19;23;21;32;33;0;36;44;48;58;51;54;50;61;70;62;75;66;0;No;No;No
4539;9;6;14;13;12;30;28;20;29;18;40;32;0;33;31;48;60;57;59;51;69;64;62;67;63;0;No;No;No
4540;5;7;2;10;3;20;24;29;17;19;33;39;0;37;41;60;52;55;53;56;62;71;66;72;69;0;No;No;No
4541;10;7;11;2;8;25;26;28;22;24;36;40;0;37;44;57;60;47;52;56;64;73;63;72;66;0;No;No;No
4542;7;4;11;1;9;26;24;27;20;23;31;42;0;36;44;54;48;51;52;49;61;73;64;74;67;0;No;No;No
4543;8;5;7;3;15;16;17;24;30;18;43;44;0;41;37;52;55;46;51;57;73;66;74;70;62;0;No;No;No
4544;2;3;14;5;10;27;17;28;29;16;41;40;0;31;32;52;50;51;56;60;67;61;71;64;69;0;No;No;No
4545;2;5;11;1;6;29;28;27;17;25;39;37;0;35;40;52;51;58;53;50;67;68;66;62;70;0;No;No;No
4546;3;2;12;4;6;16;21;17;25;27;34;42;0;32;38;48;52;59;57;54;68;61;71;63;67;0;No;No;No
4547;4;14;5;1;8;21;26;29;23;30;36;42;0;44;37;46;50;47;54;53;75;72;63;65;69;0;No;No;No
4548;1;11;12;10;6;21;16;24;28;27;42;40;0;39;44;53;54;48;59;50;62;74;64;67;65;0;No;No;No
4549;15;6;4;12;5;23;22;26;28;25;35;41;0;39;43;53;54;57;49;60;63;74;69;62;64;0;No;No;No
4550;9;13;11;5;4;25;22;26;19;28;32;36;0;37;43;52;51;47;55;56;75;72;65;73;74;0;No;No;No
4551;12;9;1;11;5;23;17;24;28;18;31;40;0;41;38;52;50;55;54;47;68;70;66;69;72;0;No;No;No
4552;12;11;10;7;2;21;25;19;16;18;35;31;0;39;33;53;58;57;49;46;74;68;71;75;65;0;No;No;No
4553;13;12;14;10;11;20;27;16;29;17;33;34;0;35;38;58;59;50;49;51;75;63;74;64;68;0;No;No;No
4554;9;13;8;6;15;25;29;16;23;30;36;38;0;35;40;47;60;56;57;58;67;61;66;63;68;0;No;No;No
4555;9;5;1;10;8;16;30;20;22;25;38;40;0;35;42;54;49;57;55;48;71;68;70;63;75;0;No;No;No
4556;5;4;3;11;15;26;27;29;19;24;31;32;0;44;36;48;50;60;58;49;61;72;68;64;65;0;No;No;No
4557;13;6;3;12;10;22;23;19;29;27;34;41;0;42;40;50;53;46;48;52;68;69;72;74;75;0;No;No;No
4558;3;6;8;5;12;23;27;25;29;20;39;34;0;33;40;58;54;59;49;48;67;71;74;65;61;0;No;No;No
4559;14;4;10;1;6;27;17;25;16;24;39;37;0;34;33;58;60;52;55;48;63;75;74;61;70;0;No;No;No
4560;11;14;10;7;5;27;16;19;25;22;45;31;0;37;43;53;57;48;60;46;66;68;62;71;61;0;No;No;No
4561;5;2;12;1;8;26;21;23;28;22;42;45;0;31;36;50;53;47;59;58;62;66;61;72;63;0;No;No;No
4562;14;8;12;3;11;28;29;23;17;19;36;35;0;38;43;50;54;55;56;52;68;65;61;63;71;0;No;No;No
4563;10;3;4;12;9;23;27;16;29;22;41;40;0;36;37;54;48;57;53;55;63;68;71;75;64;0;No;No;No
4564;5;2;13;7;4;28;24;25;19;29;36;34;0;41;39;47;48;57;58;46;73;61;69;66;70;0;No;No;No
4565;13;9;11;2;10;28;29;18;17;21;36;34;0;44;39;50;52;60;48;53;73;63;70;67;68;0;No;No;No
4566;11;14;4;10;9;24;21;26;22;17;39;43;0;33;41;57;49;56;47;50;66;68;67;61;73;0;No;No;No
4567;2;14;9;8;5;21;20;27;25;16;37;38;0;36;34;53;55;50;49;57;63;71;70;67;73;0;No;No;No
4568;5;15;3;1;12;22;20;29;28;16;32;36;0;39;43;57;53;55;56;54;69;64;68;72;67;0;No;No;No
4569;2;14;10;1;15;18;25;24;21;29;35;42;0;38;40;56;52;48;57;47;64;74;72;63;66;0;No;No;No
4570;7;1;9;8;12;20;29;25;30;23;45;34;0;40;39;55;57;60;51;50;69;63;72;66;65;0;No;No;No
4571;8;14;6;3;9;20;24;29;16;27;36;33;0;45;32;49;48;46;52;56;67;71;64;75;72;0;No;No;No
4572;5;7;11;12;13;22;20;18;26;21;45;32;0;43;36;60;51;57;56;53;63;64;68;62;71;0;No;No;No
4573;8;4;7;11;6;18;30;22;17;20;42;44;0;32;35;56;50;58;54;49;71;70;61;68;66;0;No;No;No
4574;4;7;1;9;15;28;20;24;23;27;38;41;0;31;43;57;46;54;58;51;64;62;68;71;75;0;No;No;No
4575;7;2;5;9;1;20;25;26;28;16;42;32;0;43;45;60;56;46;48;47;66;63;68;70;72;0;No;No;No
4576;6;9;7;5;11;26;30;23;28;16;31;43;0;37;32;52;60;49;46;53;62;75;64;73;66;0;No;No;No
4577;4;3;12;1;15;20;21;18;28;23;33;41;0;40;45;52;56;47;46;53;74;72;69;63;66;0;No;No;No
4578;12;13;1;6;3;18;27;28;21;16;32;37;0;43;40;58;55;60;59;46;67;74;68;72;69;0;No;No;No
4579;6;15;1;12;3;24;29;18;26;20;45;41;0;37;31;49;50;51;60;52;66;70;62;75;68;0;No;No;No
4580;2;11;13;1;8;21;29;18;24;26;31;45;0;42;35;50;47;56;49;55;70;72;66;68;73;0;No;No;No
4581;4;10;15;5;2;23;26;28;27;22;38;40;0;33;35;48;55;57;50;49;69;67;64;75;65;0;No;No;No
4582;7;1;8;4;9;23;28;30;19;21;45;43;0;40;44;50;53;51;59;48;74;69;73;71;65;0;No;No;No
4583;11;2;4;9;1;29;19;23;22;26;42;38;0;44;31;47;48;46;50;49;73;74;62;61;67;0;No;No;No
4584;3;12;7;11;14;19;30;26;18;23;35;41;0;43;45;60;48;57;59;52;67;72;69;63;66;0;No;No;No
4585;2;4;6;15;9;19;18;28;29;22;32;33;0;34;44;56;52;51;47;55;61;66;70;64;68;0;No;No;No
4586;7;1;14;8;15;16;26;21;19;18;36;41;0;32;34;50;59;52;54;48;62;66;68;61;67;0;No;No;No
4587;9;1;12;2;8;30;21;22;28;18;42;39;0;35;34;53;52;48;59;46;65;72;64;75;66;0;No;No;No
4588;13;10;9;3;4;22;23;25;18;30;39;43;0;36;41;59;54;51;49;48;69;73;63;70;65;0;No;No;No
4589;14;11;1;13;9;26;25;18;30;22;31;37;0;36;38;47;59;53;60;48;62;69;66;63;72;0;No;No;No
4590;15;2;10;13;7;18;20;23;30;28;39;40;0;34;33;51;52;46;54;56;63;73;69;74;75;0;No;No;No
4591;12;6;2;9;13;28;25;29;23;22;40;44;0;32;38;54;57;49;51;58;68;73;61;71;75;0;No;No;No
4592;13;15;4;2;7;20;23;30;24;17;37;45;0;31;39;58;48;57;56;59;72;66;73;71;61;0;No;No;No
4593;2;15;9;11;10;23;25;21;30;22;43;39;0;32;38;53;57;48;58;49;69;68;67;71;64;0;No;No;No
4594;12;2;5;4;10;24;23;30;26;17;43;45;0;37;42;60;56;50;59;52;65;68;73;69;64;0;No;No;No
4595;12;9;3;6;2;24;16;17;18;28;45;41;0;42;40;49;54;55;48;59;64;66;63;62;71;0;No;No;No
4596;13;4;8;3;10;28;26;18;24;16;45;38;0;34;37;51;48;60;54;58;72;65;67;70;66;0;No;No;No
4597;3;6;5;9;12;26;27;23;18;21;34;38;0;33;39;56;57;54;60;47;65;64;70;74;61;0;No;No;No
4598;5;4;10;2;12;20;19;18;27;17;31;32;0;40;41;55;52;53;46;49;70;61;74;64;65;0;No;No;No
4599;1;3;8;15;10;16;18;26;27;28;44;32;0;39;37;53;46;51;58;50;74;68;64;67;70;0;No;No;No
4600;3;7;12;2;13;25;28;26;21;24;40;38;0;36;43;49;50;48;46;47;69;61;72;67;73;0;No;No;No
4601;1;6;10;11;7;19;29;30;28;16;33;43;0;41;36;52;46;49;54;55;69;61;74;72;66;0;No;No;No
4602;1;12;2;4;5;30;19;25;29;18;43;42;0;35;37;46;55;59;56;48;67;75;70;72;65;0;No;No;No
4603;5;4;2;14;3;27;19;18;25;17;43;35;0;44;34;59;49;51;46;48;63;61;69;74;75;0;No;No;No
4604;12;2;13;5;9;16;18;20;23;19;40;31;0;39;44;56;60;53;52;50;69;62;67;68;73;0;No;No;No
4605;14;7;1;6;15;17;27;25;16;18;42;35;0;37;45;51;50;52;59;47;68;62;74;69;70;0;No;No;No
4606;11;12;10;13;8;23;30;18;16;29;39;45;0;34;44;51;50;49;57;47;66;68;73;69;64;0;No;No;No
4607;12;14;6;2;8;28;18;16;29;21;31;39;0;38;32;50;49;60;56;53;71;62;70;64;65;0;No;No;No
4608;14;10;15;9;13;21;27;25;28;19;32;36;0;39;41;54;47;56;52;53;67;68;63;73;71;0;No;No;No
4609;7;10;8;13;11;30;17;19;26;28;34;31;0;36;44;58;46;59;54;60;61;63;67;70;69;0;No;No;No
4610;7;13;6;2;3;25;21;17;23;28;34;43;0;40;35;51;48;58;57;54;62;66;67;74;69;0;No;No;No
4611;9;15;10;13;14;17;19;25;29;26;43;32;0;45;37;48;54;60;50;52;72;73;67;75;65;0;No;No;No
4612;5;10;2;13;7;18;28;27;16;21;35;37;0;41;43;57;56;51;46;55;64;70;69;72;71;0;No;No;No
4613;12;8;10;6;5;30;24;20;25;26;34;32;0;35;39;46;58;52;57;55;63;67;69;73;66;0;No;No;No
4614;14;11;1;3;10;29;20;18;27;23;37;41;0;31;32;47;53;50;54;49;74;68;75;63;72;0;No;No;No
4615;14;2;15;4;5;20;22;25;29;18;33;43;0;32;34;55;56;53;48;60;65;75;73;66;69;0;No;No;No
4616;5;6;9;15;13;28;30;22;18;27;32;43;0;34;37;53;52;49;46;58;74;67;73;63;75;0;No;No;No
4617;6;14;9;4;10;18;27;22;30;19;43;41;0;32;42;53;47;60;51;48;73;69;64;70;75;0;No;No;No
4618;10;9;3;6;5;25;24;30;20;27;41;42;0;31;39;59;54;60;51;47;75;62;68;69;66;0;No;No;No
4619;1;8;4;5;6;21;17;22;28;25;41;34;0;45;33;60;48;53;50;54;64;74;71;67;62;0;No;No;No
4620;8;9;12;3;15;20;18;25;17;16;45;44;0;31;38;60;59;57;53;56;62;67;66;64;73;0;No;No;No
4621;14;7;11;13;10;20;30;25;17;28;38;32;0;41;35;56;49;59;55;51;68;63;74;72;75;0;No;No;No
4622;2;6;8;14;3;25;19;27;18;16;43;34;0;36;32;51;58;60;53;48;65;61;75;63;67;0;No;No;No
4623;10;8;9;13;12;16;29;25;20;19;41;32;0;44;40;56;58;47;46;48;61;68;67;74;73;0;No;No;No
4624;14;3;9;12;10;24;18;29;21;27;42;41;0;40;38;48;47;60;58;52;70;63;71;69;73;0;No;No;No
4625;5;8;2;14;9;16;19;30;27;24;44;45;0;40;38;46;54;58;51;49;65;74;62;68;67;0;No;No;No
4626;14;11;12;5;10;16;26;28;17;23;40;38;0;37;34;57;48;60;58;55;74;67;69;61;73;0;No;No;No
4627;13;5;15;7;1;17;24;23;28;26;45;34;0;43;31;50;48;47;54;53;63;72;69;71;61;0;No;No;No
4628;14;3;5;6;9;20;22;27;16;18;41;36;0;33;39;50;54;58;51;56;62;75;64;66;63;0;No;No;No
4629;8;12;6;1;3;25;17;16;21;18;31;42;0;35;37;60;50;49;48;47;75;72;65;64;63;0;No;No;No
4630;10;7;13;15;12;24;28;27;19;23;40;44;0;41;31;56;46;54;49;60;71;62;66;65;61;0;No;No;No
4631;12;14;8;13;9;19;17;28;25;24;45;43;0;38;35;58;48;50;47;52;72;62;67;73;68;0;No;No;No
4632;10;3;5;7;2;27;26;19;25;29;43;34;0;36;42;54;57;47;59;48;63;67;73;64;69;0;No;No;No
4633;9;8;12;15;14;22;27;21;23;26;41;38;0;40;45;51;55;59;53;52;66;74;65;69;63;0;No;No;No
4634;10;5;7;2;3;20;27;29;21;26;38;36;0;39;40;56;47;48;57;51;61;71;69;66;68;0;No;No;No
4635;14;1;12;6;10;26;28;24;19;18;39;34;0;33;38;59;60;58;51;50;69;63;64;61;75;0;No;No;No
4636;10;3;7;1;2;25;26;21;29;22;44;31;0;32;34;59;47;52;50;58;68;74;61;69;64;0;No;No;No
4637;4;3;13;5;7;19;26;18;17;29;41;44;0;33;42;48;58;60;46;50;65;63;68;70;66;0;No;No;No
4638;4;10;13;9;5;28;24;23;27;19;37;32;0;35;38;56;48;51;57;54;62;67;63;61;68;0;No;No;No
4639;11;12;2;15;7;16;23;18;28;27;31;41;0;37;45;51;56;54;49;53;71;75;65;66;63;0;No;No;No
4640;3;11;9;10;2;20;23;27;28;30;42;45;0;33;36;59;48;57;46;53;71;61;65;74;62;0;No;No;No
4641;13;15;2;12;8;26;22;27;19;18;45;41;0;33;36;55;49;58;51;52;63;69;62;66;68;0;No;No;No
4642;5;8;1;4;12;18;26;17;24;28;45;42;0;39;41;55;51;46;49;47;74;73;63;75;68;0;No;No;No
4643;13;6;3;8;11;24;21;26;17;25;35;34;0;44;33;57;56;55;52;46;65;67;71;75;73;0;No;No;No
4644;6;11;9;1;15;27;18;29;19;22;43;38;0;32;44;60;46;48;53;58;66;74;73;62;69;0;No;No;No
4645;6;7;11;12;13;23;20;22;21;17;41;34;0;36;43;54;53;56;55;59;68;72;71;63;74;0;No;No;No
4646;11;15;5;6;8;23;30;29;16;25;44;42;0;41;40;46;48;59;52;47;64;68;74;61;73;0;No;No;No
4647;6;1;14;12;7;17;26;21;28;30;43;42;0;41;44;58;60;53;56;50;62;67;66;71;75;0;No;No;No
4648;9;8;13;2;1;26;16;30;17;20;38;34;0;33;39;60;49;51;50;46;72;70;69;62;75;0;No;No;No
4649;2;11;1;6;12;29;21;23;18;16;45;40;0;34;38;46;60;47;55;54;69;63;73;71;64;0;No;No;No
4650;13;10;5;2;6;17;19;16;23;28;41;33;0;39;37;48;56;46;57;49;66;62;64;71;67;0;No;No;No
4651;7;9;11;14;8;19;27;28;17;23;31;32;0;41;45;46;52;49;58;48;66;72;61;75;71;0;No;No;No
4652;6;9;13;11;5;27;24;29;19;16;41;43;0;35;37;56;51;47;52;49;69;75;72;67;73;0;No;No;No
4653;8;15;3;11;12;25;19;29;20;17;40;43;0;44;39;46;59;49;48;57;75;63;64;70;74;0;No;No;No
4654;7;13;1;10;8;28;29;21;16;23;36;40;0;42;34;48;53;52;60;54;66;61;68;64;69;0;No;No;No
4655;11;14;4;9;15;22;24;20;27;18;41;43;0;31;36;48;46;59;47;53;67;69;75;65;71;0;No;No;No
4656;13;3;6;2;8;16;17;28;21;20;37;33;0;45;44;48;49;57;53;58;75;68;61;67;62;0;No;No;No
4657;14;6;5;11;1;16;26;28;23;22;38;41;0;36;33;60;53;46;48;47;67;68;61;74;64;0;No;No;No
4658;2;10;3;1;8;23;29;30;24;18;37;40;0;36;31;54;57;50;60;46;62;63;64;69;66;0;No;No;No
4659;3;12;2;14;11;25;26;27;28;22;43;32;0;31;42;58;54;49;52;46;62;65;69;63;66;0;No;No;No
4660;8;3;14;11;15;18;20;22;27;16;36;32;0;33;38;46;49;54;56;52;67;69;70;61;68;0;No;No;No
4661;12;15;13;8;14;19;20;22;23;26;38;36;0;32;37;53;47;50;55;57;72;68;64;66;71;0;No;No;No
4662;9;5;6;12;1;22;19;24;30;23;40;39;0;45;35;57;48;59;54;56;64;75;71;63;73;0;No;No;No
4663;7;5;2;9;8;27;29;21;16;25;35;42;0;45;39;58;57;48;59;56;68;69;73;72;74;0;No;No;No
4664;4;13;14;6;10;25;23;28;26;17;35;41;0;43;36;59;52;53;50;58;73;69;65;63;64;0;No;No;No
4665;8;11;5;3;1;17;16;20;19;24;41;38;0;39;43;57;52;54;51;58;65;72;66;74;68;0;No;No;No
4666;11;2;15;6;1;30;24;26;25;20;43;42;0;33;39;59;60;56;53;48;65;67;62;73;66;0;No;No;No
4667;15;12;13;6;9;26;28;23;22;17;36;43;0;40;45;54;58;49;47;59;61;71;62;69;70;0;No;No;No
4668;5;15;11;2;7;26;18;29;28;30;36;37;0;38;39;57;60;59;53;47;68;64;61;69;72;0;No;No;No
4669;13;10;11;12;7;21;27;23;24;19;39;34;0;37;35;48;49;57;56;46;68;70;64;74;75;0;No;No;No
4670;5;7;12;14;13;27;21;16;28;24;33;36;0;39;35;60;49;48;57;56;75;73;65;61;71;0;No;No;No
4671;8;14;4;10;5;16;24;26;22;30;34;39;0;44;38;52;59;60;54;48;66;64;68;70;61;0;No;No;No
4672;1;11;12;7;14;21;24;29;17;19;32;41;0;42;38;50;52;55;47;56;68;71;70;65;64;0;No;No;No
4673;10;4;2;9;5;22;19;20;30;29;41;42;0;36;37;49;55;60;56;59;64;71;70;75;65;0;No;No;No
4674;10;15;7;4;5;23;20;21;17;22;34;38;0;37;32;55;49;60;56;52;67;65;70;66;64;0;No;No;No
4675;2;8;4;14;15;19;26;30;20;22;35;38;0;34;40;49;56;58;48;57;62;73;66;63;75;0;No;No;No
4676;11;13;2;15;4;20;18;25;30;22;33;44;0;31;45;53;56;50;49;54;63;61;71;66;72;0;No;No;No
4677;12;3;10;6;11;19;28;27;26;24;39;34;0;43;35;60;58;56;50;46;62;69;68;73;64;0;No;No;No
4678;4;8;6;3;2;27;17;19;23;29;42;34;0;31;33;57;50;54;59;53;64;63;75;74;70;0;No;No;No
4679;9;5;11;12;1;16;30;29;19;28;40;42;0;39;35;46;56;50;48;52;63;69;64;75;73;0;No;No;No
4680;10;14;13;5;15;22;28;17;27;23;36;43;0;45;42;54;57;60;47;48;63;73;68;67;66;0;No;No;No
4681;14;9;2;7;5;17;30;16;28;18;32;36;0;35;39;46;52;59;60;48;67;75;64;63;65;0;No;No;No
4682;3;2;13;1;15;19;25;22;30;18;38;33;0;34;31;54;60;53;50;52;74;64;68;69;71;0;No;No;No
4683;5;9;4;3;12;28;20;24;19;30;36;41;0;39;34;52;49;51;58;46;70;64;72;75;71;0;No;No;No
4684;8;9;11;6;10;26;25;27;20;29;41;32;0;36;38;59;52;55;49;50;66;62;70;67;73;0;No;No;No
4685;3;8;5;7;14;21;17;28;30;24;45;32;0;44;37;55;47;56;58;60;61;73;68;71;72;0;No;No;No
4686;13;5;1;11;4;24;16;20;29;19;45;35;0;39;44;58;52;57;56;46;67;65;64;61;73;0;No;No;No
4687;9;12;14;15;10;24;22;26;19;29;36;33;0;42;34;56;55;50;46;48;70;65;71;64;62;0;No;No;No
4688;4;8;13;2;9;17;19;16;27;23;37;41;0;32;45;50;47;49;60;53;68;66;67;65;71;0;No;No;No
4689;7;13;2;8;10;16;29;17;30;21;42;33;0;32;39;54;49;58;55;47;67;69;63;61;73;0;No;No;No
4690;14;9;5;3;10;22;20;24;28;30;31;43;0;39;42;58;54;49;50;60;74;68;69;71;75;0;No;No;No
4691;15;2;10;6;8;22;19;21;23;26;35;38;0;33;31;57;46;51;52;47;67;72;64;66;71;0;No;No;No
4692;15;4;11;13;7;16;21;29;30;18;38;39;0;42;35;50;57;54;46;48;61;73;69;68;70;0;No;No;No
4693;11;7;15;13;1;18;25;23;21;22;36;40;0;31;45;54;59;56;57;48;69;75;72;61;63;0;No;No;No
4694;1;14;6;7;12;20;16;28;23;27;45;44;0;38;41;58;46;47;55;51;66;63;69;65;64;0;No;No;No
4695;8;11;9;3;14;21;25;16;26;29;33;34;0;45;38;50;59;47;57;48;70;73;69;71;75;0;No;No;No
4696;1;12;7;13;14;16;24;18;28;19;40;38;0;36;33;58;60;54;51;57;62;74;72;68;75;0;No;No;No
4697;10;6;11;5;9;29;25;27;24;20;42;41;0;43;45;50;53;54;48;46;74;75;70;71;64;0;No;No;No
4698;11;14;10;2;1;26;16;28;22;17;39;35;0;42;38;46;49;52;56;59;62;66;63;71;65;0;No;No;No
4699;4;15;7;14;1;19;22;25;29;17;34;38;0;32;35;57;59;54;56;49;61;74;71;69;68;0;No;No;No
4700;14;11;8;4;12;16;30;23;19;17;42;43;0;33;44;50;60;59;52;55;68;63;69;65;72;0;No;No;No
4701;13;8;14;12;4;27;23;17;21;24;35;40;0;36;42;48;49;58;55;54;68;66;62;71;65;0;No;No;No
4702;13;4;1;12;14;21;25;16;27;26;34;44;0;39;33;59;46;49;47;54;66;64;63;70;73;0;No;No;No
4703;6;7;12;3;4;22;21;24;20;26;36;39;0;38;42;49;50;57;58;55;74;63;72;64;68;0;No;No;No
4704;9;1;3;15;12;19;25;18;20;17;40;43;0;38;35;48;47;55;58;54;61;68;65;67;70;0;No;No;No
4705;6;9;11;14;13;19;20;16;23;28;37;41;0;36;42;58;52;53;60;57;73;62;68;74;69;0;No;No;No
4706;11;8;6;5;2;24;22;27;16;25;32;42;0;35;44;53;51;57;50;46;63;70;67;65;74;0;No;No;No
4707;9;6;2;13;12;17;21;26;20;28;35;39;0;42;32;48;51;59;53;56;75;74;61;73;65;0;No;No;No
4708;9;11;10;8;6;26;28;20;23;29;45;44;0;38;39;52;57;46;49;55;68;61;69;71;63;0;No;No;No
4709;8;14;7;1;9;26;27;23;19;17;38;42;0;34;31;57;55;52;53;49;74;63;69;67;64;0;No;No;No
4710;3;7;9;10;4;23;18;17;20;24;41;36;0;45;38;51;55;52;50;49;62;61;70;65;66;0;No;No;No
4711;4;13;12;14;3;21;28;30;27;25;40;35;0;45;42;53;47;50;60;58;64;72;67;63;65;0;No;No;No
4712;1;8;4;5;3;21;17;27;25;26;44;37;0;39;34;49;55;47;58;46;65;74;73;71;64;0;No;No;No
4713;12;11;9;3;8;23;27;25;28;24;40;39;0;41;38;49;48;57;46;51;64;66;72;75;71;0;No;No;No
4714;3;5;14;13;10;20;25;24;22;29;34;43;0;32;44;48;58;57;52;53;65;68;72;61;69;0;No;No;No
4715;2;13;14;5;4;25;18;27;24;23;41;42;0;31;34;57;60;49;46;55;66;65;69;74;63;0;No;No;No
4716;8;1;13;4;9;18;20;28;25;26;40;33;0;42;35;56;57;46;47;59;70;63;72;61;71;0;No;No;No
4717;12;7;4;9;6;25;17;19;23;20;38;34;0;37;35;54;46;55;47;53;63;61;62;74;73;0;No;No;No
4718;4;5;15;10;13;18;26;19;22;24;37;44;0;41;32;52;57;55;49;51;63;71;67;70;61;0;No;No;No
4719;3;11;5;8;14;29;23;20;22;28;39;37;0;33;40;46;58;51;59;54;72;68;71;74;69;0;No;No;No
4720;8;13;11;14;1;21;24;20;27;19;40;41;0;45;36;55;51;48;57;58;64;73;63;65;69;0;No;No;No
4721;2;13;6;4;14;21;24;18;20;25;45;42;0;38;39;47;52;48;50;54;72;68;67;63;62;0;No;No;No
4722;12;3;5;4;9;25;23;16;27;17;42;35;0;38;43;52;58;57;54;53;71;72;67;61;64;0;No;No;No
4723;15;11;5;7;10;21;20;27;19;17;33;36;0;43;35;54;60;53;47;58;72;71;61;69;65;0;No;No;No
4724;10;1;14;3;5;29;16;24;25;22;41;39;0;42;37;47;57;46;49;56;71;67;69;61;62;0;No;No;No
4725;1;2;8;13;7;17;27;20;24;25;38;37;0;42;40;57;58;52;51;46;72;63;67;61;65;0;No;No;No
4726;3;10;9;4;13;30;18;22;26;24;43;33;0;31;35;57;49;54;47;52;70;63;73;67;68;0;No;No;No
4727;6;10;15;2;11;19;16;30;23;20;41;37;0;43;42;52;51;57;46;53;67;74;66;69;70;0;No;No;No
4728;15;13;2;14;5;28;23;17;18;25;38;41;0;36;33;47;50;52;49;59;70;66;65;63;62;0;No;No;No
4729;15;5;10;12;9;25;26;30;19;23;38;43;0;32;35;52;54;47;59;57;74;61;66;65;69;0;No;No;No
4730;14;5;3;12;6;19;21;23;17;22;36;39;0;44;42;47;50;54;51;60;66;62;68;71;72;0;No;No;No
4731;10;13;7;12;14;23;24;16;28;17;42;39;0;40;32;58;49;47;46;55;68;66;61;63;73;0;No;No;No
4732;5;8;3;1;10;21;24;16;26;23;32;37;0;31;38;54;53;51;59;56;73;69;71;68;72;0;No;No;No
4733;1;11;10;15;12;26;25;21;16;20;33;43;0;36;41;55;48;54;50;58;68;69;63;64;71;0;No;No;No
4734;7;1;8;2;11;28;27;21;16;18;37;34;0;35;31;53;60;57;52;48;67;64;69;75;70;0;No;No;No
4735;10;13;7;5;6;19;16;23;28;17;31;38;0;33;40;56;55;57;54;46;72;71;62;66;73;0;No;No;No
4736;7;12;4;5;13;22;19;20;25;23;41;35;0;31;38;59;53;58;52;51;73;61;69;65;62;0;No;No;No
4737;5;4;9;3;12;28;25;22;23;19;43;33;0;35;40;48;55;58;51;53;65;63;67;64;70;0;No;No;No
4738;15;8;6;13;9;18;26;22;23;19;39;37;0;34;45;51;57;50;54;48;73;74;71;65;70;0;No;No;No
4739;9;3;15;2;1;20;16;26;17;21;34;41;0;38;44;55;48;59;50;58;74;66;72;62;69;0;No;No;No
4740;11;4;10;9;1;22;16;29;23;17;40;33;0;31;43;57;58;55;50;53;68;67;70;65;64;0;No;No;No
4741;7;6;14;12;3;29;21;17;24;22;37;36;0;43;35;49;54;55;57;48;69;64;74;66;67;0;No;No;No
4742;2;1;4;3;10;19;21;29;22;30;41;32;0;35;40;48;59;46;51;56;61;62;73;65;71;0;No;No;No
4743;3;8;9;11;7;20;25;17;24;22;37;44;0;43;34;60;49;54;56;46;63;62;66;74;67;0;No;No;No
4744;3;5;2;7;6;19;21;22;27;17;38;35;0;39;41;59;52;50;58;49;67;70;75;66;62;0;No;No;No
4745;10;4;14;15;9;28;29;26;19;30;41;31;0;42;40;54;46;55;49;59;74;69;64;65;66;0;No;No;No
4746;6;11;4;8;10;17;28;21;24;26;40;35;0;43;45;56;57;54;48;51;62;73;68;74;63;0;No;No;No
4747;5;12;15;11;1;26;29;16;23;28;39;36;0;45;42;52;46;51;59;56;73;68;65;64;70;0;No;No;No
4748;6;9;5;11;7;17;21;25;26;23;41;40;0;42;37;47;58;53;54;56;69;74;64;66;70;0;No;No;No
4749;11;1;5;9;13;19;25;22;24;29;41;37;0;32;31;58;51;60;47;52;63;75;65;69;64;0;No;No;No
4750;11;1;14;5;9;22;24;28;23;21;31;40;0;41;39;56;59;55;51;54;68;71;72;61;65;0;No;No;No
4751;2;13;12;1;8;18;22;24;30;19;36;41;0;32;37;48;50;52;46;53;62;69;71;75;63;0;No;No;No
4752;12;4;14;10;1;29;22;26;16;27;41;32;0;40;43;51;55;48;49;56;62;61;63;66;65;0;No;No;No
4753;11;6;1;8;4;17;21;18;20;28;37;39;0;42;31;52;57;56;53;55;68;62;61;69;73;0;No;No;No
4754;8;7;2;3;1;17;16;27;26;19;44;40;0;33;34;59;53;50;49;47;64;68;74;72;63;0;No;No;No
4755;12;6;3;13;5;24;30;27;19;26;35;38;0;39;43;52;47;54;58;53;68;72;62;71;73;0;No;No;No
4756;11;10;4;12;9;22;28;25;19;17;39;32;0;43;42;53;55;56;47;48;73;62;66;63;67;0;No;No;No
4757;3;10;6;13;2;25;21;29;24;30;35;41;0;44;38;52;46;50;54;55;73;63;69;74;64;0;No;No;No
4758;14;2;12;9;3;19;18;28;30;23;40;39;0;36;43;55;50;49;48;51;71;74;64;63;66;0;No;No;No
4759;14;3;13;5;12;17;25;28;24;29;34;40;0;42;37;58;48;53;55;54;65;66;64;70;67;0;No;No;No
4760;1;13;12;6;14;17;25;26;20;29;38;33;0;32;37;55;54;48;58;49;74;63;68;65;67;0;No;No;No
4761;9;8;2;12;11;22;20;26;24;27;33;42;0;38;44;46;58;54;60;50;64;66;72;69;73;0;No;No;No
4762;4;2;5;9;8;18;20;29;27;23;43;39;0;34;41;54;57;58;49;56;69;74;66;75;65;0;No;No;No
4763;4;3;11;10;9;16;18;25;27;26;34;43;0;45;39;57;58;53;54;59;74;67;69;62;68;0;No;No;No
4764;11;10;7;2;14;17;27;22;20;25;43;33;0;40;31;56;55;54;53;46;62;65;64;63;74;0;No;No;No
4765;11;14;7;12;6;28;24;17;27;19;41;36;0;42;34;57;60;55;50;56;73;72;63;69;70;0;No;No;No
4766;12;8;7;13;3;29;21;23;16;18;33;36;0;32;35;59;60;56;46;55;70;67;73;66;63;0;No;No;No
4767;11;12;6;13;9;18;22;16;24;28;40;38;0;33;43;49;53;55;54;51;63;70;67;68;72;0;No;No;No
4768;8;11;3;13;1;20;25;17;27;16;41;38;0;44;31;58;59;50;46;57;61;74;66;64;72;0;No;No;No
4769;5;12;1;14;6;30;26;23;20;29;39;41;0;32;36;56;50;52;58;51;72;69;66;67;68;0;No;No;No
4770;14;11;2;8;13;18;22;26;16;23;42;41;0;36;45;52;48;51;47;49;64;69;63;70;61;0;No;No;No
4771;4;7;1;5;3;28;20;22;23;26;42;31;0;32;41;54;48;58;57;55;64;70;61;73;67;0;No;No;No
4772;4;10;5;13;7;23;19;25;16;18;43;45;0;34;32;54;55;52;56;50;68;70;66;63;69;0;No;No;No
4773;9;11;10;7;13;20;19;30;21;16;44;31;0;40;42;54;57;46;60;51;70;69;62;65;73;0;No;No;No
4774;4;2;6;14;5;29;27;21;19;18;37;34;0;42;33;55;47;49;51;56;66;72;64;69;71;0;No;No;No
4775;12;8;1;11;7;26;28;23;18;21;45;40;0;34;39;49;58;56;50;55;73;63;65;64;70;0;No;No;No
4776;10;9;1;11;6;23;29;26;19;24;39;40;0;35;38;46;59;58;48;53;71;65;66;67;73;0;No;No;No
4777;5;11;10;6;2;30;16;26;24;25;44;37;0;32;42;56;59;48;51;58;63;69;70;74;71;0;No;No;No
4778;11;4;12;5;2;20;17;27;18;24;41;39;0;42;34;47;46;48;59;60;61;66;72;69;62;0;No;No;No
4779;8;14;13;11;6;21;17;19;28;20;32;38;0;41;36;56;48;57;46;50;63;72;67;62;71;0;No;No;No
4780;3;15;5;9;1;21;24;18;29;30;42;43;0;41;39;47;59;58;49;57;64;74;66;70;73;0;No;No;No
4781;14;11;9;4;8;20;26;25;18;22;37;40;0;36;32;49;56;53;52;54;62;72;73;71;67;0;No;No;No
4782;4;7;10;6;14;30;19;27;21;20;34;40;0;44;41;55;58;56;59;48;61;72;74;62;70;0;No;No;No
4783;8;2;13;12;11;24;22;17;26;21;38;42;0;33;41;56;52;59;53;46;61;64;72;67;65;0;No;No;No
4784;8;5;15;2;13;28;25;20;26;24;35;39;0;40;38;51;49;58;50;59;68;71;67;61;72;0;No;No;No
4785;7;3;9;14;5;24;30;23;25;17;37;35;0;32;31;55;58;60;56;54;70;65;64;61;69;0;No;No;No
4786;3;12;13;4;6;23;17;27;26;29;43;32;0;44;42;52;55;58;56;47;64;69;63;66;72;0;No;No;No
4787;1;7;9;4;8;26;16;22;23;27;40;45;0;38;33;52;48;51;60;53;65;66;61;62;72;0;No;No;No
4788;12;5;13;6;11;18;29;27;23;30;32;40;0;36;43;56;55;46;49;57;74;62;65;69;61;0;No;No;No
4789;11;7;5;13;12;25;16;19;29;18;43;36;0;34;44;59;52;54;51;46;69;66;63;64;70;0;No;No;No
4790;14;8;12;7;10;27;29;17;23;26;36;41;0;38;39;55;50;51;48;58;72;73;62;65;74;0;No;No;No
4791;6;10;5;13;3;25;22;21;16;19;45;44;0;37;39;58;50;60;47;46;61;66;74;71;75;0;No;No;No
4792;9;6;15;14;5;20;22;26;21;24;39;38;0;43;34;50;47;56;59;58;62;66;71;73;65;0;No;No;No
4793;1;14;13;2;6;25;22;30;27;20;44;31;0;33;34;59;56;52;48;51;68;72;69;64;67;0;No;No;No
4794;15;5;3;10;9;22;18;30;26;23;32;45;0;43;33;50;60;58;46;53;68;65;64;73;70;0;No;No;No
4795;14;7;6;11;1;30;23;24;22;28;35;43;0;36;37;57;58;59;48;51;75;74;61;64;70;0;No;No;No
4796;14;11;10;7;6;25;29;20;18;22;40;31;0;37;34;49;52;53;55;54;72;66;61;64;69;0;No;No;No
4797;10;14;8;13;9;25;29;26;18;28;37;41;0;44;43;56;52;54;51;50;61;65;74;71;64;0;No;No;No
4798;12;5;14;10;7;18;28;21;23;24;35;38;0;33;43;56;46;48;59;57;71;73;67;75;64;0;No;No;No
4799;13;8;15;7;5;25;26;23;19;21;43;33;0;44;31;51;49;56;48;50;63;72;62;70;74;0;No;No;No
4800;2;4;1;8;11;27;21;24;16;29;35;33;0;31;41;49;46;51;55;53;71;63;72;73;62;0;No;No;No
4801;11;12;6;14;10;24;19;18;23;29;31;33;0;42;43;50;57;47;56;59;75;67;72;71;70;0;No;No;No
4802;9;15;11;4;12;28;24;25;27;21;38;42;0;41;32;53;60;47;51;46;66;64;62;70;71;0;No;No;No
4803;9;11;10;13;7;30;17;20;28;25;34;33;0;35;32;46;51;47;58;57;71;61;74;70;64;0;No;No;No
4804;5;9;2;11;8;28;17;29;25;22;32;33;0;44;42;55;50;58;54;52;66;68;70;64;75;0;No;No;No
4805;4;3;2;8;12;16;26;19;22;20;41;35;0;39;40;54;56;57;58;59;63;75;61;70;68;0;No;No;No
4806;7;15;6;8;5;25;17;20;23;27;34;43;0;45;33;57;46;52;51;60;71;73;67;61;64;0;No;No;No
4807;15;4;9;3;14;27;18;26;23;24;38;35;0;41;36;50;47;53;48;59;71;67;62;74;69;0;No;No;No
4808;13;15;2;9;10;21;26;27;17;16;40;34;0;38;39;47;54;48;52;49;67;61;74;63;64;0;No;No;No
4809;15;11;7;12;9;27;19;20;23;29;31;33;0;35;41;55;51;56;47;52;61;65;63;64;70;0;No;No;No
4810;7;13;2;4;5;28;21;22;29;19;45;38;0;35;36;59;48;50;52;54;71;69;65;67;66;0;No;No;No
4811;10;15;7;9;8;27;23;25;28;16;44;34;0;42;36;48;54;49;52;58;64;74;62;61;65;0;No;No;No
4812;8;9;6;11;10;26;30;19;23;25;45;39;0;37;31;56;57;55;52;54;73;74;67;71;70;0;No;No;No
4813;4;7;14;5;1;22;26;25;21;29;40;35;0;32;39;56;46;48;54;57;68;64;71;73;66;0;No;No;No
4814;5;7;6;10;8;23;28;26;24;17;38;32;0;37;41;59;58;47;49;57;74;68;66;70;64;0;No;No;No
4815;13;11;9;7;1;24;25;20;29;26;34;36;0;33;35;55;46;53;49;59;66;62;63;61;72;0;No;No;No
4816;3;9;11;14;15;20;26;28;22;19;33;40;0;41;45;53;49;58;56;55;62;67;70;64;73;0;No;No;No
4817;13;12;7;8;4;21;28;23;18;16;35;38;0;39;41;52;58;56;49;57;69;61;74;73;65;0;No;No;No
4818;5;8;7;11;15;21;28;22;16;24;34;42;0;44;31;58;48;46;50;55;65;70;66;64;69;0;No;No;No
4819;4;5;14;6;1;30;26;18;17;23;43;44;0;33;36;54;48;56;59;57;72;62;74;73;63;0;No;No;No
4820;9;3;12;5;13;30;17;29;23;24;41;37;0;36;38;58;55;51;47;52;71;66;63;74;72;0;No;No;No
4821;5;6;7;3;8;18;17;19;22;16;37;44;0;36;41;51;60;56;48;58;68;75;62;65;64;0;No;No;No
4822;1;10;11;4;7;23;27;21;19;18;37;44;0;42;38;50;58;55;49;46;66;71;72;67;70;0;No;No;No
4823;10;5;2;1;12;30;28;25;29;20;38;34;0;37;33;50;52;58;48;60;72;74;64;70;61;0;No;No;No
4824;6;15;12;14;5;21;17;28;27;24;40;37;0;39;36;52;46;58;53;50;66;74;63;61;73;0;No;No;No
4825;10;5;13;14;3;23;19;22;17;16;34;35;0;43;31;46;51;49;52;53;75;63;73;74;69;0;No;No;No
4826;10;11;8;3;15;21;25;16;23;24;39;32;0;33;42;46;56;51;47;58;68;70;66;69;67;0;No;No;No
4827;13;14;10;15;2;25;26;21;29;28;31;44;0;45;35;48;53;52;47;50;70;72;63;73;69;0;No;No;No
4828;7;9;13;6;8;29;23;22;30;24;42;33;0;39;44;48;54;50;58;53;69;70;71;66;65;0;No;No;No
4829;3;15;4;13;12;22;24;29;25;28;41;36;0;35;33;58;47;51;59;46;69;70;61;62;74;0;No;No;No
4830;11;8;1;14;3;26;30;25;21;19;35;33;0;32;45;60;57;53;49;47;72;68;65;61;63;0;No;No;No
4831;7;11;1;13;4;16;25;23;26;22;39;45;0;42;36;50;56;55;54;57;74;70;63;61;65;0;No;No;No
4832;4;1;9;5;6;24;23;21;19;29;40;43;0;44;37;50;53;54;58;49;61;72;75;68;74;0;No;No;No
4833;7;5;4;6;9;29;28;23;27;30;45;44;0;32;35;55;60;47;49;54;71;74;68;70;67;0;No;No;No
4834;4;13;3;2;7;20;27;24;18;26;31;38;0;32;34;54;49;53;50;46;64;71;66;74;61;0;No;No;No
4835;4;14;15;3;7;26;19;25;16;29;37;33;0;32;38;51;58;56;47;48;65;73;70;61;66;0;No;No;No
4836;13;8;4;9;15;16;19;22;18;27;34;31;0;45;37;46;49;55;53;60;73;74;72;71;62;0;No;No;No
4837;15;9;2;1;6;17;27;19;24;16;35;36;0;39;38;49;51;56;58;53;71;70;61;67;74;0;No;No;No
4838;8;14;5;12;10;16;21;23;19;17;31;44;0;42;36;59;50;51;56;54;62;73;63;65;72;0;No;No;No
4839;5;11;9;14;7;17;26;24;22;18;34;43;0;37;41;51;46;48;47;53;64;74;67;71;70;0;No;No;No
4840;14;15;13;5;4;30;22;26;24;20;34;44;0;36;43;51;56;46;52;50;71;62;68;61;69;0;No;No;No
4841;1;8;13;11;15;23;19;25;28;21;33;34;0;40;31;59;48;51;56;47;71;75;63;72;67;0;No;No;No
4842;13;14;11;12;4;27;21;16;18;29;37;38;0;39;41;48;49;58;47;53;61;70;65;69;62;0;No;No;No
4843;3;11;13;1;9;19;26;22;27;28;38;36;0;35;42;46;60;48;51;55;63;67;74;70;75;0;No;No;No
4844;13;2;4;3;11;28;16;24;17;30;38;44;0;35;41;53;58;47;49;59;62;70;69;75;67;0;No;No;No
4845;12;14;7;3;2;16;28;24;25;22;40;31;0;42;41;56;54;48;57;55;65;74;64;69;61;0;No;No;No
4846;10;5;14;8;11;23;30;17;19;29;33;31;0;42;41;59;52;56;58;55;71;62;73;64;69;0;No;No;No
4847;11;3;7;15;2;22;24;19;30;23;38;35;0;43;45;59;53;52;46;58;61;71;63;67;65;0;No;No;No
4848;14;9;8;4;15;18;19;23;30;26;45;40;0;37;43;50;52;46;58;59;66;73;74;70;75;0;No;No;No
4849;5;1;3;7;6;16;20;29;19;24;37;33;0;39;36;56;57;49;59;47;67;74;72;68;65;0;No;No;No
4850;9;14;5;10;8;23;17;25;27;21;32;33;0;41;42;51;54;50;55;57;69;71;68;64;66;0;No;No;No
4851;1;14;10;8;11;24;25;30;29;16;34;44;0;31;41;51;59;57;53;50;72;61;62;69;73;0;No;No;No
4852;3;4;2;7;14;27;20;21;16;28;38;39;0;34;40;50;54;59;55;58;75;62;72;68;69;0;No;No;No
4853;4;8;5;3;1;26;21;23;17;16;38;42;0;36;32;55;59;48;51;53;69;72;68;65;61;0;No;No;No
4854;3;2;9;13;10;26;18;30;20;25;38;37;0;31;35;49;46;57;56;59;62;65;75;63;74;0;No;No;No
4855;7;14;3;10;6;16;17;26;25;22;39;41;0;34;32;46;47;59;48;55;64;74;62;72;68;0;No;No;No
4856;4;15;3;11;12;23;30;21;17;27;40;45;0;41;42;60;56;54;51;59;72;65;69;63;62;0;No;No;No
4857;14;9;13;10;4;29;24;28;23;30;45;44;0;36;33;46;56;48;53;60;72;69;68;70;65;0;No;No;No
4858;3;14;4;10;6;21;23;19;28;20;41;40;0;44;37;55;57;56;53;51;73;63;71;75;62;0;No;No;No
4859;13;8;7;4;14;23;29;28;20;21;35;39;0;40;38;57;46;54;48;60;72;71;64;69;67;0;No;No;No
4860;14;1;10;9;8;22;21;16;23;28;45;42;0;38;37;56;59;48;51;52;75;61;67;64;71;0;No;No;No
4861;2;1;4;11;9;19;28;17;24;26;31;32;0;41;38;60;46;47;49;55;64;63;72;73;68;0;No;No;No
4862;5;2;3;13;14;20;24;29;17;27;39;32;0;31;35;56;48;46;53;54;62;71;70;68;63;0;No;No;No
4863;7;8;2;11;9;18;20;27;25;17;41;34;0;35;33;49;46;57;51;48;65;66;61;64;70;0;No;No;No
4864;1;14;2;5;6;21;28;16;22;20;43;39;0;34;40;50;55;56;53;47;63;67;68;65;64;0;No;No;No
4865;2;11;4;14;15;25;27;26;29;20;43;38;0;34;36;55;52;54;57;53;74;64;63;68;69;0;No;No;No
4866;1;14;4;2;5;16;21;23;24;19;39;36;0;44;41;55;56;49;52;54;69;74;65;62;73;0;No;No;No
4867;7;8;9;14;10;30;23;16;24;18;31;45;0;34;32;50;54;59;48;60;70;66;65;67;71;0;No;No;No
4868;13;5;14;3;2;27;16;21;26;18;38;39;0;35;44;58;53;57;46;47;63;70;72;62;66;0;No;No;No
4869;13;8;9;4;15;21;26;18;19;28;44;33;0;41;37;52;49;57;51;50;61;74;66;64;65;0;No;No;No
4870;1;3;6;2;11;28;25;27;26;22;40;34;0;35;42;60;56;47;54;58;74;73;71;69;61;0;No;No;No
4871;6;12;2;9;14;27;24;29;18;26;37;32;0;31;38;51;52;50;58;56;66;63;68;67;62;0;No;No;No
4872;3;6;14;8;4;18;20;29;21;26;32;45;0;39;40;56;55;51;58;53;65;67;68;72;61;0;No;No;No
4873;9;13;3;15;8;17;18;21;27;28;44;36;0;31;34;59;58;54;57;56;74;75;70;64;72;0;No;No;No
4874;1;5;15;13;2;26;27;30;24;22;35;33;0;36;34;51;59;50;55;56;68;61;70;75;65;0;No;No;No
4875;2;6;1;9;11;19;26;17;21;16;31;43;0;36;39;47;55;57;46;52;66;65;74;71;70;0;No;No;No
4876;7;1;14;8;10;24;25;26;20;23;37;41;0;35;34;47;58;54;49;56;70;73;63;72;67;0;No;No;No
4877;12;6;13;15;3;17;27;24;21;29;33;42;0;43;34;49;59;47;60;56;70;68;61;67;63;0;No;No;No
4878;4;14;10;11;2;20;29;28;23;21;34;36;0;37;45;57;52;54;55;46;67;62;71;65;74;0;No;No;No
4879;6;15;14;1;4;19;18;24;23;20;44;40;0;37;41;59;58;53;55;56;69;68;72;65;62;0;No;No;No
4880;6;12;10;7;9;18;16;19;23;21;31;37;0;33;41;54;60;49;51;52;69;62;63;68;64;0;No;No;No
4881;14;6;3;7;2;27;22;30;18;19;43;44;0;31;41;46;59;55;47;48;61;67;68;62;70;0;No;No;No
4882;2;10;13;9;15;21;16;18;25;23;41;44;0;33;43;59;60;54;49;52;75;67;70;62;69;0;No;No;No
4883;4;13;15;14;2;16;17;28;26;24;39;42;0;41;34;57;53;55;56;50;70;74;71;73;69;0;No;No;No
4884;11;7;4;1;6;23;26;19;25;18;34;36;0;32;35;48;57;51;56;55;75;72;68;65;64;0;No;No;No
4885;1;15;4;8;12;19;30;17;28;27;40;32;0;42;41;47;53;49;59;54;65;67;74;63;62;0;No;No;No
4886;8;3;9;15;2;25;24;18;27;17;39;32;0;45;33;56;46;50;54;53;63;67;61;64;71;0;No;No;No
4887;10;14;2;13;1;18;28;27;30;21;37;36;0;31;38;53;46;51;50;57;68;64;73;72;62;0;No;No;No
4888;11;10;12;2;4;19;17;26;18;20;41;36;0;42;37;56;57;47;52;51;66;73;71;75;64;0;No;No;No
4889;14;13;9;3;1;23;29;22;16;21;40;34;0;41;31;57;60;59;56;51;74;62;70;71;72;0;No;No;No
4890;10;14;11;1;2;17;28;25;18;22;44;43;0;38;32;49;53;58;51;48;66;65;64;62;73;0;No;No;No
4891;1;14;7;3;5;24;30;16;18;23;33;32;0;40;36;48;53;47;57;50;67;68;61;66;65;0;No;No;No
4892;11;2;6;1;7;29;28;21;24;23;37;44;0;38;42;57;56;55;50;48;66;65;69;63;72;0;No;No;No
4893;1;9;15;8;2;23;19;25;17;27;32;39;0;41;38;53;47;57;49;52;61;64;62;71;63;0;No;No;No
4894;8;13;3;2;1;25;20;26;18;27;41;32;0;42;33;52;51;46;50;49;74;66;72;61;64;0;No;No;No
4895;3;5;6;2;8;30;29;19;25;24;36;43;0;38;39;50;47;51;46;59;70;68;71;63;65;0;No;No;No
4896;2;10;3;9;6;27;30;21;16;26;32;41;0;35;43;56;57;52;51;60;67;72;71;75;62;0;No;No;No
4897;5;10;4;11;9;30;26;24;21;22;42;41;0;32;34;58;46;60;49;54;72;62;63;64;75;0;No;No;No
4898;7;3;11;6;14;21;24;22;30;17;33;45;0;43;34;49;53;57;60;46;65;69;64;71;70;0;No;No;No
4899;1;4;6;3;9;20;22;19;29;24;31;44;0;33;41;49;58;55;47;46;67;70;68;69;73;0;No;No;No
4900;11;6;8;3;9;20;27;28;23;26;44;31;0;32;45;52;49;57;53;56;69;67;72;61;68;0;No;No;No
4901;8;14;2;9;12;27;29;23;25;20;35;31;0;43;36;54;46;55;58;59;73;68;66;70;63;0;No;No;No
4902;12;2;4;10;15;28;22;19;26;24;37;43;0;40;41;54;53;47;49;57;61;65;70;62;67;0;No;No;No
4903;8;13;2;10;9;27;26;18;16;22;43;32;0;34;44;59;47;54;55;49;69;65;61;73;75;0;No;No;No
4904;6;3;14;8;2;25;27;24;16;21;36;38;0;41;39;47;52;56;55;58;65;67;73;64;72;0;No;No;No
4905;7;3;10;12;5;24;30;29;21;18;36;44;0;41;43;53;58;54;47;56;62;64;66;75;65;0;No;No;No
4906;14;2;1;6;8;23;17;22;20;26;44;35;0;31;42;53;60;47;55;58;73;72;70;67;63;0;No;No;No
4907;5;2;11;6;3;27;28;21;29;17;41;33;0;31;32;55;59;46;57;60;74;70;61;71;69;0;No;No;No
4908;12;7;9;4;3;19;16;24;28;23;43;42;0;44;41;53;55;47;60;56;66;70;62;64;67;0;No;No;No
4909;13;3;10;7;15;27;25;18;29;17;44;34;0;36;35;52;55;56;47;48;61;64;74;72;68;0;No;No;No
4910;6;14;3;7;1;16;21;23;25;22;35;40;0;38;34;52;51;57;46;59;73;75;62;72;65;0;No;No;No
4911;2;1;13;12;9;22;23;19;17;29;39;37;0;42;40;46;55;48;58;49;67;62;63;66;73;0;No;No;No
4912;5;3;9;8;10;22;25;20;18;27;44;37;0;34;38;58;47;53;46;48;66;65;70;71;69;0;No;No;No
4913;5;14;10;2;11;24;18;29;26;22;31;43;0;40;36;57;53;59;54;48;65;74;63;69;72;0;No;No;No
4914;2;13;14;1;10;16;20;25;27;29;43;34;0;45;39;52;53;54;47;59;75;74;72;71;66;0;No;No;No
4915;2;9;14;13;10;16;26;28;25;24;33;40;0;38;34;51;55;56;47;49;69;72;73;68;64;0;No;No;No
4916;10;1;9;5;15;27;25;24;21;28;41;38;0;31;42;59;57;53;46;50;66;67;75;63;73;0;No;No;No
4917;9;3;4;14;2;21;26;18;29;20;32;41;0;31;36;51;58;48;50;59;70;73;67;68;65;0;No;No;No
4918;10;13;3;11;6;29;27;24;30;26;35;43;0;38;36;60;49;51;48;54;69;66;68;73;71;0;No;No;No
4919;14;13;3;9;12;28;27;29;17;16;31;44;0;42;35;55;57;52;46;53;74;66;68;75;71;0;No;No;No
4920;1;10;8;13;6;17;18;20;19;28;43;41;0;35;37;56;53;57;55;49;61;63;73;71;74;0;No;No;No
4921;9;14;15;8;5;30;23;29;19;20;35;41;0;45;31;60;50;57;54;48;71;66;61;62;74;0;No;No;No
4922;7;12;11;15;10;26;28;17;16;27;33;31;0;36;37;48;50;59;60;57;61;63;75;69;70;0;No;No;No
4923;5;11;2;4;14;25;28;27;30;16;37;32;0;44;42;52;55;56;54;47;71;62;61;69;63;0;No;No;No
4924;7;11;14;9;12;17;19;22;18;24;31;39;0;44;42;54;46;57;60;49;62;66;67;71;74;0;No;No;No
4925;2;6;9;12;10;22;28;23;21;29;33;38;0;36;43;50;46;47;52;53;61;62;67;64;71;0;No;No;No
4926;12;8;5;2;15;26;21;17;16;29;43;37;0;33;32;58;50;54;57;47;70;62;63;67;64;0;No;No;No
4927;14;4;2;11;1;30;16;23;20;21;31;36;0;34;37;53;60;47;50;57;74;61;64;67;63;0;No;No;No
4928;9;11;7;14;15;16;22;20;21;17;45;36;0;38;39;59;53;47;54;58;63;69;72;65;71;0;No;No;No
4929;9;7;12;4;8;28;19;20;29;21;41;33;0;38;32;59;50;52;46;49;74;69;64;71;70;0;No;No;No
4930;1;11;7;12;9;18;22;20;21;19;41;33;0;44;45;54;56;55;48;57;69;71;61;74;73;0;No;No;No
4931;3;1;6;9;4;24;30;18;28;20;35;41;0;36;37;47;50;58;55;57;75;67;74;62;69;0;No;No;No
4932;14;9;6;10;7;21;17;22;30;24;42;31;0;37;34;52;55;54;49;60;71;61;72;68;65;0;No;No;No
4933;6;9;2;10;3;16;17;18;29;21;33;31;0;37;39;56;53;58;49;54;68;61;67;72;64;0;No;No;No
4934;7;2;3;14;8;27;22;24;21;19;31;40;0;43;42;58;54;51;59;56;73;63;74;65;72;0;No;No;No
4935;5;4;11;7;2;29;20;30;23;19;42;41;0;39;43;59;48;49;55;56;70;61;73;71;63;0;No;No;No
4936;3;14;5;13;1;18;19;20;26;28;43;40;0;35;37;47;48;51;52;57;64;62;74;71;63;0;No;No;No
4937;13;3;6;8;4;18;17;16;21;25;41;40;0;33;39;59;54;57;49;53;75;74;71;63;73;0;No;No;No
4938;5;12;2;4;11;25;22;16;19;26;43;36;0;39;33;52;48;53;54;49;70;71;74;65;67;0;No;No;No
4939;4;10;1;11;7;22;24;17;20;23;37;38;0;36;31;48;60;50;57;46;66;63;64;69;67;0;No;No;No
4940;5;2;1;12;11;26;25;23;22;17;36;40;0;32;43;50;51;56;60;57;68;72;61;63;74;0;No;No;No
4941;2;9;10;15;6;27;17;18;20;21;35;42;0;33;43;59;58;46;56;50;66;70;72;65;64;0;No;No;No
4942;13;12;3;2;7;16;23;22;21;20;33;35;0;32;44;55;53;51;49;59;71;61;62;68;74;0;No;No;No
4943;5;6;8;3;7;27;17;19;21;29;42;31;0;37;43;56;49;60;54;58;65;61;66;63;64;0;No;No;No
4944;4;10;6;12;13;30;27;20;21;28;32;35;0;36;44;57;54;56;53;50;71;72;70;63;68;0;No;No;No
4945;11;6;1;5;15;18;20;26;17;16;31;39;0;40;45;57;47;49;53;55;65;70;69;62;66;0;No;No;No
4946;2;13;4;10;1;22;19;29;17;23;38;40;0;32;35;57;59;55;46;54;69;63;66;61;68;0;No;No;No
4947;6;1;9;8;10;16;17;22;29;27;39;33;0;31;42;46;55;47;59;52;71;70;62;73;63;0;No;No;No
4948;2;6;7;9;13;23;18;27;24;22;44;34;0;42;35;56;55;47;57;58;74;69;67;72;70;0;No;No;No
4949;11;10;5;13;6;30;19;20;23;28;35;39;0;38;42;52;49;51;58;54;75;69;71;64;68;0;No;No;No
4950;10;13;9;6;12;30;24;26;18;25;43;38;0;35;41;51;53;46;58;52;73;75;69;72;70;0;No;No;No
4951;11;8;3;6;10;20;30;17;21;23;37;34;0;43;33;54;60;58;48;53;65;64;73;72;74;0;No;No;No
4952;6;5;10;11;4;28;25;22;18;19;42;38;0;43;32;58;60;50;52;51;69;74;70;73;71;0;No;No;No
4953;7;5;14;10;1;25;17;19;26;28;37;42;0;34;33;50;57;60;47;49;69;70;64;73;61;0;No;No;No
4954;10;9;14;8;6;16;24;29;28;30;42;39;0;33;40;51;58;48;55;47;66;72;62;68;64;0;No;No;No
4955;5;6;4;1;8;29;19;23;28;25;32;45;0;38;34;57;54;55;56;50;61;64;72;62;68;0;No;No;No
4956;3;11;9;12;5;29;19;27;22;21;34;37;0;44;43;55;53;48;52;56;75;71;68;65;63;0;No;No;No
4957;7;13;6;4;3;24;23;16;27;29;37;34;0;39;35;60;48;49;59;54;67;66;62;71;72;0;No;No;No
4958;6;12;2;3;5;17;20;28;23;25;42;33;0;32;36;55;51;52;50;58;74;63;69;64;61;0;No;No;No
4959;13;2;4;11;5;30;17;20;18;27;35;44;0;34;43;46;56;49;55;54;74;61;65;70;64;0;No;No;No
4960;10;7;9;11;6;18;27;23;29;20;33;36;0;41;38;53;46;52;58;55;71;69;63;67;65;0;No;No;No
4961;7;5;13;6;10;17;27;16;18;22;42;40;0;37;32;48;52;50;59;49;72;62;69;66;68;0;No;No;No
4962;10;4;1;8;12;26;27;28;17;22;42;32;0;37;41;54;57;46;49;56;62;65;64;61;71;0;No;No;No
4963;13;14;8;9;7;24;17;28;30;22;33;38;0;37;39;51;46;50;57;59;62;68;66;65;64;0;No;No;No
4964;11;15;1;6;9;17;22;29;19;21;37;43;0;38;40;48;58;56;54;49;65;64;75;69;68;0;No;No;No
4965;2;7;9;1;8;19;21;25;27;17;44;34;0;31;36;52;56;58;49;53;73;70;75;72;68;0;No;No;No
4966;12;5;14;11;4;23;25;26;24;19;41;45;0;39;40;51;49;60;55;50;72;68;62;61;74;0;No;No;No
4967;12;11;5;7;6;19;27;17;23;25;44;38;0;34;35;56;47;52;51;54;61;64;62;67;70;0;No;No;No
4968;10;12;6;3;7;21;19;24;29;25;34;40;0;38;41;52;47;54;48;59;65;74;63;66;70;0;No;No;No
4969;12;8;15;5;1;17;29;27;19;23;40;37;0;45;41;53;51;47;54;58;67;71;75;69;65;0;No;No;No
4970;6;7;12;9;13;28;27;22;17;26;41;43;0;38;36;53;50;51;58;56;73;63;68;74;64;0;No;No;No
4971;3;5;1;6;4;26;18;20;30;28;34;44;0;32;41;52;59;50;49;55;73;75;64;63;62;0;No;No;No
4972;8;11;2;9;13;17;27;16;24;21;40;37;0;34;35;51;52;57;58;49;63;68;71;64;74;0;No;No;No
4973;7;11;4;3;2;28;16;29;17;23;34;36;0;41;33;50;56;53;52;46;62;70;65;61;74;0;No;No;No
4974;6;11;15;2;7;17;27;29;26;19;41;39;0;40;34;58;50;59;51;47;70;65;66;67;63;0;No;No;No
4975;14;2;9;15;10;24;28;21;29;20;36;37;0;40;32;47;49;59;53;54;74;69;63;70;73;0;No;No;No
4976;1;10;7;2;11;25;16;22;20;27;42;38;0;37;45;59;53;47;50;46;62;65;75;63;64;0;No;No;No
4977;7;1;12;2;14;22;16;19;26;24;41;38;0;37;44;56;52;53;49;50;66;73;72;75;74;0;No;No;No
4978;9;1;10;13;7;26;29;21;28;25;35;40;0;44;43;46;54;48;56;55;70;74;68;61;71;0;No;No;No
4979;4;5;2;13;6;24;16;28;25;20;33;36;0;35;39;46;48;53;58;51;62;64;73;63;67;0;No;No;No
4980;7;4;11;13;1;18;16;19;24;22;36;39;0;43;31;58;51;59;47;55;61;65;73;69;66;0;No;No;No
4981;5;1;11;14;2;27;30;22;26;29;44;41;0;37;32;55;51;50;57;56;68;73;75;65;72;0;No;No;No
4982;9;12;14;5;1;20;21;29;17;28;42;43;0;44;37;47;49;54;55;50;62;71;69;68;63;0;No;No;No
4983;6;14;12;8;11;28;21;29;24;26;41;44;0;33;39;59;48;57;52;60;64;71;72;67;69;0;No;No;No
4984;3;8;13;2;6;22;29;23;30;17;41;44;0;35;32;50;47;52;57;48;70;63;74;66;71;0;No;No;No
4985;7;5;4;11;9;22;24;18;20;21;38;43;0;37;32;56;47;51;60;59;70;61;74;66;72;0;No;No;No
4986;11;1;13;7;9;20;19;25;21;17;44;41;0;45;39;53;54;49;56;50;61;62;69;67;72;0;No;No;No
4987;14;8;13;7;1;26;30;22;18;25;38;36;0;39;43;55;54;48;51;46;68;70;73;74;69;0;No;No;No
4988;5;10;7;14;2;22;19;26;28;27;43;40;0;31;35;57;51;53;55;46;63;62;71;75;74;0;No;No;No
4989;8;14;2;13;4;18;29;17;26;25;36;31;0;35;40;60;52;59;50;48;75;67;73;69;65;0;No;No;No
4990;5;7;2;14;13;30;22;20;16;19;31;39;0;35;42;47;48;51;52;54;63;70;73;71;66;0;No;No;No
4991;3;13;5;7;2;25;16;22;20;28;42;45;0;43;41;53;49;46;59;50;62;67;73;68;64;0;No;No;No
4992;4;10;2;8;12;17;26;29;21;22;42;36;0;40;37;57;50;54;55;49;68;66;63;67;65;0;No;No;No
4993;14;3;9;1;13;21;20;17;23;22;39;43;0;31;32;54;50;48;59;58;72;61;68;75;70;0;No;No;No
4994;10;4;3;8;2;29;17;18;16;26;45;34;0;33;31;59;54;56;46;51;73;71;64;61;68;0;No;No;No
4995;9;6;7;4;10;22;20;19;29;24;31;44;0;35;39;52;46;47;58;55;61;64;68;71;75;0;No;No;No
4996;13;8;1;6;5;27;16;18;25;30;43;34;0;33;38;56;51;47;55;52;73;69;66;70;75;0;No;No;No
4997;13;7;10;6;11;29;19;20;16;25;38;45;0;40;39;49;55;57;52;59;63;65;61;75;62;0;No;No;No
4998;4;2;6;1;11;27;16;22;17;25;38;42;0;32;43;54;50;58;57;53;75;62;66;69;65;0;No;No;No
4999;5;2;4;8;9;23;25;29;22;17;33;43;0;45;32;48;58;55;50;53;73;69;74;65;72;0;No;No;No
5000;12;1;2;6;5;24;18;21;16;27;33;31;0;44;39;53;59;56;58;57;66;65;73;63;67;0;No;No;No
5001;9;1;7;6;12;21;29;19;26;17;37;34;0;36;32;51;59;53;58;60;62;65;74;72;67;0;No;No;No
5002;4;8;3;6;10;23;26;19;21;28;40;33;0;35;34;52;56;50;59;46;65;66;67;68;72;0;No;No;No
5003;7;3;6;2;13;23;20;18;29;16;33;38;0;37;34;46;56;60;55;53;61;67;73;72;65;0;No;No;No
5004;13;5;2;1;14;26;16;27;21;19;34;45;0;39;36;46;48;59;49;60;65;68;71;74;67;0;No;No;No
5005;1;5;6;12;13;29;27;22;17;23;39;34;0;38;40;54;58;53;52;50;72;63;64;70;62;0;No;No;No
5006;1;8;13;2;6;21;28;16;27;23;40;37;0;39;34;51;57;50;56;58;65;62;74;64;72;0;No;No;No
5007;2;8;12;9;13;26;17;19;20;27;42;36;0;44;37;53;49;57;47;56;75;70;66;69;64;0;No;No;No
5008;15;5;2;14;8;21;17;28;24;22;32;43;0;42;35;47;55;49;60;52;67;72;61;71;64;0;No;No;No
5009;13;2;7;8;15;25;29;16;20;24;34;42;0;33;36;55;59;58;56;57;73;71;69;66;64;0;No;No;No
5010;10;12;9;5;6;21;23;24;20;27;40;42;0;38;37;52;53;56;51;55;74;73;66;62;72;0;No;No;No
5011;14;13;12;3;7;16;18;24;25;21;43;44;0;32;38;46;54;48;49;47;74;70;63;69;73;0;No;No;No
5012;7;1;3;13;15;17;23;19;27;24;42;33;0;43;39;58;50;60;55;46;65;71;67;74;68;0;No;No;No
5013;15;12;10;6;9;21;29;25;16;30;44;43;0;31;33;50;46;55;48;56;64;75;65;62;70;0;No;No;No
5014;4;10;8;12;9;23;28;20;24;19;39;34;0;37;44;50;46;56;47;58;65;62;67;66;63;0;No;No;No
5015;3;14;1;5;10;19;24;29;20;18;31;40;0;34;36;51;58;52;48;53;61;62;70;63;67;0;No;No;No
5016;2;7;14;6;13;30;28;27;19;29;42;34;0;35;43;60;47;58;54;50;66;64;75;63;67;0;No;No;No
5017;1;3;2;14;7;21;19;22;26;28;42;31;0;44;37;48;50;53;47;46;61;69;62;66;70;0;No;No;No
5018;13;2;8;10;7;21;20;28;23;17;34;33;0;43;40;52;50;57;60;54;71;70;62;61;72;0;No;No;No
5019;1;6;10;9;7;21;26;24;29;18;40;38;0;39;44;46;49;57;55;59;68;67;73;62;74;0;No;No;No
5020;6;13;1;15;2;20;27;16;18;24;37;31;0;43;42;47;55;50;49;52;66;64;75;69;63;0;No;No;No
5021;2;4;5;10;14;29;19;25;24;30;34;35;0;39;43;46;50;55;47;49;70;62;75;69;71;0;No;No;No
5022;11;9;4;6;12;17;29;26;25;23;45;32;0;40;43;48;57;56;51;53;61;72;69;62;66;0;No;No;No
5023;11;1;6;4;12;26;18;28;20;25;43;31;0;39;38;46;48;55;50;53;70;63;69;72;65;0;No;No;No
5024;6;7;13;12;2;20;27;23;26;25;33;31;0;39;38;48;50;46;57;49;61;68;63;70;71;0;No;No;No
5025;5;12;4;6;1;21;29;16;17;18;44;45;0;36;32;50;59;48;54;58;66;68;64;65;63;0;No;No;No
5026;10;6;15;13;14;16;30;21;26;29;32;34;0;42;37;50;55;51;58;56;68;73;65;67;70;0;No;No;No
5027;3;4;13;12;8;29;16;25;23;26;43;34;0;44;42;54;46;55;47;48;62;67;66;68;61;0;No;No;No
5028;5;14;1;2;10;26;27;23;25;19;44;39;0;36;31;59;56;57;52;54;69;61;68;71;65;0;No;No;No
5029;1;3;5;10;8;20;19;25;23;24;44;42;0;43;31;54;46;48;50;51;64;67;70;61;65;0;No;No;No
5030;9;5;12;6;13;22;28;26;27;19;33;38;0;40;42;59;48;46;54;47;68;69;63;66;65;0;No;No;No
5031;14;12;15;11;9;21;22;23;24;28;35;31;0;42;37;49;52;58;51;48;70;63;64;74;69;0;No;No;No
5032;13;3;6;9;4;21;22;27;24;28;37;33;0;31;35;55;52;56;50;59;65;63;69;67;64;0;No;No;No
5033;10;2;12;8;1;21;27;24;25;28;42;32;0;33;38;47;51;54;58;57;61;73;65;68;64;0;No;No;No
5034;8;11;5;4;13;18;24;26;23;25;44;36;0;38;42;47;51;52;57;58;64;72;71;69;62;0;No;No;No
5035;3;7;12;4;5;22;30;27;21;26;33;40;0;31;32;48;58;52;54;56;66;62;70;63;74;0;No;No;No
5036;5;4;10;1;7;18;20;24;16;25;35;45;0;44;32;46;49;60;53;58;68;72;66;71;63;0;No;No;No
5037;4;1;8;12;14;18;23;30;16;22;44;36;0;34;35;59;50;48;57;52;73;70;64;66;61;0;No;No;No
5038;15;5;3;13;11;24;18;19;23;28;38;32;0;31;43;56;55;52;53;57;61;67;74;62;70;0;No;No;No
5039;15;8;7;1;14;28;19;21;30;16;35;33;0;40;44;50;52;51;57;48;70;74;71;68;72;0;No;No;No
5040;6;14;11;7;5;24;21;27;18;29;43;37;0;32;36;54;49;59;50;56;72;70;65;63;71;0;No;No;No
5041;2;6;1;9;12;21;30;18;28;22;41;45;0;36;43;54;49;58;55;57;73;66;71;64;65;0;No;No;No
5042;1;5;8;13;14;17;16;19;18;25;38;39;0;45;37;48;47;59;50;55;61;73;70;63;69;0;No;No;No
5043;6;4;14;7;5;26;27;25;19;21;34;33;0;31;42;50;56;59;47;57;70;67;63;64;65;0;No;No;No
5044;5;1;7;13;6;17;18;22;29;23;43;35;0;36;37;59;46;47;55;52;71;67;70;74;63;0;No;No;No
5045;13;8;12;9;14;17;16;18;21;27;35;33;0;31;40;52;54;58;49;57;64;66;62;61;68;0;No;No;No
5046;1;7;6;8;13;18;17;19;20;28;35;36;0;37;32;50;53;57;48;49;75;74;69;62;71;0;No;No;No
5047;12;1;5;10;9;16;17;23;24;21;36;42;0;35;38;47;57;52;58;55;69;70;72;74;66;0;No;No;No
5048;15;10;1;4;5;20;23;26;25;27;34;36;0;43;39;53;48;50;58;54;67;62;63;72;69;0;No;No;No
5049;3;5;9;14;10;20;25;28;27;29;32;40;0;34;44;58;47;50;54;52;68;62;74;61;67;0;No;No;No
5050;7;5;3;2;12;18;28;23;27;30;39;35;0;38;37;50;54;58;59;52;71;75;63;74;65;0;No;No;No
5051;1;12;10;7;2;21;20;17;30;23;41;38;0;37;42;47;49;50;60;52;65;73;70;75;66;0;No;No;No
5052;9;8;5;13;7;19;18;27;28;22;35;36;0;42;43;51;58;57;54;56;68;69;67;74;66;0;No;No;No
5053;1;12;6;7;14;25;24;16;26;23;43;41;0;42;37;47;56;54;57;55;70;74;61;64;66;0;No;No;No
5054;15;4;7;9;10;23;17;27;30;19;31;40;0;34;38;54;59;48;52;55;63;66;71;61;73;0;No;No;No
5055;9;8;6;1;15;17;28;27;19;20;44;36;0;34;37;49;58;47;46;55;73;69;66;75;70;0;No;No;No
5056;12;4;14;11;5;23;16;21;24;28;31;44;0;32;42;46;56;50;57;59;68;73;66;64;71;0;No;No;No
5057;7;3;15;2;1;24;27;28;30;21;41;43;0;39;44;51;54;48;46;47;73;69;71;68;61;0;No;No;No
5058;7;6;2;15;10;17;23;28;16;27;33;42;0;36;41;50;57;56;51;59;61;69;65;74;64;0;No;No;No
5059;11;12;3;5;7;18;28;26;19;25;41;35;0;32;42;47;54;57;51;59;75;64;62;63;70;0;No;No;No
5060;10;6;5;9;2;24;19;22;17;28;45;36;0;33;42;58;56;54;49;48;73;68;65;71;74;0;No;No;No
5061;2;9;14;5;12;24;25;18;23;19;34;32;0;31;44;48;47;54;59;57;74;72;73;71;75;0;No;No;No
5062;10;4;12;2;11;17;26;29;20;23;35;31;0;40;39;49;57;55;58;47;74;62;75;63;73;0;No;No;No
5063;9;14;10;8;11;20;27;30;23;26;45;35;0;41;37;54;56;55;57;49;61;72;64;67;66;0;No;No;No
5064;4;2;1;9;14;29;23;26;17;27;42;32;0;38;34;57;54;48;55;52;64;70;66;71;69;0;No;No;No
5065;1;7;14;4;5;26;22;23;27;25;36;35;0;33;34;49;50;53;60;52;74;69;73;67;64;0;No;No;No
5066;6;14;4;3;13;19;26;28;20;18;34;33;0;32;42;50;59;55;54;51;74;70;65;66;64;0;No;No;No
5067;8;9;11;12;5;29;28;24;16;18;32;45;0;33;31;51;48;50;59;47;69;65;64;67;71;0;No;No;No
5068;6;12;13;8;11;18;19;29;22;27;32;36;0;43;31;58;57;50;46;59;69;73;72;65;62;0;No;No;No
5069;5;14;11;10;9;17;28;29;24;22;41;36;0;40;44;54;59;46;58;48;72;66;69;71;64;0;No;No;No
5070;1;2;11;14;8;17;16;18;28;22;42;45;0;41;44;54;55;56;52;59;75;70;68;65;62;0;No;No;No
5071;11;9;13;7;4;16;23;22;24;17;45;44;0;34;35;52;49;58;47;50;70;61;63;72;73;0;No;No;No
5072;1;7;9;10;14;24;17;26;19;21;41;32;0;37;42;47;56;48;53;60;62;73;72;63;70;0;No;No;No
5073;13;4;2;8;5;19;28;27;23;26;37;32;0;41;39;50;60;57;54;49;69;71;61;68;66;0;No;No;No
5074;10;6;2;8;15;29;17;16;28;20;40;39;0;31;33;51;50;58;52;56;63;72;65;73;62;0;No;No;No
5075;15;5;9;6;8;16;26;27;19;25;34;36;0;38;33;49;58;47;60;52;70;62;63;69;74;0;No;No;No
5076;13;1;12;5;3;26;19;24;22;20;33;42;0;32;35;56;51;55;50;47;68;61;63;74;67;0;No;No;No
5077;2;6;12;14;8;21;28;25;18;17;38;44;0;40;36;55;52;56;54;49;74;62;69;68;65;0;No;No;No
5078;10;9;7;1;5;29;21;28;26;27;33;35;0;41;44;47;55;50;58;51;72;62;64;74;66;0;No;No;No
5079;14;3;5;8;2;29;16;18;17;27;38;31;0;44;33;58;53;52;60;46;69;75;74;73;72;0;No;No;No
5080;11;6;4;13;5;16;19;20;17;29;33;40;0;43;32;60;51;55;46;47;70;73;72;61;62;0;No;No;No
5081;11;13;12;6;10;22;19;21;20;26;31;33;0;36;44;54;48;60;58;52;70;64;67;63;73;0;No;No;No
5082;7;1;5;3;10;21;26;25;28;16;36;42;0;35;37;50;46;56;52;53;67;75;64;61;72;0;No;No;No
5083;2;5;3;7;6;22;26;19;17;18;36;45;0;42;35;52;49;54;57;46;63;65;71;69;61;0;No;No;No
5084;13;12;5;10;6;16;22;27;30;18;34;43;0;38;40;46;53;51;54;47;61;72;66;75;70;0;No;No;No
5085;7;14;6;5;4;23;17;19;28;24;39;44;0;43;33;57;54;53;59;46;61;64;73;71;63;0;No;No;No
5086;6;5;1;10;8;25;26;20;24;18;43;40;0;36;44;55;47;56;53;48;67;70;65;63;66;0;No;No;No
5087;13;10;9;15;4;16;22;21;28;29;39;31;0;43;38;58;47;57;49;59;66;74;67;61;68;0;No;No;No
5088;1;12;6;11;4;26;24;16;30;21;36;39;0;35;40;59;50;49;47;57;65;68;66;70;69;0;No;No;No
5089;2;12;7;14;5;18;22;29;27;21;44;31;0;37;43;48;57;59;50;52;72;74;65;64;71;0;No;No;No
5090;7;15;3;10;9;25;28;20;16;19;32;41;0;39;31;49;57;46;47;59;67;65;62;69;63;0;No;No;No
5091;15;13;10;3;12;17;20;16;26;22;34;38;0;39;31;58;53;52;49;46;72;61;70;73;62;0;No;No;No
5092;5;11;1;12;9;24;29;20;16;17;44;45;0;43;33;59;50;51;46;49;69;65;62;61;63;0;No;No;No
5093;8;7;6;4;11;22;19;29;20;23;40;32;0;33;35;48;47;57;59;52;74;68;69;73;70;0;No;No;No
5094;2;1;14;12;4;26;21;19;16;25;39;36;0;38;45;57;56;53;54;48;70;68;72;66;65;0;No;No;No
5095;8;2;6;1;9;30;20;17;29;24;40;44;0;31;35;55;57;56;50;51;68;64;63;61;75;0;No;No;No
5096;9;4;12;1;7;22;17;29;28;30;31;33;0;32;40;53;59;46;50;49;66;75;68;69;72;0;No;No;No
5097;4;3;12;14;5;16;22;26;25;29;33;35;0;43;37;46;60;56;54;48;69;65;75;66;67;0;No;No;No
5098;7;3;6;8;15;26;23;17;22;24;39;33;0;41;38;51;52;56;49;50;67;70;65;73;63;0;No;No;No
5099;4;5;8;3;14;22;23;27;24;18;38;33;0;36;42;51;58;47;54;57;75;68;62;65;64;0;No;No;No
5100;14;5;13;2;1;21;19;20;27;23;32;45;0;31;33;49;52;48;50;53;71;63;68;65;69;0;No;No;No
5101;9;1;13;5;14;20;30;24;19;22;35;39;0;37;42;52;47;56;58;54;70;69;73;71;72;0;No;No;No
5102;8;3;1;7;6;17;20;23;28;22;31;43;0;41;36;54;59;48;49;60;61;64;68;73;74;0;No;No;No
5103;10;8;12;7;13;30;27;24;25;22;34;43;0;45;36;46;53;59;54;56;67;66;71;74;65;0;No;No;No
5104;15;4;10;11;14;27;24;20;30;17;44;36;0;33;45;54;50;47;56;48;62;74;61;70;68;0;No;No;No
5105;11;15;4;8;7;21;26;29;27;16;45;40;0;33;36;48;57;46;54;49;69;73;72;63;62;0;No;No;No
5106;6;4;10;14;1;20;17;19;23;21;38;41;0;44;43;50;54;60;47;57;73;63;65;66;72;0;No;No;No
5107;10;5;6;9;2;16;18;26;17;19;33;41;0;38;40;56;57;50;48;53;69;67;64;74;66;0;No;No;No
5108;9;15;8;5;7;28;24;30;25;22;41;36;0;31;37;46;59;49;60;58;63;68;62;71;70;0;No;No;No
5109;15;8;1;7;3;20;19;22;25;26;33;38;0;43;32;46;48;54;53;60;74;73;67;65;66;0;No;No;No
5110;5;4;8;9;2;29;22;16;24;27;42;33;0;36;41;47;50;51;54;55;67;63;69;65;62;0;No;No;No
5111;5;13;2;8;9;16;22;17;29;23;38;32;0;36;34;54;49;50;59;51;74;68;63;73;71;0;No;No;No
5112;8;12;4;13;9;20;18;30;28;22;40;34;0;37;42;55;51;54;57;56;74;62;69;61;68;0;No;No;No
5113;3;8;1;13;11;18;21;27;17;23;43;33;0;36;31;46;53;51;49;55;61;65;68;69;66;0;No;No;No
5114;5;7;11;10;13;22;17;21;20;16;39;38;0;32;36;48;46;59;51;58;62;74;65;73;69;0;No;No;No
5115;6;11;13;4;9;17;23;27;25;20;42;39;0;35;41;60;49;59;57;46;66;64;67;62;69;0;No;No;No
5116;13;1;9;7;15;16;26;30;29;19;33;40;0;34;38;52;59;56;54;51;73;63;69;62;70;0;No;No;No
5117;13;3;9;14;6;29;27;23;24;20;44;36;0;42;32;59;54;57;53;52;73;62;66;63;65;0;No;No;No
5118;3;5;13;12;14;16;28;24;20;19;44;40;0;41;38;51;58;57;46;60;69;67;68;73;72;0;No;No;No
5119;12;10;8;14;5;27;17;25;24;16;43;33;0;36;41;59;49;50;54;53;75;74;62;68;64;0;No;No;No
5120;7;9;11;4;2;19;18;20;21;25;34;39;0;33;43;52;59;49;54;57;64;75;65;72;63;0;No;No;No
5121;1;13;6;7;10;29;22;27;19;17;34;36;0;37;42;59;57;60;50;47;68;63;69;74;71;0;No;No;No
5122;5;14;2;7;4;29;17;16;19;20;42;33;0;37;35;57;49;47;51;54;66;68;67;70;65;0;No;No;No
5123;3;10;1;9;11;23;29;27;25;26;35;31;0;38;40;50;58;49;59;47;74;67;75;70;61;0;No;No;No
5124;7;3;11;8;15;21;20;23;18;16;31;42;0;38;32;57;54;60;53;46;73;68;65;67;64;0;No;No;No
5125;6;14;2;5;13;19;21;23;27;18;42;39;0;41;34;59;51;50;56;57;67;68;74;61;64;0;No;No;No
5126;9;1;11;8;13;27;30;20;16;22;41;44;0;36;37;50;53;46;49;58;66;64;69;65;62;0;No;No;No
5127;2;12;4;14;15;22;28;23;27;20;31;38;0;34;37;49;58;48;46;51;62;73;63;70;75;0;No;No;No
5128;10;8;9;14;12;23;24;16;22;20;43;41;0;39;40;46;47;58;53;56;68;66;73;74;65;0;No;No;No
5129;6;11;1;7;10;17;19;29;18;25;34;44;0;35;41;57;52;49;48;51;69;74;72;71;62;0;No;No;No
5130;10;8;7;1;6;26;25;22;20;28;32;38;0;34;31;55;57;59;60;46;74;70;63;66;72;0;No;No;No
5131;11;14;12;7;5;20;17;21;30;25;33;43;0;42;37;51;48;57;52;47;64;68;67;73;63;0;No;No;No
5132;9;1;14;11;6;17;22;18;24;16;31;42;0;38;37;58;56;55;51;52;74;61;66;62;70;0;No;No;No
5133;3;11;8;10;13;19;26;30;29;18;37;38;0;40;42;59;51;58;56;52;74;66;61;73;62;0;No;No;No
5134;13;3;8;4;9;30;27;28;26;29;43;31;0;33;41;58;55;49;59;60;65;72;67;66;64;0;No;No;No
5135;3;9;11;6;7;23;27;25;28;29;33;35;0;39;37;52;58;51;56;57;73;65;67;69;72;0;No;No;No
5136;8;14;3;2;11;17;29;23;28;21;35;43;0;34;36;46;49;56;54;59;69;70;71;65;66;0;No;No;No
5137;6;12;15;13;4;21;22;30;18;19;37;42;0;36;43;54;49;50;46;48;70;62;68;72;67;0;No;No;No
5138;7;10;1;12;13;27;29;21;20;24;43;33;0;40;37;55;52;54;47;60;66;75;73;65;61;0;No;No;No
5139;7;1;13;12;14;21;28;20;16;25;45;42;0;44;34;49;46;57;52;59;65;61;64;71;63;0;No;No;No
5140;14;13;8;10;4;19;27;21;23;20;33;36;0;37;34;53;60;55;52;46;73;62;67;69;74;0;No;No;No
5141;11;10;3;6;1;22;21;16;24;26;45;31;0;37;35;56;58;52;57;59;62;68;74;73;65;0;No;No;No
5142;5;8;6;10;14;23;28;22;16;25;36;41;0;44;43;50;51;48;56;58;65;70;73;61;63;0;No;No;No
5143;13;8;10;12;6;21;26;17;25;24;44;36;0;42;33;52;50;49;59;56;73;70;61;74;66;0;No;No;No
5144;3;15;10;6;13;25;29;26;18;17;31;34;0;38;33;49;58;51;48;59;67;74;68;75;61;0;No;No;No
5145;1;7;8;13;3;29;26;22;18;19;38;33;0;42;35;54;47;58;59;55;62;63;72;70;69;0;No;No;No
5146;11;12;14;2;6;19;27;25;22;28;41;39;0;35;36;60;48;47;53;50;67;72;74;71;62;0;No;No;No
5147;14;12;11;13;8;21;18;27;17;20;31;40;0;34;43;50;56;47;59;55;73;64;63;69;65;0;No;No;No
5148;5;2;3;14;13;17;24;26;21;22;33;44;0;41;36;50;55;46;48;59;62;68;69;73;64;0;No;No;No
5149;11;2;1;4;3;20;27;21;23;30;41;43;0;44;34;51;57;50;53;52;72;68;66;70;61;0;No;No;No
5150;1;6;10;2;9;25;18;20;29;28;37;42;0;41;33;53;60;47;57;51;67;68;74;71;75;0;No;No;No
5151;3;4;11;13;1;27;28;21;17;22;44;35;0;42;34;53;57;50;47;54;61;68;65;67;66;0;No;No;No
5152;13;8;12;10;6;25;28;24;26;18;36;35;0;32;41;59;58;56;53;54;64;72;74;70;67;0;No;No;No
5153;5;15;3;7;12;20;27;16;25;30;33;31;0;42;39;51;50;56;48;59;64;73;68;62;70;0;No;No;No
5154;3;8;6;12;4;28;23;26;27;20;43;45;0;33;40;53;56;55;46;49;67;66;68;74;70;0;No;No;No
5155;1;4;12;6;9;21;25;24;23;17;33;40;0;36;39;59;53;57;50;60;63;65;72;68;66;0;No;No;No
5156;12;6;11;3;1;19;30;16;25;23;41;31;0;35;39;49;51;56;59;52;72;69;73;74;68;0;No;No;No
5157;4;5;2;9;1;29;27;17;18;22;36;41;0;35;37;56;48;58;49;46;63;74;73;70;68;0;No;No;No
5158;13;14;5;12;1;21;24;28;19;25;33;35;0;44;42;57;46;59;60;48;64;73;69;74;70;0;No;No;No
5159;14;12;7;5;6;25;18;19;21;28;33;44;0;40;41;48;50;58;56;49;72;64;65;74;71;0;No;No;No
5160;8;11;2;10;7;23;29;21;25;30;38;35;0;44;41;58;51;49;53;56;65;61;68;73;64;0;No;No;No
5161;6;2;11;1;7;27;30;25;19;21;38;33;0;42;43;51;54;53;48;52;61;67;64;71;63;0;No;No;No
5162;12;11;5;8;3;29;28;27;20;22;44;41;0;36;35;56;47;53;48;54;63;67;72;65;71;0;No;No;No
5163;4;10;7;1;14;22;19;24;27;18;38;35;0;32;33;54;47;60;58;59;73;64;75;63;68;0;No;No;No
5164;7;3;8;4;9;21;17;25;24;16;31;37;0;42;33;60;51;46;55;54;64;65;71;68;66;0;No;No;No
5165;5;2;14;12;11;19;30;28;25;21;40;42;0;37;43;49;58;57;46;51;64;73;71;65;70;0;No;No;No
5166;6;11;2;8;9;19;16;27;21;20;44;31;0;39;43;50;60;48;53;49;73;74;61;71;68;0;No;No;No
5167;8;6;5;14;2;27;19;24;30;20;36;43;0;37;42;54;51;52;60;57;64;70;73;69;68;0;No;No;No
5168;15;4;7;13;10;22;20;23;28;18;41;37;0;36;38;56;48;59;51;53;73;72;70;63;74;0;No;No;No
5169;1;11;6;4;7;27;28;29;22;26;44;33;0;36;45;59;50;58;47;46;73;75;67;61;70;0;No;No;No
5170;11;6;5;3;2;27;29;22;26;20;31;36;0;37;32;58;55;51;57;59;62;70;61;67;71;0;No;No;No
5171;9;5;3;14;2;26;19;22;20;27;34;33;0;42;43;55;59;46;48;54;71;63;62;69;66;0;No;No;No
5172;5;9;13;2;11;20;17;22;23;19;44;38;0;31;39;57;58;55;51;47;65;71;64;62;63;0;No;No;No
5173;4;9;11;14;2;26;25;27;24;28;37;34;0;40;41;54;51;57;48;56;72;74;70;67;75;0;No;No;No
5174;6;9;7;1;15;24;19;25;21;20;40;39;0;44;34;56;48;55;58;59;62;72;61;63;67;0;No;No;No
5175;14;11;3;7;5;17;16;28;27;20;37;35;0;45;33;51;52;49;59;46;72;74;62;66;65;0;No;No;No
5176;13;1;3;14;4;19;27;21;17;20;36;41;0;45;35;59;55;46;51;54;63;66;70;71;74;0;No;No;No
5177;7;3;6;12;8;22;26;18;27;20;33;36;0;39;34;55;51;57;56;54;65;68;74;73;63;0;No;No;No
5178;12;8;2;3;6;23;22;25;19;26;33;42;0;38;40;58;54;48;50;52;73;68;65;72;74;0;No;No;No
5179;12;8;10;13;3;17;26;29;23;19;44;39;0;36;33;52;58;54;49;56;74;75;64;62;67;0;No;No;No
5180;7;5;3;2;4;17;22;18;20;26;33;34;0;32;42;59;58;46;53;60;66;74;71;67;62;0;No;No;No
5181;3;12;5;9;11;18;28;26;30;23;41;31;0;35;44;50;51;52;60;59;71;73;62;66;63;0;No;No;No
5182;10;6;12;7;15;29;23;28;17;30;31;37;0;36;34;51;47;55;58;53;65;73;72;61;63;0;No;No;No
5183;6;3;12;11;7;27;30;28;23;25;38;34;0;31;33;47;51;53;55;60;61;66;72;73;68;0;No;No;No
5184;3;5;10;14;2;25;17;18;24;20;44;33;0;39;35;57;55;46;47;58;74;72;73;65;71;0;No;No;No
5185;14;9;4;13;5;28;25;26;27;17;44;38;0;41;33;57;60;59;52;50;72;68;69;63;74;0;No;No;No
5186;11;10;1;3;7;28;18;25;16;24;39;32;0;35;34;60;54;51;49;52;66;61;74;71;70;0;No;No;No
5187;5;15;10;14;8;17;19;18;26;25;39;42;0;38;43;59;49;58;48;46;72;74;66;61;69;0;No;No;No
5188;4;1;7;13;15;17;24;21;25;22;39;44;0;45;42;53;55;58;47;50;61;72;70;73;65;0;No;No;No
5189;10;11;7;3;4;16;21;27;29;28;39;40;0;35;44;55;52;51;50;57;65;64;70;69;63;0;No;No;No
5190;1;9;14;5;13;23;24;26;19;20;42;36;0;40;31;50;59;52;54;46;74;65;73;63;67;0;No;No;No
5191;2;4;1;15;13;25;30;17;21;27;39;40;0;32;41;46;54;52;50;58;68;62;70;71;66;0;No;No;No
5192;3;4;11;15;2;28;22;27;23;30;42;44;0;37;31;46;57;50;51;53;73;68;70;71;66;0;No;No;No
5193;3;10;1;7;13;28;20;29;26;17;31;36;0;37;32;51;49;54;57;56;68;67;62;65;61;0;No;No;No
5194;12;9;3;15;1;23;21;17;26;18;41;35;0;38;31;59;55;54;53;58;61;66;62;70;64;0;No;No;No
5195;8;4;15;3;6;22;27;16;24;28;38;41;0;39;43;47;58;52;49;54;69;67;63;64;72;0;No;No;No
5196;3;5;14;7;1;23;28;20;19;17;38;36;0;40;35;60;46;58;59;51;67;71;72;63;69;0;No;No;No
5197;8;7;14;4;9;16;22;30;17;20;36;37;0;40;35;52;46;48;50;59;66;68;62;71;63;0;No;No;No
5198;7;10;5;9;15;24;29;22;27;21;34;43;0;38;33;53;46;52;57;58;74;65;70;63;72;0;No;No;No
5199;5;2;1;14;7;28;21;26;25;22;43;41;0;35;42;53;56;58;51;49;62;74;63;65;68;0;No;No;No
5200;6;2;4;7;3;18;20;28;19;25;33;45;0;41;37;59;50;53;52;48;63;69;71;62;67;0;No;No;No
5201;2;3;4;12;14;24;29;20;22;23;42;38;0;39;41;46;52;51;57;54;61;74;70;63;64;0;No;No;No
5202;11;4;6;1;14;27;22;23;17;30;40;44;0;32;31;56;50;59;55;48;74;68;63;70;73;0;No;No;No
5203;12;15;6;7;9;18;26;20;27;16;34;43;0;41;35;56;51;52;53;58;69;70;73;68;61;0;No;No;No
5204;2;9;11;3;6;19;28;27;24;26;40;45;0;36;38;51;55;46;54;57;63;65;72;70;69;0;No;No;No
5205;2;15;1;13;5;29;19;27;20;25;44;31;0;33;41;55;51;52;47;46;67;62;69;74;72;0;No;No;No
5206;2;4;13;14;5;25;18;29;19;17;45;41;0;31;44;57;55;46;51;52;73;71;61;62;67;0;No;No;No
5207;8;11;2;4;1;21;27;28;18;24;44;38;0;33;42;50;59;58;56;55;67;62;61;73;74;0;No;No;No
5208;2;7;13;12;4;16;25;26;24;30;35;38;0;43;33;53;52;50;47;60;62;70;71;69;64;0;No;No;No
5209;2;3;14;1;9;16;29;18;20;17;34;38;0;32;40;47;53;57;55;49;64;67;75;68;62;0;No;No;No
5210;12;14;13;8;1;19;21;24;26;20;39;44;0;45;38;50;60;47;46;59;61;64;66;72;63;0;No;No;No
5211;9;13;1;12;11;29;24;25;16;23;43;36;0;32;38;54;59;53;55;47;70;75;66;63;69;0;No;No;No
5212;12;11;8;10;4;18;17;29;19;24;39;41;0;34;43;49;59;54;47;53;70;72;66;62;67;0;No;No;No
5213;6;13;9;15;7;26;22;19;28;20;33;40;0;44;42;50;58;55;47;57;66;64;74;70;63;0;No;No;No
5214;8;13;3;1;4;20;30;17;28;18;32;43;0;44;35;46;51;53;49;47;74;69;71;73;65;0;No;No;No
5215;5;6;3;13;9;26;24;18;22;27;41;42;0;43;38;52;53;57;59;48;67;66;62;72;71;0;No;No;No
5216;8;6;15;11;5;21;17;25;20;18;38;44;0;39;40;55;54;52;47;60;62;66;65;70;61;0;No;No;No
5217;12;8;15;2;14;23;25;17;20;28;43;34;0;31;42;51;52;56;49;53;65;69;61;63;73;0;No;No;No
5218;2;3;6;10;4;19;18;25;27;30;32;37;0;34;44;49;48;59;54;46;66;74;68;61;63;0;No;No;No
5219;4;1;3;7;12;20;23;18;28;27;41;44;0;38;36;49;56;54;55;53;67;69;65;72;68;0;No;No;No
5220;9;14;5;8;11;17;22;21;26;29;41;39;0;34;36;52;56;59;46;55;69;70;63;72;71;0;No;No;No
5221;4;14;13;3;1;21;27;30;17;22;36;34;0;38;37;47;51;46;48;60;72;70;63;62;65;0;No;No;No
5222;1;15;11;10;7;19;28;29;20;24;33;31;0;44;38;58;49;52;48;57;62;66;67;75;70;0;No;No;No
5223;14;5;11;6;12;25;16;23;19;20;43;35;0;42;33;53;54;50;55;57;63;70;71;74;67;0;No;No;No
5224;7;12;6;10;3;18;28;27;16;29;33;43;0;38;34;57;58;49;59;52;70;74;72;67;75;0;No;No;No
5225;12;10;2;1;3;17;21;18;19;29;43;36;0;32;42;54;57;58;48;59;62;71;68;74;73;0;No;No;No
5226;5;6;10;2;12;30;25;23;27;17;45;41;0;33;34;56;50;48;53;47;61;74;72;73;64;0;No;No;No
5227;3;7;2;12;9;30;21;22;28;16;38;43;0;39;42;55;52;58;50;46;62;61;65;74;69;0;No;No;No
5228;2;3;12;10;11;22;29;26;16;24;33;38;0;42;34;54;47;49;46;52;72;74;68;69;61;0;No;No;No
5229;13;7;3;2;15;20;19;25;22;26;40;41;0;31;38;47;55;48;60;56;70;65;66;71;64;0;No;No;No
5230;5;4;9;12;11;28;26;30;17;25;31;39;0;42;38;50;53;60;56;58;69;64;70;74;65;0;No;No;No
5231;5;15;3;8;12;28;24;25;26;27;43;33;0;31;37;52;53;59;54;49;65;64;74;68;61;0;No;No;No
5232;9;8;14;11;15;30;18;19;25;21;38;40;0;34;39;51;48;58;47;46;71;62;68;64;72;0;No;No;No
5233;9;13;10;6;7;18;16;24;17;20;42;39;0;38;37;49;48;52;53;56;72;64;62;75;71;0;No;No;No
5234;5;11;7;3;8;24;21;29;20;17;34;37;0;40;41;53;52;49;46;58;65;72;66;69;74;0;No;No;No
5235;7;2;8;9;15;25;30;23;29;21;36;43;0;33;32;53;47;59;48;50;74;69;72;62;73;0;No;No;No
5236;14;3;15;5;4;24;26;18;27;28;35;34;0;40;42;52;57;55;54;48;61;74;62;68;65;0;No;No;No
5237;13;8;3;2;6;18;25;28;23;29;34;39;0;38;32;59;46;52;50;54;62;63;67;65;70;0;No;No;No
5238;10;14;5;6;8;24;21;27;23;28;37;35;0;44;40;58;52;49;48;54;62;67;73;72;69;0;No;No;No
5239;2;8;10;9;4;16;25;22;23;24;43;32;0;36;37;48;52;46;60;54;71;66;72;68;70;0;No;No;No
5240;10;2;6;8;5;27;29;18;19;22;42;33;0;39;31;56;46;55;54;51;69;67;74;73;61;0;No;No;No
5241;11;1;7;8;4;21;16;27;22;20;40;39;0;43;44;51;46;56;57;54;63;68;64;70;61;0;No;No;No
5242;12;13;1;7;3;18;23;17;27;28;37;38;0;33;41;46;58;50;57;59;73;69;61;72;68;0;No;No;No
5243;6;8;2;12;1;28;29;23;19;26;37;36;0;39;44;52;46;59;49;48;70;72;68;71;61;0;No;No;No
5244;7;2;9;13;12;16;28;19;18;20;31;35;0;41;36;56;55;51;48;49;62;72;63;64;67;0;No;No;No
5245;9;8;4;11;5;25;20;28;21;23;40;31;0;35;44;53;60;47;56;55;66;75;65;71;64;0;No;No;No
5246;14;4;9;6;1;24;27;22;25;23;33;31;0;41;39;48;47;46;55;59;73;72;62;71;67;0;No;No;No
5247;7;13;12;2;10;17;26;29;21;28;40;38;0;41;32;56;49;46;54;50;63;66;73;69;70;0;No;No;No
5248;8;4;11;12;14;26;16;24;28;25;32;34;0;35;41;58;60;53;48;49;71;69;61;64;65;0;No;No;No
5249;12;9;8;6;11;26;25;24;17;30;32;38;0;40;42;47;51;54;57;53;63;73;69;66;74;0;No;No;No
5250;1;10;8;9;4;22;26;16;19;18;40;32;0;34;44;60;57;50;59;47;61;67;68;74;66;0;No;No;No
5251;7;8;10;1;11;21;24;20;17;22;40;35;0;44;34;56;57;51;46;49;62;74;73;67;65;0;No;No;No
5252;1;4;3;14;9;18;20;29;19;23;43;44;0;42;37;55;59;49;60;51;67;64;70;72;65;0;No;No;No
5253;5;6;1;2;14;16;23;19;26;24;37;42;0;39;40;49;58;56;47;57;70;74;68;73;65;0;No;No;No
5254;12;3;14;5;15;26;16;21;29;19;31;32;0;41;36;57;53;54;50;47;65;64;67;62;71;0;No;No;No
5255;9;3;13;14;7;24;29;27;28;23;35;34;0;37;31;55;54;46;57;52;69;67;63;62;65;0;No;No;No
5256;3;7;10;15;12;23;20;27;29;21;41;40;0;37;35;58;54;49;46;56;63;73;66;65;61;0;No;No;No
5257;7;1;12;6;11;20;23;25;27;19;39;36;0;38;33;52;50;46;57;59;61;70;73;66;74;0;No;No;No
5258;10;3;4;6;2;24;28;22;27;29;31;41;0;39;44;56;57;50;58;51;71;74;68;65;70;0;No;No;No
5259;4;2;9;10;12;17;18;28;20;16;39;41;0;38;34;56;51;59;49;54;66;72;73;68;63;0;No;No;No
5260;5;2;12;1;13;29;24;21;26;23;31;32;0;34;41;51;47;46;50;49;67;63;62;73;66;0;No;No;No
5261;3;13;9;4;2;17;23;19;21;22;43;40;0;45;36;48;57;54;51;50;65;74;70;67;69;0;No;No;No
5262;12;9;14;10;15;19;21;23;28;18;34;35;0;40;39;46;51;55;54;47;67;71;74;68;61;0;No;No;No
5263;6;8;4;9;3;23;27;24;22;18;31;40;0;38;44;56;57;58;55;47;64;71;62;61;69;0;No;No;No
5264;3;6;14;4;8;21;28;23;19;29;37;41;0;39;38;55;54;59;53;51;67;74;68;66;63;0;No;No;No
5265;10;11;9;8;6;24;20;21;29;28;39;43;0;37;32;48;53;50;55;57;70;68;67;62;61;0;No;No;No
5266;4;12;14;13;3;27;23;29;16;28;35;31;0;40;44;54;48;59;47;55;67;69;73;64;70;0;No;No;No
5267;15;10;11;4;7;17;27;29;30;23;37;41;0;44;32;47;53;46;48;51;68;73;66;69;72;0;No;No;No
5268;6;2;1;4;9;26;25;29;23;20;31;41;0;42;40;58;57;50;56;53;63;69;66;67;68;0;No;No;No
5269;2;6;12;10;7;21;18;24;30;28;40;34;0;33;43;58;52;55;53;48;64;69;61;65;62;0;No;No;No
5270;5;6;4;12;3;20;17;16;23;21;36;37;0;31;44;60;48;51;58;50;72;69;71;67;64;0;No;No;No
5271;1;6;2;13;8;25;16;24;26;23;40;37;0;34;31;57;50;56;58;53;62;63;61;69;74;0;No;No;No
5272;3;11;10;8;13;20;30;24;28;21;34;42;0;31;35;47;54;52;50;49;71;70;64;73;61;0;No;No;No
5273;6;7;1;14;3;21;19;25;18;28;39;41;0;37;35;46;53;49;48;51;69;66;72;74;63;0;No;No;No
5274;1;2;10;9;3;24;20;21;18;25;35;32;0;37;44;56;57;55;54;51;69;63;71;62;68;0;No;No;No
5275;7;3;8;10;2;16;26;17;29;30;35;44;0;43;38;55;56;46;51;59;71;69;63;68;65;0;No;No;No
5276;3;6;2;8;1;25;30;23;29;24;35;36;0;41;37;48;49;52;56;55;70;66;71;67;73;0;No;No;No
5277;11;12;2;13;3;16;21;20;19;23;43;36;0;44;38;54;47;46;59;51;65;73;70;71;67;0;No;No;No
5278;4;1;13;6;3;20;27;23;17;28;41;36;0;39;37;48;54;53;51;60;74;64;69;67;70;0;No;No;No
5279;13;11;5;10;6;24;26;20;18;25;44;41;0;31;33;56;55;59;57;46;63;72;70;73;66;0;No;No;No
5280;9;13;7;14;8;19;22;20;24;18;34;43;0;33;41;48;53;51;52;57;61;68;73;63;72;0;No;No;No
5281;9;3;2;5;6;19;24;18;20;26;38;39;0;40;32;51;53;49;47;55;71;70;61;72;64;0;No;No;No
5282;3;9;12;8;14;22;24;18;30;27;35;42;0;40;32;59;55;57;48;60;73;61;63;68;70;0;No;No;No
5283;9;8;2;13;15;27;16;28;22;21;42;36;0;45;32;58;47;46;48;56;63;73;61;69;65;0;No;No;No
5284;5;1;11;10;15;28;21;19;18;30;39;40;0;44;33;50;46;60;47;58;68;63;65;70;74;0;No;No;No
5285;6;1;5;7;4;19;24;23;30;18;33;41;0;34;39;57;53;60;56;49;63;64;70;72;71;0;No;No;No
5286;9;10;11;15;2;30;18;27;16;23;43;38;0;34;40;52;58;57;54;60;64;68;73;74;70;0;No;No;No
5287;15;2;1;14;8;16;22;28;25;21;36;37;0;35;33;46;55;57;49;58;67;62;64;63;71;0;No;No;No
5288;4;2;5;14;1;24;27;30;23;20;42;36;0;40;39;51;54;58;47;50;70;63;65;72;62;0;No;No;No
5289;12;9;2;1;4;17;21;16;23;27;39;33;0;31;45;46;51;56;49;59;69;65;72;67;62;0;No;No;No
5290;2;9;3;12;5;17;16;20;21;30;43;33;0;42;34;54;46;55;49;47;66;74;72;71;67;0;No;No;No
5291;9;8;11;3;10;27;17;19;28;23;33;38;0;36;35;49;57;46;55;58;61;73;63;69;74;0;No;No;No
5292;14;3;2;5;10;27;28;21;18;30;41;42;0;38;33;57;47;55;58;46;70;69;64;66;62;0;No;No;No
5293;12;5;8;7;11;29;22;17;19;27;36;32;0;39;33;58;52;47;48;54;72;66;68;71;61;0;No;No;No
5294;2;10;1;7;5;23;21;27;20;19;44;39;0;32;36;54;52;49;50;59;68;65;71;67;61;0;No;No;No
5295;5;8;6;4;11;26;23;22;19;21;33;43;0;40;32;48;54;59;58;47;69;61;72;65;63;0;No;No;No
5296;3;10;4;8;14;20;30;26;18;23;42;40;0;41;31;55;48;56;52;50;73;69;68;64;67;0;No;No;No
5297;6;12;13;3;10;24;19;20;27;17;41;39;0;32;40;51;55;53;58;54;63;68;74;75;62;0;No;No;No
5298;12;14;8;7;3;21;18;23;30;22;34;42;0;33;32;60;58;46;57;49;64;69;63;66;74;0;No;No;No
5299;11;5;12;4;10;16;27;19;30;28;37;32;0;31;33;52;58;57;50;53;61;62;66;65;67;0;No;No;No
5300;1;2;6;9;12;25;20;16;17;18;31;44;0;38;32;51;46;47;58;59;61;70;63;64;62;0;No;No;No
5301;3;4;13;9;7;27;28;23;29;26;43;36;0;41;38;52;50;48;57;60;69;63;65;70;64;0;No;No;No
5302;7;11;12;3;1;24;28;21;29;30;35;40;0;36;38;49;56;47;58;53;70;73;63;66;71;0;No;No;No
5303;11;3;9;10;1;27;24;23;25;30;38;33;0;40;39;47;52;57;48;54;73;70;61;66;75;0;No;No;No
5304;9;4;12;14;8;18;17;30;24;29;36;39;0;35;41;55;51;47;53;57;68;63;71;70;62;0;No;No;No
5305;12;7;5;1;9;27;23;17;26;28;42;31;0;40;45;52;49;58;50;54;65;62;70;69;72;0;No;No;No
5306;4;14;2;3;15;21;23;25;24;16;39;37;0;31;44;47;54;58;59;57;63;66;75;69;70;0;No;No;No
5307;12;2;14;6;5;19;25;16;27;17;44;35;0;33;37;59;46;48;56;60;62;73;66;68;69;0;No;No;No
5308;14;5;8;7;13;28;27;29;16;23;38;35;0;45;39;55;54;51;47;46;74;69;61;66;70;0;No;No;No
5309;8;9;14;10;4;16;27;21;23;28;33;44;0;41;42;59;53;48;57;54;68;66;62;72;67;0;No;No;No
5310;12;6;7;9;4;25;28;30;16;20;43;36;0;35;45;47;46;51;59;53;61;71;66;73;75;0;No;No;No
5311;15;10;2;6;7;17;18;24;16;26;32;35;0;31;34;58;48;53;54;51;67;74;62;63;70;0;No;No;No
5312;7;11;3;4;6;24;30;27;22;18;31;45;0;43;41;51;46;49;58;50;61;67;64;66;69;0;No;No;No
5313;10;9;11;4;1;19;25;24;26;27;36;33;0;43;41;50;51;47;53;54;66;61;65;70;74;0;No;No;No
5314;9;11;2;12;14;21;27;26;23;29;41;40;0;33;34;55;50;47;46;51;75;74;71;66;68;0;No;No;No
5315;14;1;12;7;6;28;30;18;17;21;35;43;0;33;45;60;59;48;55;51;63;71;70;65;62;0;No;No;No
5316;1;11;10;14;7;20;27;19;23;30;43;41;0;37;34;59;57;55;58;54;66;72;61;62;64;0;No;No;No
5317;13;1;9;3;8;28;29;26;20;16;42;39;0;32;31;46;47;56;50;58;73;69;64;66;74;0;No;No;No
5318;5;4;6;8;13;28;18;29;17;19;42;43;0;35;37;53;58;46;54;57;72;66;61;69;63;0;No;No;No
5319;10;6;7;5;14;28;22;23;21;30;44;31;0;45;36;56;53;54;60;47;62;69;61;64;65;0;No;No;No
5320;6;4;5;10;13;27;23;21;22;20;38;31;0;36;35;58;59;60;46;52;68;73;64;67;72;0;No;No;No
5321;8;12;11;10;9;17;21;19;16;27;31;42;0;33;44;52;46;53;47;54;69;67;72;65;63;0;No;No;No
5322;8;1;9;12;3;19;29;30;27;20;44;31;0;43;45;54;51;53;58;57;72;67;62;61;71;0;No;No;No
5323;14;9;1;2;13;18;21;16;22;19;37;31;0;44;41;49;54;58;46;48;72;65;67;64;71;0;No;No;No
5324;3;12;14;15;5;19;22;24;16;18;36;42;0;43;45;54;56;50;49;57;68;63;72;66;70;0;No;No;No
5325;1;13;6;9;5;22;26;16;27;24;31;32;0;39;41;59;47;48;46;51;72;75;70;64;62;0;No;No;No
5326;6;4;13;12;5;28;16;21;20;29;31;43;0;45;37;57;46;55;59;58;61;64;74;71;68;0;No;No;No
5327;3;6;12;13;10;25;27;21;23;30;33;38;0;37;42;50;49;46;48;57;66;71;63;64;61;0;No;No;No
5328;4;9;1;15;12;19;27;21;28;24;34;35;0;38;37;48;56;50;49;55;61;68;65;67;62;0;No;No;No
5329;7;1;13;8;10;27;25;20;21;19;38;41;0;45;32;56;54;58;55;57;63;70;65;74;67;0;No;No;No
5330;4;10;12;14;11;21;18;27;22;25;42;32;0;33;43;46;60;49;59;54;71;62;74;65;70;0;No;No;No
5331;2;5;6;12;10;18;17;16;24;29;35;31;0;36;44;57;50;51;49;48;64;65;74;66;71;0;No;No;No
5332;14;13;11;6;15;22;19;21;28;26;44;40;0;36;33;50;57;60;51;53;68;73;65;64;71;0;No;No;No
5333;9;11;4;12;13;20;27;24;23;19;38;34;0;35;44;55;46;49;47;51;67;73;70;66;62;0;No;No;No
5334;4;6;11;5;1;23;17;28;27;24;34;44;0;39;36;55;52;49;59;60;68;63;65;73;62;0;No;No;No
5335;7;10;12;4;1;17;26;16;29;23;38;40;0;41;34;60;56;54;48;46;71;65;67;62;63;0;No;No;No
5336;5;1;12;9;13;29;16;25;23;17;31;40;0;39;42;59;54;51;52;48;65;64;73;63;68;0;No;No;No
5337;2;14;6;11;12;20;24;16;17;27;45;35;0;32;42;52;53;49;51;54;66;68;62;70;67;0;No;No;No
5338;7;2;13;9;5;25;21;17;20;16;43;37;0;38;35;55;49;50;46;56;67;65;72;73;64;0;No;No;No
5339;14;2;1;7;8;21;23;29;20;16;45;40;0;44;33;51;46;59;50;56;73;69;72;68;74;0;No;No;No
5340;1;2;10;3;8;29;27;19;17;26;32;31;0;35;38;55;51;53;47;48;68;71;64;73;67;0;No;No;No
5341;1;10;11;4;7;26;25;18;20;28;43;40;0;38;39;53;49;59;51;58;62;71;67;69;66;0;No;No;No
5342;7;13;1;11;10;28;18;29;22;19;36;34;0;33;37;49;51;54;55;58;62;74;75;72;71;0;No;No;No
5343;15;13;3;7;11;19;25;24;26;27;35;39;0;41;31;50;59;57;49;48;70;67;71;72;65;0;No;No;No
5344;5;4;13;14;1;29;19;24;28;21;39;31;0;42;40;46;47;58;60;51;70;75;66;71;73;0;No;No;No
5345;6;7;14;4;9;26;28;21;29;20;34;41;0;32;35;59;56;46;51;54;63;61;73;68;74;0;No;No;No
5346;7;8;11;9;13;21;19;23;28;24;35;33;0;32;34;52;46;56;59;53;66;73;63;72;62;0;No;No;No
5347;11;2;3;12;6;26;21;19;22;24;36;39;0;41;44;59;58;49;55;52;68;75;69;66;73;0;No;No;No
5348;6;8;2;4;10;17;27;16;18;28;43;32;0;45;44;57;55;60;56;48;66;74;62;67;72;0;No;No;No
5349;6;14;8;10;1;17;26;27;19;20;41;43;0;38;35;50;46;53;57;59;73;72;65;64;69;0;No;No;No
5350;8;12;2;1;14;24;28;16;19;21;42;40;0;33;35;51;46;48;52;49;73;69;64;66;61;0;No;No;No
5351;15;10;7;2;14;23;18;26;25;24;32;44;0;40;31;48;59;53;55;60;64;70;63;68;69;0;No;No;No
5352;6;11;8;9;12;16;19;24;20;18;31;35;0;44;40;53;47;56;51;49;61;71;64;66;74;0;No;No;No
5353;4;3;2;7;9;19;21;22;24;28;35;40;0;31;41;56;55;52;47;50;74;63;69;68;61;0;No;No;No
5354;2;14;5;11;15;26;25;28;21;29;40;34;0;33;42;55;48;56;60;57;69;75;64;71;63;0;No;No;No
5355;12;7;8;9;4;17;24;16;19;27;38;42;0;33;43;58;60;49;57;52;68;67;66;61;72;0;No;No;No
5356;12;15;14;6;3;18;16;19;20;24;44;38;0;35;31;59;47;46;54;56;72;71;67;66;63;0;No;No;No
5357;4;11;13;14;3;29;17;26;27;28;31;35;0;32;41;46;52;49;55;51;72;64;71;73;61;0;No;No;No
5358;1;12;7;3;5;19;16;25;21;20;38;44;0;42;31;57;51;60;46;48;63;68;62;72;65;0;No;No;No
5359;3;4;11;5;6;16;30;27;23;29;35;37;0;39;38;50;53;55;59;58;72;71;75;61;73;0;No;No;No
5360;7;12;4;8;9;25;26;24;19;23;43;38;0;31;36;60;58;56;52;47;61;68;70;75;72;0;No;No;No
5361;10;14;3;1;6;22;23;18;27;24;37;41;0;33;43;55;49;48;52;59;69;75;65;67;62;0;No;No;No
5362;14;7;11;1;2;21;16;26;25;17;38;31;0;41;40;59;46;49;54;57;74;71;66;65;62;0;No;No;No
5363;1;7;11;12;9;16;22;23;17;25;35;40;0;32;42;58;51;53;57;56;74;71;72;67;63;0;No;No;No
5364;13;6;7;5;14;29;19;21;16;23;44;40;0;34;37;56;54;47;50;51;66;61;70;69;64;0;No;No;No
5365;5;12;4;10;7;28;26;21;25;17;41;39;0;33;44;60;48;59;52;51;72;73;69;64;66;0;No;No;No
5366;1;13;12;15;6;23;24;16;28;26;38;33;0;39;41;54;56;53;50;52;67;61;66;68;62;0;No;No;No
5367;12;3;10;1;4;17;25;30;29;19;43;36;0;41;31;56;51;47;58;59;75;68;64;72;66;0;No;No;No
5368;10;6;5;2;12;27;16;25;29;26;32;35;0;43;37;54;53;50;49;57;74;67;73;70;65;0;No;No;No
5369;2;3;8;9;5;19;17;29;16;25;33;41;0;39;44;57;48;51;53;55;68;66;72;74;62;0;No;No;No
5370;2;14;8;4;6;25;19;20;24;23;36;35;0;39;31;52;56;51;50;54;64;70;61;73;71;0;No;No;No
5371;14;6;11;3;4;20;17;21;22;16;40;32;0;44;37;56;51;46;54;50;65;69;75;73;61;0;No;No;No
5372;8;9;6;10;12;22;28;21;26;23;36;43;0;40;38;52;51;47;57;54;67;63;69;72;75;0;No;No;No
5373;5;9;13;12;6;19;21;22;26;25;35;37;0;34;31;49;58;46;60;48;63;74;64;73;62;0;No;No;No
5374;5;9;4;14;6;18;23;21;27;26;41;34;0;40;38;51;53;50;52;49;69;73;62;71;64;0;No;No;No
5375;10;3;6;5;4;16;23;19;26;18;38;44;0;37;34;58;54;59;46;53;62;68;64;69;61;0;No;No;No
5376;14;7;5;3;12;20;23;17;29;28;43;32;0;37;36;51;52;55;57;49;68;66;74;63;75;0;No;No;No
5377;11;9;10;5;8;29;26;25;17;20;32;41;0;44;43;54;48;56;51;55;70;66;71;64;68;0;No;No;No
5378;5;6;11;3;15;27;20;29;22;16;40;32;0;33;31;59;47;55;46;48;73;61;70;71;63;0;No;No;No
5379;3;2;10;11;15;24;22;19;29;26;32;40;0;44;43;46;57;49;51;54;69;65;63;67;71;0;No;No;No
5380;7;14;15;8;1;23;16;25;21;18;34;31;0;41;44;52;54;46;57;47;70;68;69;74;63;0;No;No;No
5381;8;13;2;9;6;17;28;23;22;19;38;36;0;31;39;49;50;54;51;59;73;69;66;72;68;0;No;No;No
5382;15;2;11;1;7;18;19;25;29;27;33;42;0;37;44;52;54;57;50;59;62;72;70;75;74;0;No;No;No
5383;12;15;11;2;4;28;19;29;25;18;40;31;0;32;43;49;59;51;58;50;61;65;68;67;74;0;No;No;No
5384;14;11;5;2;9;19;28;22;17;23;32;45;0;35;40;49;56;54;53;46;69;73;74;68;72;0;No;No;No
5385;3;15;7;12;10;22;25;26;21;18;33;43;0;34;37;56;51;54;58;48;74;63;69;68;70;0;No;No;No
5386;10;9;12;4;8;22;18;19;17;27;32;34;0;40;36;48;59;46;53;52;72;71;61;64;62;0;No;No;No
5387;12;9;2;14;1;23;29;25;26;21;45;34;0;42;43;51;50;60;48;49;72;68;73;67;65;0;No;No;No
5388;9;14;4;13;12;25;16;29;21;22;35;43;0;37;40;50;49;57;59;52;61;66;62;64;65;0;No;No;No
5389;1;9;5;14;8;26;24;16;30;22;44;42;0;31;36;56;47;50;59;48;66;62;63;74;70;0;No;No;No
5390;11;7;6;1;8;25;18;23;28;26;42;34;0;39;44;49;50;58;56;55;68;71;62;67;64;0;No;No;No
5391;11;7;8;3;4;22;16;25;30;17;31;36;0;37;39;55;51;49;54;46;70;71;62;61;65;0;No;No;No
5392;8;11;9;2;13;19;22;21;30;29;42;38;0;40;34;55;56;58;51;48;74;68;63;71;62;0;No;No;No
5393;15;12;7;11;2;18;30;17;16;27;31;43;0;38;35;57;53;55;59;60;69;72;65;66;70;0;No;No;No
5394;11;2;9;1;8;28;19;22;18;27;35;31;0;43;45;53;56;58;49;52;75;69;66;62;73;0;No;No;No
5395;5;9;10;11;1;20;19;21;28;16;41;44;0;43;42;59;58;55;57;47;61;62;70;68;64;0;No;No;No
5396;5;9;11;1;7;23;30;24;22;18;45;34;0;32;40;48;54;50;58;57;69;61;66;67;74;0;No;No;No
5397;1;7;8;6;11;19;24;23;20;18;33;38;0;36;44;55;54;53;46;58;71;72;64;66;70;0;No;No;No
5398;1;10;12;2;14;19;23;16;17;24;35;39;0;41;32;52;54;46;49;56;62;63;64;70;66;0;No;No;No
5399;5;2;12;8;14;17;24;27;29;23;39;34;0;45;35;50;57;51;47;55;62;72;67;73;61;0;No;No;No
5400;9;13;2;11;8;25;16;24;17;18;37;35;0;34;32;49;55;48;52;53;74;65;62;71;72;0;No;No;No
5401;9;3;6;14;1;26;19;27;23;17;31;35;0;39;40;58;59;54;46;53;73;71;62;75;64;0;No;No;No
5402;6;14;13;3;12;24;26;27;23;22;41;32;0;39;42;46;48;52;50;59;70;68;73;61;69;0;No;No;No
5403;8;13;14;6;12;19;27;23;16;22;42;39;0;44;33;55;51;49;57;47;62;68;73;64;63;0;No;No;No
5404;14;10;7;8;13;19;29;28;24;20;31;39;0;34;44;46;56;48;50;55;66;68;62;64;69;0;No;No;No
5405;5;10;8;6;7;25;20;21;18;17;45;34;0;35;32;52;55;60;58;56;69;67;65;62;73;0;No;No;No
5406;5;14;11;6;12;23;21;27;26;30;41;31;0;38;44;52;56;48;57;54;74;65;71;63;73;0;No;No;No
5407;7;3;2;8;14;17;26;27;19;25;37;42;0;33;39;58;48;56;46;57;67;74;73;66;65;0;No;No;No
5408;8;13;2;9;14;27;30;17;16;20;40;32;0;44;33;46;60;49;48;52;72;63;69;64;66;0;No;No;No
5409;10;15;8;12;5;30;21;16;19;25;31;44;0;37;43;54;57;56;48;59;66;74;64;65;62;0;No;No;No
5410;4;6;8;10;2;25;18;24;27;23;31;42;0;40;36;59;52;49;57;47;71;66;63;73;74;0;No;No;No
5411;4;12;8;1;2;28;18;21;30;29;36;39;0;31;44;46;48;55;49;56;72;66;64;67;69;0;No;No;No
5412;11;7;2;10;12;18;21;25;22;27;31;45;0;42;44;53;52;58;56;55;63;69;64;68;61;0;No;No;No
5413;5;11;6;1;3;20;23;28;16;25;42;44;0;38;31;53;58;51;52;59;70;73;68;64;61;0;No;No;No
5414;3;11;6;4;14;25;27;23;21;29;39;35;0;44;33;59;57;47;48;52;73;62;61;74;69;0;No;No;No
5415;4;3;7;13;9;27;24;25;20;18;34;37;0;35;38;48;46;55;51;57;72;66;73;62;69;0;No;No;No
5416;15;4;5;6;2;20;23;22;17;26;36;34;0;43;44;59;60;50;46;48;72;62;64;65;63;0;No;No;No
5417;9;8;13;5;6;30;22;18;25;19;31;39;0;37;41;53;51;54;48;50;74;64;63;73;66;0;No;No;No
5418;4;12;2;9;14;17;24;26;20;16;44;31;0;41;42;47;50;59;57;51;69;67;63;64;74;0;No;No;No
5419;3;13;4;7;15;26;20;28;21;19;31;32;0;39;40;50;47;60;49;54;61;68;73;75;67;0;No;No;No
5420;7;3;12;4;10;20;28;24;17;27;40;32;0;34;38;47;57;60;55;58;70;71;62;73;74;0;No;No;No
5421;14;13;9;7;3;16;25;19;23;27;39;33;0;35;41;46;55;54;57;59;68;74;64;75;71;0;No;No;No
5422;13;7;14;6;11;21;27;28;18;17;32;36;0;37;42;52;47;58;59;57;65;61;69;71;67;0;No;No;No
5423;2;4;1;9;6;16;27;29;21;23;36;38;0;42;40;54;49;52;59;47;74;67;64;71;70;0;No;No;No
5424;6;12;1;10;15;19;24;29;22;28;38;36;0;37;33;52;54;56;49;46;64;61;68;73;65;0;No;No;No
5425;6;5;9;11;1;26;23;28;27;16;38;44;0;43;42;56;55;54;53;52;71;72;68;73;65;0;No;No;No
5426;15;11;8;12;14;17;25;20;18;26;39;38;0;33;37;59;52;54;48;58;69;67;73;71;61;0;No;No;No
5427;1;9;11;3;13;20;16;21;18;26;42;31;0;37;44;59;51;58;50;46;70;63;66;68;65;0;No;No;No
5428;10;4;14;8;6;26;27;23;20;29;39;35;0;42;38;48;52;53;56;58;71;74;65;61;62;0;No;No;No
5429;9;5;2;1;4;16;17;18;23;19;39;38;0;43;32;50;53;46;58;59;62;72;67;64;65;0;No;No;No
5430;8;7;3;2;5;18;23;20;24;21;31;42;0;32;37;51;54;55;46;57;75;61;67;62;65;0;No;No;No
5431;13;8;2;14;6;18;23;24;20;25;40;38;0;32;39;50;53;47;55;58;67;72;62;70;63;0;No;No;No
5432;11;7;13;10;8;28;26;18;19;22;43;39;0;33;40;51;53;60;46;55;75;68;64;63;65;0;No;No;No
5433;3;13;9;12;10;27;22;18;28;23;38;41;0;43;37;56;57;59;58;54;61;67;66;62;63;0;No;No;No
5434;2;15;6;1;11;25;18;27;20;30;32;43;0;39;36;47;48;53;52;58;68;61;63;72;65;0;No;No;No
5435;1;3;11;13;8;19;24;29;25;26;40;43;0;32;37;53;50;54;55;60;67;71;63;70;74;0;No;No;No
5436;5;11;2;4;6;20;22;17;30;23;45;40;0;38;41;46;51;60;47;54;65;72;61;66;64;0;No;No;No
5437;1;10;5;13;8;21;29;19;26;22;38;39;0;32;34;57;54;53;58;60;62;63;66;72;69;0;No;No;No
5438;1;5;3;13;2;22;25;17;28;19;38;32;0;39;41;48;51;58;47;54;62;67;68;69;70;0;No;No;No
5439;6;14;11;13;4;17;27;25;18;28;41;32;0;39;40;48;59;52;50;46;71;68;72;65;64;0;No;No;No
5440;10;14;1;2;9;19;27;29;24;16;33;37;0;44;45;47;59;51;56;52;64;63;72;62;73;0;No;No;No
5441;3;4;13;15;14;20;19;25;29;17;36;31;0;34;44;53;49;51;46;52;63;64;66;70;62;0;No;No;No
5442;1;14;15;6;11;19;22;21;24;26;37;38;0;44;34;46;59;51;50;56;73;70;63;67;61;0;No;No;No
5443;2;4;3;11;14;27;25;21;16;19;38;41;0;43;34;46;58;50;51;53;72;62;64;65;70;0;No;No;No
5444;12;6;3;9;4;23;20;19;26;24;42;44;0;43;41;56;55;51;57;52;66;63;64;73;71;0;No;No;No
5445;8;12;14;2;13;20;23;25;16;24;36;42;0;39;35;51;48;53;57;49;63;72;70;65;66;0;No;No;No
5446;3;6;11;13;2;28;19;21;29;16;34;45;0;37;42;54;55;57;49;52;72;67;73;64;70;0;No;No;No
5447;14;11;1;13;6;29;28;24;16;30;43;37;0;41;44;49;53;56;57;48;69;70;75;67;64;0;No;No;No
5448;9;6;11;12;1;21;20;30;16;24;34;35;0;40;38;47;56;52;57;51;64;65;62;72;69;0;No;No;No
5449;7;14;1;12;13;27;18;26;29;16;33;35;0;37;41;58;47;57;54;55;63;73;74;68;69;0;No;No;No
5450;4;8;11;12;5;23;16;21;25;24;35;37;0;38;44;54;49;56;46;53;63;69;71;62;70;0;No;No;No
5451;3;11;7;10;8;16;18;22;30;27;43;35;0;32;31;60;46;48;55;58;69;61;73;64;67;0;No;No;No
5452;3;1;9;6;13;26;18;28;19;27;34;32;0;41;37;48;46;51;58;53;68;72;74;66;71;0;No;No;No
5453;14;3;7;11;8;24;26;22;18;21;37;31;0;38;34;55;46;50;53;57;71;65;74;66;68;0;No;No;No
5454;11;7;15;9;1;20;19;23;17;28;40;39;0;34;37;59;47;53;51;57;65;64;68;62;73;0;No;No;No
5455;3;6;7;4;1;18;19;21;25;16;42;36;0;37;32;58;46;52;48;51;68;74;75;65;73;0;No;No;No
5456;11;9;12;8;5;17;30;19;27;22;37;36;0;32;40;49;47;54;46;56;71;67;66;61;75;0;No;No;No
5457;4;13;6;5;9;18;20;25;26;19;41;43;0;33;37;46;47;51;49;52;69;63;67;66;61;0;No;No;No
5458;7;6;9;11;8;26;17;25;20;29;44;42;0;31;36;52;55;56;47;50;73;70;75;74;62;0;No;No;No
5459;13;7;4;11;10;28;22;29;30;24;40;44;0;32;31;52;60;51;49;46;64;63;73;75;69;0;No;No;No
5460;1;8;3;9;11;27;18;21;19;28;39;43;0;40;34;56;54;48;52;59;71;64;65;69;72;0;No;No;No
5461;14;1;2;12;7;20;29;19;18;21;41;38;0;43;33;49;57;60;58;52;68;74;69;65;64;0;No;No;No
5462;2;3;5;14;7;18;17;29;28;26;38;35;0;45;31;46;52;47;59;57;75;63;71;61;69;0;No;No;No
5463;6;8;7;13;1;16;20;25;23;26;44;31;0;33;43;58;48;55;59;57;75;71;70;62;65;0;No;No;No
5464;13;1;2;14;6;17;19;23;18;24;40;44;0;37;42;50;59;47;48;57;70;72;71;61;67;0;No;No;No
5465;12;10;9;6;1;27;26;24;17;22;38;42;0;39;43;51;48;56;47;55;62;69;71;73;70;0;No;No;No
5466;13;10;12;9;1;26;16;22;28;24;36;45;0;31;38;46;50;47;59;53;68;70;64;72;75;0;No;No;No
5467;3;14;5;1;15;19;27;17;29;21;44;40;0;35;42;51;47;57;54;60;73;67;68;75;72;0;No;No;No
5468;2;4;13;3;14;27;19;30;29;20;36;32;0;41;33;48;59;47;53;51;63;69;71;61;70;0;No;No;No
5469;6;14;9;4;2;16;21;24;18;26;38;31;0;40;32;59;55;56;49;57;61;68;66;65;70;0;No;No;No
5470;6;2;13;9;8;17;23;25;22;29;31;41;0;42;43;51;56;53;47;48;70;72;66;69;62;0;No;No;No
5471;4;8;1;6;3;20;29;23;16;19;37;34;0;32;33;54;51;57;50;56;69;64;65;74;63;0;No;No;No
5472;7;12;13;10;14;30;23;29;28;21;39;42;0;45;35;53;50;48;49;52;62;71;69;68;72;0;No;No;No
5473;4;9;5;1;15;16;29;18;26;21;34;43;0;44;40;48;52;51;50;60;65;66;68;63;73;0;No;No;No
5474;11;1;3;14;10;23;17;25;20;30;37;36;0;41;44;53;57;49;54;51;64;73;69;74;63;0;No;No;No
5475;13;8;2;10;12;17;30;26;16;20;36;45;0;44;34;51;49;48;59;56;64;71;61;69;63;0;No;No;No
5476;11;7;2;3;6;28;19;21;22;17;44;43;0;41;33;57;52;56;59;50;74;71;72;67;64;0;No;No;No
5477;7;8;2;13;1;17;26;28;21;20;35;32;0;42;41;48;55;58;49;47;69;70;72;64;61;0;No;No;No
5478;9;3;1;7;4;16;23;17;25;20;43;38;0;40;32;56;47;50;60;52;73;66;68;74;63;0;No;No;No
5479;15;7;5;10;8;22;21;24;30;18;35;33;0;38;40;54;57;51;56;58;68;65;69;74;75;0;No;No;No
5480;4;8;3;7;11;16;25;29;21;23;45;33;0;35;36;50;59;52;56;53;71;61;73;72;66;0;No;No;No
5481;9;6;15;7;5;29;19;26;28;24;41;38;0;31;32;51;49;46;54;50;71;69;63;74;66;0;No;No;No
5482;1;9;14;15;2;17;20;22;18;19;41;31;0;38;44;46;50;54;48;53;70;64;73;75;67;0;No;No;No
5483;11;13;12;4;14;23;27;25;28;16;36;35;0;34;31;53;54;50;60;51;69;70;64;68;67;0;No;No;No
5484;2;12;10;13;1;19;28;30;22;20;40;34;0;43;38;46;57;58;52;54;68;69;67;63;61;0;No;No;No
5485;7;10;1;11;2;24;16;23;22;27;33;44;0;31;35;50;56;48;52;57;71;70;61;72;73;0;No;No;No
5486;3;8;12;9;2;18;17;26;24;29;38;32;0;44;35;54;58;48;60;57;61;74;71;63;73;0;No;No;No
5487;4;1;6;15;5;26;18;19;20;27;39;31;0;37;38;58;49;50;46;59;74;64;69;71;67;0;No;No;No
5488;11;5;14;6;12;25;30;26;19;18;41;42;0;43;36;55;57;46;49;50;62;73;75;67;71;0;No;No;No
5489;6;8;2;1;4;17;28;25;18;29;40;44;0;41;38;47;54;55;60;59;69;64;71;63;62;0;No;No;No
5490;7;8;13;2;4;16;21;28;18;22;37;34;0;31;45;60;49;53;58;52;66;71;74;63;70;0;No;No;No
5491;12;8;9;7;6;27;16;19;17;21;43;41;0;38;36;47;54;50;46;58;65;61;62;66;72;0;No;No;No
5492;5;1;14;2;9;28;19;24;17;20;42;38;0;44;31;53;52;51;58;56;70;75;72;71;74;0;No;No;No
5493;9;11;10;2;8;30;25;16;20;19;35;36;0;41;39;50;49;51;54;52;69;63;62;66;74;0;No;No;No
5494;10;1;11;3;8;26;17;27;18;28;38;44;0;33;43;58;55;47;57;48;69;66;74;65;73;0;No;No;No
5495;8;1;15;14;9;16;29;24;26;21;37;38;0;45;43;59;48;50;54;60;67;62;74;65;68;0;No;No;No
5496;11;1;7;5;2;19;28;29;23;26;41;45;0;31;38;52;47;60;59;49;67;72;70;62;65;0;No;No;No
5497;13;10;11;2;6;29;18;23;22;16;39;44;0;33;37;51;54;55;46;58;70;73;72;69;67;0;No;No;No
5498;5;10;8;1;12;28;27;23;16;30;38;37;0;34;36;54;60;57;59;48;63;71;62;72;69;0;No;No;No
5499;6;7;2;1;11;27;30;18;24;21;37;31;0;35;40;53;59;50;46;52;71;63;62;66;74;0;No;No;No
5500;13;11;5;4;7;28;16;23;27;29;36;40;0;32;33;55;59;48;49;50;65;71;63;68;70;0;No;No;No
5501;11;14;6;12;9;21;28;20;18;16;32;40;0;37;42;52;58;57;46;51;67;69;66;62;73;0;No;No;No
5502;1;2;13;7;9;16;20;22;23;25;38;42;0;40;43;53;59;51;58;56;63;68;69;62;66;0;No;No;No
5503;3;14;13;4;5;29;23;21;28;19;33;36;0;31;35;53;52;58;49;50;68;63;73;71;69;0;No;No;No
5504;10;2;4;9;11;23;26;27;29;18;44;34;0;36;32;47;52;56;48;50;75;68;71;70;69;0;No;No;No
5505;3;6;1;14;7;23;17;18;21;19;39;42;0;31;37;46;58;48;56;51;70;64;72;74;73;0;No;No;No
5506;15;7;11;2;8;25;24;20;29;28;34;37;0;31;33;50;57;53;55;49;71;67;61;73;75;0;No;No;No
5507;1;13;7;9;10;28;16;26;29;23;40;38;0;35;43;55;54;59;57;53;67;64;73;71;66;0;No;No;No
5508;4;3;9;7;5;28;17;29;22;27;31;40;0;42;44;59;55;50;49;57;69;71;74;62;64;0;No;No;No
5509;1;14;13;3;2;17;25;16;21;27;44;31;0;34;36;57;49;55;59;60;72;70;69;66;74;0;No;No;No
5510;10;7;5;8;2;16;29;24;27;22;32;39;0;34;40;58;46;52;59;49;68;63;64;66;62;0;No;No;No
5511;6;9;12;7;4;25;27;16;29;30;37;32;0;38;31;51;56;53;57;55;72;70;73;63;66;0;No;No;No
5512;2;13;6;9;1;29;18;21;27;24;44;38;0;32;42;54;58;52;56;55;71;72;63;65;64;0;No;No;No
5513;13;4;10;2;11;16;28;26;20;22;40;38;0;39;44;46;56;54;59;50;67;73;71;62;70;0;No;No;No
5514;10;5;11;8;14;22;23;28;24;25;36;40;0;45;43;59;47;50;51;56;64;71;62;65;66;0;No;No;No
5515;2;14;12;8;11;17;23;29;21;18;38;37;0;32;41;56;59;47;48;46;72;64;69;73;66;0;No;No;No
5516;10;1;12;14;11;22;18;20;25;29;35;41;0;36;39;46;56;51;53;50;70;61;67;68;72;0;No;No;No
5517;1;6;3;10;15;26;21;22;16;27;37;42;0;39;43;50;48;53;57;55;62;64;72;68;65;0;No;No;No
5518;9;11;6;5;14;27;20;21;17;22;45;42;0;34;31;59;56;55;50;51;72;74;67;62;71;0;No;No;No
5519;4;5;9;2;8;26;17;21;30;22;38;34;0;32;42;55;47;57;52;46;69;62;65;75;66;0;No;No;No
5520;3;4;6;10;2;29;25;19;28;21;42;37;0;34;44;53;50;57;54;51;66;64;69;62;63;0;No;No;No
5521;2;1;9;7;12;29;27;17;26;28;43;35;0;41;37;49;52;51;56;55;61;73;69;66;65;0;No;No;No
5522;6;1;3;12;10;22;16;18;20;26;41;38;0;35;37;58;50;56;59;55;67;61;62;71;73;0;No;No;No
5523;14;8;7;9;3;23;24;17;18;20;35;32;0;39;43;52;53;48;56;54;62;61;64;63;69;0;No;No;No
5524;9;10;11;12;4;16;28;30;22;27;41;32;0;42;44;56;47;54;46;52;69;63;72;75;62;0;No;No;No
5525;3;13;14;6;9;24;16;28;25;23;35;41;0;38;43;50;55;51;49;53;69;72;68;65;62;0;No;No;No
5526;13;2;3;14;15;22;28;17;19;18;33;37;0;32;36;46;57;48;49;56;72;65;69;74;68;0;No;No;No
5527;11;6;7;13;10;23;18;27;29;20;34;40;0;35;38;57;47;53;46;49;66;69;74;68;70;0;No;No;No
5528;8;11;1;15;3;19;17;20;16;29;34;36;0;37;33;46;59;55;52;60;74;67;65;66;75;0;No;No;No
5529;10;5;7;15;13;23;21;22;27;19;38;42;0;43;45;49;47;58;53;52;71;66;68;74;62;0;No;No;No
5530;15;2;1;3;4;17;16;28;21;27;32;39;0;45;36;51;59;57;50;49;63;74;75;66;62;0;No;No;No
5531;2;6;13;7;14;29;19;18;24;30;43;39;0;44;45;54;49;56;48;59;73;68;64;71;62;0;No;No;No
5532;15;10;7;11;4;27;25;29;23;21;35;37;0;41;39;47;59;57;48;60;71;61;67;63;65;0;No;No;No
5533;2;8;13;12;11;19;24;27;26;25;37;33;0;43;42;52;56;55;57;53;70;61;66;63;68;0;No;No;No
5534;12;8;11;14;2;27;21;16;28;30;44;34;0;41;36;46;53;47;58;50;62;68;72;71;70;0;No;No;No
5535;5;4;1;14;13;25;22;28;18;19;31;43;0;44;42;57;51;58;47;46;68;73;71;72;65;0;No;No;No
5536;9;12;8;14;7;23;29;17;21;18;38;44;0;31;43;58;52;60;46;54;61;63;71;65;72;0;No;No;No
5537;13;7;5;1;12;28;16;19;29;30;42;43;0;41;39;59;55;57;60;56;71;63;62;64;72;0;No;No;No
5538;13;6;5;14;9;27;17;29;20;25;44;33;0;41;36;48;55;59;46;57;72;62;66;74;70;0;No;No;No
5539;11;14;1;6;12;18;30;17;22;27;41;33;0;34;32;49;50;54;47;46;64;72;65;70;62;0;No;No;No
5540;7;8;5;2;12;19;28;27;24;16;44;37;0;32;36;56;51;58;52;55;61;65;62;63;64;0;No;No;No
5541;9;12;14;10;4;17;18;22;28;27;39;35;0;37;41;59;49;56;46;51;74;75;70;68;67;0;No;No;No
5542;3;7;2;1;10;22;25;29;21;26;32;36;0;44;35;51;54;50;48;55;74;63;65;70;68;0;No;No;No
5543;10;12;13;8;5;21;19;29;20;28;31;39;0;42;44;51;52;55;50;57;70;67;69;75;61;0;No;No;No
5544;8;10;13;9;3;25;24;28;16;23;40;45;0;38;31;51;59;49;48;53;70;61;72;71;64;0;No;No;No
5545;2;11;10;7;15;16;29;28;27;23;38;35;0;36;33;54;49;52;58;46;62;71;73;68;61;0;No;No;No
5546;1;6;9;2;13;18;29;24;22;21;32;37;0;42;31;48;47;59;54;46;66;65;72;70;61;0;No;No;No
5547;3;13;11;12;14;22;19;24;20;28;37;40;0;32;42;59;46;55;51;50;67;65;75;63;64;0;No;No;No
5548;9;10;6;8;7;24;25;30;21;23;37;39;0;42;36;54;53;50;55;56;61;75;63;72;65;0;No;No;No
5549;11;5;13;3;14;28;27;16;21;20;36;39;0;37;44;54;47;46;60;50;70;71;66;63;67;0;No;No;No
5550;2;3;14;7;10;23;18;24;26;30;31;44;0;34;42;48;54;58;47;57;65;64;72;71;68;0;No;No;No
5551;3;1;11;7;15;17;21;19;29;28;34;38;0;36;44;48;53;57;58;51;67;71;73;62;68;0;No;No;No
5552;12;6;2;13;8;21;25;28;18;29;35;40;0;36;38;47;59;54;56;46;74;66;72;73;68;0;No;No;No
5553;8;9;3;10;12;24;26;17;18;22;32;44;0;31;39;46;50;51;58;57;62;70;61;64;74;0;No;No;No
5554;8;12;3;14;11;17;22;23;27;19;37;36;0;31;39;48;57;59;56;55;61;65;74;72;73;0;No;No;No
5555;3;4;5;13;6;20;27;16;17;19;33;38;0;31;39;52;51;55;49;58;71;75;70;62;66;0;No;No;No
5556;14;15;6;1;12;23;19;24;28;29;43;41;0;33;45;56;51;46;54;49;65;71;72;70;74;0;No;No;No
5557;7;1;14;4;10;23;21;27;24;17;37;45;0;44;33;58;48;50;52;51;65;66;69;68;70;0;No;No;No
5558;9;7;3;5;11;29;23;27;22;16;40;39;0;38;37;58;55;59;52;48;68;65;69;73;66;0;No;No;No
5559;14;5;8;13;12;19;23;16;27;22;37;40;0;36;45;58;56;46;52;47;67;63;66;72;61;0;No;No;No
5560;7;8;10;12;1;28;17;18;26;29;44;40;0;33;31;57;46;58;55;51;67;70;74;73;61;0;No;No;No
5561;6;1;15;3;14;28;17;29;25;26;39;41;0;34;38;49;46;50;58;57;61;71;69;74;73;0;No;No;No
5562;7;4;10;12;14;19;16;23;28;21;43;44;0;36;31;51;58;59;54;50;72;65;69;61;62;0;No;No;No
5563;11;10;15;2;6;17;28;23;30;21;45;34;0;39;38;54;52;60;53;59;73;68;65;71;62;0;No;No;No
5564;14;3;2;11;10;18;22;28;23;27;42;36;0;44;32;52;46;56;53;51;63;62;72;69;73;0;No;No;No
5565;3;2;9;11;7;29;19;17;21;20;35;33;0;44;45;57;50;58;49;54;75;64;68;69;63;0;No;No;No
5566;9;5;4;1;13;25;20;28;18;27;31;32;0;43;42;52;48;46;53;58;61;75;65;66;62;0;No;No;No
5567;8;1;13;10;2;23;24;26;16;21;43;39;0;42;38;52;49;51;53;59;70;71;63;62;64;0;No;No;No
5568;4;10;11;15;9;26;19;16;25;24;35;33;0;38;36;46;47;49;52;48;66;68;62;75;74;0;No;No;No
5569;7;4;14;2;5;20;28;16;18;30;42;39;0;41;45;60;53;50;52;46;62;74;71;61;72;0;No;No;No
5570;9;5;11;6;3;30;27;25;29;19;44;45;0;35;41;59;55;56;58;52;61;67;69;64;72;0;No;No;No
5571;10;2;6;8;1;21;20;27;25;26;39;31;0;41;37;57;48;46;56;49;61;65;72;69;63;0;No;No;No
5572;13;2;1;14;8;28;18;27;24;20;33;42;0;31;43;47;51;52;58;55;62;63;71;68;66;0;No;No;No
5573;14;6;2;11;13;24;28;20;25;18;37;42;0;32;33;51;50;54;58;47;64;62;61;71;73;0;No;No;No
5574;11;14;5;2;3;20;30;26;28;17;32;43;0;41;35;55;46;49;56;58;67;70;75;61;71;0;No;No;No
5575;6;2;7;3;14;25;22;23;20;30;31;42;0;40;37;54;52;53;58;47;64;65;67;68;72;0;No;No;No
5576;12;6;10;13;14;16;19;21;26;17;41;37;0;35;44;56;48;60;59;58;63;70;69;65;72;0;No;No;No
5577;15;1;8;2;6;25;28;22;18;24;40;31;0;43;39;50;49;51;47;58;74;72;70;62;64;0;No;No;No
5578;6;1;4;3;10;17;21;25;26;16;36;45;0;40;39;46;47;50;57;48;69;66;70;67;75;0;No;No;No
5579;14;2;3;12;9;29;22;19;17;27;32;39;0;40;42;59;52;51;54;47;73;67;66;61;74;0;No;No;No
5580;11;14;1;6;8;24;27;20;21;19;37;31;0;43;36;54;48;51;53;57;64;61;66;73;62;0;No;No;No
5581;11;14;2;13;10;25;16;28;18;22;32;37;0;36;39;60;55;51;47;52;70;72;66;62;68;0;No;No;No
5582;6;1;5;2;12;24;25;28;21;23;32;43;0;39;37;55;56;47;53;52;64;69;74;65;62;0;No;No;No
5583;7;8;14;11;9;22;19;20;28;25;36;32;0;35;34;48;56;49;54;58;67;68;72;71;63;0;No;No;No
5584;8;11;13;9;5;23;22;26;21;30;32;37;0;44;39;56;49;59;55;60;64;71;67;65;68;0;No;No;No
5585;2;12;10;15;13;27;17;22;21;23;36;32;0;37;44;57;58;51;55;59;63;65;73;67;61;0;No;No;No
5586;7;2;4;5;12;29;22;18;28;16;33;42;0;39;40;56;54;50;51;58;72;65;73;75;71;0;No;No;No
5587;5;1;9;4;3;21;23;29;22;17;40;38;0;33;31;58;52;49;47;50;70;69;63;65;66;0;No;No;No
5588;1;11;7;12;10;21;20;27;16;25;45;39;0;43;32;50;60;59;52;53;61;67;64;72;65;0;No;No;No
5589;11;4;14;1;2;26;23;20;16;22;45;34;0;33;32;48;47;59;46;58;64;71;63;65;68;0;No;No;No
5590;9;3;13;6;7;20;27;23;28;30;35;32;0;33;41;46;50;54;56;55;64;67;68;61;71;0;No;No;No
5591;13;3;6;8;7;29;21;18;24;28;41;39;0;42;43;59;58;46;47;48;64;65;61;67;69;0;No;No;No
5592;10;6;9;8;5;20;24;25;27;16;36;41;0;32;40;52;50;47;53;55;73;63;62;65;70;0;No;No;No
5593;6;1;7;8;9;22;23;16;29;24;39;44;0;31;35;53;56;59;52;48;61;65;64;68;70;0;No;No;No
5594;14;5;3;2;15;28;26;29;22;24;31;42;0;32;39;53;47;54;49;59;61;70;68;64;71;0;No;No;No
5595;6;7;1;14;13;19;22;27;21;16;45;31;0;38;35;55;58;47;50;51;64;70;72;69;73;0;No;No;No
5596;11;10;6;5;7;20;26;21;28;16;43;41;0;42;44;48;47;54;58;46;64;71;72;75;73;0;No;No;No
5597;13;5;15;1;9;17;24;27;18;28;36;40;0;35;41;53;54;56;47;46;73;62;63;68;67;0;No;No;No
5598;6;7;13;3;10;30;25;23;16;17;37;39;0;44;42;52;55;51;59;46;65;73;71;74;70;0;No;No;No
5599;7;10;12;9;6;30;19;22;29;27;33;43;0;34;44;51;53;59;54;56;66;70;67;75;62;0;No;No;No
5600;8;10;11;6;3;19;26;28;25;17;37;39;0;35;40;56;51;59;47;50;66;69;70;63;68;0;No;No;No
5601;5;11;8;4;15;18;21;20;25;28;40;33;0;44;35;56;51;60;50;58;74;68;61;70;69;0;No;No;No
5602;6;2;12;1;3;17;22;27;21;24;44;43;0;39;35;46;55;47;54;57;66;71;61;62;63;0;No;No;No
5603;3;14;10;2;8;25;28;24;17;29;42;44;0;39;37;48;59;50;49;53;71;62;65;69;63;0;No;No;No
5604;7;4;12;6;10;25;17;29;28;16;31;42;0;45;35;57;58;54;60;48;65;67;64;70;68;0;No;No;No
5605;1;12;4;13;9;30;18;20;24;25;39;45;0;42;43;46;58;48;54;57;70;62;74;61;66;0;No;No;No
5606;1;3;2;4;10;17;25;16;18;20;34;43;0;35;33;54;52;51;48;58;70;67;74;73;66;0;No;No;No
5607;13;2;4;8;1;30;26;27;22;20;31;41;0;42;45;58;51;56;50;59;64;61;68;62;71;0;No;No;No
5608;13;6;1;4;12;22;16;28;24;23;44;39;0;38;40;54;48;57;51;50;67;74;73;72;66;0;No;No;No
5609;7;13;4;3;9;28;29;23;17;21;32;31;0;34;33;50;53;60;57;56;73;65;61;70;66;0;No;No;No
5610;10;7;2;12;3;24;21;29;16;18;42;32;0;35;45;49;50;60;57;56;67;66;61;63;65;0;No;No;No
5611;7;8;14;15;11;25;23;19;26;27;45;43;0;31;33;60;56;51;59;48;72;61;73;62;74;0;No;No;No
5612;13;8;1;7;12;23;29;30;22;18;41;31;0;44;43;49;57;48;46;54;70;69;61;66;75;0;No;No;No
5613;13;15;11;6;7;17;20;21;26;22;31;34;0;42;35;51;59;47;58;46;61;73;67;64;71;0;No;No;No
5614;10;12;2;8;13;17;18;28;16;29;43;36;0;35;32;53;49;47;59;51;67;61;62;65;63;0;No;No;No
5615;14;8;3;6;12;16;19;28;17;23;34;36;0;44;37;46;49;57;50;54;72;66;75;69;70;0;No;No;No
5616;2;10;5;6;11;20;22;17;30;18;40;39;0;32;44;57;59;51;60;53;64;62;61;67;66;0;No;No;No
5617;2;13;5;7;10;26;24;22;28;17;43;38;0;36;40;52;57;59;48;53;66;72;67;64;62;0;No;No;No
5618;12;14;2;6;11;29;25;20;30;16;38;43;0;36;35;48;56;53;51;52;64;69;62;63;67;0;No;No;No
5619;10;5;11;4;9;20;25;23;26;27;38;34;0;36;41;46;54;59;53;56;61;66;72;70;68;0;No;No;No
5620;4;1;8;9;15;25;28;20;23;16;35;42;0;34;31;50;58;60;52;49;72;63;64;65;74;0;No;No;No
5621;3;15;1;5;10;24;21;19;20;25;31;41;0;43;35;51;60;48;54;59;73;65;68;61;66;0;No;No;No
5622;13;9;7;5;10;20;29;23;17;16;42;36;0;33;35;47;50;58;49;57;64;71;66;74;61;0;No;No;No
5623;9;6;10;3;15;20;22;24;17;30;42;44;0;41;39;59;48;53;56;58;74;71;70;69;64;0;No;No;No
5624;3;2;12;4;1;16;17;20;23;27;45;35;0;37;32;48;51;52;58;54;68;72;64;67;61;0;No;No;No
5625;4;12;1;15;7;17;16;27;20;21;35;41;0;42;40;49;60;59;53;54;69;61;63;71;66;0;No;No;No
5626;4;2;14;8;11;17;29;19;16;28;41;35;0;32;34;51;46;52;50;57;72;61;65;73;62;0;No;No;No
5627;12;11;14;5;1;17;29;27;19;20;37;33;0;36;32;54;46;59;58;52;73;69;61;65;64;0;No;No;No
5628;5;8;10;13;7;21;17;20;29;19;32;42;0;34;37;49;58;48;52;59;72;69;62;66;71;0;No;No;No
5629;9;10;5;14;3;29;21;20;17;16;33;45;0;39;43;48;59;49;47;54;65;75;62;73;69;0;No;No;No
5630;11;4;10;13;1;26;18;22;16;23;37;35;0;38;40;51;54;48;49;53;69;70;64;67;65;0;No;No;No
5631;10;14;2;13;8;28;23;20;24;25;33;35;0;44;45;46;60;57;50;55;65;71;62;66;72;0;No;No;No
5632;13;1;7;5;9;28;22;20;16;27;38;39;0;32;41;48;59;51;46;55;64;66;74;73;62;0;No;No;No
5633;8;5;9;13;14;28;18;27;22;26;35;39;0;32;42;46;49;48;54;55;66;74;68;67;61;0;No;No;No
5634;7;8;2;6;1;24;27;18;26;17;39;37;0;44;43;52;50;51;59;46;64;62;74;67;71;0;No;No;No
5635;3;6;7;5;13;29;23;28;16;22;31;32;0;44;36;46;57;59;47;56;71;62;73;65;74;0;No;No;No
5636;14;7;9;6;11;23;22;25;18;21;31;40;0;44;42;54;48;56;46;57;64;62;70;63;61;0;No;No;No
5637;1;14;2;11;5;26;16;17;25;30;37;42;0;45;32;49;56;50;57;58;72;68;69;70;66;0;No;No;No
5638;8;6;13;14;12;17;19;20;23;18;38;43;0;39;33;56;52;58;54;48;63;72;64;74;70;0;No;No;No
5639;4;3;13;12;2;21;17;16;28;19;32;34;0;40;41;50;58;46;49;51;69;65;70;74;61;0;No;No;No
5640;8;12;11;10;15;28;27;16;17;25;44;34;0;39;38;54;59;49;52;53;73;72;64;67;63;0;No;No;No
5641;6;14;10;2;8;16;30;21;25;23;33;35;0;37;36;52;47;57;56;50;70;65;63;61;72;0;No;No;No
5642;10;5;1;3;12;25;18;27;26;16;38;42;0;40;36;56;48;53;51;57;65;70;74;69;71;0;No;No;No
5643;4;7;1;14;3;28;16;26;21;25;36;32;0;33;43;48;46;56;54;50;73;69;74;67;68;0;No;No;No
5644;13;15;7;10;1;17;22;26;25;16;43;41;0;35;33;51;58;49;53;48;74;61;75;72;63;0;No;No;No
5645;8;4;13;6;1;25;18;27;21;17;43;34;0;39;44;49;46;58;56;59;75;64;70;73;68;0;No;No;No
5646;13;6;14;12;5;27;20;19;26;16;38;37;0;35;31;50;49;57;58;47;72;73;75;67;62;0;No;No;No
5647;14;9;4;12;11;29;21;24;20;16;38;33;0;42;34;50;58;54;59;51;68;62;69;74;73;0;No;No;No
5648;10;5;13;2;4;28;18;25;21;20;36;37;0;42;31;58;56;54;48;52;73;67;66;64;68;0;No;No;No
5649;2;8;6;3;12;30;26;21;24;16;43;32;0;33;40;52;58;54;60;47;67;65;73;72;70;0;No;No;No
5650;2;12;7;3;10;18;29;26;30;25;42;40;0;39;43;52;53;49;58;57;74;67;62;71;65;0;No;No;No
5651;11;12;9;2;8;29;22;21;17;18;37;44;0;31;38;55;58;60;57;51;70;64;74;66;72;0;No;No;No
5652;4;15;3;11;6;23;27;21;18;30;41;42;0;43;34;52;57;60;46;58;62;71;63;73;75;0;No;No;No
5653;3;5;14;7;15;17;28;19;30;23;35;42;0;44;31;47;56;58;54;50;67;68;72;71;65;0;No;No;No
5654;3;13;2;10;6;19;17;20;27;24;34;32;0;33;41;50;54;46;51;56;71;65;72;69;61;0;No;No;No
5655;6;10;9;5;12;21;26;24;23;28;41;40;0;44;31;52;60;56;50;59;71;67;63;61;65;0;No;No;No
5656;2;8;12;14;3;27;26;28;21;18;42;41;0;39;40;55;48;51;56;52;73;70;63;75;61;0;No;No;No
5657;13;2;10;5;7;17;20;22;24;28;43;39;0;41;38;59;50;53;58;46;69;70;65;68;61;0;No;No;No
5658;1;7;12;3;2;27;30;23;26;19;36;33;0;41;43;59;56;55;50;54;72;69;70;63;61;0;No;No;No
5659;14;13;12;1;4;20;21;28;29;19;39;31;0;37;42;57;48;53;52;49;72;70;73;61;62;0;No;No;No
5660;10;4;11;1;14;25;19;28;17;24;32;44;0;37;40;59;46;58;50;56;72;61;71;64;66;0;No;No;No
5661;2;3;8;1;11;16;18;27;19;21;43;35;0;42;32;59;56;52;57;48;72;74;68;71;67;0;No;No;No
5662;3;10;14;15;13;18;24;25;21;22;34;39;0;38;36;53;55;52;60;46;64;74;68;63;67;0;No;No;No
5663;15;9;8;2;1;24;27;23;18;17;41;38;0;42;34;52;56;53;49;60;67;74;69;64;63;0;No;No;No
5664;1;8;2;13;4;22;23;21;28;26;37;39;0;42;35;59;49;47;57;51;67;70;69;71;65;0;No;No;No
5665;13;10;12;3;4;20;26;18;24;17;31;33;0;39;35;49;50;53;58;52;73;61;70;63;68;0;No;No;No
5666;8;9;2;7;1;16;28;22;17;30;40;44;0;35;34;47;57;56;46;60;67;64;62;68;70;0;No;No;No
5667;5;8;7;9;12;20;23;19;26;18;39;44;0;36;32;58;57;49;48;54;72;66;70;64;71;0;No;No;No
5668;6;15;14;11;10;18;24;27;19;16;38;39;0;35;45;55;54;51;58;53;62;61;66;72;69;0;No;No;No
5669;13;6;4;5;7;24;25;16;23;21;35;33;0;42;43;58;49;60;52;51;70;74;69;62;66;0;No;No;No
5670;6;7;4;11;5;21;18;26;19;25;32;33;0;39;35;53;59;56;49;50;68;66;71;64;69;0;No;No;No
5671;4;14;15;6;1;23;27;24;30;28;31;44;0;33;45;53;56;47;48;50;74;67;65;72;70;0;No;No;No
5672;2;9;3;10;13;19;26;29;24;30;43;41;0;39;40;46;49;58;53;59;73;62;70;61;66;0;No;No;No
5673;2;12;13;5;6;23;19;29;25;16;39;40;0;42;44;46;58;57;52;59;66;71;72;67;74;0;No;No;No
5674;8;13;3;15;4;28;29;19;25;27;35;40;0;39;41;54;57;50;49;56;66;75;70;68;65;0;No;No;No
5675;12;1;9;10;4;16;21;22;25;29;39;31;0;35;34;52;47;59;53;48;67;62;71;73;68;0;No;No;No
5676;4;15;12;9;13;27;28;22;16;26;40;33;0;41;45;53;51;59;50;54;65;67;62;72;68;0;No;No;No
5677;3;4;7;10;14;28;26;25;16;29;40;36;0;41;35;57;54;53;49;48;73;61;67;71;65;0;No;No;No
5678;1;6;8;11;14;28;23;24;22;16;43;31;0;37;34;48;46;57;54;55;64;62;73;70;71;0;No;No;No
5679;2;12;4;14;8;26;17;18;23;24;33;44;0;37;38;49;53;48;60;54;66;72;61;70;73;0;No;No;No
5680;10;12;4;5;14;16;21;27;24;29;43;42;0;45;44;51;52;55;50;53;71;73;70;65;63;0;No;No;No
5681;8;11;4;15;1;26;25;19;29;20;38;34;0;44;39;56;58;59;48;46;61;72;71;70;75;0;No;No;No
5682;11;6;15;3;2;22;19;17;21;25;31;36;0;41;32;54;59;55;48;57;61;62;67;73;69;0;No;No;No
5683;12;2;9;14;5;26;17;22;18;20;36;44;0;42;43;55;59;46;60;57;64;65;63;61;73;0;No;No;No
5684;9;6;4;5;2;25;28;30;21;27;43;44;0;34;37;50;52;53;57;55;73;68;63;66;71;0;No;No;No
5685;7;14;8;3;1;20;23;17;26;16;42;36;0;31;43;56;50;57;55;60;73;65;61;75;62;0;No;No;No
5686;14;1;4;8;2;22;28;25;23;24;41;32;0;39;38;57;52;47;50;46;66;68;61;70;71;0;No;No;No
5687;14;3;4;12;13;23;24;30;18;22;42;43;0;37;34;46;48;60;49;57;65;64;66;72;62;0;No;No;No
5688;13;14;8;1;5;28;25;24;22;29;40;36;0;33;45;54;58;46;53;48;72;64;74;66;75;0;No;No;No
5689;13;10;3;4;15;19;16;21;25;20;37;39;0;31;41;52;56;49;55;48;61;68;64;71;69;0;No;No;No
5690;14;2;8;13;10;25;23;26;16;29;39;43;0;38;34;47;59;60;56;49;67;64;70;74;61;0;No;No;No
5691;10;2;3;11;6;25;30;26;18;21;43;35;0;37;40;47;50;49;51;59;63;70;68;73;72;0;No;No;No
5692;4;7;1;13;14;18;21;25;29;19;41;38;0;35;33;53;46;59;57;54;72;74;67;68;71;0;No;No;No
5693;9;6;14;5;3;28;24;19;23;26;34;32;0;41;39;55;57;52;47;46;68;71;63;61;65;0;No;No;No
5694;9;5;3;10;11;26;22;20;25;27;43;42;0;40;33;57;48;58;59;53;73;64;70;67;74;0;No;No;No
5695;1;5;11;3;13;27;17;24;16;25;39;42;0;44;32;46;50;49;47;53;72;74;65;73;68;0;No;No;No
5696;4;8;12;1;15;26;20;18;16;17;36;44;0;40;33;53;49;54;50;59;64;66;62;61;75;0;No;No;No
5697;4;3;9;13;6;30;29;23;16;25;32;41;0;43;36;58;53;49;52;59;63;67;70;64;62;0;No;No;No
5698;2;13;8;9;14;23;21;26;28;17;37;41;0;32;44;55;48;53;51;58;63;62;71;67;61;0;No;No;No
5699;4;1;5;12;8;29;26;25;20;28;42;39;0;43;40;56;52;50;57;59;67;65;73;71;74;0;No;No;No
5700;12;13;7;1;6;20;22;24;21;16;32;40;0;41;43;56;58;48;46;60;70;72;69;64;66;0;No;No;No
5701;2;15;3;12;11;28;26;24;27;20;31;41;0;32;43;48;51;59;54;50;65;61;70;63;69;0;No;No;No
5702;3;5;8;15;6;24;28;21;22;18;39;43;0;32;42;52;54;55;47;53;68;62;70;72;61;0;No;No;No
5703;12;8;13;5;9;24;19;17;22;27;41;39;0;34;33;49;55;58;57;48;64;68;62;63;71;0;No;No;No
5704;1;11;8;13;10;26;19;27;17;23;33;36;0;40;41;48;59;57;58;56;66;67;64;72;61;0;No;No;No
5705;9;4;1;10;13;18;22;26;24;29;31;33;0;37;39;53;50;60;46;47;63;62;74;69;65;0;No;No;No
5706;1;3;10;11;13;28;23;19;26;22;39;32;0;34;42;55;50;59;46;54;64;66;71;63;72;0;No;No;No
5707;8;12;6;10;5;27;24;20;16;21;39;43;0;34;40;47;55;51;57;46;61;64;75;70;65;0;No;No;No
5708;1;5;7;14;3;26;30;23;24;25;44;45;0;36;35;60;50;59;47;52;69;71;75;61;70;0;No;No;No
5709;8;7;2;3;9;17;26;20;29;27;39;36;0;41;37;48;49;52;51;60;61;65;70;72;63;0;No;No;No
5710;1;11;10;5;15;17;23;24;22;16;37;39;0;44;41;51;57;49;50;46;67;71;66;68;62;0;No;No;No
5711;9;12;8;5;13;27;17;16;18;24;31;32;0;33;34;49;58;48;54;50;74;71;70;65;66;0;No;No;No
5712;3;6;15;4;13;17;18;22;29;28;39;31;0;35;43;55;60;56;53;47;68;61;67;69;63;0;No;No;No
5713;15;6;8;12;14;23;27;20;21;22;38;42;0;39;32;47;58;48;54;59;73;67;66;63;62;0;No;No;No
5714;10;13;8;5;3;25;18;19;22;28;35;43;0;40;37;54;55;47;56;60;72;69;65;61;68;0;No;No;No
5715;13;8;6;9;3;29;21;24;28;19;44;42;0;43;33;52;57;53;54;60;71;68;73;66;63;0;No;No;No
5716;12;9;10;8;6;18;20;26;24;28;44;39;0;33;31;49;48;56;53;60;65;72;70;69;71;0;No;No;No
5717;3;10;6;13;8;23;26;22;20;24;41;35;0;32;36;59;49;52;53;57;71;72;73;65;64;0;No;No;No
5718;12;11;3;13;9;18;28;27;26;16;38;39;0;43;45;59;57;48;60;58;74;61;67;71;69;0;No;No;No
5719;14;4;3;15;12;28;24;27;16;29;39;35;0;40;37;57;54;60;56;55;64;73;67;71;65;0;No;No;No
5720;3;13;8;12;2;25;18;21;28;22;36;44;0;35;39;50;46;54;59;56;65;72;61;67;70;0;No;No;No
5721;2;12;7;14;4;19;23;20;24;26;43;40;0;35;42;50;54;55;57;52;67;72;74;64;63;0;No;No;No
5722;14;1;2;15;3;20;18;25;28;27;31;40;0;38;42;57;47;55;53;54;63;74;68;72;64;0;No;No;No
5723;1;12;2;10;9;23;18;25;19;29;32;42;0;40;35;57;51;48;46;58;64;66;74;65;63;0;No;No;No
5724;9;10;4;8;7;17;16;18;29;27;43;33;0;38;36;51;56;52;59;50;66;68;72;62;69;0;No;No;No
5725;13;7;5;15;2;23;22;16;27;19;32;42;0;33;36;48;49;52;53;55;69;74;66;63;65;0;No;No;No
5726;7;1;14;4;13;30;24;25;29;20;37;43;0;34;31;55;46;47;56;51;74;61;67;69;65;0;No;No;No
5727;6;5;7;13;8;18;17;22;23;28;40;39;0;31;33;53;56;58;47;59;69;72;70;63;61;0;No;No;No
5728;6;7;12;10;11;23;30;25;22;24;40;41;0;31;43;58;46;57;59;52;64;71;74;62;67;0;No;No;No
5729;7;1;12;10;13;18;23;20;27;25;43;35;0;37;38;50;58;56;47;51;66;65;67;64;72;0;No;No;No
5730;10;5;3;8;4;20;17;26;23;22;42;38;0;41;35;51;59;57;52;58;71;63;70;65;72;0;No;No;No
5731;2;10;14;13;4;23;26;29;20;17;32;42;0;37;41;49;55;58;51;48;69;66;62;74;67;0;No;No;No
5732;8;5;10;3;12;23;20;29;17;18;36;37;0;34;40;53;48;46;57;59;64;65;74;68;63;0;No;No;No
5733;7;9;6;4;11;25;17;20;16;18;43;35;0;38;36;46;49;58;51;53;74;66;63;70;65;0;No;No;No
5734;10;12;2;7;6;16;26;17;21;19;34;33;0;36;43;58;47;54;60;55;61;68;65;62;74;0;No;No;No
5735;5;12;14;1;4;23;27;22;16;30;33;41;0;37;32;56;46;48;54;50;70;74;68;66;64;0;No;No;No
5736;3;7;11;4;8;16;21;17;25;24;43;39;0;31;44;53;59;46;52;56;68;73;72;75;70;0;No;No;No
5737;14;9;8;2;11;20;27;21;25;29;34;33;0;44;37;58;57;51;56;60;62;67;61;73;65;0;No;No;No
5738;3;11;9;13;2;25;28;21;23;16;33;37;0;34;43;53;46;50;49;48;64;71;73;69;61;0;No;No;No
5739;7;9;11;5;14;16;22;20;23;24;37;43;0;38;44;48;49;56;58;51;67;71;61;66;65;0;No;No;No
5740;7;14;3;8;6;24;16;18;28;20;39;44;0;42;38;51;59;57;56;48;65;71;62;69;70;0;No;No;No
5741;13;2;1;7;5;25;30;27;20;29;34;44;0;37;40;54;46;58;56;57;69;65;68;73;64;0;No;No;No
5742;7;13;5;1;12;27;21;30;17;22;39;36;0;37;42;47;59;54;51;49;66;65;70;67;68;0;No;No;No
5743;13;6;1;3;11;27;23;29;16;22;35;44;0;31;36;59;46;54;51;56;69;61;63;67;70;0;No;No;No
5744;15;8;14;9;6;28;26;17;21;18;32;43;0;38;35;49;58;56;47;46;72;65;70;63;69;0;No;No;No
5745;2;10;9;12;6;29;17;18;28;16;34;35;0;43;31;54;57;59;48;55;74;70;64;72;63;0;No;No;No
5746;6;4;2;9;14;25;23;19;18;22;36;44;0;31;42;51;48;50;46;47;66;64;74;62;72;0;No;No;No
5747;1;9;8;11;6;17;25;23;18;22;33;40;0;44;39;48;59;53;57;58;70;64;69;66;63;0;No;No;No
5748;1;4;14;12;13;25;19;24;21;27;43;42;0;41;37;54;50;49;48;56;65;70;75;69;61;0;No;No;No
5749;7;2;15;13;4;16;23;18;29;30;34;36;0;39;45;50;54;53;58;48;71;62;72;65;67;0;No;No;No
5750;4;13;5;9;6;17;23;30;18;25;35;34;0;32;44;52;55;51;50;53;67;72;73;62;68;0;No;No;No
5751;13;1;5;8;3;25;20;18;17;28;32;35;0;36;31;51;58;53;54;48;63;70;65;66;61;0;No;No;No
5752;9;2;7;4;13;27;19;20;24;22;43;41;0;31;33;46;49;48;51;52;65;61;68;67;70;0;No;No;No
5753;10;7;3;2;8;19;28;24;21;18;43;37;0;31;44;51;60;54;58;59;63;62;72;69;73;0;No;No;No
5754;7;11;14;8;10;18;21;16;30;23;36;38;0;31;44;58;59;47;49;57;71;68;69;70;63;0;No;No;No
5755;9;1;10;5;3;17;24;22;25;26;34;32;0;31;37;59;46;52;57;50;70;68;71;62;73;0;No;No;No
5756;11;13;2;1;12;27;28;23;18;25;39;31;0;43;37;54;59;56;48;60;63;64;66;68;69;0;No;No;No
5757;6;13;11;8;5;17;26;16;29;28;34;36;0;31;43;51;47;52;48;56;62;71;73;64;68;0;No;No;No
5758;8;2;5;11;12;27;26;18;21;29;42;31;0;41;43;51;49;48;55;54;61;70;72;64;74;0;No;No;No
5759;14;13;12;1;9;22;24;26;23;16;33;43;0;44;34;51;50;49;53;55;69;70;75;67;66;0;No;No;No
5760;5;6;11;10;1;20;21;23;25;18;39;44;0;31;40;48;56;50;46;51;63;73;74;64;65;0;No;No;No
5761;1;12;5;8;9;18;29;28;19;21;41;40;0;43;44;50;60;54;46;52;71;75;63;65;69;0;No;No;No
5762;1;2;4;6;11;23;16;19;28;26;43;32;0;39;45;52;50;58;57;48;68;73;63;64;70;0;No;No;No
5763;1;11;14;10;8;25;17;16;24;28;40;31;0;44;32;59;55;52;46;54;61;75;64;74;70;0;No;No;No
5764;3;1;8;2;9;16;25;19;21;22;31;40;0;38;35;46;51;48;59;56;65;67;63;73;62;0;No;No;No
5765;7;10;5;12;13;17;30;19;21;16;34;35;0;39;40;47;49;57;60;58;69;64;71;63;70;0;No;No;No
5766;10;3;1;11;6;16;30;26;22;29;44;43;0;31;38;46;52;54;51;59;65;74;71;67;70;0;No;No;No
5767;3;1;13;12;7;24;22;29;18;20;37;35;0;41;42;56;58;52;55;47;70;61;69;65;72;0;No;No;No
5768;4;5;11;1;10;26;29;27;17;19;40;36;0;42;34;51;48;56;49;57;64;74;67;68;72;0;No;No;No
5769;6;4;14;13;8;25;30;26;28;27;40;45;0;42;36;50;46;52;54;59;63;69;74;75;66;0;No;No;No
5770;8;13;14;11;3;29;24;19;27;17;40;43;0;44;35;53;50;57;55;48;73;66;67;61;68;0;No;No;No
5771;6;2;12;10;5;17;16;29;27;28;31;35;0;43;34;57;58;50;54;51;70;62;65;64;73;0;No;No;No
5772;7;2;13;8;1;26;17;28;21;24;44;39;0;36;38;60;46;47;51;54;63;61;75;72;68;0;No;No;No
5773;10;9;5;12;2;26;30;28;29;16;39;32;0;37;38;54;47;56;57;59;71;66;67;62;72;0;No;No;No
5774;8;12;2;11;6;29;17;20;23;27;36;41;0;37;39;58;53;49;56;59;72;67;70;63;73;0;No;No;No
5775;15;9;11;3;8;21;29;26;27;28;32;33;0;34;41;50;53;47;59;49;64;75;70;69;65;0;No;No;No
5776;4;9;15;12;14;21;22;25;24;23;37;44;0;32;40;49;58;57;53;55;61;65;64;74;62;0;No;No;No
5777;7;5;2;8;14;16;29;17;22;19;45;37;0;40;34;48;53;57;54;51;61;74;64;65;72;0;No;No;No
5778;8;15;10;3;6;19;26;29;16;27;40;32;0;38;43;49;47;58;51;59;70;61;63;67;75;0;No;No;No
5779;6;2;12;1;13;20;29;19;28;26;33;41;0;44;38;52;56;58;55;57;61;71;65;70;62;0;No;No;No
5780;7;10;14;3;8;29;20;27;22;17;38;42;0;39;37;48;47;55;56;57;61;70;73;62;74;0;No;No;No
5781;9;3;2;8;12;17;28;19;23;22;34;35;0;37;39;57;56;46;55;50;62;65;66;74;73;0;No;No;No
5782;2;8;13;6;14;19;28;17;22;23;40;31;0;43;44;50;51;49;59;54;62;61;73;65;64;0;No;No;No
5783;2;11;13;5;8;26;18;20;27;24;41;35;0;42;45;58;50;54;56;55;73;72;61;68;71;0;No;No;No
5784;8;1;6;3;11;25;17;19;23;20;31;33;0;43;42;46;51;49;58;55;68;73;63;69;61;0;No;No;No
5785;7;1;15;6;3;16;24;25;21;27;35;42;0;40;39;58;46;56;57;49;63;62;64;71;73;0;No;No;No
5786;10;6;2;11;1;21;20;24;27;26;31;37;0;45;41;48;56;50;47;59;72;74;70;63;62;0;No;No;No
5787;12;10;13;5;9;25;27;17;29;24;44;34;0;35;39;50;51;58;56;49;72;64;69;70;63;0;No;No;No
5788;2;12;6;10;13;21;18;24;19;29;41;36;0;37;38;55;58;47;57;51;66;64;62;72;69;0;No;No;No
5789;9;7;1;10;8;26;20;16;22;27;42;39;0;41;40;60;52;46;59;51;64;67;62;74;72;0;No;No;No
5790;7;9;2;5;14;26;18;24;23;16;42;33;0;38;40;58;55;46;47;60;63;75;69;65;64;0;No;No;No
5791;14;5;11;8;4;22;23;17;26;25;36;38;0;45;35;49;57;58;56;47;63;70;66;67;69;0;No;No;No
5792;11;8;12;5;3;30;23;21;28;19;31;37;0;40;34;54;48;59;55;46;63;74;64;62;71;0;No;No;No
5793;8;15;5;1;9;18;21;17;25;26;36;37;0;33;43;51;46;59;53;58;72;62;61;74;70;0;No;No;No
5794;13;3;10;11;14;19;17;22;18;25;41;32;0;31;35;51;54;56;49;52;64;69;67;61;74;0;No;No;No
5795;8;14;1;5;9;22;29;20;23;28;35;41;0;38;44;49;58;46;57;52;68;69;64;72;62;0;No;No;No
5796;13;6;4;10;3;22;23;18;17;24;37;35;0;39;33;58;59;53;56;55;71;68;69;61;73;0;No;No;No
5797;13;5;9;12;10;27;20;16;24;30;40;38;0;35;33;49;52;55;54;47;72;68;62;74;70;0;No;No;No
5798;10;6;11;3;14;28;29;16;22;27;45;41;0;36;38;52;48;53;51;57;68;65;73;71;63;0;No;No;No
5799;1;3;11;8;7;28;26;17;16;18;33;35;0;36;39;58;51;55;49;53;70;66;73;69;63;0;No;No;No
5800;13;2;12;6;11;23;26;28;19;24;31;41;0;39;36;57;52;55;48;46;64;72;71;63;70;0;No;No;No
5801;9;10;2;8;5;23;18;28;26;19;41;45;0;33;38;59;55;51;47;54;75;69;64;73;61;0;No;No;No
5802;2;10;7;8;14;16;19;22;28;25;37;44;0;33;39;48;52;50;47;51;69;64;72;67;62;0;No;No;No
5803;2;10;4;5;1;29;28;16;22;26;37;39;0;31;34;50;58;53;51;57;75;73;62;64;70;0;No;No;No
5804;8;11;9;14;3;20;26;22;27;21;38;37;0;31;44;50;53;58;59;51;64;67;68;70;72;0;No;No;No
5805;8;10;9;7;11;16;28;22;17;25;41;44;0;35;31;50;48;47;57;52;65;64;74;63;67;0;No;No;No
5806;6;9;1;15;5;17;24;23;26;22;34;33;0;38;37;57;56;49;51;53;68;75;74;73;62;0;No;No;No
5807;6;7;13;11;3;22;18;26;19;27;37;33;0;44;43;54;52;59;57;56;73;65;74;68;69;0;No;No;No
5808;15;10;6;8;4;27;19;22;24;18;34;35;0;39;38;54;58;53;57;51;74;75;66;73;70;0;No;No;No
5809;11;3;13;14;8;20;21;27;24;18;38;39;0;37;40;56;46;52;51;53;64;67;62;71;68;0;No;No;No
5810;5;12;8;6;4;21;28;18;23;22;44;38;0;36;43;57;55;47;56;50;61;63;71;74;66;0;No;No;No
5811;10;13;4;3;1;22;23;21;29;24;35;44;0;33;41;47;46;50;59;49;72;74;75;65;71;0;No;No;No
5812;13;1;2;5;6;18;23;20;25;19;36;34;0;44;38;46;50;59;55;48;61;74;71;62;68;0;No;No;No
5813;2;3;6;10;8;18;20;23;26;22;33;31;0;32;34;53;46;55;50;52;61;73;68;74;71;0;No;No;No
5814;14;3;7;5;12;25;22;23;16;27;31;41;0;33;42;53;52;51;59;46;69;64;71;63;67;0;No;No;No
5815;10;4;12;11;13;21;28;18;26;25;44;33;0;34;35;58;55;52;49;47;69;63;68;71;66;0;No;No;No
5816;2;13;10;1;3;16;24;26;17;28;36;35;0;33;44;52;58;51;49;47;67;66;74;62;69;0;No;No;No
5817;13;11;9;8;7;28;20;19;24;21;44;33;0;43;41;59;56;49;52;53;70;63;74;66;65;0;No;No;No
5818;3;6;14;7;8;17;16;28;26;20;36;34;0;44;38;49;52;46;50;47;74;75;71;68;66;0;No;No;No
5819;7;3;10;14;6;19;23;24;22;16;38;39;0;36;34;46;50;58;56;52;74;73;62;72;71;0;No;No;No
5820;4;3;1;6;7;24;27;16;28;17;42;37;0;34;36;60;56;54;55;52;65;62;74;73;69;0;No;No;No
5821;13;1;14;10;3;20;28;30;23;25;32;41;0;31;44;59;54;46;50;56;61;62;73;70;67;0;No;No;No
5822;7;12;13;3;10;20;21;19;22;17;43;36;0;34;41;49;59;55;50;60;61;66;73;67;65;0;No;No;No
5823;4;10;12;2;14;17;16;27;19;28;31;35;0;43;34;55;51;48;52;57;70;64;72;65;68;0;No;No;No
5824;4;2;11;1;12;16;19;23;18;27;41;31;0;43;37;48;53;56;49;50;64;63;66;74;71;0;No;No;No
5825;13;1;11;10;14;22;19;20;25;16;32;36;0;42;34;48;53;58;57;46;69;65;64;70;61;0;No;No;No
5826;4;10;6;8;5;24;29;18;26;28;42;39;0;33;35;49;57;56;60;53;73;72;75;69;62;0;No;No;No
5827;1;3;13;10;4;16;17;22;29;19;40;32;0;42;36;47;56;46;55;48;66;63;67;65;68;0;No;No;No
5828;8;10;11;5;12;21;25;29;28;19;40;39;0;32;42;55;49;56;58;57;67;72;63;65;69;0;No;No;No
5829;12;5;13;4;14;18;27;30;16;28;32;38;0;42;43;49;56;50;57;58;64;67;62;65;72;0;No;No;No
5830;1;13;7;4;5;30;27;25;22;20;37;42;0;32;36;56;53;57;59;60;68;65;71;62;63;0;No;No;No
5831;5;14;4;12;10;17;24;19;28;22;45;40;0;38;32;47;52;55;53;50;65;68;62;70;72;0;No;No;No
5832;8;7;5;15;3;26;24;23;22;28;36;33;0;42;37;52;50;48;54;56;68;74;64;67;75;0;No;No;No
5833;6;10;3;8;13;17;30;26;29;21;39;43;0;33;31;55;58;54;56;60;74;67;65;63;68;0;No;No;No
5834;11;4;10;3;8;21;25;22;29;16;44;35;0;39;34;53;50;51;58;48;62;69;66;70;63;0;No;No;No
5835;12;3;6;5;1;29;23;26;16;30;36;31;0;34;45;48;52;56;59;54;73;62;66;65;61;0;No;No;No
5836;13;7;3;12;4;25;23;29;24;26;38;37;0;32;44;49;58;53;52;56;64;74;61;72;62;0;No;No;No
5837;11;5;8;14;2;17;25;19;20;28;44;40;0;41;42;57;53;46;51;54;61;63;69;68;74;0;No;No;No
5838;2;6;7;5;4;24;27;16;22;28;41;44;0;40;32;48;49;56;55;50;73;66;64;65;71;0;No;No;No
5839;10;3;5;15;13;25;17;16;24;18;32;37;0;39;44;59;51;53;60;56;61;75;62;73;64;0;No;No;No
5840;3;1;7;12;5;23;28;24;17;27;33;43;0;37;38;55;51;47;49;50;67;63;65;61;69;0;No;No;No
5841;14;6;13;15;9;22;26;19;23;16;37;35;0;42;34;53;58;46;55;60;69;66;74;70;71;0;No;No;No
5842;10;14;7;9;3;29;24;21;23;25;37;43;0;33;40;47;55;48;56;51;73;68;69;71;72;0;No;No;No
5843;12;7;10;3;8;27;17;28;21;25;40;38;0;36;39;55;57;48;49;51;71;68;66;69;72;0;No;No;No
5844;8;7;10;1;3;18;19;24;29;23;44;37;0;36;45;58;49;54;57;51;71;68;61;66;65;0;No;No;No
5845;4;6;5;13;12;28;16;20;25;18;38;31;0;36;34;58;56;50;48;57;70;74;63;66;65;0;No;No;No
5846;13;10;6;3;12;28;25;29;27;23;43;39;0;36;40;47;53;46;58;52;72;74;68;67;75;0;No;No;No
5847;11;8;1;14;7;29;23;18;22;26;44;43;0;35;40;47;48;60;56;59;73;68;66;74;72;0;No;No;No
5848;5;8;3;2;4;18;30;23;26;19;43;32;0;33;34;55;56;50;46;57;63;69;70;66;68;0;No;No;No
5849;13;5;11;7;3;30;19;29;21;23;35;44;0;41;32;48;50;49;55;54;70;61;63;65;66;0;No;No;No
5850;1;14;5;9;8;26;18;16;17;29;44;40;0;41;38;55;56;51;54;49;75;74;62;69;67;0;No;No;No
5851;7;2;10;8;13;27;21;24;19;17;42;36;0;35;43;51;47;59;58;48;68;67;66;75;72;0;No;No;No
5852;11;8;5;4;6;22;19;27;23;24;40;43;0;37;39;50;54;46;53;49;72;70;65;68;69;0;No;No;No
5853;4;10;2;13;12;23;27;21;26;18;45;31;0;33;36;53;49;56;54;55;61;71;64;65;74;0;No;No;No
5854;5;6;1;2;3;21;24;19;17;26;43;31;0;39;33;58;53;50;47;54;64;68;63;74;66;0;No;No;No
5855;9;2;14;5;1;20;17;28;16;24;41;38;0;31;33;48;59;52;50;53;72;73;66;65;71;0;No;No;No
5856;12;14;6;13;5;28;24;19;16;17;42;43;0;39;35;57;58;60;51;50;62;67;70;61;74;0;No;No;No
5857;1;8;14;12;4;19;18;28;17;23;33;40;0;32;42;51;48;55;52;53;61;69;63;70;75;0;No;No;No
5858;1;9;8;3;7;23;26;17;19;29;41;32;0;40;42;48;54;56;46;57;73;67;66;64;75;0;No;No;No
5859;15;14;2;8;4;19;28;23;26;16;33;39;0;31;44;47;55;46;59;60;73;74;68;62;65;0;No;No;No
5860;1;2;4;5;8;25;27;19;28;16;36;43;0;33;32;59;48;55;49;52;65;63;71;74;67;0;No;No;No
5861;2;7;9;6;12;28;21;17;22;30;41;37;0;36;44;55;50;53;52;46;69;73;67;66;61;0;No;No;No
5862;1;11;3;7;13;27;21;17;28;24;45;37;0;33;43;49;54;48;56;51;69;68;66;72;73;0;No;No;No
5863;10;1;15;4;6;18;22;19;24;20;42;45;0;40;43;49;48;54;51;50;67;63;61;62;68;0;No;No;No
5864;11;4;2;13;3;30;22;24;21;26;40;33;0;32;37;52;56;53;59;47;74;69;73;72;71;0;No;No;No
5865;6;13;3;10;12;18;24;17;26;25;32;41;0;44;34;52;49;48;54;55;71;67;68;63;61;0;No;No;No
5866;7;10;14;15;12;20;29;27;22;24;36;33;0;38;39;59;53;51;54;58;74;66;68;72;73;0;No;No;No
5867;7;14;5;15;2;22;18;20;19;27;32;40;0;41;37;54;46;59;53;58;75;66;61;71;68;0;No;No;No
5868;10;1;11;2;4;21;26;27;29;22;39;34;0;35;40;56;58;54;50;52;65;64;72;73;70;0;No;No;No
5869;8;13;11;15;10;23;29;25;20;26;32;39;0;42;38;49;51;53;46;54;73;67;66;61;65;0;No;No;No
5870;9;3;14;7;13;19;25;17;20;28;39;34;0;41;42;56;57;47;53;58;63;74;66;73;71;0;No;No;No
5871;4;5;7;12;8;19;21;16;22;27;33;41;0;42;36;49;52;50;55;51;71;67;61;66;74;0;No;No;No
5872;5;6;7;9;13;27;24;26;28;22;36;33;0;44;42;54;53;55;49;52;72;70;69;73;67;0;No;No;No
5873;1;12;15;13;7;19;20;16;17;24;38;44;0;37;32;48;51;50;56;54;61;74;73;72;71;0;No;No;No
5874;10;15;1;3;2;16;28;19;26;27;44;32;0;41;35;55;60;58;59;53;74;64;65;73;70;0;No;No;No
5875;9;12;6;3;7;18;27;26;28;17;37;34;0;36;45;49;53;56;59;54;73;65;68;75;62;0;No;No;No
5876;5;10;9;8;1;28;29;27;26;19;31;36;0;34;43;49;56;47;50;60;73;64;66;70;68;0;No;No;No
5877;7;9;11;3;13;21;16;23;24;29;32;45;0;34;42;51;57;53;47;54;68;70;71;74;67;0;No;No;No
5878;15;11;8;14;13;24;22;18;23;26;44;39;0;43;36;54;58;51;49;50;70;64;72;74;65;0;No;No;No
5879;11;7;9;10;2;20;22;21;30;27;37;40;0;41;34;51;52;48;56;47;72;71;64;73;70;0;No;No;No
5880;3;10;14;8;7;17;24;23;28;20;43;37;0;42;33;50;52;57;47;55;65;64;61;69;75;0;No;No;No
5881;3;10;4;8;5;21;22;29;24;19;35;32;0;33;37;56;59;55;60;51;72;71;68;75;69;0;No;No;No
5882;6;12;14;13;5;24;19;23;27;30;38;43;0;34;36;56;57;52;51;55;61;69;70;63;68;0;No;No;No
5883;2;4;8;12;3;16;23;28;19;20;31;36;0;32;34;56;49;47;46;51;71;72;67;69;70;0;No;No;No
5884;8;11;3;5;2;26;27;20;16;23;45;44;0;35;31;59;54;57;52;47;66;62;68;67;64;0;No;No;No
5885;6;4;10;13;8;19;22;18;23;27;42;41;0;33;37;52;49;55;51;57;63;68;70;67;69;0;No;No;No
5886;3;9;5;1;8;21;19;28;24;27;42;44;0;37;32;47;51;48;58;55;69;63;67;68;66;0;No;No;No
5887;13;7;6;12;9;19;23;20;22;29;35;44;0;39;36;54;57;52;55;51;68;69;72;61;67;0;No;No;No
5888;3;11;2;4;12;16;30;23;22;19;31;36;0;44;41;48;55;47;54;50;66;64;74;68;62;0;No;No;No
5889;8;13;5;9;2;20;30;26;25;24;34;38;0;31;36;57;56;53;58;46;63;69;66;75;68;0;No;No;No
5890;3;12;13;5;10;26;29;24;27;19;44;45;0;31;32;54;59;53;46;47;63;61;66;73;75;0;No;No;No
5891;14;3;12;8;11;18;22;23;19;24;35;34;0;42;45;51;59;53;50;58;64;61;63;66;65;0;No;No;No
5892;14;13;6;8;1;28;17;25;26;27;34;33;0;38;32;50;59;58;53;51;63;64;75;73;69;0;No;No;No
5893;14;12;3;2;13;28;17;18;20;16;34;36;0;31;32;59;54;55;48;47;64;71;67;72;70;0;No;No;No
5894;6;14;13;4;2;18;16;23;21;29;36;32;0;33;42;53;47;55;54;60;72;73;61;62;65;0;No;No;No
5895;12;15;8;4;1;24;29;18;22;17;43;38;0;36;34;48;46;60;58;51;62;69;68;65;61;0;No;No;No
5896;4;11;12;10;6;29;19;28;23;18;41;31;0;42;36;54;57;48;58;49;66;74;64;65;68;0;No;No;No
5897;10;7;3;11;15;21;29;23;22;16;34;41;0;33;37;46;51;54;52;58;62;64;73;63;61;0;No;No;No
5898;2;1;15;3;10;23;19;21;16;29;44;42;0;33;32;56;57;49;54;51;73;61;68;72;67;0;No;No;No
5899;7;9;5;12;8;22;25;18;24;28;34;32;0;44;36;57;50;59;60;58;75;71;74;67;72;0;No;No;No
5900;15;7;9;12;1;28;25;23;19;29;43;31;0;42;35;49;48;53;60;58;73;70;62;72;71;0;No;No;No
5901;4;10;9;13;14;17;21;24;27;28;37;35;0;36;32;52;53;47;46;59;61;62;71;75;73;0;No;No;No
5902;3;4;6;14;7;21;28;29;23;30;35;44;0;34;41;51;49;48;56;59;68;69;72;67;73;0;No;No;No
5903;2;7;12;10;3;22;24;19;23;26;39;36;0;41;44;50;57;49;53;56;72;69;67;66;62;0;No;No;No
5904;12;11;4;1;9;21;25;19;20;23;36;38;0;44;43;52;55;58;53;56;61;62;65;66;70;0;No;No;No
5905;1;10;14;3;2;25;16;29;18;20;34;38;0;33;40;46;55;52;49;50;72;69;65;68;66;0;No;No;No
5906;9;1;4;12;11;18;24;21;17;20;37;43;0;39;44;46;55;58;47;57;74;68;63;67;64;0;No;No;No
5907;2;11;8;3;14;25;23;28;16;26;34;38;0;31;42;51;49;46;58;60;71;63;67;73;74;0;No;No;No
5908;14;4;13;10;1;24;22;23;26;16;32;31;0;43;38;59;53;57;56;46;70;61;71;65;72;0;No;No;No
5909;10;5;13;11;7;26;18;24;21;29;41;35;0;44;32;50;48;47;56;52;70;74;62;69;67;0;No;No;No
5910;13;6;11;7;2;17;28;20;29;19;43;34;0;33;32;59;58;49;53;56;71;68;61;70;72;0;No;No;No
5911;8;9;12;3;14;25;27;19;30;18;45;36;0;38;43;57;48;54;51;55;72;68;70;73;74;0;No;No;No
5912;4;5;14;1;12;24;18;23;20;27;32;35;0;39;44;52;59;46;47;50;74;65;70;73;66;0;No;No;No
5913;7;6;13;11;9;26;25;27;19;28;32;36;0;43;33;47;48;51;52;57;64;68;71;63;65;0;No;No;No
5914;2;1;10;11;13;25;22;27;30;16;32;36;0;34;40;57;48;54;51;55;64;63;71;66;74;0;No;No;No
5915;9;1;5;4;13;16;27;18;17;21;36;41;0;32;35;50;56;54;48;53;64;70;74;72;62;0;No;No;No
5916;11;13;14;2;7;27;22;26;19;30;42;31;0;35;34;49;51;56;58;52;63;69;64;71;61;0;No;No;No
5917;4;6;8;15;9;30;17;28;16;21;41;44;0;32;34;60;59;54;56;51;65;71;67;69;70;0;No;No;No
5918;10;5;12;13;6;21;18;22;20;28;37;42;0;39;40;53;59;56;52;48;64;61;66;73;67;0;No;No;No
5919;13;11;7;1;4;18;21;30;25;27;31;34;0;37;43;53;59;58;50;52;72;62;69;64;71;0;No;No;No
5920;5;15;10;4;12;26;17;25;16;22;37;33;0;31;43;54;48;55;47;52;75;71;64;61;73;0;No;No;No
5921;10;1;13;11;6;17;28;25;22;24;44;34;0;39;33;58;51;56;47;46;66;64;68;62;65;0;No;No;No
5922;4;8;5;6;11;24;25;22;18;27;31;37;0;39;34;48;58;57;52;53;63;75;70;71;61;0;No;No;No
5923;12;6;3;8;10;25;24;30;23;18;41;32;0;39;44;48;53;47;46;49;63;64;69;62;68;0;No;No;No
5924;8;2;13;10;4;24;18;29;28;23;35;43;0;41;39;59;52;51;57;47;69;63;72;65;73;0;No;No;No
5925;15;13;14;8;5;27;24;22;18;29;36;42;0;34;43;54;60;59;56;53;65;68;74;63;62;0;No;No;No
5926;5;14;10;12;2;22;21;25;26;18;41;40;0;33;36;54;58;56;51;53;64;70;75;71;61;0;No;No;No
5927;10;11;14;8;13;24;19;21;23;16;40;32;0;31;44;59;47;46;55;48;75;73;67;68;72;0;No;No;No
5928;13;15;5;12;1;20;23;28;18;27;39;34;0;38;35;58;49;53;56;59;64;65;68;71;66;0;No;No;No
5929;5;13;3;12;9;23;18;19;25;24;41;33;0;43;36;57;51;59;55;56;61;62;72;63;66;0;No;No;No
5930;8;14;11;6;10;18;17;22;29;28;42;38;0;45;43;60;47;46;52;58;70;75;62;72;63;0;No;No;No
5931;7;5;6;4;9;28;22;17;19;29;35;36;0;39;42;56;60;52;57;50;64;65;67;62;74;0;No;No;No
5932;9;13;3;8;14;24;19;26;29;28;35;33;0;42;43;48;55;50;52;59;63;68;71;67;65;0;No;No;No
5933;1;4;7;13;11;26;16;23;27;29;37;44;0;31;42;47;50;59;49;54;63;69;66;70;71;0;No;No;No
5934;14;2;13;3;15;27;17;19;23;26;44;39;0;41;35;47;52;53;54;59;71;72;69;61;68;0;No;No;No
5935;6;14;2;4;12;28;19;21;22;16;36;33;0;35;43;53;57;49;48;59;68;71;75;74;61;0;No;No;No
5936;11;6;7;13;12;30;26;24;19;22;32;44;0;37;42;48;51;59;55;49;73;74;71;65;72;0;No;No;No
5937;14;5;1;8;11;20;24;22;26;18;41;39;0;36;45;52;46;47;48;51;72;74;69;63;64;0;No;No;No
5938;9;7;14;10;6;20;17;27;29;25;36;35;0;42;39;54;49;59;57;58;68;61;75;66;64;0;No;No;No
5939;10;6;15;12;14;28;22;26;23;18;38;35;0;34;43;54;50;56;48;60;69;71;63;61;64;0;No;No;No
5940;6;2;14;11;1;29;22;23;19;16;33;41;0;42;43;55;47;52;54;46;73;75;68;66;74;0;No;No;No
5941;12;2;1;4;7;22;16;28;19;27;36;40;0;44;41;48;49;54;55;50;61;69;71;65;63;0;No;No;No
5942;2;13;14;11;4;23;27;18;16;22;32;35;0;44;43;57;56;51;50;48;66;61;63;74;68;0;No;No;No
5943;11;2;12;3;14;22;21;23;26;29;37;43;0;41;39;57;51;55;46;59;73;67;64;61;74;0;No;No;No
5944;6;2;9;8;5;22;27;28;17;16;45;37;0;44;33;52;49;50;55;53;67;73;75;66;72;0;No;No;No
5945;6;11;9;12;1;27;30;28;29;23;40;42;0;39;35;50;60;55;53;54;63;67;69;66;61;0;No;No;No
5946;1;9;12;4;2;21;18;16;26;27;32;43;0;33;41;55;47;50;54;57;63;73;64;67;66;0;No;No;No
5947;1;2;14;8;4;18;22;20;17;16;41;36;0;32;40;59;56;52;58;53;67;69;73;62;74;0;No;No;No
5948;2;5;14;9;6;16;29;17;18;26;39;41;0;31;40;57;54;56;46;47;67;65;64;68;73;0;No;No;No
5949;4;2;10;8;12;17;21;30;29;20;39;31;0;40;37;59;54;49;48;60;61;71;74;70;68;0;No;No;No
5950;14;4;7;5;12;23;26;30;22;18;38;39;0;33;43;59;55;51;52;58;75;62;73;69;67;0;No;No;No
5951;2;12;5;7;3;28;25;29;20;19;39;36;0;33;43;51;56;58;59;53;66;68;64;73;74;0;No;No;No
5952;14;10;3;7;8;24;30;19;26;22;35;44;0;34;36;48;54;57;53;60;67;71;62;64;65;0;No;No;No
5953;10;1;12;3;8;24;22;16;29;21;36;41;0;34;38;59;49;53;55;58;63;71;61;73;68;0;No;No;No
5954;14;5;12;3;8;16;29;30;18;17;40;34;0;41;43;56;59;60;51;54;65;72;69;74;64;0;No;No;No
5955;3;13;11;4;2;28;25;16;27;19;37;33;0;35;39;52;55;47;57;56;63;64;65;70;69;0;No;No;No
5956;12;2;3;4;6;22;23;24;27;25;44;33;0;32;36;56;48;54;55;57;67;68;65;73;62;0;No;No;No
5957;11;12;14;9;3;26;18;24;21;19;39;36;0;40;32;60;54;55;58;52;67;75;69;68;73;0;No;No;No
5958;4;7;10;8;14;21;19;22;29;24;42;35;0;44;41;52;56;48;54;57;66;73;74;70;61;0;No;No;No
5959;3;1;6;12;5;20;21;28;24;29;42;32;0;35;39;57;47;51;58;56;73;66;62;64;69;0;No;No;No
5960;12;8;15;1;4;17;22;25;30;16;42;33;0;43;44;50;47;52;56;55;70;67;75;66;68;0;No;No;No
5961;12;7;10;5;13;22;16;28;23;19;32;36;0;35;43;47;59;53;58;55;64;63;71;69;72;0;No;No;No
5962;12;10;4;9;5;26;25;23;29;30;40;38;0;44;35;57;49;58;56;46;63;65;68;66;74;0;No;No;No
5963;9;7;1;8;11;19;29;28;18;23;41;45;0;37;42;51;54;58;50;56;68;73;71;70;74;0;No;No;No
5964;8;1;10;3;4;17;19;27;24;22;37;40;0;41;42;51;53;49;55;48;63;71;70;68;75;0;No;No;No
5965;12;14;2;3;13;25;21;24;22;18;33;34;0;35;36;58;50;59;57;47;67;70;63;72;64;0;No;No;No
5966;7;4;15;13;10;20;24;23;28;29;39;33;0;42;40;57;54;52;47;53;73;74;66;72;62;0;No;No;No
5967;4;1;5;2;8;27;29;28;21;24;31;43;0;42;32;51;54;47;55;48;74;64;69;66;61;0;No;No;No
5968;1;9;7;2;5;22;27;29;23;18;42;39;0;43;37;49;51;48;59;47;66;61;73;62;70;0;No;No;No
5969;4;13;2;15;3;23;29;26;24;30;38;36;0;37;41;58;56;47;53;51;65;61;74;69;70;0;No;No;No
5970;8;7;1;13;11;18;24;21;29;30;43;31;0;39;44;55;60;56;46;48;65;71;67;61;62;0;No;No;No
5971;3;1;9;13;10;21;23;24;29;22;37;31;0;35;36;46;53;59;49;47;64;67;66;69;72;0;No;No;No
5972;6;11;14;10;1;22;20;28;25;24;42;33;0;35;36;50;59;51;53;49;63;65;61;66;73;0;No;No;No
5973;10;8;12;15;11;25;22;29;27;24;41;33;0;42;37;56;57;59;54;47;68;61;69;73;75;0;No;No;No
5974;9;7;4;6;11;16;28;19;17;27;41;34;0;44;36;59;51;56;46;48;62;68;71;66;69;0;No;No;No
5975;1;6;14;12;5;27;26;22;20;28;43;39;0;33;45;46;57;55;54;50;71;67;68;66;62;0;No;No;No
5976;3;2;6;13;15;29;23;22;26;20;35;44;0;42;43;48;57;46;47;55;70;75;73;71;68;0;No;No;No
5977;3;5;14;6;4;24;23;17;21;22;42;38;0;45;31;52;53;57;50;46;62;66;72;65;70;0;No;No;No
5978;9;8;11;5;6;26;24;22;19;16;42;36;0;38;43;50;59;55;54;47;65;73;62;71;74;0;No;No;No
5979;12;5;9;2;14;22;18;25;27;24;45;43;0;40;36;51;52;58;48;59;71;62;70;67;66;0;No;No;No
5980;9;4;12;15;8;25;29;28;19;27;40;39;0;38;43;50;57;59;52;51;66;62;67;72;74;0;No;No;No
5981;14;7;1;5;3;28;18;30;25;22;34;37;0;31;36;60;47;57;51;59;61;64;75;65;62;0;No;No;No
5982;4;13;2;14;9;21;28;19;18;16;35;44;0;39;31;54;56;57;50;46;61;72;69;67;65;0;No;No;No
5983;8;9;7;2;10;25;18;29;16;17;40;31;0;38;33;54;55;58;52;49;74;68;61;75;62;0;No;No;No
5984;10;4;5;3;8;17;30;20;22;29;40;38;0;43;36;51;56;60;50;52;67;68;69;66;64;0;No;No;No
5985;9;15;6;8;14;29;22;23;27;24;39;43;0;35;33;48;52;55;60;46;67;73;74;71;68;0;No;No;No
5986;5;11;3;6;4;27;18;30;25;22;35;39;0;43;42;49;59;50;57;47;61;74;62;73;75;0;No;No;No
5987;10;1;2;11;6;21;27;29;23;17;32;33;0;42;34;56;54;55;51;58;71;62;65;69;68;0;No;No;No
5988;7;6;1;13;4;24;28;18;19;26;38;40;0;34;44;47;54;52;55;50;69;64;63;65;70;0;No;No;No
5989;3;6;4;10;13;21;17;25;29;19;41;33;0;34;42;49;51;46;47;53;72;61;64;71;68;0;No;No;No
5990;9;11;6;4;3;17;30;29;24;21;39;37;0;36;35;48;56;59;46;58;73;75;63;72;69;0;No;No;No
5991;10;5;9;12;2;27;24;28;20;21;38;39;0;33;32;53;58;50;55;56;69;67;65;74;61;0;No;No;No
5992;7;12;6;10;15;19;23;25;28;18;42;32;0;37;33;55;49;57;51;59;63;64;65;70;68;0;No;No;No
5993;1;3;10;14;2;28;30;27;24;20;41;44;0;31;38;57;59;51;48;53;70;71;61;64;74;0;No;No;No
5994;8;2;4;3;10;16;27;20;29;18;34;45;0;36;41;50;56;51;46;54;70;74;62;71;66;0;No;No;No
5995;4;13;7;1;2;28;26;29;17;21;40;43;0;45;39;59;49;54;51;53;71;62;73;70;74;0;No;No;No
5996;2;12;8;1;13;20;19;26;24;29;42;35;0;41;45;54;57;50;49;60;70;69;68;63;67;0;No;No;No
5997;7;5;14;2;1;29;23;28;26;19;31;34;0;38;39;53;55;54;56;50;68;62;67;64;61;0;No;No;No
5998;4;9;11;12;14;16;18;22;26;27;39;42;0;36;45;50;56;47;55;58;69;61;62;71;74;0;No;No;No
5999;1;3;12;10;4;16;25;26;19;28;44;32;0;33;41;59;55;57;51;48;72;75;64;68;62;0;No;No;No
6000;9;14;15;6;1;19;29;22;18;23;36;31;0;44;32;55;48;60;56;46;74;68;66;71;72;0;No;No;No
6001;5;13;11;3;15;20;25;17;21;23;43;36;0;42;31;52;57;54;46;47;64;70;68;62;72;0;No;No;No
6002;2;6;13;15;10;26;29;19;17;24;40;31;0;32;42;50;56;55;58;59;66;61;65;72;68;0;No;No;No
6003;8;1;5;6;14;29;22;28;24;16;34;40;0;32;41;58;54;51;46;60;63;65;73;62;70;0;No;No;No
6004;3;7;9;4;15;28;22;16;18;17;44;38;0;32;39;46;47;54;56;53;70;67;69;66;72;0;No;No;No
6005;2;8;6;1;10;21;17;26;16;19;37;31;0;34;33;50;48;47;56;51;67;63;71;62;68;0;No;No;No
6006;10;2;3;7;6;19;18;25;17;26;32;40;0;43;42;57;49;51;60;53;69;61;71;64;65;0;No;No;No
6007;8;9;1;12;3;16;27;21;18;25;35;39;0;42;41;51;52;53;59;50;70;68;64;67;63;0;No;No;No
6008;8;13;7;10;3;27;19;16;23;17;34;42;0;31;41;47;49;60;48;59;64;62;70;68;65;0;No;No;No
6009;15;5;13;6;11;24;23;17;29;26;36;40;0;44;42;47;49;52;46;55;63;72;69;61;70;0;No;No;No
6010;2;9;12;14;1;28;16;17;30;18;40;41;0;43;44;58;52;54;59;53;64;66;69;67;74;0;No;No;No
6011;3;4;8;2;13;30;20;19;17;25;36;33;0;39;41;49;50;51;55;54;68;62;67;71;61;0;No;No;No
6012;15;8;14;11;10;19;21;17;16;28;42;39;0;32;37;46;56;60;57;51;65;73;64;75;68;0;No;No;No
6013;13;8;11;3;7;21;29;16;25;26;31;39;0;44;35;49;51;52;50;60;73;61;70;66;75;0;No;No;No
6014;11;13;8;3;10;18;28;21;29;19;31;44;0;42;36;47;60;50;54;52;65;73;63;64;61;0;No;No;No
6015;10;1;13;5;3;19;17;20;27;23;34;43;0;36;35;54;56;52;51;60;64;69;72;63;66;0;No;No;No
6016;7;9;6;14;1;26;29;20;19;17;36;38;0;39;34;54;50;52;49;48;74;73;63;62;65;0;No;No;No
6017;6;11;7;3;14;21;22;25;17;23;42;37;0;33;43;51;57;59;54;48;72;66;61;74;68;0;No;No;No
6018;8;9;14;15;1;16;23;27;25;26;37;42;0;40;41;55;52;57;49;53;69;61;74;75;73;0;No;No;No
6019;14;9;12;7;5;26;20;23;17;16;32;35;0;41;33;60;55;58;48;53;62;63;72;61;69;0;No;No;No
6020;8;14;10;5;1;18;21;28;16;17;35;44;0;41;45;55;47;52;60;49;64;66;61;74;73;0;No;No;No
6021;15;8;10;9;4;17;21;22;26;18;35;44;0;43;40;51;55;49;53;58;63;71;69;62;61;0;No;No;No
6022;10;3;14;12;8;30;18;16;20;21;39;31;0;37;43;53;58;46;49;55;73;74;70;68;67;0;No;No;No
6023;14;2;1;11;5;18;30;20;24;19;39;43;0;41;36;48;53;59;49;52;67;63;73;72;69;0;No;No;No
6024;14;3;13;10;6;22;23;20;27;17;42;45;0;40;36;57;46;50;51;60;62;68;61;64;74;0;No;No;No
6025;1;9;11;4;8;22;23;19;24;26;35;31;0;41;40;50;58;52;57;55;61;62;74;68;73;0;No;No;No
6026;3;4;11;12;14;25;17;28;30;26;31;44;0;40;34;58;47;55;49;48;75;70;74;73;61;0;No;No;No
6027;13;3;15;12;6;22;23;26;17;19;45;38;0;33;37;59;55;54;56;46;67;70;66;71;61;0;No;No;No
6028;11;2;1;14;8;18;23;28;26;16;38;32;0;43;35;49;51;47;57;54;62;65;74;66;68;0;No;No;No
6029;4;13;1;12;14;18;23;22;28;21;39;42;0;32;35;56;49;55;54;52;72;66;64;68;62;0;No;No;No
6030;4;5;2;8;10;26;27;23;21;20;34;42;0;36;44;52;59;54;48;46;66;70;72;67;64;0;No;No;No
6031;13;11;4;3;7;29;17;16;25;19;41;44;0;40;32;47;48;53;49;56;64;61;73;68;71;0;No;No;No
6032;10;7;6;5;11;17;28;18;21;26;33;34;0;43;42;47;60;59;48;49;62;70;73;66;65;0;No;No;No
6033;4;15;3;7;5;23;21;27;17;30;38;44;0;39;45;50;59;53;54;55;64;63;67;68;66;0;No;No;No
6034;12;1;13;11;4;27;24;28;16;17;38;44;0;33;42;57;51;54;52;48;73;61;67;66;69;0;No;No;No
6035;9;8;7;10;1;21;27;24;26;23;33;44;0;36;38;56;50;55;49;47;68;75;64;66;71;0;No;No;No
6036;10;7;9;6;5;16;19;22;20;17;42;38;0;32;34;47;59;52;50;46;67;64;65;72;74;0;No;No;No
6037;5;1;8;10;7;28;23;18;17;29;37;39;0;44;35;46;49;57;59;51;74;61;71;62;65;0;No;No;No
6038;5;1;14;8;2;16;30;21;26;24;31;35;0;41;38;46;48;56;47;54;66;63;68;75;73;0;No;No;No
6039;9;1;7;4;10;27;25;22;20;18;33;35;0;43;36;54;58;55;49;50;69;68;63;64;62;0;No;No;No
6040;7;3;1;15;2;30;27;18;16;25;42;44;0;31;35;47;52;58;60;55;65;71;72;64;68;0;No;No;No
6041;11;2;10;13;5;24;20;25;23;17;40;31;0;34;36;56;47;48;46;60;69;74;73;71;67;0;No;No;No
6042;5;10;13;11;15;26;17;21;28;23;44;41;0;34;45;50;58;56;52;49;74;70;69;75;73;0;No;No;No
6043;14;1;8;4;2;27;18;25;19;24;33;34;0;44;43;49;52;56;55;47;67;74;75;64;69;0;No;No;No
6044;13;14;10;11;15;22;21;18;20;19;43;41;0;35;42;57;56;54;59;49;72;62;71;61;67;0;No;No;No
6045;13;9;6;3;4;28;17;22;27;25;36;40;0;37;32;46;50;60;58;48;61;69;70;73;66;0;No;No;No
6046;8;12;9;6;11;28;16;29;19;30;42;39;0;38;32;46;50;54;53;49;69;71;61;74;68;0;No;No;No
6047;11;4;7;15;3;28;16;17;24;22;40;38;0;41;35;59;58;46;48;50;75;73;66;64;65;0;No;No;No
6048;5;14;3;10;12;18;19;20;16;23;31;41;0;44;37;57;48;56;53;59;72;69;61;74;73;0;No;No;No
6049;6;7;13;11;10;29;17;19;18;25;43;41;0;36;33;52;57;51;48;46;70;63;65;64;72;0;No;No;No
6050;1;3;2;8;14;19;24;27;22;17;31;42;0;33;36;55;58;59;46;57;67;71;73;70;62;0;No;No;No
6051;13;9;5;11;7;21;23;27;17;22;35;41;0;33;42;50;46;48;54;53;71;66;64;73;72;0;No;No;No
6052;11;4;2;9;10;20;23;18;19;29;32;45;0;43;39;51;58;57;56;47;65;64;67;66;68;0;No;No;No
6053;6;11;15;10;5;24;20;27;29;22;37;45;0;31;41;53;47;51;52;56;68;66;71;73;74;0;No;No;No
6054;6;7;14;4;3;22;25;18;28;29;45;31;0;39;41;47;55;50;60;57;64;68;61;72;65;0;No;No;No
6055;1;2;6;3;5;24;28;18;23;26;44;37;0;32;35;46;49;59;60;48;61;63;66;69;68;0;No;No;No
6056;7;11;14;1;2;28;20;19;16;22;34;33;0;38;39;51;49;48;57;50;63;68;70;62;67;0;No;No;No
6057;8;1;13;9;10;25;18;19;27;21;32;41;0;40;38;55;58;56;59;47;62;64;72;67;70;0;No;No;No
6058;3;6;4;10;14;29;22;17;21;25;37;39;0;35;31;53;47;49;48;56;68;67;71;64;63;0;No;No;No
6059;12;11;6;13;9;23;29;17;30;20;42;40;0;43;36;51;57;60;56;52;69;73;66;74;71;0;No;No;No
6060;8;11;1;5;7;28;23;20;26;19;43;41;0;33;40;53;59;57;55;46;61;64;71;74;72;0;No;No;No
6061;1;13;10;6;3;28;18;17;24;16;35;36;0;32;31;57;55;48;51;53;71;64;73;74;63;0;No;No;No
6062;4;10;3;12;9;29;16;24;28;23;31;45;0;41;32;57;56;47;54;51;64;61;72;71;68;0;No;No;No
6063;7;3;6;13;10;29;23;25;22;19;38;43;0;31;36;56;47;50;59;53;69;73;65;61;63;0;No;No;No
6064;2;15;13;6;14;20;28;19;21;29;35;34;0;44;42;52;53;57;50;58;73;63;74;72;70;0;No;No;No
6065;13;14;4;1;12;23;17;16;26;20;34;44;0;37;33;49;46;48;56;55;73;70;72;69;67;0;No;No;No
6066;4;10;11;8;13;17;16;25;19;24;33;42;0;45;40;59;49;51;56;53;68;70;74;61;67;0;No;No;No
6067;4;8;10;1;7;28;23;22;24;26;31;45;0;40;41;50;47;57;60;54;74;66;68;61;70;0;No;No;No
6068;1;10;14;6;2;19;21;18;27;23;38;41;0;40;42;53;55;59;48;52;73;68;70;74;65;0;No;No;No
6069;13;4;11;3;5;23;28;26;17;20;31;37;0;39;38;55;46;50;51;59;71;69;61;65;63;0;No;No;No
6070;4;11;8;3;10;22;18;28;24;29;33;40;0;31;35;50;49;53;56;47;68;61;65;67;64;0;No;No;No
6071;12;13;15;9;5;28;26;21;25;22;43;38;0;34;40;56;57;58;55;51;74;66;72;68;70;0;No;No;No
6072;9;2;15;11;10;22;19;16;20;28;35;31;0;45;40;55;49;58;48;59;62;66;70;74;72;0;No;No;No
6073;5;7;14;2;12;28;23;18;26;19;39;44;0;36;35;56;60;52;57;55;70;62;74;69;71;0;No;No;No
6074;15;10;2;12;8;17;28;20;27;24;35;37;0;31;41;60;57;54;53;58;70;69;64;67;68;0;No;No;No
6075;7;14;2;1;11;30;17;27;19;26;39;42;0;37;43;56;51;52;53;54;64;66;72;62;71;0;No;No;No
6076;3;10;8;11;7;22;27;29;30;28;33;38;0;34;41;46;56;47;59;48;75;65;69;73;68;0;No;No;No
6077;4;11;7;2;14;18;27;20;22;16;38;43;0;45;31;51;49;58;59;57;64;69;63;73;74;0;No;No;No
6078;15;12;11;1;14;26;18;20;25;29;43;31;0;37;44;52;47;57;58;49;65;67;74;71;72;0;No;No;No
6079;6;14;7;9;10;28;26;27;16;22;34;33;0;38;41;53;60;55;57;47;75;74;61;63;69;0;No;No;No
6080;5;1;7;8;2;21;26;20;24;27;42;32;0;44;38;55;54;46;49;50;75;68;66;63;70;0;No;No;No
6081;5;8;4;3;6;22;20;16;18;30;43;31;0;32;37;49;48;52;56;55;61;62;71;69;73;0;No;No;No
6082;11;8;4;12;2;27;26;29;19;25;44;42;0;31;39;50;46;55;51;56;66;62;73;63;69;0;No;No;No
6083;4;12;8;1;7;20;25;21;26;16;44;34;0;38;42;50;60;51;58;46;62;72;65;75;63;0;No;No;No
6084;11;8;4;5;2;28;17;21;26;18;41;38;0;44;32;47;52;60;55;48;72;74;68;61;63;0;No;No;No
6085;7;10;4;2;1;21;22;23;27;28;33;42;0;38;44;47;55;52;53;50;66;61;69;63;74;0;No;No;No
6086;11;7;12;1;8;27;26;16;24;22;41;33;0;32;38;51;55;49;59;58;73;63;69;64;65;0;No;No;No
6087;4;14;10;8;2;29;21;24;18;27;40;44;0;37;33;50;59;57;55;53;63;65;67;62;70;0;No;No;No
6088;14;5;7;9;3;30;16;27;26;22;32;44;0;33;34;57;56;52;53;49;73;66;68;63;70;0;No;No;No
6089;13;6;14;3;9;19;29;20;24;18;39;35;0;33;41;47;53;52;59;57;71;63;74;69;62;0;No;No;No
6090;13;10;3;8;2;21;30;27;29;16;45;36;0;44;38;55;52;47;50;46;69;62;66;73;61;0;No;No;No
6091;7;14;11;10;12;21;16;28;19;18;41;43;0;33;32;55;57;48;59;47;70;71;64;61;62;0;No;No;No
6092;12;1;3;9;6;16;23;17;28;19;40;38;0;37;33;46;53;52;54;48;64;72;65;63;66;0;No;No;No
6093;15;5;2;3;7;19;25;30;20;27;41;39;0;32;35;56;51;46;54;50;68;73;62;69;61;0;No;No;No
6094;12;2;14;13;11;27;16;30;29;20;35;38;0;32;41;49;48;47;54;50;68;74;71;73;64;0;No;No;No
6095;8;3;2;7;12;25;29;20;28;26;41;34;0;33;43;59;56;47;48;54;72;75;73;66;67;0;No;No;No
6096;8;1;9;14;12;24;30;16;21;27;37;32;0;36;31;56;51;48;54;46;69;66;63;62;73;0;No;No;No
6097;8;12;5;6;3;30;22;17;16;19;43;44;0;39;36;52;51;57;49;50;73;70;75;62;65;0;No;No;No
6098;7;10;13;2;4;16;22;26;20;17;32;33;0;41;43;53;55;58;50;48;67;63;72;69;68;0;No;No;No
6099;15;12;1;9;3;22;23;17;29;27;37;38;0;43;39;53;54;49;60;56;69;64;61;68;67;0;No;No;No
6100;1;8;10;3;7;29;26;16;20;17;40;41;0;39;38;58;57;53;50;52;74;69;63;71;68;0;No;No;No
6101;9;2;12;5;8;26;17;20;29;21;32;42;0;36;41;51;47;58;48;50;65;68;61;62;67;0;No;No;No
6102;4;12;13;2;14;26;21;16;23;30;33;36;0;42;38;50;47;54;52;48;64;67;69;74;68;0;No;No;No
6103;5;13;2;14;10;27;28;23;19;20;35;41;0;33;42;46;54;53;48;56;69;65;74;67;72;0;No;No;No
6104;13;10;9;2;14;21;25;18;16;29;32;35;0;37;41;48;54;57;46;53;68;61;69;71;64;0;No;No;No
6105;3;5;10;4;14;21;16;29;27;25;35;36;0;42;39;48;47;59;53;46;62;61;72;71;63;0;No;No;No
6106;12;9;11;6;5;20;19;22;25;21;40;35;0;36;41;56;59;46;52;51;63;65;61;66;68;0;No;No;No
6107;12;7;13;5;3;23;26;22;17;29;40;45;0;33;34;54;56;59;50;46;73;67;71;70;66;0;No;No;No
6108;8;11;7;10;12;26;18;22;16;30;45;34;0;37;35;47;52;57;60;50;73;74;62;65;72;0;No;No;No
6109;14;6;12;11;8;19;18;28;29;24;33;39;0;42;40;53;55;58;51;49;73;71;66;69;65;0;No;No;No
6110;12;9;13;5;15;21;20;29;26;18;34;33;0;35;38;58;53;60;47;46;68;64;70;71;73;0;No;No;No
6111;1;4;2;15;13;25;21;18;20;22;37;34;0;39;44;57;56;49;46;54;65;66;62;68;75;0;No;No;No
6112;12;9;13;14;8;17;29;25;24;22;32;36;0;31;44;49;58;50;52;51;70;73;67;61;69;0;No;No;No
6113;8;9;10;12;15;22;23;19;16;17;43;32;0;41;35;52;49;46;58;53;73;64;70;74;75;0;No;No;No
6114;3;10;15;13;11;25;22;17;23;19;44;40;0;42;31;56;52;57;48;59;62;63;73;68;66;0;No;No;No
6115;3;4;7;9;2;28;26;21;16;20;42;38;0;36;43;46;52;54;51;47;72;64;67;66;61;0;No;No;No
6116;14;11;5;4;8;30;19;22;24;27;38;45;0;36;43;47;56;50;60;55;75;64;65;66;73;0;No;No;No
6117;2;8;13;7;12;24;23;28;25;26;45;42;0;34;31;56;46;48;58;59;69;70;72;73;65;0;No;No;No
6118;10;5;2;9;6;22;16;28;17;30;32;39;0;44;34;46;49;50;59;56;74;63;68;73;64;0;No;No;No
6119;14;1;2;10;7;16;19;27;21;28;33;38;0;41;35;58;53;52;54;47;66;69;65;71;67;0;No;No;No
6120;9;13;8;3;11;24;30;16;27;17;41;40;0;36;32;53;49;51;59;50;68;62;63;72;66;0;No;No;No
6121;7;8;10;3;1;28;26;22;19;17;32;34;0;35;31;57;55;48;53;54;65;68;63;66;62;0;No;No;No
6122;11;10;1;12;13;20;26;28;23;27;44;42;0;33;39;48;51;54;56;50;74;72;66;70;63;0;No;No;No
6123;1;13;14;11;6;16;26;19;30;20;44;37;0;39;42;54;52;55;59;58;66;64;62;71;69;0;No;No;No
6124;10;7;14;9;11;25;18;23;26;16;31;43;0;33;36;46;54;48;59;50;64;70;72;65;62;0;No;No;No
6125;5;11;6;15;13;16;18;24;17;20;37;31;0;41;40;52;53;60;54;59;72;73;67;61;75;0;No;No;No
6126;14;12;6;9;1;18;16;19;20;22;45;36;0;35;38;51;46;53;57;55;65;67;73;64;69;0;No;No;No
6127;11;3;4;9;1;20;30;22;23;19;43;36;0;45;39;57;50;48;49;59;72;69;67;66;75;0;No;No;No
6128;2;10;3;1;4;25;29;16;18;19;35;38;0;31;36;57;46;48;54;55;62;71;67;70;69;0;No;No;No
6129;11;1;5;4;14;16;22;26;25;17;33;43;0;37;34;57;49;50;51;53;62;66;73;67;71;0;No;No;No
6130;13;3;15;8;7;17;29;21;22;23;34;40;0;35;36;53;59;55;54;60;73;69;70;66;61;0;No;No;No
6131;9;4;13;12;11;23;18;24;20;25;39;31;0;44;43;58;46;57;54;47;71;61;64;74;63;0;No;No;No
6132;13;9;14;1;3;18;29;26;21;16;43;37;0;34;35;58;51;60;53;48;61;71;63;62;66;0;No;No;No
6133;15;10;12;6;11;21;29;22;20;18;37;42;0;35;41;55;48;58;51;47;74;68;67;73;61;0;No;No;No
6134;11;12;8;4;1;27;30;19;24;29;43;37;0;39;41;51;52;58;55;60;63;65;70;71;68;0;No;No;No
6135;9;8;3;5;13;20;21;28;24;22;37;44;0;33;45;52;58;54;49;50;70;73;63;61;66;0;No;No;No
6136;6;10;2;1;11;26;21;16;23;30;37;41;0;40;34;51;49;46;47;55;61;69;67;66;65;0;No;No;No
6137;3;5;7;1;13;17;25;22;20;29;34;37;0;42;44;50;46;53;56;59;66;65;73;67;64;0;No;No;No
6138;4;14;8;13;12;16;17;30;22;20;40;34;0;44;33;51;48;59;54;58;70;72;68;65;64;0;No;No;No
6139;9;10;14;2;15;29;26;23;20;16;34;39;0;35;37;54;50;52;57;49;63;61;65;62;71;0;No;No;No
6140;14;8;10;1;5;17;18;25;16;28;37;34;0;35;44;60;46;47;53;57;68;63;69;70;65;0;No;No;No
6141;8;4;7;14;11;18;25;19;22;23;35;44;0;38;43;56;52;58;59;51;63;64;75;73;66;0;No;No;No
6142;5;8;6;3;13;23;29;20;24;16;39;40;0;45;42;57;52;51;49;55;71;75;73;62;69;0;No;No;No
6143;11;14;7;4;8;22;27;18;17;26;31;44;0;38;34;48;59;53;54;50;70;69;62;64;72;0;No;No;No
6144;10;7;2;8;9;16;25;23;18;22;34;45;0;31;32;50;51;46;49;55;65;71;72;63;67;0;No;No;No
6145;13;14;4;7;6;16;22;25;21;26;38;33;0;45;32;48;51;57;54;55;69;62;73;63;65;0;No;No;No
6146;12;13;11;2;8;28;20;25;26;21;43;36;0;40;38;47;59;54;53;50;70;62;66;69;74;0;No;No;No
6147;8;14;3;2;6;30;20;16;27;26;42;44;0;36;40;53;57;49;59;54;73;70;72;66;62;0;No;No;No
6148;14;8;7;6;15;19;28;22;30;27;39;44;0;38;41;58;49;56;51;57;66;73;70;71;63;0;No;No;No
6149;7;13;2;4;9;18;27;25;22;28;38;35;0;36;45;59;57;54;52;48;71;73;64;70;72;0;No;No;No
6150;10;5;4;13;11;25;18;20;28;29;40;42;0;43;39;52;56;46;47;54;74;75;73;61;66;0;No;No;No
6151;15;14;7;6;1;29;19;17;28;20;41;33;0;37;45;50;60;52;46;47;72;71;68;66;65;0;No;No;No
6152;12;3;10;1;2;23;21;16;25;22;39;33;0;40;31;50;46;56;51;54;63;74;69;75;70;0;No;No;No
6153;3;2;9;14;15;22;18;23;25;26;45;37;0;40;35;48;56;49;60;52;73;70;72;65;61;0;No;No;No
6154;6;9;8;7;3;30;16;28;22;18;44;42;0;31;45;53;52;50;60;59;75;71;64;66;65;0;No;No;No
6155;7;2;1;4;15;18;20;26;29;24;38;43;0;34;42;48;50;47;58;56;72;61;66;69;62;0;No;No;No
6156;10;1;8;3;7;24;19;21;26;23;32;34;0;37;44;48;50;47;57;58;75;62;72;61;65;0;No;No;No
6157;11;12;5;6;1;22;25;19;21;30;31;40;0;32;39;58;60;46;52;54;66;68;74;71;70;0;No;No;No
6158;12;13;1;4;14;21;28;16;27;29;36;44;0;41;31;48;57;47;54;60;67;71;72;64;65;0;No;No;No
6159;9;7;3;10;6;24;25;26;28;27;41;39;0;37;34;48;58;47;46;50;62;75;70;61;69;0;No;No;No
6160;9;3;14;4;11;16;20;27;17;23;42;34;0;35;40;48;54;59;50;55;72;61;63;73;66;0;No;No;No
6161;6;3;4;15;13;22;21;18;24;20;37;36;0;45;35;57;56;48;52;46;74;72;71;70;61;0;No;No;No
6162;2;15;10;7;6;28;22;19;27;29;39;40;0;37;36;55;47;46;51;57;66;75;70;73;65;0;No;No;No
6163;10;4;7;5;1;29;17;23;24;22;40;37;0;34;32;50;57;51;52;47;63;67;68;73;62;0;No;No;No
6164;1;14;9;6;15;27;30;25;23;16;43;35;0;33;42;53;50;49;54;48;65;64;72;70;62;0;No;No;No
6165;15;12;2;6;5;27;29;23;25;22;40;32;0;35;43;51;48;52;58;59;70;61;72;66;75;0;No;No;No
6166;4;11;8;3;7;29;24;26;19;30;39;40;0;38;43;52;55;56;57;59;72;71;61;69;74;0;No;No;No
6167;13;2;6;9;12;28;21;27;24;17;38;37;0;35;44;55;60;59;49;54;65;69;64;74;61;0;No;No;No
6168;8;14;10;11;13;19;29;28;18;30;45;35;0;42;36;56;55;54;58;47;63;71;70;73;62;0;No;No;No
6169;4;11;2;8;15;23;19;17;20;21;36;39;0;31;42;55;53;59;60;54;75;69;61;70;65;0;No;No;No
6170;6;11;3;8;2;16;24;25;18;27;39;31;0;43;35;52;58;47;49;57;72;70;63;74;69;0;No;No;No
6171;8;1;2;13;7;26;18;22;17;29;35;34;0;43;42;48;51;60;50;53;70;62;71;65;66;0;No;No;No
6172;4;15;9;11;1;17;22;16;18;19;31;40;0;32;38;48;59;60;53;49;66;73;64;69;63;0;No;No;No
6173;11;8;9;12;14;18;24;22;26;20;43;40;0;35;37;56;60;57;54;47;73;74;63;61;71;0;No;No;No
6174;9;11;10;13;8;26;29;17;20;25;44;36;0;40;45;59;49;57;58;51;67;73;66;62;64;0;No;No;No
6175;4;6;5;14;3;25;18;26;27;19;45;43;0;36;41;46;55;51;57;49;72;71;68;66;63;0;No;No;No
6176;12;7;14;10;1;16;29;17;18;26;45;38;0;43;33;51;56;48;57;53;69;63;66;64;70;0;No;No;No
6177;4;9;2;12;7;29;19;25;22;23;38;42;0;43;33;60;58;57;52;55;64;63;65;66;74;0;No;No;No
6178;3;11;7;9;6;19;28;20;26;25;35;39;0;42;43;53;51;54;46;50;75;69;62;63;61;0;No;No;No
6179;7;13;12;6;9;16;23;28;21;22;43;37;0;39;36;49;58;47;51;48;62;72;64;67;73;0;No;No;No
6180;11;3;4;2;6;24;19;28;18;26;44;42;0;39;32;50;55;52;58;46;74;61;64;63;66;0;No;No;No
6181;3;7;11;14;9;18;27;29;19;25;31;34;0;40;42;48;54;47;50;56;71;68;69;75;61;0;No;No;No
6182;10;14;9;12;4;29;27;24;28;16;38;34;0;41;44;50;48;46;54;47;61;72;73;70;74;0;No;No;No
6183;9;6;5;3;8;29;21;23;19;25;35;38;0;33;44;58;54;51;52;46;67;62;63;65;74;0;No;No;No
6184;9;6;8;5;4;26;24;21;27;28;41;37;0;39;35;58;53;47;49;46;61;75;70;63;72;0;No;No;No
6185;11;2;9;13;15;25;22;28;29;21;32;40;0;37;43;49;52;56;48;47;62;68;64;61;72;0;No;No;No
6186;7;3;13;14;4;17;29;23;16;26;41;39;0;45;40;54;52;58;51;47;61;65;63;72;62;0;No;No;No
6187;6;4;9;3;5;20;21;23;24;19;40;37;0;31;32;52;55;57;47;56;66;67;68;73;61;0;No;No;No
6188;4;3;13;8;9;27;26;22;19;21;43;38;0;35;41;47;60;59;51;54;68;74;72;71;70;0;No;No;No
6189;3;6;4;9;7;17;24;29;21;23;39;36;0;45;43;55;60;46;59;50;63;74;62;75;73;0;No;No;No
6190;8;10;3;4;12;19;24;25;30;22;32;36;0;43;39;48;56;60;54;52;73;72;71;63;66;0;No;No;No
6191;9;8;1;4;12;19;22;16;20;17;32;36;0;35;38;49;48;46;51;50;68;66;74;75;64;0;No;No;No
6192;5;3;7;9;8;18;17;27;20;25;41;42;0;37;35;57;47;53;51;50;73;67;69;72;65;0;No;No;No
6193;5;13;1;14;11;30;26;27;19;28;43;36;0;41;35;51;56;55;47;48;61;73;63;69;71;0;No;No;No
6194;10;12;6;9;5;18;29;20;17;22;36;43;0;39;31;49;57;58;52;56;65;61;67;68;73;0;No;No;No
6195;11;12;15;7;3;30;16;21;20;29;42;35;0;32;31;51;58;49;47;46;67;69;72;71;73;0;No;No;No
6196;14;6;4;1;15;24;22;25;28;30;41;37;0;40;34;50;52;58;60;51;64;70;69;75;66;0;No;No;No
6197;6;13;9;15;2;26;16;18;17;28;31;34;0;39;42;59;57;58;48;51;62;71;70;65;63;0;No;No;No
6198;5;1;8;6;12;16;28;27;24;22;38;39;0;44;35;46;59;48;53;50;66;64;63;62;74;0;No;No;No
6199;3;8;14;7;12;28;19;22;21;27;36;44;0;37;43;53;47;50;58;59;65;68;62;71;72;0;No;No;No
6200;8;15;11;6;14;17;28;22;20;24;34;43;0;44;40;53;48;54;56;47;61;69;73;72;70;0;No;No;No
6201;6;1;2;12;14;28;20;16;17;23;36;31;0;43;32;58;51;57;54;49;63;72;68;67;69;0;No;No;No
6202;5;4;3;13;6;28;27;22;19;24;39;33;0;36;31;59;48;50;49;53;63;68;66;69;72;0;No;No;No
6203;15;5;1;9;8;22;25;18;16;29;43;44;0;39;34;47;50;58;57;46;74;61;70;66;67;0;No;No;No
6204;1;13;14;12;3;19;17;18;29;24;42;33;0;36;38;56;48;52;50;51;73;61;69;63;65;0;No;No;No
6205;15;11;12;3;13;22;28;16;26;18;37;41;0;43;44;59;48;54;47;51;61;68;64;63;67;0;No;No;No
6206;9;4;7;11;2;27;19;17;21;29;43;34;0;42;38;54;48;53;49;55;70;69;75;74;61;0;No;No;No
6207;6;11;14;5;13;20;23;28;19;21;41;37;0;38;45;54;53;58;51;46;67;63;73;69;62;0;No;No;No
6208;14;15;11;4;9;20;25;19;22;18;38;42;0;40;44;52;59;56;48;47;70;62;74;66;61;0;No;No;No
6209;7;6;4;1;10;28;17;16;22;25;37;35;0;31;32;58;47;51;60;53;73;66;70;61;69;0;No;No;No
6210;3;5;11;15;13;27;25;22;17;19;32;31;0;35;37;46;50;52;58;59;73;65;71;67;64;0;No;No;No
6211;13;2;15;3;12;30;29;22;27;21;44;42;0;43;34;54;56;58;57;50;69;71;62;67;65;0;No;No;No
6212;9;11;6;3;7;18;27;22;21;24;42;35;0;43;40;57;55;54;56;52;63;66;67;69;64;0;No;No;No
6213;14;6;2;8;4;23;28;30;27;29;45;36;0;41;33;46;51;59;48;58;69;62;74;66;65;0;No;No;No
6214;13;7;8;6;4;16;30;21;20;26;44;33;0;34;39;46;47;55;51;48;67;70;74;65;68;0;No;No;No
6215;4;6;13;1;3;23;18;17;25;19;41;34;0;36;40;57;49;58;59;46;64;65;71;72;68;0;No;No;No
6216;9;1;2;7;3;21;27;18;16;20;34;32;0;36;35;49;59;55;52;57;71;65;67;66;69;0;No;No;No
6217;14;9;11;10;3;30;28;24;23;29;36;43;0;37;34;57;56;58;46;50;68;64;67;69;61;0;No;No;No
6218;4;15;10;14;6;21;30;26;22;24;43;44;0;32;40;51;56;54;46;48;62;68;73;63;71;0;No;No;No
6219;10;1;13;8;15;19;27;20;23;17;38;32;0;31;40;52;49;46;55;57;73;67;74;63;70;0;No;No;No
6220;2;10;3;7;4;19;27;28;23;26;41;45;0;35;38;49;59;56;55;57;69;75;73;66;67;0;No;No;No
6221;2;4;12;14;11;25;17;19;23;29;39;41;0;44;37;48;53;54;60;52;71;72;73;65;62;0;No;No;No
6222;11;9;3;2;7;24;23;16;22;29;41;36;0;37;38;58;55;54;56;48;67;63;70;68;66;0;No;No;No
6223;8;13;3;14;11;28;24;17;27;22;40;37;0;35;31;57;51;48;56;50;64;65;75;70;63;0;No;No;No
6224;4;1;10;13;8;26;30;17;23;24;39;32;0;37;35;54;58;55;53;52;63;70;75;69;68;0;No;No;No
6225;8;6;1;9;13;20;18;29;16;25;34;37;0;32;40;58;48;57;47;54;61;63;68;67;70;0;No;No;No
6226;7;1;6;4;8;23;18;16;20;28;33;40;0;41;36;54;52;50;53;58;67;63;62;66;75;0;No;No;No
6227;1;3;6;13;10;30;28;18;20;27;41;34;0;40;42;60;49;59;47;56;69;61;71;68;70;0;No;No;No
6228;4;2;13;14;6;18;27;21;25;24;36;32;0;37;40;52;54;50;53;46;68;71;72;67;75;0;No;No;No
6229;8;9;14;15;2;16;28;26;22;23;39;38;0;37;34;47;48;59;49;52;69;67;64;65;66;0;No;No;No
6230;3;11;12;6;2;17;30;25;16;28;34;35;0;39;41;53;46;59;51;49;73;62;64;63;69;0;No;No;No
6231;13;9;2;14;10;29;28;21;20;19;38;31;0;33;44;51;50;52;58;46;71;66;62;69;61;0;No;No;No
6232;10;15;1;8;2;17;16;26;23;21;42;33;0;40;36;60;56;52;58;50;65;72;64;70;74;0;No;No;No
6233;11;7;8;10;12;22;17;29;18;27;38;35;0;34;41;49;46;48;50;58;67;63;66;69;70;0;No;No;No
6234;11;9;6;13;8;28;17;27;24;23;33;35;0;34;43;54;48;51;50;57;72;63;74;69;66;0;No;No;No
6235;6;7;9;1;3;28;19;20;22;29;43;41;0;34;32;47;57;53;58;59;66;67;63;71;70;0;No;No;No
6236;10;15;12;4;11;18;28;20;19;22;35;43;0;41;44;57;53;59;49;52;67;61;63;68;71;0;No;No;No
6237;13;6;2;3;1;19;25;23;22;18;37;43;0;35;38;58;60;53;46;50;63;74;69;72;71;0;No;No;No
6238;11;6;3;9;5;25;16;23;17;19;35;40;0;41;38;59;55;50;47;46;66;64;75;71;68;0;No;No;No
6239;12;9;7;2;4;28;19;24;16;30;43;37;0;32;42;48;50;57;55;52;71;75;63;64;62;0;No;No;No
6240;12;6;9;10;2;21;29;19;26;24;33;43;0;35;37;60;49;51;50;58;61;73;72;66;74;0;No;No;No
6241;5;10;7;4;9;23;20;18;30;27;45;42;0;40;36;55;60;54;46;57;67;74;70;65;68;0;No;No;No
6242;3;6;5;4;2;24;23;27;25;20;39;45;0;37;40;56;50;47;52;49;67;74;70;64;66;0;No;No;No
6243;6;13;1;10;7;16;29;24;18;23;43;38;0;42;33;48;47;58;52;53;61;67;66;71;64;0;No;No;No
6244;4;6;2;10;13;24;21;29;19;20;38;34;0;33;44;47;48;57;55;53;63;66;67;72;69;0;No;No;No
6245;10;15;12;5;1;21;17;28;16;19;41;42;0;39;31;52;54;53;58;48;73;67;61;70;72;0;No;No;No
6246;2;13;14;3;1;29;21;28;20;25;37;44;0;33;31;54;49;58;55;59;69;70;67;66;61;0;No;No;No
6247;10;9;2;14;12;25;27;23;16;19;38;34;0;41;36;58;48;54;52;47;62;73;66;74;67;0;No;No;No
6248;6;3;5;11;4;21;24;18;25;22;44;34;0;33;38;59;51;57;53;49;64;65;61;63;71;0;No;No;No
6249;7;14;13;15;6;22;16;20;27;19;34;32;0;36;35;50;53;58;59;47;65;70;73;64;69;0;No;No;No
6250;10;13;9;11;7;19;26;16;18;21;38;31;0;33;41;47;52;60;46;59;69;74;62;71;70;0;No;No;No
6251;4;7;6;1;10;26;17;19;20;18;41;35;0;42;32;50;60;48;51;59;64;71;66;74;62;0;No;No;No
6252;9;4;10;13;7;19;30;26;20;27;31;44;0;39;37;56;46;52;60;55;63;64;73;72;65;0;No;No;No
6253;3;2;10;12;7;26;29;22;19;30;35;40;0;43;39;52;50;56;49;53;71;67;65;61;63;0;No;No;No
6254;6;3;10;14;5;16;23;29;18;17;38;33;0;31;43;57;51;49;59;47;71;62;68;70;65;0;No;No;No
6255;14;5;13;1;12;18;22;20;27;23;42;41;0;34;43;54;52;53;47;57;66;65;68;61;70;0;No;No;No
6256;8;13;14;15;10;27;18;20;21;28;44;38;0;39;42;51;50;52;47;58;74;63;64;72;65;0;No;No;No
6257;11;15;14;3;1;24;23;29;22;17;41;42;0;36;40;49;55;58;59;60;66;69;62;67;74;0;No;No;No
6258;6;4;2;5;7;24;29;19;28;26;36;41;0;45;31;55;49;48;46;56;63;62;61;75;69;0;No;No;No
6259;3;12;11;1;5;20;24;29;28;30;32;45;0;38;36;57;49;59;50;60;73;70;69;71;65;0;No;No;No
6260;11;12;7;1;4;28;24;16;22;27;32;44;0;40;37;46;55;59;52;56;71;73;70;63;67;0;No;No;No
6261;3;2;5;11;4;21;26;19;20;27;41;42;0;35;33;52;49;48;56;50;68;69;75;72;61;0;No;No;No
6262;15;7;13;2;10;18;24;21;19;29;41;36;0;32;45;56;57;51;47;50;73;62;71;64;61;0;No;No;No
6263;2;13;5;12;8;20;26;18;19;24;45;44;0;42;35;59;47;50;51;49;71;66;63;62;74;0;No;No;No
6264;7;12;11;14;15;28;22;27;23;17;36;32;0;40;39;52;55;50;56;47;68;66;70;73;72;0;No;No;No
6265;12;7;11;14;2;30;23;22;17;21;34;42;0;32;41;50;54;46;59;57;73;72;75;61;62;0;No;No;No
6266;3;7;13;5;2;29;23;18;28;19;34;38;0;37;40;56;58;57;52;53;72;63;69;68;65;0;No;No;No
6267;3;9;7;6;10;22;23;18;27;25;43;35;0;32;42;58;59;52;49;56;71;65;68;66;72;0;No;No;No
6268;8;13;5;11;4;30;24;26;22;17;32;33;0;39;31;58;49;55;57;53;68;69;72;65;66;0;No;No;No
6269;11;7;15;3;13;18;16;30;20;27;43;37;0;35;33;52;48;59;60;47;74;69;63;62;67;0;No;No;No
6270;1;11;3;8;9;16;27;25;26;21;41;38;0;32;31;51;58;55;48;49;75;62;67;64;72;0;No;No;No
6271;10;7;12;8;4;18;24;19;20;29;38;43;0;36;42;47;57;52;51;50;74;66;71;69;64;0;No;No;No
6272;4;14;10;6;8;16;21;29;27;25;32;41;0;37;35;56;57;52;50;48;73;65;66;67;64;0;No;No;No
6273;1;5;3;4;2;21;18;17;26;27;44;40;0;35;36;59;46;56;51;48;69;75;74;64;62;0;No;No;No
6274;9;6;5;1;10;21;17;23;22;30;32;39;0;33;42;54;52;51;56;60;63;64;70;75;65;0;No;No;No
6275;10;6;2;15;12;25;20;29;19;24;33;42;0;32;35;49;47;48;50;46;75;64;70;68;67;0;No;No;No
6276;4;8;11;3;6;25;27;23;18;21;35;39;0;31;45;46;51;50;58;55;65;67;62;69;61;0;No;No;No
6277;5;11;4;6;2;21;27;23;20;19;42;39;0;32;31;54;50;47;48;59;63;64;71;62;69;0;No;No;No
6278;6;10;1;14;15;26;19;17;30;18;38;43;0;37;45;57;49;47;60;48;71;70;64;63;61;0;No;No;No
6279;13;14;4;10;5;23;30;17;29;24;36;31;0;43;40;49;50;54;58;56;65;72;69;71;62;0;No;No;No
6280;3;13;4;2;5;19;22;27;18;17;38;41;0;31;32;51;54;47;55;48;62;70;68;72;71;0;No;No;No
6281;10;2;3;4;8;26;28;27;21;24;32;35;0;41;36;51;58;53;55;54;64;68;72;71;69;0;No;No;No
6282;10;8;2;3;4;18;27;16;30;25;43;35;0;34;32;49;47;53;50;52;69;68;74;67;70;0;No;No;No
6283;6;9;13;5;15;24;20;28;27;17;44;34;0;33;45;52;58;55;57;54;70;71;72;65;64;0;No;No;No
6284;9;6;8;14;1;21;20;24;23;17;38;37;0;39;40;59;55;56;46;57;73;71;64;63;74;0;No;No;No
6285;11;1;12;15;14;28;27;26;22;20;35;43;0;39;44;47;53;46;56;52;67;75;66;61;71;0;No;No;No
6286;13;11;5;1;10;29;25;22;21;24;34;42;0;32;40;48;57;47;46;49;70;69;68;64;63;0;No;No;No
6287;13;2;10;11;8;25;20;23;21;18;40;42;0;45;35;51;57;50;54;58;62;72;68;70;73;0;No;No;No
6288;8;2;12;13;1;27;28;29;25;16;43;37;0;39;40;58;46;59;50;47;63;74;62;72;64;0;No;No;No
6289;7;13;6;3;11;23;16;29;24;19;33;32;0;34;42;48;54;47;50;52;67;69;66;75;72;0;No;No;No
6290;2;8;13;5;9;16;22;29;23;26;44;33;0;41;39;56;57;58;55;52;68;67;66;73;72;0;No;No;No
6291;3;9;1;8;2;21;19;18;24;28;36;44;0;33;31;54;47;58;50;59;69;68;70;63;62;0;No;No;No
6292;13;12;3;14;8;29;19;22;24;20;37;41;0;45;34;55;57;53;47;54;72;63;61;71;69;0;No;No;No
6293;5;2;14;10;3;29;20;22;24;23;41;31;0;37;43;51;50;56;53;54;63;67;75;73;70;0;No;No;No
6294;10;12;6;14;3;20;26;27;30;24;44;36;0;31;33;56;58;46;59;49;68;74;69;73;70;0;No;No;No
6295;3;10;1;14;11;19;20;27;30;17;37;38;0;45;33;54;48;46;53;55;73;65;68;61;70;0;No;No;No
6296;4;9;7;12;11;30;19;28;23;20;35;32;0;39;41;54;50;57;52;58;75;67;73;66;65;0;No;No;No
6297;4;11;12;8;13;23;29;25;24;16;34;31;0;36;40;53;55;54;46;48;72;71;73;70;67;0;No;No;No
6298;3;14;13;10;9;26;24;23;29;21;43;34;0;38;35;58;55;46;60;49;73;70;64;72;67;0;No;No;No
6299;3;6;13;2;7;20;19;27;24;18;33;36;0;32;42;51;56;58;60;57;71;70;64;65;75;0;No;No;No
6300;11;7;12;5;1;17;24;16;21;18;42;31;0;45;36;52;54;58;60;51;73;70;72;75;67;0;No;No;No
6301;10;11;3;6;8;26;18;20;17;28;40;37;0;36;35;56;48;60;54;58;69;63;73;65;68;0;No;No;No
6302;3;13;10;4;5;30;26;23;27;20;31;42;0;32;39;56;46;58;49;55;70;68;62;63;71;0;No;No;No
6303;3;9;12;13;15;23;17;29;25;26;40;43;0;33;38;48;55;50;59;54;71;72;75;69;67;0;No;No;No
6304;14;4;6;10;5;19;25;29;24;17;41;40;0;42;31;52;48;55;50;60;61;69;65;67;66;0;No;No;No
6305;3;5;1;13;8;26;21;28;22;24;38;41;0;44;36;50;46;52;54;47;65;70;74;62;63;0;No;No;No
6306;12;15;2;3;4;27;28;21;23;19;31;37;0;34;32;54;50;46;48;57;64;66;67;71;63;0;No;No;No
6307;12;3;10;14;15;23;27;16;24;26;39;36;0;33;40;51;49;58;56;54;67;71;74;63;68;0;No;No;No
6308;14;8;6;13;11;29;25;26;21;27;32;38;0;33;37;47;54;52;59;46;69;63;70;72;67;0;No;No;No
6309;5;14;11;2;3;25;28;16;26;24;36;35;0;33;42;53;46;50;59;49;64;73;66;68;63;0;No;No;No
6310;13;9;6;12;3;18;29;22;27;20;39;35;0;37;32;56;59;49;54;52;69;62;73;64;71;0;No;No;No
6311;3;14;15;11;1;22;18;26;25;20;38;33;0;36;40;57;49;54;46;51;68;66;63;61;62;0;No;No;No
6312;7;4;13;3;5;27;22;30;26;21;35;41;0;37;32;49;53;57;52;51;66;62;61;70;68;0;No;No;No
6313;2;10;11;1;6;19;28;17;23;29;39;34;0;35;36;47;58;54;53;52;67;63;64;70;62;0;No;No;No
6314;14;7;12;2;1;21;22;17;29;27;36;31;0;43;37;51;56;59;52;54;65;69;62;66;74;0;No;No;No
6315;5;8;6;3;2;24;26;22;16;20;38;44;0;39;33;54;50;56;48;49;73;64;72;61;75;0;No;No;No
6316;13;2;4;1;14;18;28;30;16;27;44;43;0;31;36;49;60;53;48;56;75;63;69;71;64;0;No;No;No
6317;10;4;2;8;6;27;20;24;18;29;44;39;0;37;42;48;56;46;47;58;66;72;68;69;63;0;No;No;No
6318;15;13;1;8;2;20;23;29;30;24;42;41;0;43;39;47;49;48;53;46;62;64;74;71;61;0;No;No;No
6319;3;5;9;4;6;28;23;17;25;21;43;32;0;40;41;55;57;46;54;49;70;72;62;64;74;0;No;No;No
6320;3;2;8;7;12;17;18;26;19;29;32;36;0;43;42;58;50;54;52;46;63;65;73;74;68;0;No;No;No
6321;4;15;3;14;13;21;30;16;25;20;34;38;0;35;39;49;52;55;47;53;66;74;71;70;61;0;No;No;No
6322;5;7;2;13;3;27;26;29;25;17;44;33;0;31;40;49;48;55;52;59;65;73;66;72;64;0;No;No;No
6323;8;12;6;14;3;27;26;19;21;28;42;41;0;45;38;60;59;53;55;48;64;68;72;61;67;0;No;No;No
6324;10;11;8;4;2;26;19;24;21;23;43;37;0;34;40;60;47;52;59;58;75;64;74;63;69;0;No;No;No
6325;8;4;12;10;5;27;28;25;26;29;31;36;0;38;44;48;50;60;55;58;73;63;64;74;62;0;No;No;No
6326;2;4;10;7;14;28;27;17;26;19;36;32;0;31;40;60;51;57;53;49;72;64;75;62;66;0;No;No;No
6327;11;12;8;7;14;19;17;28;16;22;42;31;0;43;33;48;51;49;54;53;68;62;72;75;74;0;No;No;No
6328;3;7;6;9;14;28;18;22;17;27;33;36;0;41;40;51;55;54;50;46;71;66;64;61;62;0;No;No;No
6329;7;1;13;8;15;30;18;24;17;21;44;31;0;40;41;58;59;56;52;46;72;71;74;65;69;0;No;No;No
6330;9;7;15;13;8;23;19;24;30;25;44;33;0;31;34;57;60;48;53;47;65;66;67;73;61;0;No;No;No
6331;4;10;12;2;1;25;24;22;28;30;42;38;0;34;31;59;50;51;58;57;70;71;72;66;69;0;No;No;No
6332;14;12;4;9;1;22;18;20;19;17;34;31;0;39;36;47;51;49;54;52;71;69;68;74;64;0;No;No;No
6333;5;8;10;2;13;30;28;23;20;16;38;39;0;36;42;47;58;49;51;53;75;72;61;67;69;0;No;No;No
6334;8;12;1;2;6;21;29;27;26;23;43;38;0;44;39;52;56;58;46;55;62;67;66;68;65;0;No;No;No
6335;11;7;6;3;15;20;29;28;24;27;44;36;0;40;39;49;54;48;47;51;69;65;61;66;62;0;No;No;No
6336;13;4;14;3;8;27;16;23;29;20;43;36;0;37;42;52;49;59;50;55;71;66;68;70;65;0;No;No;No
6337;11;6;7;13;5;30;27;17;22;19;42;33;0;41;39;57;50;48;55;56;64;69;65;72;68;0;No;No;No
6338;13;10;15;7;14;18;25;19;23;17;37;38;0;40;34;54;46;53;57;59;73;69;70;63;72;0;No;No;No
6339;3;11;7;9;2;21;20;24;30;28;42;32;0;31;39;47;52;48;49;58;62;70;63;74;72;0;No;No;No
6340;9;13;7;12;8;29;20;28;27;16;42;40;0;43;35;59;51;55;46;53;67;68;72;75;69;0;No;No;No
6341;11;8;4;14;6;23;18;17;16;22;32;44;0;39;42;49;48;57;53;60;64;68;67;71;62;0;No;No;No
6342;6;11;9;12;5;24;19;17;22;16;44;40;0;42;36;49;51;56;52;46;72;61;69;64;66;0;No;No;No
6343;6;11;12;2;3;20;25;21;26;17;36;44;0;33;35;49;54;59;55;48;74;73;62;64;67;0;No;No;No
6344;4;11;5;14;3;16;17;27;29;24;38;44;0;40;34;50;59;51;46;47;63;66;70;72;64;0;No;No;No
6345;8;12;7;11;9;16;24;23;29;30;35;44;0;42;40;52;59;51;58;53;73;70;67;65;74;0;No;No;No
6346;6;4;3;12;14;16;20;23;30;28;32;35;0;41;33;52;58;55;53;51;71;63;62;72;69;0;No;No;No
6347;9;5;15;7;4;26;18;21;20;29;33;40;0;38;37;60;48;56;55;52;71;65;73;61;67;0;No;No;No
6348;14;13;5;4;6;18;23;22;25;20;40;34;0;31;35;52;58;50;55;47;61;67;68;74;62;0;No;No;No
6349;14;5;4;8;9;21;22;29;28;30;43;33;0;40;39;60;47;53;46;59;71;68;67;63;62;0;No;No;No
6350;14;13;10;6;8;20;23;30;25;17;31;43;0;42;32;60;49;55;54;58;64;61;62;66;73;0;No;No;No
6351;5;1;8;2;13;23;25;20;27;16;41;38;0;34;43;59;52;54;58;51;69;65;74;70;75;0;No;No;No
6352;10;9;14;6;1;22;23;19;20;21;44;38;0;32;43;56;54;57;47;49;74;69;61;62;73;0;No;No;No
6353;13;4;3;12;14;30;18;20;27;24;38;41;0;32;35;52;54;57;48;49;65;68;70;69;63;0;No;No;No
6354;13;2;5;3;6;27;28;17;24;25;38;32;0;40;37;52;59;54;46;53;61;66;74;65;68;0;No;No;No
6355;4;13;9;5;2;20;18;29;27;19;43;33;0;36;39;47;58;60;51;59;67;66;72;71;70;0;No;No;No
6356;11;10;4;7;3;17;21;24;20;23;31;39;0;42;34;46;58;49;48;55;61;71;68;70;66;0;No;No;No
6357;11;15;7;9;5;21;30;20;17;22;41;39;0;43;44;55;49;47;50;56;74;62;72;71;65;0;No;No;No
6358;14;5;4;11;13;24;16;25;28;21;44;35;0;42;31;57;56;51;53;46;64;70;69;62;67;0;No;No;No
6359;9;15;2;6;5;17;20;19;22;24;34;42;0;44;35;47;57;53;52;49;61;62;64;70;75;0;No;No;No
6360;10;11;8;14;13;20;16;29;27;23;40;37;0;38;44;50;57;56;59;52;62;61;72;74;66;0;No;No;No
6361;14;3;6;8;5;29;23;21;26;28;41;44;0;39;32;54;49;52;55;59;65;74;62;68;73;0;No;No;No
6362;14;4;2;3;12;22;25;21;19;30;31;41;0;33;35;50;59;54;52;58;63;66;74;64;68;0;No;No;No
6363;8;7;4;9;10;30;19;20;29;24;31;32;0;43;38;59;53;51;56;58;71;62;65;69;68;0;No;No;No
6364;10;6;5;14;8;21;29;30;22;16;45;33;0;37;40;55;56;53;51;58;66;67;64;72;61;0;No;No;No
6365;8;1;5;3;4;22;19;21;29;17;39;41;0;32;37;48;49;50;55;57;74;61;75;66;72;0;No;No;No
6366;4;12;9;13;7;17;18;28;25;21;42;40;0;38;37;51;53;52;47;49;69;65;62;66;72;0;No;No;No
6367;12;6;5;13;3;29;23;27;30;18;45;42;0;41;44;54;55;50;51;53;72;63;66;69;61;0;No;No;No
6368;2;14;1;13;4;20;27;25;18;26;41;42;0;37;32;50;46;57;48;47;61;75;74;72;71;0;No;No;No
6369;5;13;6;7;8;25;27;16;23;29;36;40;0;38;42;58;56;57;53;47;68;71;62;70;74;0;No;No;No
6370;2;14;4;10;11;20;28;16;24;22;35;45;0;39;33;57;58;46;54;48;61;63;69;68;73;0;No;No;No
6371;4;3;15;5;10;26;29;21;18;28;32;44;0;33;45;57;50;51;46;47;63;67;64;70;73;0;No;No;No
6372;3;7;12;13;5;28;26;30;27;25;36;37;0;31;42;50;46;57;52;51;64;70;61;65;72;0;No;No;No
6373;8;6;13;12;9;27;25;23;20;16;43;44;0;37;41;57;50;56;54;53;71;67;73;65;72;0;No;No;No
6374;4;2;8;10;6;24;21;25;26;17;34;38;0;37;39;49;58;56;57;55;66;62;69;70;61;0;No;No;No
6375;1;2;5;13;3;28;24;26;25;16;35;42;0;41;34;56;48;55;49;51;67;64;63;66;71;0;No;No;No
6376;8;1;12;4;5;25;20;17;26;23;33;43;0;39;35;53;48;46;59;58;68;70;71;63;67;0;No;No;No
6377;10;1;2;13;12;28;29;20;24;23;32;41;0;34;40;57;54;56;50;46;64;62;65;74;61;0;No;No;No
6378;3;6;8;9;14;25;23;27;20;26;35;32;0;38;45;53;57;52;60;47;67;62;70;71;64;0;No;No;No
6379;13;1;10;4;14;30;18;28;21;16;33;32;0;34;45;48;59;52;55;49;67;73;63;69;65;0;No;No;No
6380;13;7;2;12;10;17;27;29;23;26;43;44;0;40;32;48;57;49;50;55;61;69;66;70;64;0;No;No;No
6381;2;11;13;8;3;26;25;23;18;28;35;38;0;31;40;59;56;55;57;54;63;62;72;68;67;0;No;No;No
6382;13;10;2;15;11;27;28;18;21;24;33;37;0;35;32;52;47;57;56;54;68;66;61;75;67;0;No;No;No
6383;5;3;1;7;11;21;23;16;20;19;35;37;0;36;33;55;47;49;53;59;70;75;65;72;73;0;No;No;No
6384;8;12;13;5;4;20;21;17;28;29;37;36;0;43;42;54;51;55;50;57;73;74;71;62;63;0;No;No;No
6385;10;13;2;8;4;22;26;28;25;20;38;33;0;41;31;51;58;49;52;55;73;61;63;64;67;0;No;No;No
6386;7;12;11;10;15;28;18;19;22;20;34;39;0;31;35;49;47;58;57;56;71;61;63;73;70;0;No;No;No
6387;8;6;13;9;3;21;29;25;27;26;40;43;0;42;41;54;57;58;52;56;64;69;66;65;63;0;No;No;No
6388;14;3;6;8;5;17;27;26;16;19;37;43;0;33;40;53;56;54;48;58;67;65;74;70;62;0;No;No;No
6389;14;6;1;9;4;28;20;30;23;18;41;44;0;36;39;55;49;53;46;52;67;70;73;61;72;0;No;No;No
6390;7;11;2;8;15;25;17;30;20;16;34;33;0;32;35;56;47;55;60;51;66;68;67;69;61;0;No;No;No
6391;13;10;9;11;1;27;20;22;24;18;31;36;0;40;35;52;54;46;56;55;72;61;75;68;65;0;No;No;No
6392;13;9;5;4;14;18;28;21;20;16;37;42;0;33;43;50;47;48;60;51;75;63;65;69;66;0;No;No;No
6393;14;3;15;6;1;25;22;26;23;18;31;34;0;39;33;51;46;59;49;52;71;65;64;72;70;0;No;No;No
6394;15;10;2;7;9;30;22;26;18;20;32;40;0;44;36;56;55;46;50;60;70;65;69;67;74;0;No;No;No
6395;10;14;8;7;5;24;22;25;21;20;33;44;0;43;31;46;49;57;55;54;72;68;70;64;61;0;No;No;No
6396;9;11;3;12;2;18;29;30;28;17;40;36;0;44;45;46;56;55;57;51;75;65;66;62;61;0;No;No;No
6397;6;1;9;15;7;20;18;23;29;17;34;35;0;40;39;53;52;51;47;58;63;65;68;73;70;0;No;No;No
6398;8;10;3;4;1;24;20;29;22;27;32;33;0;43;31;50;51;60;56;49;65;73;69;75;68;0;No;No;No
6399;7;3;1;11;12;24;20;27;30;22;32;35;0;33;39;55;47;53;50;52;74;73;66;68;71;0;No;No;No
6400;14;3;10;4;9;28;16;18;26;20;42;32;0;33;40;56;58;53;60;48;66;63;74;71;61;0;No;No;No
6401;8;10;12;14;6;22;27;19;24;18;41;34;0;32;44;51;55;53;58;59;68;62;70;61;65;0;No;No;No
6402;11;6;2;5;4;17;22;16;19;28;37;39;0;36;43;51;47;59;52;49;70;73;71;63;68;0;No;No;No
6403;13;15;14;6;1;17;23;29;22;27;42;35;0;40;31;56;48;57;49;58;67;72;61;71;62;0;No;No;No
6404;12;10;7;5;8;18;25;17;28;16;34;35;0;32;41;47;49;50;58;52;72;65;62;71;61;0;No;No;No
6405;9;8;1;7;10;27;24;22;20;21;43;45;0;32;37;57;53;56;55;49;69;63;66;62;74;0;No;No;No
6406;4;12;11;5;13;25;29;19;26;28;34;40;0;36;35;56;54;55;49;60;63;64;62;65;68;0;No;No;No
6407;14;4;2;6;7;27;22;21;29;23;39;43;0;44;37;49;60;51;46;50;70;65;68;71;61;0;No;No;No
6408;11;7;4;15;1;16;23;29;22;18;43;38;0;45;36;51;48;53;60;56;67;68;62;63;69;0;No;No;No
6409;5;4;1;6;11;28;22;16;29;23;33;40;0;35;32;56;59;53;55;48;63;74;65;73;70;0;No;No;No
6410;7;5;11;14;9;24;17;21;26;22;40;35;0;39;38;51;50;58;48;52;69;74;73;71;61;0;No;No;No
6411;10;14;5;7;11;20;26;28;22;25;41;35;0;36;43;51;55;58;46;53;70;74;71;68;62;0;No;No;No
6412;10;6;9;3;1;17;16;18;25;28;33;31;0;34;43;51;47;57;46;52;74;69;71;62;65;0;No;No;No
6413;7;14;1;9;12;18;16;21;24;25;34;38;0;39;36;57;51;52;53;54;66;71;64;72;74;0;No;No;No
6414;8;6;12;15;4;29;16;19;21;24;32;34;0;37;41;56;47;59;57;51;68;67;70;61;75;0;No;No;No
6415;8;6;2;10;9;24;18;16;20;30;31;36;0;32;43;52;51;55;53;47;71;72;69;65;68;0;No;No;No
6416;6;9;3;2;10;23;22;27;25;29;42;44;0;36;39;59;54;58;50;51;65;72;70;67;66;0;No;No;No
6417;14;4;11;15;13;26;18;29;30;20;33;37;0;32;39;52;60;56;50;51;72;69;65;61;67;0;No;No;No
6418;11;10;2;6;12;19;17;20;16;29;41;32;0;33;39;54;47;49;51;59;69;63;67;75;70;0;No;No;No
6419;9;6;12;13;5;29;21;17;16;22;34;39;0;32;44;55;54;50;53;49;62;74;73;61;71;0;No;No;No
6420;13;9;6;8;2;18;24;22;20;21;45;43;0;33;31;58;60;56;50;49;62;67;71;65;72;0;No;No;No
6421;11;6;14;10;8;18;22;26;28;25;32;31;0;33;45;47;54;59;58;48;63;62;70;61;64;0;No;No;No
6422;8;3;12;4;2;19;20;22;26;16;33;42;0;45;34;55;50;56;48;46;69;72;62;75;73;0;No;No;No
6423;1;5;14;9;8;27;19;16;22;28;32;36;0;44;40;52;54;56;51;57;65;62;73;66;68;0;No;No;No
6424;14;15;11;8;1;28;16;27;29;26;38;41;0;39;31;57;49;46;56;48;64;73;74;71;62;0;No;No;No
6425;11;12;6;1;5;18;20;23;28;25;32;41;0;39;38;48;50;59;57;51;64;61;71;72;68;0;No;No;No
6426;10;1;5;15;11;16;22;23;27;21;34;44;0;39;41;53;60;58;59;55;66;68;67;69;64;0;No;No;No
6427;14;13;3;6;8;22;26;25;29;28;36;31;0;38;40;49;48;52;54;50;68;72;74;67;70;0;No;No;No
6428;4;14;6;10;12;18;17;19;22;30;43;44;0;39;32;50;56;48;51;47;69;67;64;75;66;0;No;No;No
6429;12;11;15;14;7;25;26;21;17;28;43;38;0;34;40;47;46;58;59;54;61;70;72;69;65;0;No;No;No
6430;1;10;12;6;15;22;20;30;21;26;41;40;0;31;44;46;54;52;53;58;73;69;62;63;65;0;No;No;No
6431;5;12;15;4;11;20;27;21;22;23;43;36;0;44;40;51;47;58;48;56;61;66;74;71;70;0;No;No;No
6432;13;1;5;10;14;18;29;23;20;27;37;42;0;44;36;46;56;52;57;58;68;66;69;62;71;0;No;No;No
6433;3;2;7;9;4;20;16;28;29;19;42;32;0;38;39;54;51;58;56;46;67;63;66;68;74;0;No;No;No
6434;7;3;6;10;4;18;23;29;17;21;32;40;0;36;34;59;48;55;50;54;66;72;73;63;64;0;No;No;No
6435;9;2;7;4;14;19;23;26;30;28;32;43;0;44;38;53;46;60;52;54;70;68;72;73;66;0;No;No;No
6436;8;3;1;14;5;29;18;22;17;19;31;42;0;37;32;53;48;51;54;52;63;69;64;72;74;0;No;No;No
6437;9;3;6;5;4;26;19;21;30;23;44;32;0;43;42;50;59;53;55;57;73;67;74;68;65;0;No;No;No
6438;3;12;2;8;14;29;17;26;21;30;40;38;0;44;34;48;54;52;50;58;66;73;67;63;72;0;No;No;No
6439;4;15;1;9;11;24;22;18;20;17;44;33;0;39;43;51;59;60;52;53;64;63;75;67;62;0;No;No;No
6440;15;14;2;3;6;28;26;22;25;16;45;39;0;41;36;48;57;54;51;56;71;65;69;63;62;0;No;No;No
6441;11;10;14;4;7;29;23;19;24;22;45;42;0;37;41;57;51;55;54;49;69;70;68;61;71;0;No;No;No
6442;8;6;11;12;2;24;20;17;16;26;44;37;0;42;31;52;57;51;60;53;61;73;74;65;75;0;No;No;No
6443;10;15;13;9;12;20;24;29;27;18;44;43;0;42;31;56;46;60;51;47;73;65;66;72;61;0;No;No;No
6444;1;14;11;12;5;27;25;18;23;26;44;33;0;37;35;47;57;52;48;55;65;75;61;64;70;0;No;No;No
6445;10;3;1;11;7;30;21;27;19;24;32;33;0;37;39;59;46;50;57;54;75;67;64;72;69;0;No;No;No
6446;6;2;11;10;14;25;27;24;16;28;41;42;0;38;33;53;49;59;57;51;67;69;72;64;71;0;No;No;No
6447;9;10;5;13;8;17;23;22;27;20;33;44;0;34;36;60;51;49;59;54;61;69;68;74;70;0;No;No;No
6448;8;5;13;12;9;22;30;16;28;23;35;37;0;36;34;53;55;54;59;51;71;73;72;62;69;0;No;No;No
6449;8;7;10;11;4;26;19;16;25;29;43;42;0;32;41;47;54;58;49;52;61;63;71;62;67;0;No;No;No
6450;1;2;8;3;4;22;24;18;27;26;42;34;0;41;38;50;51;49;58;55;74;75;71;69;68;0;No;No;No
6451;10;5;9;6;12;21;20;19;23;17;42;43;0;40;35;56;51;57;47;53;61;73;66;63;69;0;No;No;No
6452;2;10;9;11;5;22;23;25;24;29;40;39;0;41;42;55;50;54;58;56;62;68;65;72;71;0;No;No;No
6453;11;5;6;14;1;16;19;26;25;30;38;44;0;36;34;54;47;46;55;53;65;64;61;63;69;0;No;No;No
6454;14;8;6;1;5;17;26;27;29;19;44;39;0;36;33;57;51;59;58;54;74;73;65;72;67;0;No;No;No
6455;14;2;10;9;12;17;24;30;29;19;41;43;0;37;38;47;49;46;59;56;70;61;63;69;72;0;No;No;No
6456;14;1;3;9;11;23;21;25;16;22;32;37;0;40;45;51;56;55;47;48;68;66;67;63;64;0;No;No;No
6457;3;5;4;7;13;30;27;19;20;25;31;41;0;34;38;54;56;55;51;57;70;74;67;71;63;0;No;No;No
6458;14;9;5;1;3;22;20;24;16;17;41;40;0;45;38;46;53;58;59;55;68;61;64;70;63;0;No;No;No
6459;6;3;2;10;1;20;17;28;24;19;35;43;0;33;32;51;48;46;59;52;74;69;73;63;66;0;No;No;No
6460;13;5;11;9;10;25;26;30;29;27;38;43;0;37;31;47;52;48;59;60;70;67;69;71;61;0;No;No;No
6461;10;5;6;13;7;29;22;30;26;20;45;42;0;37;33;54;51;46;52;60;64;74;63;61;68;0;No;No;No
6462;13;1;12;7;2;25;16;28;27;18;35;40;0;38;44;55;52;47;49;53;67;71;73;63;65;0;No;No;No
6463;12;14;7;15;9;27;20;18;24;26;31;40;0;45;35;56;48;51;47;49;68;63;69;65;71;0;No;No;No
6464;11;12;2;14;4;20;29;18;28;16;32;39;0;40;35;55;48;51;52;53;71;61;74;66;75;0;No;No;No
6465;12;1;7;11;3;23;25;24;27;28;40;32;0;35;45;56;47;51;58;60;66;74;70;69;65;0;No;No;No
6466;1;10;12;9;14;24;23;20;25;29;36;32;0;43;37;51;55;49;56;53;73;66;67;68;64;0;No;No;No
6467;6;9;14;1;7;24;28;17;25;20;31;41;0;35;44;48;46;57;47;52;61;68;70;71;72;0;No;No;No
6468;1;15;11;12;3;23;27;28;29;22;38;45;0;44;33;60;46;47;51;52;65;63;70;67;75;0;No;No;No
6469;10;7;2;6;11;25;16;20;29;23;44;42;0;40;36;58;53;52;56;48;61;65;63;75;69;0;No;No;No
6470;8;9;4;1;12;29;23;22;25;20;43;41;0;42;37;52;49;58;57;46;69;61;63;66;65;0;No;No;No
6471;11;2;8;15;5;20;26;29;16;22;43;31;0;37;44;49;55;60;48;47;66;62;73;72;61;0;No;No;No
6472;7;12;15;4;5;30;25;21;16;19;41;38;0;43;42;58;52;51;55;49;72;64;65;63;70;0;No;No;No
6473;11;10;2;9;14;28;27;18;29;26;36;40;0;35;43;60;56;48;46;53;63;68;64;70;69;0;No;No;No
6474;10;8;2;1;3;24;21;28;26;16;35;32;0;33;41;47;56;52;50;46;74;64;73;69;75;0;No;No;No
6475;10;5;11;6;1;24;16;28;20;22;39;33;0;38;40;48;46;59;52;56;74;70;71;66;69;0;No;No;No
6476;10;11;7;5;15;16;29;28;19;22;35;31;0;34;38;58;56;57;60;52;65;72;64;74;61;0;No;No;No
6477;11;2;5;3;4;26;21;28;25;29;36;38;0;34;33;49;46;53;60;56;64;73;63;62;69;0;No;No;No
6478;10;5;1;4;6;24;22;27;26;16;43;35;0;40;39;55;47;57;46;52;71;72;62;70;64;0;No;No;No
6479;4;11;5;10;6;16;28;24;18;27;39;36;0;38;40;58;50;49;48;52;72;73;66;70;74;0;No;No;No
6480;3;9;13;12;11;26;20;23;27;18;43;37;0;38;31;52;48;57;54;47;61;64;66;62;63;0;No;No;No
6481;1;8;2;4;9;17;18;25;16;21;33;32;0;43;35;53;46;50;55;54;72;73;65;62;70;0;No;No;No
6482;12;14;2;8;11;27;23;29;16;21;40;42;0;38;41;50;46;56;59;54;67;68;73;69;64;0;No;No;No
6483;13;6;14;1;12;18;19;24;25;21;36;40;0;39;32;58;47;59;56;54;66;61;71;69;65;0;No;No;No
6484;2;5;4;8;10;29;21;28;26;27;31;41;0;35;39;55;46;53;47;59;72;61;66;75;64;0;No;No;No
6485;14;3;8;6;10;18;23;21;17;26;39;36;0;32;41;47;46;58;59;60;68;63;70;65;62;0;No;No;No
6486;10;11;14;2;13;19;27;23;25;17;43;45;0;40;33;50;47;46;53;48;75;74;65;61;72;0;No;No;No
6487;4;11;12;7;3;26;28;23;21;30;41;35;0;36;32;51;49;48;54;50;66;72;75;74;69;0;No;No;No
6488;8;4;3;5;9;23;19;22;17;29;44;38;0;40;31;53;59;49;55;60;62;63;67;73;71;0;No;No;No
6489;1;12;8;6;13;19;20;23;22;21;41;35;0;38;43;58;50;52;49;48;74;71;63;72;70;0;No;No;No
6490;8;6;9;14;1;26;17;16;23;22;37;32;0;33;43;56;49;58;53;54;64;75;71;66;74;0;No;No;No
6491;6;3;9;8;12;23;25;22;26;19;33;41;0;38;43;49;46;52;50;53;64;61;71;67;72;0;No;No;No
6492;9;12;2;11;8;28;20;22;24;18;31;37;0;35;34;53;55;54;51;50;67;69;62;63;74;0;No;No;No
6493;11;6;3;2;13;20;21;23;24;18;39;32;0;36;34;59;52;56;51;58;69;62;64;67;65;0;No;No;No
6494;12;7;15;3;9;19;27;21;29;25;35;33;0;41;36;59;48;49;54;51;62;69;66;73;64;0;No;No;No
6495;4;9;8;14;13;21;16;22;25;30;37;38;0;39;32;59;46;58;53;51;62;72;63;71;66;0;No;No;No
6496;2;5;14;1;13;21;23;29;19;28;34;43;0;42;35;55;51;54;59;53;62;74;68;63;71;0;No;No;No
6497;8;1;2;10;3;27;22;18;17;25;44;32;0;33;43;53;48;60;55;59;71;69;67;63;66;0;No;No;No
6498;8;4;5;2;9;17;26;16;30;20;31;36;0;41;33;57;47;59;48;49;62;66;70;64;63;0;No;No;No
6499;5;6;10;9;13;23;29;25;16;27;37;35;0;42;43;59;48;50;46;58;63;66;73;67;64;0;No;No;No
6500;8;14;7;11;12;27;16;28;26;20;38;33;0;37;31;48;46;54;59;52;68;61;69;71;66;0;No;No;No
6501;12;3;5;14;7;27;23;22;25;30;40;38;0;36;37;55;52;47;59;53;71;66;74;69;62;0;No;No;No
6502;1;6;14;12;11;18;23;20;27;25;35;32;0;36;42;46;55;48;59;53;74;72;71;73;70;0;No;No;No
6503;7;4;10;6;12;19;16;17;25;27;35;45;0;37;39;50;47;55;53;58;64;73;62;66;67;0;No;No;No
6504;9;12;5;11;4;17;20;26;29;27;45;32;0;44;39;47;60;52;49;55;68;73;75;64;74;0;No;No;No
6505;10;7;4;3;15;30;21;19;24;16;45;37;0;35;44;53;52;60;49;55;62;65;70;73;75;0;No;No;No
6506;11;1;2;9;4;24;26;23;27;16;32;40;0;37;44;46;47;53;60;49;66;63;75;64;70;0;No;No;No
6507;2;9;12;10;14;28;23;19;29;21;33;36;0;44;41;56;49;46;59;52;73;67;70;74;62;0;No;No;No
6508;2;13;14;5;7;28;17;30;24;16;35;38;0;43;41;46;50;51;52;55;70;62;63;73;72;0;No;No;No
6509;6;1;13;8;12;16;29;24;25;18;44;42;0;39;40;47;53;48;56;59;73;70;66;68;61;0;No;No;No
6510;13;10;6;7;5;30;19;24;20;23;37;40;0;32;44;46;49;58;52;54;62;69;75;68;66;0;No;No;No
6511;4;6;5;12;14;24;23;19;25;16;33;35;0;39;40;60;49;47;58;54;72;70;74;66;69;0;No;No;No
6512;7;2;13;3;14;22;16;21;28;20;44;38;0;39;43;57;51;58;46;48;73;71;62;70;64;0;No;No;No
6513;3;14;8;13;1;27;19;21;17;22;34;43;0;42;40;60;52;49;46;53;65;73;68;72;61;0;No;No;No
6514;10;8;6;2;1;30;22;21;19;17;45;36;0;31;39;59;47;58;57;50;74;66;75;65;70;0;No;No;No
6515;12;14;1;10;15;28;23;27;21;24;38;36;0;39;37;57;56;50;47;52;71;62;65;64;66;0;No;No;No
6516;12;14;8;10;7;29;28;19;17;21;31;41;0;37;36;59;58;49;48;47;63;68;69;62;75;0;No;No;No
6517;1;9;13;10;7;29;20;30;25;17;38;37;0;36;41;59;52;56;51;53;64;74;68;62;72;0;No;No;No
6518;10;11;4;12;9;18;25;26;22;29;35;39;0;42;36;49;59;60;47;52;72;71;64;67;66;0;No;No;No
6519;1;2;9;15;8;20;27;28;24;19;31;44;0;36;37;57;55;48;56;58;68;72;62;74;67;0;No;No;No
6520;13;5;12;15;2;26;27;17;20;25;32;45;0;43;35;59;46;58;55;51;72;65;61;70;74;0;No;No;No
6521;1;15;8;2;4;24;21;19;29;25;42;39;0;32;44;52;59;54;51;47;68;71;67;69;61;0;No;No;No
6522;14;9;5;11;2;25;22;27;20;24;40;43;0;39;33;54;47;50;58;53;69;70;73;63;72;0;No;No;No
6523;2;14;8;1;10;26;19;28;27;21;36;39;0;37;43;60;49;55;59;54;63;65;70;69;67;0;No;No;No
6524;10;9;11;14;6;29;25;18;22;17;41;36;0;39;31;54;55;48;58;56;70;72;68;65;64;0;No;No;No
6525;3;8;10;1;11;18;23;30;25;27;34;35;0;32;44;56;53;60;57;50;67;66;62;61;74;0;No;No;No
6526;14;2;4;8;1;19;17;22;20;16;34;38;0;32;40;55;56;46;58;57;61;75;71;62;67;0;No;No;No
6527;9;6;5;1;12;17;27;28;18;19;44;39;0;45;34;48;53;56;49;50;66;68;71;72;65;0;No;No;No
6528;11;12;6;10;8;19;18;22;29;23;39;43;0;34;38;47;59;50;48;54;62;61;70;68;72;0;No;No;No
6529;6;11;10;13;8;20;28;22;26;25;39;38;0;37;36;51;56;47;54;49;70;68;63;75;72;0;No;No;No
6530;1;8;11;14;15;28;26;16;29;25;41;37;0;32;39;46;54;60;52;58;61;73;70;74;71;0;No;No;No
6531;8;11;14;13;5;20;19;21;26;23;34;31;0;37;42;47;51;52;55;53;64;74;67;70;61;0;No;No;No
6532;9;6;7;10;14;24;23;25;28;27;36;40;0;44;37;58;49;52;59;50;74;66;72;69;63;0;No;No;No
6533;13;10;7;1;3;19;20;26;17;18;35;34;0;41;32;54;53;56;55;46;70;74;71;61;65;0;No;No;No
6534;4;9;6;13;15;20;28;24;16;23;31;36;0;45;32;58;54;57;52;60;73;62;64;67;75;0;No;No;No
6535;11;1;8;6;13;21;22;26;19;30;39;35;0;43;33;52;58;48;49;56;65;74;71;67;69;0;No;No;No
6536;1;13;2;10;11;20;25;23;26;16;39;35;0;36;41;50;53;56;60;59;62;71;64;61;67;0;No;No;No
6537;14;3;5;12;8;28;23;24;16;17;34;39;0;31;38;51;46;52;47;60;69;73;72;62;68;0;No;No;No
6538;2;11;6;9;8;29;22;23;26;19;38;33;0;34;32;57;50;46;58;48;70;73;66;74;72;0;No;No;No
6539;1;8;13;10;6;20;23;25;19;29;42;32;0;35;31;58;54;51;46;55;64;75;73;70;62;0;No;No;No
6540;5;11;9;7;12;23;21;25;18;16;33;40;0;36;42;59;60;53;57;55;62;73;69;64;67;0;No;No;No
6541;13;3;12;6;4;18;22;26;20;27;38;41;0;40;44;57;58;49;53;59;62;65;64;66;73;0;No;No;No
6542;13;3;10;12;7;23;29;24;22;20;42;44;0;32;38;57;46;55;56;47;65;69;64;63;62;0;No;No;No
6543;10;6;15;12;1;27;16;25;17;22;42;33;0;32;37;46;58;48;47;49;69;74;64;68;71;0;No;No;No
6544;13;8;11;6;3;17;21;28;24;18;33;43;0;45;42;59;50;56;58;52;68;71;74;65;69;0;No;No;No
6545;4;13;12;1;5;19;18;23;28;20;43;36;0;33;44;49;60;54;50;59;66;74;67;63;62;0;No;No;No
6546;1;14;5;12;7;16;17;23;28;21;43;31;0;35;38;53;52;56;57;51;73;71;64;63;72;0;No;No;No
6547;10;7;5;14;11;22;18;21;27;19;35;37;0;42;41;54;50;47;56;53;61;73;63;64;74;0;No;No;No
6548;1;11;2;8;9;21;27;17;22;28;35;39;0;32;31;51;53;54;56;50;63;61;64;74;67;0;No;No;No
6549;8;15;6;10;11;17;19;27;29;24;33;38;0;44;35;53;58;48;54;52;63;70;74;64;65;0;No;No;No
6550;10;6;9;7;11;18;21;16;29;23;43;45;0;36;44;46;47;52;59;54;62;68;74;75;61;0;No;No;No
6551;9;5;2;6;14;20;27;19;17;28;32;33;0;38;44;52;50;55;47;54;72;62;63;71;65;0;No;No;No
6552;8;11;9;1;14;25;28;30;18;16;39;37;0;41;42;56;59;50;58;47;67;61;66;63;74;0;No;No;No
6553;13;11;14;8;6;22;29;20;26;17;40;32;0;44;37;46;52;56;48;59;69;73;64;74;62;0;No;No;No
6554;9;12;6;13;3;17;28;29;22;20;34;44;0;35;40;54;53;46;50;55;72;65;68;63;64;0;No;No;No
6555;8;1;5;10;4;26;19;20;18;21;43;39;0;45;36;60;52;53;54;56;62;61;63;67;66;0;No;No;No
6556;2;13;9;8;12;24;29;30;21;20;31;41;0;35;36;49;53;58;47;51;68;72;67;62;63;0;No;No;No
6557;9;13;1;12;8;28;27;29;21;20;37;44;0;41;34;51;55;52;54;49;68;73;62;71;69;0;No;No;No
6558;5;9;13;15;6;27;21;23;17;28;40;39;0;35;34;53;49;48;51;54;67;69;72;74;63;0;No;No;No
6559;13;7;3;1;10;17;20;25;18;30;36;31;0;39;32;55;47;46;52;58;64;65;63;74;66;0;No;No;No
6560;8;6;3;4;12;18;27;30;21;26;36;34;0;35;37;56;60;59;52;51;61;62;70;69;75;0;No;No;No
6561;10;14;13;6;5;19;16;21;18;28;37;31;0;42;39;46;48;57;49;54;70;61;71;66;64;0;No;No;No
6562;1;11;3;12;13;17;29;27;23;26;44;32;0;41;33;48;47;49;60;51;65;69;66;73;74;0;No;No;No
6563;2;11;9;13;4;22;19;23;27;29;32;36;0;45;34;51;54;59;49;46;61;73;72;64;67;0;No;No;No
6564;7;13;4;12;9;20;16;28;19;29;37;44;0;40;31;51;46;54;53;59;61;65;67;74;68;0;No;No;No
6565;10;7;3;6;9;23;17;28;29;22;37;45;0;31;39;59;51;46;60;55;63;66;64;65;71;0;No;No;No
6566;9;3;2;6;14;17;22;27;29;24;41;40;0;42;31;55;60;53;51;46;67;65;63;69;66;0;No;No;No
6567;10;9;4;5;6;23;16;21;20;17;41;42;0;44;35;60;59;50;56;55;73;72;66;74;68;0;No;No;No
6568;6;2;1;3;5;21;29;20;18;24;33;43;0;38;42;57;56;46;55;48;71;73;62;75;64;0;No;No;No
6569;1;10;8;13;4;16;18;17;24;25;34;40;0;41;35;59;56;46;48;58;68;71;66;69;63;0;No;No;No
6570;9;3;11;2;15;19;29;21;23;24;39;45;0;35;34;49;59;46;56;55;64;63;66;67;71;0;No;No;No
6571;13;7;3;14;5;21;27;26;28;22;33;35;0;40;31;53;57;51;47;48;75;61;67;70;64;0;No;No;No
6572;12;2;1;14;3;21;30;23;19;18;34;31;0;40;42;53;59;48;50;47;73;74;63;71;68;0;No;No;No
6573;15;7;11;6;1;29;28;17;25;22;43;33;0;39;41;52;55;53;46;59;64;70;73;67;63;0;No;No;No
6574;13;3;8;15;9;21;29;22;17;19;36;34;0;41;45;50;51;48;56;59;73;74;67;64;70;0;No;No;No
6575;4;12;3;1;9;24;27;22;28;30;43;35;0;37;31;51;46;59;55;49;64;65;66;62;69;0;No;No;No
6576;5;7;13;4;1;24;28;26;29;18;31;34;0;33;37;55;56;54;50;52;75;64;65;62;74;0;No;No;No
6577;12;8;9;3;15;27;18;22;21;19;37;40;0;33;34;50;52;51;47;57;69;61;67;74;64;0;No;No;No
6578;3;8;4;2;11;28;17;23;30;24;36;38;0;39;31;58;59;51;47;53;75;65;63;74;72;0;No;No;No
6579;14;10;12;1;4;21;24;18;22;17;39;35;0;38;37;49;51;47;59;54;64;72;68;67;66;0;No;No;No
6580;6;8;15;5;1;25;18;28;17;16;40;37;0;38;34;46;57;56;51;59;61;64;63;68;70;0;No;No;No
6581;8;1;2;14;10;23;26;30;18;20;45;34;0;31;44;54;55;58;53;59;75;66;73;64;72;0;No;No;No
6582;8;11;3;14;4;28;22;18;24;27;44;41;0;34;35;51;46;52;48;47;63;65;72;66;64;0;No;No;No
6583;8;10;11;1;2;22;29;19;16;17;33;44;0;43;42;58;50;57;53;46;72;66;70;64;74;0;No;No;No
6584;1;11;7;14;13;17;22;19;20;24;32;33;0;37;34;55;59;48;51;56;63;71;68;62;61;0;No;No;No
6585;1;7;15;11;12;26;28;24;21;18;41;39;0;37;43;47;53;59;55;58;74;71;72;67;75;0;No;No;No
6586;9;13;8;12;5;21;24;25;20;27;34;36;0;38;42;54;51;57;47;55;69;63;64;67;71;0;No;No;No
6587;7;12;13;14;11;21;28;26;25;30;42;44;0;43;39;46;51;53;49;55;70;69;64;74;65;0;No;No;No
6588;9;4;5;7;2;27;25;18;20;30;32;40;0;35;34;53;58;60;48;49;61;64;74;70;66;0;No;No;No
6589;2;6;14;15;8;28;22;29;23;16;39;37;0;36;31;56;47;58;50;46;67;69;66;62;72;0;No;No;No
6590;10;5;14;6;2;16;27;19;17;18;38;39;0;41;32;51;52;54;58;46;75;68;62;65;69;0;No;No;No
6591;7;8;2;12;15;30;26;19;23;25;40;43;0;38;41;58;59;51;53;48;66;61;68;65;71;0;No;No;No
6592;5;4;15;1;9;25;30;16;29;26;35;33;0;36;39;51;52;58;48;57;69;61;71;67;68;0;No;No;No
6593;5;9;10;13;7;24;23;19;22;21;36;35;0;38;32;46;59;60;58;48;68;64;61;71;73;0;No;No;No
6594;6;3;9;1;13;22;21;27;28;19;35;41;0;40;36;47;51;50;57;58;67;65;73;62;69;0;No;No;No
6595;13;10;5;4;1;19;21;23;26;22;37;35;0;32;44;47;54;58;48;53;65;74;75;69;68;0;No;No;No
6596;14;6;13;8;1;17;25;20;28;24;31;36;0;44;41;47;56;58;48;57;67;62;71;64;61;0;No;No;No
6597;15;11;3;7;10;30;26;20;27;28;44;35;0;41;38;57;52;58;48;47;66;67;62;68;74;0;No;No;No
6598;2;13;4;11;7;23;21;27;26;20;35;32;0;39;37;56;60;52;48;54;69;65;68;72;64;0;No;No;No
6599;11;5;13;12;9;20;24;16;19;29;37;42;0;33;41;53;48;49;46;55;67;72;73;63;69;0;No;No;No
6600;9;13;3;10;5;29;23;28;21;25;44;32;0;40;37;56;57;60;59;58;69;67;72;71;66;0;No;No;No
6601;8;4;14;6;7;27;25;29;18;20;44;40;0;34;37;58;55;51;50;59;64;61;67;72;63;0;No;No;No
6602;8;2;11;6;5;16;26;24;30;23;42;45;0;37;39;48;57;52;53;56;64;63;69;66;65;0;No;No;No
6603;14;11;2;12;15;18;23;20;28;17;37;33;0;31;42;50;51;55;46;58;64;75;72;63;71;0;No;No;No
6604;3;12;5;13;14;29;16;22;25;27;36;44;0;31;38;48;60;47;56;55;62;65;66;74;64;0;No;No;No
6605;13;7;4;14;1;28;24;25;21;20;35;33;0;39;36;54;48;49;60;57;63;70;66;62;68;0;No;No;No
6606;10;5;6;14;2;25;22;20;21;26;31;44;0;41;42;57;50;59;51;49;67;66;65;70;62;0;No;No;No
6607;3;6;10;8;5;24;17;26;23;20;42;41;0;35;34;52;47;54;56;57;73;69;61;63;74;0;No;No;No
6608;4;13;8;14;2;24;26;23;25;27;31;45;0;35;39;52;53;54;46;51;75;69;66;70;65;0;No;No;No
6609;11;10;8;2;4;28;24;22;18;19;37;43;0;41;38;50;58;54;53;51;61;63;66;68;70;0;No;No;No
6610;15;8;3;14;5;27;26;22;17;30;44;33;0;37;41;48;52;47;54;46;69;71;61;65;66;0;No;No;No
6611;13;15;4;7;5;16;22;28;26;17;34;32;0;44;43;58;46;50;57;49;68;75;64;72;70;0;No;No;No
6612;3;4;14;6;11;20;16;17;21;29;42;41;0;45;31;56;53;51;50;49;62;70;69;66;74;0;No;No;No
6613;4;7;1;14;10;23;21;24;16;29;38;33;0;39;43;47;57;55;49;53;64;71;70;68;63;0;No;No;No
6614;15;7;5;6;11;30;21;24;18;16;37;38;0;36;42;48;55;50;53;59;65;74;72;63;64;0;No;No;No
6615;11;2;10;4;1;22;27;16;17;25;39;43;0;44;32;51;54;60;47;46;61;72;71;68;70;0;No;No;No
6616;9;3;4;14;10;21;24;27;17;23;44;39;0;40;43;53;50;46;55;51;63;61;72;66;64;0;No;No;No
6617;12;6;11;14;1;27;28;25;20;18;45;36;0;35;37;55;47;57;56;46;68;74;69;67;71;0;No;No;No
6618;11;5;12;1;10;18;20;30;16;26;42;35;0;37;43;46;53;55;60;47;73;67;70;74;62;0;No;No;No
6619;2;5;12;9;3;25;28;23;30;26;34;37;0;35;43;50;53;57;51;46;71;72;73;61;69;0;No;No;No
6620;9;13;6;8;5;20;19;29;18;25;39;36;0;35;41;52;57;55;54;56;72;68;71;61;66;0;No;No;No
6621;2;11;3;10;4;16;28;17;22;18;37;42;0;31;41;56;59;55;49;52;63;67;69;71;74;0;No;No;No
6622;6;10;15;4;2;19;17;25;18;24;33;40;0;43;35;54;51;55;48;56;66;65;71;63;72;0;No;No;No
6623;4;2;7;12;3;26;21;25;29;18;33;38;0;31;35;56;50;51;52;48;66;64;69;68;65;0;No;No;No
6624;10;5;4;13;11;24;22;21;18;25;31;38;0;37;40;50;54;59;49;55;63;70;72;64;68;0;No;No;No
6625;6;10;13;11;2;16;27;21;23;30;34;32;0;43;44;58;53;55;60;51;68;67;71;65;61;0;No;No;No
6626;10;8;6;2;13;28;29;27;16;21;32;34;0;45;33;53;52;46;50;57;72;66;65;75;70;0;No;No;No
6627;1;12;6;14;10;26;23;28;27;21;42;40;0;39;37;51;49;48;56;47;66;65;64;62;70;0;No;No;No
6628;12;1;14;2;4;16;26;18;23;20;38;45;0;40;36;55;46;58;53;48;61;75;69;70;63;0;No;No;No
6629;11;6;8;13;9;17;26;29;16;25;43;36;0;37;44;59;54;48;57;50;65;68;63;74;75;0;No;No;No
6630;11;1;3;4;10;19;26;21;16;17;40;41;0;32;37;58;60;46;50;53;62;69;63;65;67;0;No;No;No
6631;6;11;14;5;15;25;20;29;30;16;31;44;0;40;41;57;53;52;51;56;74;62;61;64;71;0;No;No;No
6632;8;7;14;3;2;16;17;25;24;23;42;32;0;39;36;54;60;57;46;50;71;74;72;62;66;0;No;No;No
6633;4;11;10;3;13;24;29;28;19;20;42;43;0;36;40;60;48;51;57;49;71;74;64;72;75;0;No;No;No
6634;8;11;13;1;7;29;26;17;21;22;43;31;0;42;33;57;50;60;56;53;63;72;74;69;70;0;No;No;No
6635;10;4;14;12;8;30;22;18;16;28;44;38;0;40;42;56;59;48;54;55;61;62;67;74;68;0;No;No;No
6636;8;6;11;12;9;29;24;25;26;16;32;37;0;35;34;59;49;52;46;55;65;62;70;66;75;0;No;No;No
6637;4;15;5;10;1;20;26;28;29;22;40;31;0;41;34;47;49;53;56;58;74;72;69;70;71;0;No;No;No
6638;14;10;7;9;3;20;21;29;24;19;34;41;0;31;37;48;51;56;55;57;67;73;69;61;66;0;No;No;No
6639;8;4;1;2;12;28;27;26;23;20;38;37;0;32;33;46;53;58;50;51;62;71;63;74;64;0;No;No;No
6640;5;3;15;7;6;26;20;25;24;18;39;40;0;44;34;56;58;53;47;55;65;74;63;72;61;0;No;No;No
6641;9;13;4;1;12;27;19;26;18;24;35;37;0;42;44;56;53;54;58;55;64;61;66;73;65;0;No;No;No
6642;10;1;4;3;8;24;22;16;30;19;37;45;0;36;44;49;46;48;53;59;65;69;63;70;62;0;No;No;No
6643;4;1;10;9;15;17;29;26;21;28;36;33;0;34;44;52;50;47;51;57;63;67;65;61;69;0;No;No;No
6644;9;2;7;6;1;18;16;24;30;29;33;40;0;34;37;48;55;58;59;60;67;65;61;63;68;0;No;No;No
6645;10;8;4;1;11;19;21;22;18;28;43;33;0;41;31;52;51;49;50;59;72;62;67;75;70;0;No;No;No
6646;12;9;10;15;2;27;26;20;19;16;44;40;0;31;41;59;50;56;46;52;73;66;67;75;63;0;No;No;No
6647;9;5;13;8;10;19;29;25;18;16;44;40;0;42;38;51;54;57;56;59;72;73;71;62;75;0;No;No;No
6648;2;4;6;15;3;21;20;25;23;19;43;44;0;31;42;46;47;50;58;51;71;70;66;68;67;0;No;No;No
6649;13;9;1;7;10;19;29;16;17;22;40;45;0;35;36;59;52;50;57;49;67;66;62;63;69;0;No;No;No
6650;4;10;1;5;14;20;25;17;24;27;44;33;0;32;36;56;48;51;50;53;71;72;74;73;68;0;No;No;No
6651;10;7;12;14;13;28;20;17;18;23;39;36;0;41;40;50;54;46;53;51;68;72;67;64;74;0;No;No;No
6652;8;13;12;1;11;20;16;25;18;26;38;44;0;34;37;60;51;56;46;59;69;64;74;61;73;0;No;No;No
6653;7;10;4;13;8;28;20;29;16;24;44;31;0;36;41;47;56;59;49;52;61;62;63;73;67;0;No;No;No
6654;3;1;2;12;4;18;17;25;21;30;40;41;0;31;43;49;60;46;47;56;74;62;75;72;61;0;No;No;No
6655;7;11;8;14;2;25;30;19;21;26;39;32;0;35;36;51;47;57;53;60;74;75;68;69;63;0;No;No;No
6656;10;2;8;9;15;17;28;20;27;26;35;36;0;43;44;55;59;58;50;46;74;61;75;71;67;0;No;No;No
6657;15;7;3;14;8;24;23;27;26;25;38;34;0;31;39;54;50;51;57;59;66;69;63;65;71;0;No;No;No
6658;6;9;14;2;4;25;17;22;21;26;41;36;0;45;34;49;59;56;60;53;65;73;68;67;63;0;No;No;No
6659;4;13;11;12;2;18;20;17;21;29;34;36;0;40;44;58;48;52;57;53;66;67;64;73;61;0;No;No;No
6660;12;14;10;11;4;20;26;19;25;16;37;36;0;38;31;49;48;53;55;50;72;64;63;69;62;0;No;No;No
6661;2;12;10;11;4;18;25;23;29;28;38;31;0;34;40;60;55;48;46;53;70;69;71;61;64;0;No;No;No
6662;14;15;4;3;5;17;18;23;29;24;44;38;0;43;40;53;47;56;54;55;65;74;64;73;67;0;No;No;No
6663;11;8;12;3;6;27;19;18;23;25;36;31;0;44;37;54;55;49;52;51;69;64;61;62;67;0;No;No;No
6664;6;5;12;8;1;19;29;21;24;18;33;39;0;41;38;47;56;52;58;51;64;69;73;63;72;0;No;No;No
6665;11;12;6;10;13;18;21;17;24;26;40;44;0;43;36;58;46;49;56;57;70;71;69;62;63;0;No;No;No
6666;12;14;11;13;10;29;17;25;23;20;40;45;0;34;36;59;54;56;58;53;64;74;73;63;66;0;No;No;No
6667;1;3;9;6;15;16;24;19;27;28;40;31;0;36;44;51;48;55;47;59;62;68;69;66;65;0;No;No;No
6668;2;14;12;10;7;23;18;17;26;21;38;36;0;43;44;46;54;52;55;50;68;63;69;64;65;0;No;No;No
6669;6;12;13;10;11;23;22;19;16;25;39;44;0;34;40;50;53;48;59;54;71;75;62;68;73;0;No;No;No
6670;8;5;7;12;11;17;26;18;24;28;45;32;0;41;43;47;57;53;49;56;63;66;69;73;65;0;No;No;No
6671;8;1;4;3;15;29;27;21;23;17;42;40;0;38;39;50;49;55;59;48;69;62;65;67;61;0;No;No;No
6672;6;1;12;5;9;29;28;24;19;16;32;36;0;38;43;49;59;58;51;46;73;69;71;63;66;0;No;No;No
6673;14;7;11;12;8;27;26;20;17;18;32;33;0;35;39;51;48;49;53;50;64;74;65;68;61;0;No;No;No
6674;15;14;6;10;11;26;22;20;19;17;37;44;0;43;31;56;55;53;57;48;73;69;64;66;62;0;No;No;No
6675;15;5;7;3;8;26;20;17;18;29;42;35;0;32;40;53;58;46;56;59;67;70;64;63;65;0;No;No;No
6676;10;12;6;14;2;28;27;24;17;22;45;34;0;38;40;57;59;47;55;49;64;71;63;69;61;0;No;No;No
6677;14;10;5;1;3;17;22;18;16;27;37;36;0;45;35;50;49;52;51;54;69;70;74;62;71;0;No;No;No
6678;11;4;15;6;13;23;16;17;24;22;32;33;0;41;34;57;52;55;49;56;61;67;74;64;63;0;No;No;No
6679;11;3;2;7;10;16;23;20;26;18;43;38;0;36;37;58;54;49;46;53;70;64;68;73;74;0;No;No;No
6680;4;9;2;1;10;27;16;28;24;21;34;35;0;33;31;46;56;53;54;57;70;73;65;67;75;0;No;No;No
6681;6;1;7;9;2;24;30;25;17;22;40;41;0;38;31;46;48;57;50;53;73;62;68;66;71;0;No;No;No
6682;12;11;1;9;15;22;28;30;25;23;38;31;0;35;45;59;53;54;58;48;69;67;72;70;73;0;No;No;No
6683;15;3;13;11;14;27;21;19;26;16;44;40;0;35;34;54;50;60;46;55;69;67;74;73;61;0;No;No;No
6684;6;11;2;10;7;25;17;19;27;20;32;39;0;35;38;56;51;49;57;48;70;69;72;66;75;0;No;No;No
6685;9;1;4;5;3;18;20;27;16;25;36;37;0;45;34;53;55;54;52;59;69;68;65;73;63;0;No;No;No
6686;11;6;12;5;8;29;19;28;30;26;34;40;0;32;43;50;49;52;47;46;66;64;68;61;71;0;No;No;No
6687;14;9;4;6;11;18;23;16;21;20;42;37;0;36;31;48;59;58;49;55;68;70;65;69;66;0;No;No;No
6688;9;5;11;2;7;26;27;28;25;20;39;43;0;41;34;52;49;57;58;47;66;65;73;61;74;0;No;No;No
6689;5;2;13;4;11;24;28;26;19;22;38;43;0;34;40;47;50;52;46;48;73;63;74;65;72;0;No;No;No
6690;14;5;7;10;1;27;26;29;18;22;34;45;0;38;31;54;47;60;57;46;68;67;74;63;62;0;No;No;No
6691;14;1;5;8;2;25;28;18;30;20;34;44;0;31;42;52;53;46;54;58;66;64;71;67;65;0;No;No;No
6692;10;14;6;11;7;17;24;26;16;23;38;31;0;32;43;56;59;50;53;51;73;70;65;66;63;0;No;No;No
6693;5;10;9;11;6;22;18;20;23;19;38;40;0;34;37;60;49;52;59;57;64;62;72;67;70;0;No;No;No
6694;7;13;4;2;10;16;29;19;28;20;35;39;0;42;40;48;49;54;59;52;70;65;74;69;71;0;No;No;No
6695;13;12;4;6;1;18;24;19;27;21;34;31;0;41;38;57;54;59;55;51;61;73;66;62;70;0;No;No;No
6696;4;7;6;3;8;25;18;28;21;20;44;39;0;38;37;51;50;60;48;58;72;67;68;61;64;0;No;No;No
6697;9;6;1;15;10;27;19;28;20;24;42;45;0;34;36;53;54;59;60;50;63;73;68;69;61;0;No;No;No
6698;11;5;13;14;1;25;28;22;23;30;38;45;0;42;37;49;60;52;46;56;68;72;63;73;70;0;No;No;No
6699;12;14;5;2;6;27;24;26;17;16;38;31;0;34;43;52;54;58;46;49;67;73;69;63;64;0;No;No;No
6700;10;5;9;6;2;22;18;16;27;17;31;41;0;35;44;49;51;55;57;47;68;64;63;74;62;0;No;No;No
6701;1;6;8;3;13;29;22;27;19;17;38;44;0;42;40;54;59;50;53;48;67;68;69;61;63;0;No;No;No
6702;1;8;12;2;7;26;28;24;22;18;32;31;0;38;39;58;55;47;57;46;63;70;66;69;68;0;No;No;No
6703;8;12;11;7;14;28;29;16;18;25;43;36;0;39;44;48;49;52;53;59;68;61;72;71;62;0;No;No;No
6704;13;2;15;11;1;22;30;27;17;21;34;35;0;40;39;55;51;52;56;53;68;64;69;67;70;0;No;No;No
6705;12;9;7;11;8;23;25;24;20;28;39;44;0;45;37;47;56;46;51;55;65;73;61;62;71;0;No;No;No
6706;10;8;2;1;7;30;25;20;24;21;43;37;0;32;40;56;53;55;51;57;71;70;69;61;64;0;No;No;No
6707;12;3;7;10;8;19;23;26;16;27;38;39;0;34;40;59;47;50;53;54;66;73;63;68;74;0;No;No;No
6708;3;7;13;9;1;18;24;16;22;17;32;43;0;38;33;49;59;51;46;50;67;74;64;73;69;0;No;No;No
6709;2;15;8;1;12;23;28;25;19;22;34;43;0;39;32;49;55;54;57;59;65;63;69;64;62;0;No;No;No
6710;1;11;12;8;6;28;18;17;26;16;42;31;0;40;34;56;59;60;50;47;71;70;72;66;64;0;No;No;No
6711;7;11;10;2;14;18;17;23;25;22;34;32;0;38;35;57;52;60;56;48;69;66;64;74;68;0;No;No;No
6712;12;3;10;14;7;16;26;22;17;28;40;31;0;44;41;49;51;58;46;59;74;62;67;70;66;0;No;No;No
6713;8;14;10;6;11;26;23;19;22;20;42;32;0;39;40;58;46;59;57;49;61;67;70;73;69;0;No;No;No
6714;14;1;10;2;6;18;27;21;17;24;36;42;0;34;31;46;53;51;49;55;68;63;74;61;65;0;No;No;No
6715;6;7;1;8;9;18;29;25;22;28;36;42;0;40;31;59;57;49;54;55;61;68;64;73;63;0;No;No;No
6716;6;3;2;8;7;26;22;23;25;27;36;43;0;41;44;53;59;57;56;52;66;68;62;64;75;0;No;No;No
6717;12;4;2;6;11;22;16;20;28;18;39;44;0;43;31;48;51;57;58;46;62;73;71;75;65;0;No;No;No
6718;9;6;3;10;5;28;16;25;18;17;39;38;0;36;35;49;55;56;51;59;68;71;72;67;73;0;No;No;No
6719;9;6;12;13;3;20;22;17;29;26;45;38;0;39;36;50;49;56;59;57;64;61;71;65;75;0;No;No;No
6720;9;15;6;4;3;28;20;23;16;29;33;37;0;39;32;60;50;58;57;53;73;67;69;65;68;0;No;No;No
6721;15;3;6;7;5;26;20;28;24;29;43;40;0;33;39;54;58;51;57;46;71;61;75;62;65;0;No;No;No
6722;8;2;5;7;3;21;27;28;30;18;38;37;0;35;43;56;49;57;52;58;62;71;65;64;68;0;No;No;No
6723;12;10;6;1;14;20;19;18;24;25;32;44;0;38;41;57;58;55;47;52;69;64;67;62;72;0;No;No;No
6724;1;10;7;9;13;20;18;26;22;28;36;33;0;31;32;54;49;58;57;47;71;66;63;69;68;0;No;No;No
6725;14;3;15;2;5;26;29;25;19;22;31;37;0;34;44;51;54;55;47;46;62;70;67;71;73;0;No;No;No
6726;11;3;7;4;12;18;27;19;21;30;37;32;0;44;35;57;52;48;54;50;61;62;63;71;65;0;No;No;No
6727;7;8;3;4;1;19;20;26;28;21;40;38;0;44;34;57;51;55;49;54;72;62;70;61;68;0;No;No;No
6728;8;6;2;5;14;20;16;21;19;18;38;32;0;44;39;47;49;55;46;56;72;70;74;61;73;0;No;No;No
6729;5;8;3;11;14;21;30;17;19;16;37;34;0;42;33;59;50;55;56;47;64;74;66;75;71;0;No;No;No
6730;5;10;2;15;8;16;25;27;30;17;34;44;0;32;33;46;52;57;58;48;63;71;73;66;64;0;No;No;No
6731;9;11;8;10;5;28;29;17;21;20;41;43;0;36;35;50;56;46;53;59;73;68;75;71;61;0;No;No;No
6732;11;14;12;8;9;18;27;30;24;22;33;35;0;42;38;47;52;54;50;53;72;63;65;68;69;0;No;No;No
6733;14;4;11;2;5;29;17;24;27;19;45;42;0;44;34;47;46;60;50;51;64;68;73;71;66;0;No;No;No
6734;14;4;5;6;2;21;30;16;24;25;41;31;0;37;42;48;50;58;53;47;70;75;74;68;61;0;No;No;No
6735;15;7;9;14;1;20;19;16;18;22;36;40;0;43;34;46;58;54;49;50;73;70;71;65;63;0;No;No;No
6736;5;2;9;12;10;25;17;24;27;18;33;42;0;36;35;53;46;47;56;59;65;63;69;72;73;0;No;No;No
6737;10;7;5;6;2;21;30;27;19;24;44;38;0;41;42;49;58;47;53;54;62;73;67;66;65;0;No;No;No
6738;2;11;7;13;10;23;17;16;26;24;44;37;0;42;45;46;47;52;51;50;73;70;68;66;69;0;No;No;No
6739;12;13;1;14;10;17;20;26;28;25;36;42;0;39;38;51;49;53;60;54;64;72;61;63;70;0;No;No;No
6740;4;5;6;11;2;16;23;25;20;28;33;41;0;35;39;54;48;58;49;46;62;75;64;73;61;0;No;No;No
6741;2;11;1;12;4;19;27;18;22;26;38;43;0;31;41;46;54;49;51;59;62;68;63;75;70;0;No;No;No
6742;12;9;13;8;10;27;25;22;24;30;37;38;0;44;39;56;55;51;49;54;71;68;70;75;64;0;No;No;No
6743;9;3;14;13;8;29;24;21;22;26;37;40;0;45;34;53;54;49;46;48;61;64;69;63;74;0;No;No;No
6744;11;15;8;1;2;25;19;23;30;27;38;40;0;43;39;58;52;55;57;60;63;73;70;66;69;0;No;No;No
6745;10;12;9;11;2;30;27;21;22;17;43;31;0;36;34;57;51;48;47;54;75;73;70;68;69;0;No;No;No
6746;13;7;3;4;6;23;28;18;25;19;34;36;0;41;39;46;48;58;55;56;71;64;69;73;68;0;No;No;No
6747;9;5;10;8;12;16;24;29;26;28;35;38;0;40;33;56;57;49;53;55;67;75;65;66;64;0;No;No;No
6748;12;7;13;10;4;20;18;17;19;29;40;38;0;31;37;48;57;56;58;51;69;74;64;68;61;0;No;No;No
6749;3;10;4;9;13;25;18;28;21;27;38;33;0;32;43;53;49;59;55;56;64;72;65;68;62;0;No;No;No
6750;8;12;14;10;6;22;26;29;24;25;35;32;0;40;42;48;49;58;57;46;67;75;72;66;73;0;No;No;No
6751;11;3;14;4;8;27;28;26;29;17;32;42;0;35;38;47;50;49;46;51;71;66;64;70;68;0;No;No;No
6752;13;1;4;5;10;17;25;27;16;20;36;42;0;31;39;58;49;50;46;59;73;64;61;70;63;0;No;No;No
6753;6;14;12;13;4;24;16;28;25;29;40;32;0;45;31;58;50;51;47;56;71;66;68;62;74;0;No;No;No
6754;14;6;7;1;9;16;18;23;22;30;35;37;0;36;33;47;56;53;58;52;72;69;66;68;64;0;No;No;No
6755;4;11;14;6;10;26;25;29;21;20;41;37;0;34;39;48;54;51;58;57;69;64;71;72;61;0;No;No;No
6756;4;10;13;9;7;26;27;23;18;29;44;41;0;45;42;54;47;56;53;55;67;61;70;62;74;0;No;No;No
6757;11;12;14;7;8;26;22;27;19;24;40;36;0;39;34;55;59;54;57;49;68;71;62;65;73;0;No;No;No
6758;2;9;15;8;13;20;19;26;28;17;41;33;0;45;44;56;58;55;57;53;61;65;63;73;66;0;No;No;No
6759;9;13;12;2;14;27;21;29;23;26;38;43;0;36;32;57;49;58;53;47;68;72;65;74;69;0;No;No;No
6760;6;7;1;12;10;17;24;28;20;18;37;39;0;43;34;58;51;54;56;50;71;63;70;74;62;0;No;No;No
6761;2;12;7;9;11;22;25;18;29;26;35;40;0;39;34;54;52;48;60;59;61;74;73;71;69;0;No;No;No
6762;11;5;8;7;3;16;25;21;29;23;42;43;0;41;35;46;58;51;52;55;73;61;67;74;62;0;No;No;No
6763;11;6;9;7;5;23;26;28;18;22;39;32;0;37;42;51;60;48;46;47;67;72;70;69;73;0;No;No;No
6764;6;14;11;13;3;19;24;27;20;18;43;34;0;39;33;51;52;50;59;53;73;67;68;61;69;0;No;No;No
6765;15;9;10;11;5;28;24;16;29;23;41;44;0;43;38;57;60;47;56;50;64;74;70;72;66;0;No;No;No
6766;1;6;15;2;13;18;27;23;16;20;42;37;0;34;39;60;50;48;52;57;72;62;68;63;70;0;No;No;No
6767;2;12;5;11;3;24;16;17;25;20;40;36;0;35;38;57;56;59;49;55;69;73;64;63;72;0;No;No;No
6768;13;6;11;14;8;29;20;21;28;25;34;43;0;35;31;56;48;55;54;49;64;68;70;71;65;0;No;No;No
6769;10;1;12;13;3;17;20;26;23;27;44;31;0;41;40;55;56;49;52;48;70;61;71;67;73;0;No;No;No
6770;10;5;9;11;1;17;23;29;25;24;44;42;0;40;34;52;54;46;59;58;64;61;69;74;73;0;No;No;No
6771;13;9;5;2;7;17;22;19;23;18;40;45;0;39;42;47;56;49;53;54;61;68;72;74;70;0;No;No;No
6772;12;11;3;13;4;23;28;17;27;30;36;40;0;42;37;47;58;49;56;52;74;73;63;70;64;0;No;No;No
6773;5;15;13;2;9;26;21;29;24;18;32;37;0;34;39;60;50;47;58;56;74;73;72;68;61;0;No;No;No
6774;7;12;8;10;11;28;22;19;26;25;37;41;0;43;35;49;59;53;46;58;73;65;67;64;63;0;No;No;No
6775;14;10;11;9;1;19;22;24;23;27;41;32;0;35;33;53;46;47;58;59;72;74;69;66;61;0;No;No;No
6776;5;3;7;12;8;22;25;21;20;18;44;39;0;33;31;51;54;53;50;49;65;71;61;64;68;0;No;No;No
6777;14;12;13;11;8;28;24;16;26;29;38;37;0;35;32;58;52;55;57;53;68;64;69;65;62;0;No;No;No
6778;9;8;7;12;3;20;17;25;21;27;40;39;0;38;33;49;56;46;50;47;62;66;72;74;71;0;No;No;No
6779;14;1;15;4;7;18;26;22;17;24;45;41;0;35;43;59;57;56;48;49;75;64;73;71;72;0;No;No;No
6780;11;6;9;10;3;28;25;27;21;18;45;43;0;44;36;59;55;56;57;47;70;68;72;63;66;0;No;No;No
6781;1;12;13;4;7;23;29;17;27;21;31;40;0;38;35;57;52;55;46;48;73;64;62;74;63;0;No;No;No
6782;1;11;13;7;4;23;18;19;20;24;40;37;0;44;38;47;59;56;57;54;65;73;63;69;68;0;No;No;No
6783;8;13;7;3;15;27;22;28;17;21;36;45;0;31;37;59;56;47;55;50;69;67;74;65;62;0;No;No;No
6784;3;5;13;14;7;24;20;22;29;21;39;36;0;44;37;58;51;60;57;53;69;73;64;63;67;0;No;No;No
6785;15;8;3;11;6;23;16;29;28;20;45;32;0;37;33;55;47;48;53;51;67;74;68;70;64;0;No;No;No
6786;3;4;14;6;1;16;23;19;22;28;31;42;0;37;41;58;53;57;47;50;70;66;73;61;67;0;No;No;No
6787;9;14;7;12;15;28;26;18;20;24;37;43;0;41;40;49;50;51;48;52;72;70;65;66;74;0;No;No;No
6788;10;2;7;6;8;28;19;24;30;21;35;42;0;38;32;56;57;54;49;55;68;63;74;70;71;0;No;No;No
6789;9;13;2;15;14;19;21;25;28;26;35;41;0;34;40;47;52;54;55;50;70;63;72;74;66;0;No;No;No
6790;10;13;6;12;9;29;28;22;26;25;32;44;0;43;36;54;50;59;49;56;63;69;72;70;67;0;No;No;No
6791;8;3;2;15;12;27;22;30;16;26;34;31;0;33;36;53;59;57;46;48;69;73;64;68;72;0;No;No;No
6792;3;1;5;8;11;25;26;29;20;19;35;41;0;34;43;51;46;49;55;54;64;67;66;70;74;0;No;No;No
6793;2;9;6;3;10;20;24;27;18;22;37;31;0;38;40;48;49;51;59;55;72;70;61;65;73;0;No;No;No
6794;3;9;12;1;8;29;25;18;27;20;33;38;0;43;41;57;53;46;59;47;74;72;61;75;65;0;No;No;No
6795;10;5;15;9;6;26;24;28;16;18;35;43;0;34;36;59;54;52;56;55;64;69;62;71;73;0;No;No;No
6796;3;7;8;2;11;26;22;23;19;25;42;40;0;41;34;56;55;47;51;54;68;71;69;62;67;0;No;No;No
6797;6;4;10;8;5;18;19;24;27;23;34;38;0;43;42;51;48;52;54;58;65;74;63;62;66;0;No;No;No
6798;1;12;7;2;10;22;29;19;30;25;34;35;0;36;31;53;48;52;54;55;67;70;62;63;71;0;No;No;No
6799;6;8;4;3;11;30;29;16;28;25;41;42;0;37;31;58;59;47;50;48;69;75;63;62;72;0;No;No;No
6800;12;5;3;6;13;24;21;27;20;25;38;41;0;42;36;59;58;47;53;48;68;65;72;64;66;0;No;No;No
6801;9;14;10;6;11;27;19;24;21;25;36;31;0;32;44;49;56;55;48;51;73;65;69;74;63;0;No;No;No
6802;12;3;9;1;2;30;29;21;27;22;40;42;0;33;32;46;50;51;55;52;74;64;71;65;66;0;No;No;No
6803;3;14;10;8;5;16;25;18;20;26;44;39;0;37;38;46;50;54;47;55;64;67;71;69;68;0;No;No;No
6804;14;8;13;4;2;25;29;19;21;24;32;34;0;39;45;47;60;52;58;56;74;68;63;70;61;0;No;No;No
6805;10;2;6;15;12;19;20;25;21;26;34;39;0;42;38;49;46;50;55;58;63;67;68;72;66;0;No;No;No
6806;11;10;5;4;15;24;19;23;17;18;42;31;0;38;34;56;53;49;55;47;62;66;68;69;73;0;No;No;No
6807;5;11;13;10;8;17;20;24;27;26;44;43;0;42;36;53;60;56;47;59;65;73;74;61;66;0;No;No;No
6808;7;13;2;5;4;25;24;16;19;18;36;35;0;40;38;55;57;58;46;49;70;75;61;72;62;0;No;No;No
6809;2;3;6;13;14;25;26;18;16;29;41;33;0;38;40;50;53;51;58;56;68;65;67;74;72;0;No;No;No
6810;3;5;14;1;6;29;24;20;28;26;39;33;0;43;44;47;57;49;50;46;68;63;62;65;61;0;No;No;No
6811;11;13;15;3;6;19;22;25;24;23;35;40;0;38;44;51;52;57;59;49;68;66;73;67;74;0;No;No;No
6812;14;12;13;4;11;27;28;17;20;23;42;34;0;35;44;47;50;53;52;51;70;64;75;66;65;0;No;No;No
6813;15;11;2;9;7;26;16;21;17;24;38;40;0;37;43;54;48;49;57;55;67;65;72;73;63;0;No;No;No
6814;8;11;7;6;13;26;16;19;17;29;37;31;0;43;40;59;47;56;58;53;66;68;69;61;62;0;No;No;No
6815;10;6;3;12;13;26;29;30;21;17;36;31;0;45;39;46;60;48;51;58;62;75;68;74;69;0;No;No;No
6816;2;9;1;7;13;23;29;20;21;25;37;34;0;39;42;59;49;58;52;54;63;73;65;68;70;0;No;No;No
6817;9;11;2;10;5;22;27;21;28;30;33;41;0;36;38;54;56;50;59;52;73;67;61;68;75;0;No;No;No
6818;14;8;3;5;13;26;17;25;28;16;38;39;0;41;42;58;49;59;55;50;72;68;70;65;63;0;No;No;No
6819;4;11;9;3;1;20;16;30;19;25;42;37;0;32;44;57;59;52;48;60;65;69;72;71;63;0;No;No;No
6820;6;14;9;12;2;29;27;26;18;17;41;40;0;43;34;57;50;58;46;59;71;69;62;74;67;0;No;No;No
6821;4;11;12;1;15;17;27;21;18;19;40;42;0;34;38;60;57;51;58;50;75;62;67;73;63;0;No;No;No
6822;6;1;3;11;8;20;25;30;17;24;44;45;0;38;36;58;55;51;50;57;65;68;66;64;72;0;No;No;No
6823;4;6;13;8;9;24;16;30;23;20;43;34;0;32;42;56;51;58;60;50;67;70;65;68;69;0;No;No;No
6824;8;10;12;11;14;25;18;20;24;19;39;31;0;41;38;48;53;57;55;49;61;68;62;65;71;0;No;No;No
6825;5;15;7;8;3;21;24;27;29;19;31;33;0;34;38;51;49;47;53;57;72;63;71;67;75;0;No;No;No
6826;11;10;4;13;2;18;23;27;24;22;43;32;0;38;45;54;59;52;56;51;63;70;67;72;71;0;No;No;No
6827;13;6;4;14;10;22;25;29;21;26;31;41;0;36;44;52;51;47;59;58;68;66;64;69;65;0;No;No;No
6828;4;8;5;7;15;26;28;18;20;24;36;34;0;40;32;48;47;52;50;46;73;67;65;69;68;0;No;No;No
6829;1;3;7;2;8;23;18;21;22;20;40;42;0;36;34;47;50;51;52;46;70;74;61;63;62;0;No;No;No
6830;8;13;2;9;6;30;19;29;27;24;32;34;0;31;41;56;50;58;53;49;67;61;66;63;70;0;No;No;No
6831;4;12;7;3;10;21;28;18;24;29;39;32;0;41;36;52;53;48;54;49;74;69;67;65;61;0;No;No;No
6832;7;14;11;10;12;26;22;29;18;23;35;36;0;42;34;52;50;54;58;57;74;75;71;63;70;0;No;No;No
6833;7;1;11;3;12;20;22;26;21;24;43;42;0;31;41;59;55;48;56;52;65;69;71;61;63;0;No;No;No
6834;4;1;5;10;6;18;20;21;30;26;33;36;0;40;32;53;54;49;48;46;73;72;66;62;64;0;No;No;No
6835;8;15;1;9;11;16;28;30;20;26;33;36;0;31;41;56;55;47;53;50;66;61;65;67;73;0;No;No;No
6836;2;4;14;11;10;23;19;26;29;28;45;32;0;35;41;55;46;49;58;53;75;70;62;67;69;0;No;No;No
6837;6;8;2;11;14;22;30;20;21;17;43;38;0;41;32;50;58;59;53;56;74;62;72;71;70;0;No;No;No
6838;14;5;6;2;1;19;23;22;17;18;42;34;0;41;44;51;47;49;46;52;71;62;70;67;64;0;No;No;No
6839;3;7;9;11;13;17;16;21;19;20;34;31;0;37;43;48;53;59;52;47;68;71;73;70;74;0;No;No;No
6840;10;15;6;2;9;22;20;21;26;19;40;42;0;36;32;53;46;49;58;55;75;68;62;61;69;0;No;No;No
6841;3;13;4;2;1;23;16;29;21;27;37;33;0;39;34;52;60;54;53;59;64;69;63;66;68;0;No;No;No
6842;10;7;9;15;1;25;28;20;29;19;33;38;0;43;37;55;51;53;48;47;66;68;63;70;61;0;No;No;No
6843;4;13;5;9;6;22;29;30;21;26;36;43;0;45;32;49;52;50;51;56;71;64;74;67;65;0;No;No;No
6844;14;15;5;8;2;20;16;29;19;27;38;35;0;39;33;56;59;57;51;47;68;61;73;67;62;0;No;No;No
6845;8;2;15;11;7;27;24;17;18;29;43;33;0;31;40;50;52;54;59;46;61;66;70;75;62;0;No;No;No
6846;1;6;4;5;14;16;22;28;18;23;31;40;0;33;32;60;53;58;59;52;72;62;68;70;73;0;No;No;No
6847;10;13;1;15;3;26;22;20;23;28;31;44;0;36;43;51;50;52;57;58;63;61;70;71;75;0;No;No;No
6848;2;5;13;10;15;17;25;22;23;18;42;35;0;38;41;46;49;56;60;55;65;71;66;63;72;0;No;No;No
6849;7;14;11;3;12;21;18;22;20;17;41;39;0;43;42;50;51;57;52;59;71;65;72;70;69;0;No;No;No
6850;9;2;10;7;6;28;20;25;19;21;32;44;0;43;42;57;54;56;55;46;63;62;71;61;67;0;No;No;No
6851;13;7;1;6;14;26;29;19;24;20;35;38;0;37;42;56;57;59;53;60;62;66;69;71;63;0;No;No;No
6852;13;12;4;15;11;22;24;17;23;25;37;36;0;31;45;58;60;52;48;47;68;67;74;61;70;0;No;No;No
6853;5;6;3;9;13;17;21;16;22;18;39;33;0;44;34;56;55;52;58;60;73;70;71;64;67;0;No;No;No
6854;13;7;14;10;3;30;22;19;25;17;31;36;0;45;40;51;47;53;56;57;73;64;61;75;68;0;No;No;No
6855;9;12;11;14;7;20;17;23;16;25;38;34;0;42;40;46;49;48;50;52;67;62;64;70;68;0;No;No;No
6856;8;12;10;1;7;25;18;16;27;26;44;42;0;32;43;59;48;56;60;52;63;70;62;71;67;0;No;No;No
6857;4;11;13;8;10;16;25;21;24;18;33;31;0;32;43;54;51;56;58;52;61;65;72;70;71;0;No;No;No
6858;9;10;5;6;11;21;22;30;23;24;43;36;0;45;42;60;56;53;50;58;66;68;67;65;73;0;No;No;No
6859;10;1;5;6;3;21;28;19;29;16;39;33;0;32;35;57;52;47;59;50;67;64;69;74;63;0;No;No;No
6860;14;1;3;15;13;23;30;25;28;19;44;35;0;33;42;50;59;52;53;46;69;64;72;74;65;0;No;No;No
6861;11;10;1;8;12;25;23;28;29;22;41;31;0;42;39;48;56;49;47;51;74;61;70;65;73;0;No;No;No
6862;6;12;5;1;11;27;17;28;24;18;43;39;0;45;33;47;49;60;52;46;71;70;72;73;62;0;No;No;No
6863;12;2;3;11;4;16;20;26;29;27;41;37;0;35;38;51;50;56;53;49;65;63;64;69;71;0;No;No;No
6864;6;10;5;12;2;17;20;23;24;18;32;35;0;40;39;55;53;50;51;48;74;64;65;61;63;0;No;No;No
6865;11;4;9;14;7;25;18;16;22;27;35;34;0;39;45;49;53;57;56;46;65;70;74;64;62;0;No;No;No
6866;10;6;4;12;5;28;21;24;17;25;39;37;0;42;44;55;57;46;56;47;72;61;66;69;67;0;No;No;No
6867;14;10;9;11;4;20;19;26;30;17;36;40;0;38;33;53;50;48;52;49;64;65;67;63;69;0;No;No;No
6868;14;11;8;1;15;26;28;19;30;27;40;39;0;38;33;55;54;56;50;58;70;65;61;73;63;0;No;No;No
6869;4;11;13;8;7;21;27;19;25;29;36;37;0;41;44;48;47;57;55;51;73;65;68;61;70;0;No;No;No
6870;1;7;5;13;9;20;19;30;23;29;39;43;0;41;40;50;46;52;53;59;69;75;67;71;63;0;No;No;No
6871;3;14;7;10;5;25;29;27;23;30;32;43;0;35;33;57;60;58;52;59;70;68;65;71;72;0;No;No;No
6872;12;4;6;9;14;17;23;20;26;30;33;38;0;32;44;56;46;53;47;57;64;69;75;72;71;0;No;No;No
6873;5;8;13;12;6;27;21;22;26;29;34;42;0;37;35;56;53;55;50;46;64;68;62;66;73;0;No;No;No
6874;14;6;5;11;10;30;27;25;19;24;42;33;0;36;38;49;46;53;56;55;64;72;66;71;74;0;No;No;No
6875;10;9;1;5;14;21;25;17;22;26;40;44;0;35;37;58;54;53;55;46;69;62;68;66;71;0;No;No;No
6876;4;3;5;7;8;23;28;20;21;16;32;37;0;42;44;48;58;55;54;49;75;61;62;70;69;0;No;No;No
6877;6;7;10;15;9;26;16;17;27;20;39;43;0;33;42;53;57;55;52;47;69;72;71;64;65;0;No;No;No
6878;2;6;1;11;5;19;18;29;22;30;42;35;0;33;43;48;53;59;49;47;64;62;73;70;74;0;No;No;No
6879;6;9;4;3;1;23;21;22;26;28;34;31;0;39;41;57;59;50;51;56;72;63;68;61;71;0;No;No;No
6880;15;9;4;6;10;18;22;29;25;23;32;37;0;44;31;51;56;58;59;52;72;62;64;73;65;0;No;No;No
6881;8;14;11;4;5;28;27;22;18;25;40;36;0;37;32;54;60;49;56;58;74;67;66;75;64;0;No;No;No
6882;4;8;1;5;3;18;29;24;16;25;32;36;0;42;31;53;56;57;59;51;63;66;71;61;74;0;No;No;No
6883;2;6;8;4;1;30;26;18;21;25;45;41;0;32;43;59;58;52;55;49;74;62;61;65;72;0;No;No;No
6884;11;5;12;6;9;29;26;27;25;22;44;39;0;43;42;51;47;54;55;57;62;72;67;74;68;0;No;No;No
6885;9;10;6;14;5;16;28;27;25;22;45;34;0;33;31;53;48;59;56;47;74;67;66;71;70;0;No;No;No
6886;14;11;2;9;12;29;22;24;18;21;31;35;0;39;38;57;51;50;54;55;72;62;66;73;75;0;No;No;No
6887;14;7;15;5;4;19;26;21;18;29;41;42;0;34;40;52;46;51;59;47;67;74;66;69;68;0;No;No;No
6888;6;9;2;10;7;16;25;17;29;19;32;42;0;41;35;54;53;46;47;52;65;68;72;62;64;0;No;No;No
6889;15;8;2;5;10;17;27;24;20;29;39;38;0;37;40;56;57;60;55;48;69;63;71;66;73;0;No;No;No
6890;2;15;13;9;3;21;27;22;23;17;39;32;0;34;40;59;50;55;56;54;62;72;71;67;68;0;No;No;No
6891;1;6;10;5;12;28;21;20;26;18;32;35;0;43;39;60;47;48;51;59;64;75;66;68;74;0;No;No;No
6892;1;4;14;11;2;20;16;28;24;22;41;34;0;40;37;57;46;51;55;53;61;62;67;75;73;0;No;No;No
6893;11;13;12;9;7;28;22;16;18;24;36;40;0;38;31;54;48;51;56;49;61;71;69;64;68;0;No;No;No
6894;10;13;11;4;2;21;19;18;27;29;37;35;0;43;44;54;50;56;58;53;71;62;67;74;72;0;No;No;No
6895;7;10;6;3;15;26;28;18;23;24;32;42;0;39;41;58;46;49;53;48;67;74;62;69;72;0;No;No;No
6896;3;2;1;10;14;28;22;19;20;18;44;35;0;40;39;55;52;53;49;56;70;73;61;71;63;0;No;No;No
6897;2;1;13;3;11;28;25;19;27;17;32;41;0;33;44;56;49;59;58;47;63;66;68;74;73;0;No;No;No
6898;10;2;5;14;7;25;23;30;16;18;43;41;0;40;33;59;54;55;53;51;68;73;65;62;74;0;No;No;No
6899;2;14;10;6;13;28;19;27;18;22;39;41;0;38;42;47;57;52;51;58;74;67;65;72;69;0;No;No;No
6900;14;1;10;8;3;21;16;24;30;20;37;38;0;31;36;51;52;56;57;60;61;69;65;70;64;0;No;No;No
6901;2;10;1;14;11;16;27;25;23;20;37;40;0;44;33;58;54;50;47;53;66;70;68;65;62;0;No;No;No
6902;5;9;6;11;8;27;16;23;25;22;39;31;0;37;42;48;52;57;55;49;69;68;72;64;71;0;No;No;No
6903;13;15;1;8;6;27;19;24;26;30;34;39;0;35;44;50;58;59;54;56;71;75;73;65;68;0;No;No;No
6904;5;10;7;9;11;18;19;25;17;28;32;34;0;35;39;49;50;53;52;46;63;72;74;69;73;0;No;No;No
6905;14;1;7;5;2;19;24;17;22;25;45;43;0;37;40;59;54;46;58;51;67;66;72;69;75;0;No;No;No
6906;9;7;11;1;12;24;19;16;20;18;40;43;0;44;39;52;58;55;50;49;65;67;62;72;74;0;No;No;No
6907;10;4;7;5;12;30;23;20;28;21;34;38;0;42;44;54;56;53;46;55;67;68;74;61;73;0;No;No;No
6908;11;5;13;3;10;26;25;22;29;30;36;37;0;42;44;58;46;56;48;49;62;64;74;66;68;0;No;No;No
6909;7;14;12;10;3;24;22;29;18;27;32;31;0;43;33;48;49;50;55;56;64;72;62;66;65;0;No;No;No
6910;7;9;11;14;10;17;26;19;29;18;43;40;0;42;37;56;46;52;57;58;67;73;69;71;64;0;No;No;No
6911;8;5;13;7;6;16;18;20;24;25;43;40;0;41;38;59;57;51;46;49;70;66;68;62;71;0;No;No;No
6912;8;11;13;6;10;20;21;19;23;25;42;33;0;39;44;47;53;49;50;56;75;63;67;72;68;0;No;No;No
6913;14;10;9;11;3;16;22;24;18;30;44;32;0;33;38;55;58;49;59;57;66;61;67;74;71;0;No;No;No
6914;14;3;11;7;6;22;19;24;27;16;33;38;0;43;39;56;58;50;49;54;62;65;63;72;66;0;No;No;No
6915;12;5;6;11;4;26;27;24;22;18;33;32;0;40;34;54;53;48;55;47;61;68;65;70;63;0;No;No;No
6916;3;15;2;4;8;27;16;28;25;19;32;40;0;44;39;53;55;50;58;51;74;66;63;61;62;0;No;No;No
6917;15;3;11;10;1;17;28;27;23;24;41;45;0;32;44;56;55;46;54;48;74;68;70;71;65;0;No;No;No
6918;14;13;6;8;7;23;30;21;29;19;41;33;0;40;36;56;58;48;47;52;62;74;71;67;73;0;No;No;No
6919;7;13;3;4;12;26;24;17;25;18;36;31;0;34;33;49;55;46;53;60;69;63;72;67;75;0;No;No;No
6920;4;1;12;8;7;29;24;17;20;21;39;38;0;34;43;55;59;58;56;49;70;63;66;62;67;0;No;No;No
6921;10;15;1;7;8;28;22;17;25;26;33;37;0;32;44;58;52;49;46;47;70;74;64;72;73;0;No;No;No
6922;3;7;12;8;14;27;26;24;29;20;42;34;0;40;32;52;47;56;48;59;73;65;66;61;70;0;No;No;No
6923;4;9;1;14;2;18;20;17;19;26;41;33;0;42;34;57;48;54;58;53;65;72;73;66;74;0;No;No;No
6924;7;13;11;8;3;30;28;20;25;23;33;41;0;39;36;51;48;50;53;52;70;65;64;61;68;0;No;No;No
6925;2;9;4;14;5;22;17;24;27;25;36;41;0;39;32;59;49;51;58;56;69;70;67;74;62;0;No;No;No
6926;1;13;11;14;6;27;19;24;22;28;36;37;0;40;41;54;52;46;55;48;72;70;73;64;66;0;No;No;No
6927;12;5;14;9;8;23;29;28;20;30;32;42;0;43;38;47;51;46;54;58;69;72;66;65;75;0;No;No;No
6928;5;12;4;3;8;21;27;22;23;26;35;40;0;33;38;53;51;49;58;48;73;67;71;66;64;0;No;No;No
6929;6;7;12;11;5;27;20;18;22;17;42;44;0;34;36;51;46;56;59;57;61;70;63;69;67;0;No;No;No
6930;2;11;10;12;3;23;19;16;25;29;33;34;0;36;31;46;56;55;58;59;75;64;70;62;69;0;No;No;No
6931;1;10;14;3;7;19;18;27;28;29;45;40;0;39;41;57;47;52;56;50;64;62;69;70;68;0;No;No;No
6932;4;6;3;7;1;16;24;20;22;29;33;42;0;43;37;46;47;57;53;59;65;66;74;73;67;0;No;No;No
6933;10;13;5;9;1;18;22;19;21;28;40;36;0;38;39;54;47;49;46;57;73;62;75;70;67;0;No;No;No
6934;4;10;2;14;12;18;27;22;29;19;32;38;0;42;43;56;50;47;49;55;68;74;61;65;66;0;No;No;No
6935;3;6;11;12;10;21;18;16;23;30;31;33;0;39;40;58;57;48;49;55;61;65;69;73;68;0;No;No;No
6936;7;11;14;8;9;22;26;16;23;28;32;31;0;42;37;54;52;46;47;53;64;65;61;67;66;0;No;No;No
6937;14;4;5;9;2;22;18;29;23;20;41;38;0;44;32;54;46;56;50;49;66;71;64;62;70;0;No;No;No
6938;3;9;7;5;14;29;20;21;23;18;38;42;0;39;33;51;52;56;46;48;64;71;62;74;63;0;No;No;No
6939;11;8;9;2;13;28;26;21;19;20;44;33;0;42;35;47;52;57;59;56;64;63;66;72;65;0;No;No;No
6940;14;6;13;10;8;27;24;29;22;16;42;33;0;39;34;58;54;46;50;53;61;70;73;65;67;0;No;No;No
6941;5;9;13;6;3;27;22;21;16;19;42;31;0;43;39;60;48;49;50;57;63;72;74;73;71;0;No;No;No
6942;11;6;8;2;5;24;28;22;26;27;39;38;0;31;40;58;50;54;46;49;73;66;69;63;74;0;No;No;No
6943;7;2;9;1;15;18;22;21;17;23;34;32;0;40;36;54;55;59;47;49;62;75;66;72;73;0;No;No;No
6944;8;5;12;9;2;29;25;19;18;28;31;44;0;42;41;46;55;56;47;58;61;64;67;63;75;0;No;No;No
6945;4;8;3;2;1;27;23;22;18;26;44;43;0;37;36;58;56;47;52;48;61;69;66;70;67;0;No;No;No
6946;5;13;8;12;11;19;26;22;21;16;36;32;0;42;43;59;56;48;52;49;73;72;70;65;67;0;No;No;No
6947;6;7;15;13;11;25;24;29;19;27;41;43;0;44;35;58;55;50;47;54;70;65;64;68;67;0;No;No;No
6948;8;3;4;5;13;18;29;17;24;21;33;32;0;31;35;56;52;51;46;54;70;64;74;65;62;0;No;No;No
6949;3;9;7;13;6;28;22;30;20;17;38;41;0;44;39;51;49;46;52;56;69;61;63;72;74;0;No;No;No
6950;10;5;7;11;4;18;26;20;25;19;41;43;0;32;31;50;60;58;52;57;70;73;71;74;65;0;No;No;No
6951;5;4;3;8;9;25;16;19;18;28;33;41;0;38;42;58;52;47;49;50;64;68;61;72;74;0;No;No;No
6952;4;9;12;6;11;30;17;19;16;29;39;43;0;41;38;50;53;52;46;56;74;71;73;75;69;0;No;No;No
6953;14;12;4;7;5;23;21;26;28;24;31;35;0;38;36;54;49;57;52;58;63;71;69;73;64;0;No;No;No
6954;1;9;12;6;3;25;28;29;21;22;39;43;0;38;33;57;49;60;56;50;74;70;66;69;65;0;No;No;No
6955;12;6;1;11;9;25;26;22;28;23;37;33;0;35;32;52;56;46;47;55;70;67;72;73;69;0;No;No;No
6956;6;9;12;13;4;16;23;27;19;30;32;36;0;34;40;46;58;52;53;49;67;65;64;69;74;0;No;No;No
6957;13;5;1;4;10;25;18;21;27;30;38;33;0;44;36;56;47;49;53;46;68;63;75;66;70;0;No;No;No
6958;6;9;11;3;15;21;28;26;29;24;33;43;0;32;36;58;50;51;57;54;67;69;65;61;71;0;No;No;No
6959;2;9;3;5;4;16;22;19;18;17;32;40;0;42;38;58;48;50;57;47;69;63;68;64;74;0;No;No;No
6960;8;12;13;14;4;17;24;29;28;19;43;32;0;34;42;51;57;53;55;50;74;65;62;69;67;0;No;No;No
6961;2;12;5;4;14;20;27;29;23;25;44;37;0;39;40;53;52;55;48;58;69;62;71;68;72;0;No;No;No
6962;2;6;3;5;10;29;21;26;22;30;33;45;0;36;35;58;49;50;53;60;72;65;73;70;64;0;No;No;No
6963;10;12;3;8;6;17;24;27;16;20;44;39;0;37;33;57;58;54;47;56;70;74;72;63;61;0;No;No;No
6964;11;5;12;4;3;29;21;25;24;26;34;42;0;44;37;53;48;60;57;46;67;73;66;65;70;0;No;No;No
6965;11;5;12;6;8;27;24;20;29;16;35;38;0;40;41;47;56;52;55;53;69;62;74;71;73;0;No;No;No
6966;6;1;2;10;14;22;18;30;17;24;39;40;0;36;37;55;48;52;49;46;69;65;66;67;72;0;No;No;No
6967;13;5;6;10;1;20;30;23;26;24;33;36;0;43;39;50;49;59;57;47;70;65;74;64;71;0;No;No;No
6968;7;1;5;6;2;28;18;30;23;16;34;41;0;45;33;49;59;56;58;55;72;65;61;67;62;0;No;No;No
6969;6;9;14;3;10;28;17;30;27;18;41;42;0;32;45;54;50;58;46;49;69;67;68;70;73;0;No;No;No
6970;5;3;6;4;7;22;18;24;20;19;41;33;0;44;40;55;56;57;50;60;62;73;66;68;63;0;No;No;No
6971;9;2;1;5;11;24;26;27;17;18;38;32;0;39;44;47;58;54;48;51;69;70;62;68;64;0;No;No;No
6972;8;14;6;4;11;29;23;19;17;16;37;39;0;33;45;58;49;51;50;48;73;63;74;67;64;0;No;No;No
6973;10;2;11;6;7;30;18;21;28;23;37;39;0;34;35;51;52;50;56;58;73;72;66;61;74;0;No;No;No
6974;2;1;13;10;11;28;24;27;26;18;39;37;0;45;42;50;58;56;51;60;72;67;64;66;74;0;No;No;No
6975;8;2;4;11;5;18;25;20;23;26;41;36;0;37;33;59;46;49;48;57;63;69;74;66;62;0;No;No;No
6976;4;11;1;7;2;26;25;22;29;16;34;32;0;38;33;59;47;53;50;60;75;69;66;62;70;0;No;No;No
6977;3;15;11;13;10;30;19;26;25;21;33;37;0;31;39;52;51;48;50;60;75;67;72;61;70;0;No;No;No
6978;8;14;4;5;3;17;21;19;23;25;36;32;0;42;34;50;48;47;49;54;61;70;69;72;74;0;No;No;No
6979;13;10;2;9;5;21;30;17;22;16;40;38;0;43;44;59;58;50;60;53;66;73;64;72;71;0;No;No;No
6980;3;2;7;6;14;26;18;21;28;23;43;40;0;44;34;46;56;51;54;48;66;62;61;63;72;0;No;No;No
6981;5;14;10;15;8;24;29;26;18;16;42;45;0;33;36;47;57;58;60;54;63;71;61;74;64;0;No;No;No
6982;13;5;9;7;15;17;20;27;21;22;38;45;0;41;40;59;50;47;55;57;67;62;75;68;63;0;No;No;No
6983;10;11;13;4;8;24;28;29;22;30;41;31;0;34;39;50;53;46;55;54;70;62;68;72;63;0;No;No;No
6984;5;14;4;3;1;25;26;21;19;17;34;33;0;37;38;46;51;59;49;57;67;70;69;63;71;0;No;No;No
6985;3;11;6;8;1;22;18;21;30;16;36;33;0;32;38;48;54;51;56;47;71;75;74;64;63;0;No;No;No
6986;13;15;14;4;6;27;20;16;24;26;31;38;0;32;36;54;53;51;50;49;74;71;65;69;68;0;No;No;No
6987;6;12;8;1;14;28;22;30;24;26;39;38;0;33;43;57;54;50;58;47;64;63;62;61;65;0;No;No;No
6988;1;9;15;12;5;28;20;23;19;16;36;41;0;32;40;56;59;46;53;55;75;68;71;64;61;0;No;No;No
6989;8;7;2;1;13;19;24;29;20;17;40;32;0;33;42;46;54;50;51;57;62;69;65;61;75;0;No;No;No
6990;15;11;4;2;14;19;24;30;28;16;35;31;0;41;33;53;49;46;51;59;73;72;63;68;70;0;No;No;No
6991;3;5;10;6;12;16;21;19;25;27;45;31;0;42;35;56;59;55;50;46;63;69;61;73;74;0;No;No;No
6992;6;11;8;14;1;24;29;27;25;19;34;32;0;43;36;57;58;54;46;47;69;63;70;65;73;0;No;No;No
6993;8;13;5;11;12;16;26;20;29;23;38;32;0;40;35;52;51;59;56;48;68;73;66;64;61;0;No;No;No
6994;12;4;2;5;13;22;30;27;25;26;40;43;0;32;44;58;55;59;52;46;73;69;66;63;68;0;No;No;No
6995;14;1;8;11;10;24;17;29;27;22;43;36;0;37;41;56;53;58;49;46;69;65;66;72;67;0;No;No;No
6996;12;11;14;13;2;27;18;23;17;29;39;31;0;41;34;57;54;51;53;48;68;61;69;71;67;0;No;No;No
6997;6;4;1;7;2;24;18;22;29;26;41;35;0;32;36;58;49;48;51;52;66;64;61;65;69;0;No;No;No
6998;8;6;10;13;12;20;19;27;22;23;31;39;0;38;45;54;50;52;59;48;66;74;69;73;71;0;No;No;No
6999;1;8;9;3;6;17;26;27;18;25;45;43;0;44;40;51;56;48;50;57;65;71;64;73;74;0;No;No;No
7000;12;7;8;9;4;17;23;27;18;20;44;37;0;31;35;50;57;51;52;46;68;75;61;64;67;0;No;No;No
7001;6;7;15;8;1;30;28;29;18;23;38;40;0;42;31;58;59;53;50;47;62;63;74;70;67;0;No;No;No
7002;9;3;1;13;10;29;25;30;23;28;41;31;0;38;43;56;50;54;47;52;67;74;64;68;72;0;No;No;No
7003;6;3;8;7;5;25;18;29;28;24;43;32;0;31;40;54;56;59;53;50;65;66;61;62;64;0;No;No;No
7004;8;4;12;1;15;19;26;16;21;25;44;40;0;33;41;46;48;54;56;58;65;70;63;68;66;0;No;No;No
7005;10;4;9;5;8;29;24;27;26;20;43;36;0;34;37;46;56;49;50;48;75;71;67;73;63;0;No;No;No
7006;14;2;6;11;5;21;24;25;18;28;35;34;0;40;38;49;56;57;54;48;72;61;73;64;75;0;No;No;No
7007;4;11;14;13;7;21;24;26;22;30;32;42;0;41;43;60;53;52;48;58;65;64;74;71;67;0;No;No;No
7008;3;10;6;4;8;17;24;18;28;26;43;34;0;44;35;48;58;51;53;49;67;65;75;68;74;0;No;No;No
7009;11;9;12;7;2;19;21;23;18;17;35;38;0;42;36;59;54;57;50;58;69;71;63;62;66;0;No;No;No
7010;7;11;13;4;9;17;20;22;18;25;41;39;0;36;33;46;56;59;48;49;73;64;63;74;68;0;No;No;No
7011;10;9;13;8;3;24;22;23;25;18;36;38;0;43;37;49;57;53;50;58;65;62;71;63;61;0;No;No;No
7012;2;3;13;10;15;21;26;18;17;25;36;35;0;32;41;53;60;59;56;52;61;70;62;73;67;0;No;No;No
7013;5;8;10;11;7;22;26;28;19;27;44;40;0;32;43;50;51;60;48;57;67;74;71;63;73;0;No;No;No
7014;2;9;1;5;3;21;24;18;22;20;40;42;0;31;43;58;53;50;47;55;66;61;62;75;73;0;No;No;No
7015;14;3;2;9;10;29;27;19;25;16;34;43;0;33;31;55;58;53;56;52;65;61;64;73;63;0;No;No;No
7016;11;6;5;7;4;29;16;17;28;25;37;40;0;31;36;60;49;58;50;55;72;66;75;74;61;0;No;No;No
7017;7;9;10;2;8;21;25;20;26;28;36;37;0;35;44;49;51;48;47;53;74;64;73;68;67;0;No;No;No
7018;6;1;3;14;9;26;24;21;22;23;34;40;0;39;36;59;57;47;52;46;64;68;66;61;70;0;No;No;No
7019;8;14;12;4;11;17;19;21;26;29;42;41;0;45;38;58;48;59;47;49;71;64;73;70;68;0;No;No;No
7020;7;5;4;9;10;27;24;18;29;23;40;43;0;38;37;47;55;56;58;57;65;62;70;71;67;0;No;No;No
7021;13;3;14;5;7;24;21;18;29;19;36;38;0;41;34;49;52;48;47;55;73;71;63;67;65;0;No;No;No
7022;14;1;9;11;10;18;25;30;28;22;36;31;0;32;33;51;57;54;47;55;72;65;71;73;64;0;No;No;No
7023;8;7;9;5;3;16;19;29;17;30;43;44;0;37;39;46;58;54;52;50;62;61;64;72;73;0;No;No;No
7024;11;9;5;10;14;23;29;19;26;18;37;33;0;38;36;48;50;56;60;47;67;62;71;63;73;0;No;No;No
7025;12;7;5;10;9;22;26;28;21;29;33;44;0;37;35;51;57;53;48;47;67;70;62;74;64;0;No;No;No
7026;11;4;7;13;14;20;29;28;24;22;31;43;0;36;37;59;56;57;47;50;71;67;65;62;63;0;No;No;No
7027;15;4;9;10;1;20;29;19;16;17;38;31;0;43;37;58;59;46;49;50;64;71;70;62;65;0;No;No;No
7028;11;6;15;10;8;25;24;20;27;16;37;40;0;35;33;58;48;56;59;46;66;69;61;67;63;0;No;No;No
7029;3;2;11;4;5;27;20;24;28;26;33;43;0;34;38;48;56;55;57;47;61;71;74;64;67;0;No;No;No
7030;1;11;3;8;7;23;24;29;26;19;31;43;0;41;44;49;56;52;55;46;62;61;73;64;69;0;No;No;No
7031;8;6;14;13;3;22;23;24;21;20;43;35;0;41;40;57;58;52;56;54;69;70;68;74;73;0;No;No;No
7032;2;1;3;14;13;16;23;24;26;29;44;33;0;38;45;55;47;52;56;50;73;69;67;61;68;0;No;No;No
7033;4;15;14;7;12;23;24;21;20;17;37;34;0;32;41;54;49;46;57;59;69;73;74;66;70;0;No;No;No
7034;3;13;9;10;6;16;27;22;28;25;39;45;0;37;35;57;56;55;51;50;72;62;67;71;63;0;No;No;No
7035;6;1;3;12;5;28;30;20;25;24;34;40;0;35;39;54;56;52;58;55;67;64;75;74;66;0;No;No;No
7036;10;6;8;5;3;16;19;18;28;17;43;40;0;32;39;48;50;46;55;58;65;62;73;63;75;0;No;No;No
7037;7;4;1;11;5;25;18;22;16;26;31;33;0;37;35;55;51;49;60;52;66;72;62;61;68;0;No;No;No
7038;10;9;14;7;12;27;30;25;22;23;37;45;0;31;39;57;46;53;54;59;65;67;61;64;71;0;No;No;No
7039;2;14;9;7;3;19;16;20;27;21;35;37;0;34;36;59;49;55;46;56;73;69;67;63;61;0;No;No;No
7040;7;2;4;9;8;25;29;20;17;19;42;36;0;40;44;60;57;58;52;49;70;69;67;68;63;0;No;No;No
7041;15;9;4;7;6;19;18;26;27;24;40;35;0;38;37;53;47;49;57;60;69;68;72;71;67;0;No;No;No
7042;14;5;10;2;9;26;24;19;30;17;43;37;0;32;31;55;48;52;58;47;68;61;63;73;65;0;No;No;No
7043;3;15;6;7;10;16;25;18;26;19;32;37;0;42;41;56;49;54;52;48;71;62;73;63;69;0;No;No;No
7044;6;14;8;3;4;19;24;22;27;18;31;39;0;43;45;57;50;48;58;52;67;69;63;66;70;0;No;No;No
7045;5;4;7;6;12;19;25;16;24;17;40;33;0;44;41;53;57;55;50;52;73;69;72;74;63;0;No;No;No
7046;10;6;14;3;11;23;28;25;22;29;39;34;0;44;43;50;48;55;46;60;61;70;68;63;67;0;No;No;No
7047;6;9;2;12;3;27;29;16;30;26;40;32;0;38;41;47;54;58;57;53;74;63;61;66;65;0;No;No;No
7048;15;6;7;13;14;26;16;18;23;19;40;44;0;43;33;48;55;60;52;50;61;67;69;71;66;0;No;No;No
7049;6;11;12;2;15;29;25;24;17;19;40;36;0;33;44;51;52;48;60;50;71;75;65;62;67;0;No;No;No
7050;8;5;2;13;10;26;28;21;25;17;33;39;0;35;38;50;58;47;48;57;74;73;64;72;61;0;No;No;No
7051;13;12;10;2;15;24;25;23;16;22;42;41;0;33;31;58;56;52;50;53;63;68;72;69;61;0;No;No;No
7052;9;1;14;10;7;26;28;20;30;19;42;32;0;41;44;53;51;54;56;50;68;67;61;65;71;0;No;No;No
7053;6;9;15;13;12;20;25;27;16;19;34;33;0;42;31;47;48;56;54;58;66;63;69;74;68;0;No;No;No
7054;1;8;9;6;3;22;27;21;20;18;43;33;0;36;32;52;53;57;60;47;67;72;64;74;63;0;No;No;No
7055;4;5;14;11;1;28;21;24;16;27;31;33;0;32;36;53;52;47;60;48;72;66;67;74;73;0;No;No;No
7056;3;14;9;1;11;22;27;26;25;23;32;41;0;40;37;46;50;51;52;58;73;71;74;69;62;0;No;No;No
7057;13;14;1;6;5;20;16;29;26;27;43;35;0;42;45;52;59;58;53;49;68;67;65;61;75;0;No;No;No
7058;5;8;10;3;4;22;20;24;25;23;42;36;0;38;32;59;49;47;48;58;69;64;62;63;72;0;No;No;No
7059;10;8;13;11;14;25;28;24;26;30;33;36;0;42;41;47;58;49;53;56;68;70;73;74;67;0;No;No;No
7060;13;1;12;14;8;19;16;25;28;24;31;42;0;36;40;50;52;48;57;49;63;73;68;69;71;0;No;No;No
7061;7;11;12;5;1;28;16;25;20;21;35;37;0;31;42;46;51;56;47;59;68;71;64;65;67;0;No;No;No
7062;11;2;8;6;4;21;16;18;19;20;33;40;0;44;37;49;47;55;58;56;70;68;72;69;73;0;No;No;No
7063;14;12;2;4;1;29;21;17;22;26;33;36;0;37;42;57;56;51;58;53;62;72;74;61;66;0;No;No;No
7064;10;9;5;11;12;28;21;29;22;17;34;44;0;33;39;59;55;48;54;46;62;74;66;73;69;0;No;No;No
7065;8;9;6;2;3;25;28;21;19;22;35;38;0;41;34;57;54;56;52;48;62;65;74;67;63;0;No;No;No
7066;11;5;9;1;2;19;24;28;21;16;42;32;0;38;40;59;50;48;57;47;70;61;74;63;67;0;No;No;No
7067;7;9;5;10;13;29;16;23;26;21;41;39;0;40;31;58;48;47;57;53;66;65;74;73;67;0;No;No;No
7068;4;6;2;1;5;22;28;27;21;18;33;36;0;43;34;52;48;59;56;47;71;64;61;63;65;0;No;No;No
7069;13;9;11;6;10;20;21;26;27;30;31;39;0;43;37;54;59;46;56;51;65;62;71;72;63;0;No;No;No
7070;9;14;11;2;3;26;24;17;18;22;41;37;0;39;34;58;51;57;56;48;64;73;74;70;69;0;No;No;No
7071;1;5;10;7;14;23;20;22;28;27;36;44;0;39;31;54;56;51;46;58;63;72;70;74;66;0;No;No;No
7072;14;3;12;1;7;22;17;30;27;16;36;32;0;35;42;48;49;58;47;55;70;72;65;63;62;0;No;No;No
7073;14;15;13;4;5;23;20;22;19;24;31;37;0;44;39;49;54;47;56;52;69;63;65;61;68;0;No;No;No
7074;14;9;5;8;7;25;29;24;19;27;31;37;0;40;34;54;48;51;56;55;75;69;72;68;65;0;No;No;No
7075;2;1;11;12;14;19;27;29;21;28;34;44;0;31;32;48;49;51;56;46;64;63;67;72;69;0;No;No;No
7076;5;1;12;6;13;24;29;16;27;23;43;36;0;31;34;60;55;48;51;49;72;67;71;64;73;0;No;No;No
7077;8;7;13;1;10;28;25;29;23;21;31;38;0;40;42;50;48;46;53;58;74;69;72;73;65;0;No;No;No
7078;4;9;14;15;6;17;22;18;30;25;39;38;0;31;42;50;55;54;53;49;71;74;67;68;63;0;No;No;No
7079;14;8;9;10;7;17;19;24;27;26;40;35;0;38;41;48;57;58;59;51;63;65;69;72;61;0;No;No;No
7080;7;8;10;12;1;19;28;30;17;20;34;36;0;33;40;47;51;50;55;56;71;64;69;66;74;0;No;No;No
7081;6;9;10;5;11;20;21;27;25;17;34;38;0;31;42;58;52;57;55;48;70;71;73;66;75;0;No;No;No
7082;5;14;10;3;11;23;17;27;19;22;39;42;0;31;36;58;53;52;54;50;67;73;71;75;61;0;No;No;No
7083;12;15;2;13;9;25;30;23;16;22;34;42;0;31;33;47;52;56;49;50;71;65;70;64;68;0;No;No;No
7084;1;3;4;10;5;19;18;23;30;25;36;44;0;39;40;53;47;60;55;54;68;69;63;65;67;0;No;No;No
7085;1;12;8;13;10;25;27;23;18;26;31;42;0;33;32;55;58;54;52;57;70;68;62;72;74;0;No;No;No
7086;4;3;8;5;14;26;16;20;25;19;32;38;0;36;37;47;54;51;59;50;62;67;65;66;63;0;No;No;No
7087;12;2;9;10;13;27;19;21;16;29;31;43;0;33;40;54;47;52;56;49;67;64;66;71;68;0;No;No;No
7088;6;5;15;9;7;30;16;24;21;23;42;38;0;34;35;49;52;53;58;54;69;65;66;67;74;0;No;No;No
7089;11;8;1;6;2;29;24;27;20;19;42;41;0;37;38;54;47;58;57;49;67;64;74;65;75;0;No;No;No
7090;5;14;8;6;7;23;21;25;18;20;44;42;0;39;41;57;50;58;55;48;65;70;68;72;63;0;No;No;No
7091;5;14;1;4;10;23;21;29;28;27;33;43;0;34;40;56;46;55;49;54;75;62;74;63;70;0;No;No;No
7092;4;12;14;9;6;19;22;27;24;29;44;36;0;37;39;48;54;53;60;57;73;61;62;68;69;0;No;No;No
7093;14;2;4;15;5;20;19;22;24;27;44;34;0;31;37;56;52;57;50;55;62;71;61;65;66;0;No;No;No
7094;12;4;10;2;11;19;21;26;23;25;43;38;0;40;36;47;46;55;59;56;71;69;68;66;63;0;No;No;No
7095;9;11;6;10;7;20;19;17;28;21;39;36;0;35;42;57;46;54;52;49;72;74;69;61;64;0;No;No;No
7096;12;10;15;5;1;23;21;26;25;18;39;40;0;41;34;52;46;51;57;49;70;68;67;71;66;0;No;No;No
7097;11;4;14;13;3;29;23;21;28;19;35;31;0;36;41;52;47;53;57;55;70;72;73;75;62;0;No;No;No
7098;8;15;3;1;9;24;20;23;16;21;36;41;0;37;35;54;57;49;60;56;66;69;63;73;64;0;No;No;No
7099;3;5;4;7;13;27;28;22;16;21;39;45;0;38;35;54;56;57;49;52;73;64;67;75;74;0;No;No;No
7100;14;13;1;15;11;23;21;28;25;26;35;33;0;37;41;56;49;50;53;55;73;71;66;74;68;0;No;No;No
7101;12;5;10;14;6;30;27;17;28;26;44;36;0;31;34;52;56;49;51;46;70;72;63;61;64;0;No;No;No
7102;6;11;7;8;5;20;28;22;24;23;35;33;0;42;36;57;55;48;50;46;75;66;73;72;71;0;No;No;No
7103;4;3;7;1;5;16;24;29;21;27;40;42;0;43;33;49;46;50;55;47;68;70;62;67;72;0;No;No;No
7104;2;4;9;5;3;27;22;28;26;16;39;41;0;36;43;55;59;47;49;56;69;66;68;75;64;0;No;No;No
7105;4;11;10;3;2;27;25;16;20;19;32;33;0;42;37;57;53;47;59;48;63;72;75;64;73;0;No;No;No
7106;15;9;6;4;3;27;18;24;26;20;36;44;0;32;43;50;54;55;51;57;73;66;63;69;72;0;No;No;No
7107;1;11;2;10;7;16;20;28;17;19;34;40;0;44;42;53;54;57;52;51;66;64;72;71;70;0;No;No;No
7108;12;13;2;6;14;23;26;29;22;25;41;42;0;40;33;59;48;52;49;54;70;62;72;63;64;0;No;No;No
7109;14;13;10;15;6;16;30;26;29;24;42;40;0;31;32;59;54;56;46;49;63;70;74;68;73;0;No;No;No
7110;8;2;14;9;10;22;20;26;21;17;36;32;0;45;39;60;51;54;57;53;72;71;63;61;68;0;No;No;No
7111;11;4;15;7;12;26;23;16;24;29;38;40;0;43;41;49;56;55;51;50;75;72;74;69;61;0;No;No;No
7112;7;3;14;10;13;18;26;28;20;22;43;38;0;32;35;47;53;57;59;56;72;73;71;63;74;0;No;No;No
7113;3;1;7;4;8;30;20;27;19;28;40;37;0;44;33;56;58;55;46;60;64;68;67;65;70;0;No;No;No
7114;11;9;3;13;12;26;28;27;17;24;38;43;0;42;33;49;48;60;56;58;68;74;75;64;63;0;No;No;No
7115;3;8;9;10;12;26;19;22;21;28;37;36;0;31;41;54;60;53;49;51;66;62;67;73;61;0;No;No;No
7116;8;9;1;4;14;28;18;23;17;21;34;41;0;35;32;60;52;59;55;48;63;64;75;62;70;0;No;No;No
7117;5;1;9;14;7;28;20;16;17;26;32;36;0;37;41;58;54;59;50;55;66;61;73;72;65;0;No;No;No
7118;8;1;2;13;9;20;16;23;27;22;43;42;0;38;31;46;47;59;53;55;70;75;64;71;68;0;No;No;No
7119;12;11;5;1;13;25;17;28;23;22;33;42;0;39;32;60;51;58;48;53;68;63;72;66;67;0;No;No;No
7120;2;12;9;15;11;26;17;24;19;23;34;40;0;38;44;59;58;50;49;60;68;72;61;71;62;0;No;No;No
7121;13;7;6;4;10;26;20;16;30;19;44;39;0;43;42;56;49;59;50;58;73;66;69;72;65;0;No;No;No
7122;5;12;14;6;3;20;16;18;25;22;43;40;0;44;35;47;49;57;55;52;62;65;74;63;66;0;No;No;No
7123;7;8;5;2;4;26;18;20;23;21;35;31;0;37;42;46;49;52;57;59;64;70;63;71;61;0;No;No;No
7124;3;2;5;4;1;16;25;26;28;19;44;39;0;38;36;56;46;53;49;58;65;70;72;73;68;0;No;No;No
7125;4;14;9;15;2;21;19;23;22;27;45;35;0;36;40;50;54;59;58;47;68;70;74;75;73;0;No;No;No
7126;4;8;6;15;14;17;22;24;21;18;39;34;0;42;38;56;46;54;50;49;70;61;71;63;67;0;No;No;No
7127;9;7;10;11;12;29;16;26;22;19;41;36;0;37;33;57;52;59;56;51;62;66;64;68;70;0;No;No;No
7128;9;7;14;2;8;23;25;17;22;26;41;32;0;40;39;56;55;54;48;60;70;69;67;73;64;0;No;No;No
7129;5;10;3;7;2;30;21;22;23;27;38;37;0;40;39;47;48;50;56;52;75;74;67;64;72;0;No;No;No
7130;12;5;3;2;4;29;23;26;16;27;43;44;0;38;32;59;47;53;46;48;63;74;67;69;71;0;No;No;No
7131;2;8;11;4;6;20;18;22;24;26;33;43;0;35;42;48;54;53;55;50;63;66;68;67;65;0;No;No;No
7132;3;9;2;1;6;24;19;16;27;22;39;35;0;42;41;48;58;57;50;47;63;66;69;62;68;0;No;No;No
7133;7;11;10;6;9;20;25;18;30;29;45;31;0;38;40;57;53;51;54;59;69;71;68;75;72;0;No;No;No
7134;7;13;4;5;8;29;18;25;26;20;42;38;0;34;36;50;57;48;59;52;70;68;72;74;75;0;No;No;No
7135;13;5;12;6;10;20;17;30;27;19;37;33;0;41;45;59;54;52;48;55;69;64;61;66;63;0;No;No;No
7136;6;10;3;5;4;18;23;21;16;29;45;44;0;41;39;51;49;53;56;57;63;62;72;64;66;0;No;No;No
7137;3;9;11;14;4;22;29;28;18;16;37;40;0;41;43;59;57;47;49;52;74;68;61;72;66;0;No;No;No
7138;10;1;5;8;7;16;29;23;25;21;39;36;0;38;31;48;49;56;60;59;62;74;73;64;65;0;No;No;No
7139;3;1;13;9;14;16;20;23;24;27;32;41;0;45;33;55;59;60;48;51;70;61;64;63;71;0;No;No;No
7140;13;5;7;10;4;29;21;20;23;16;42;39;0;38;41;49;52;46;55;60;72;66;75;70;71;0;No;No;No
7141;14;9;8;12;1;24;17;19;16;25;34;42;0;32;40;59;49;46;51;48;66;67;74;71;68;0;No;No;No
7142;10;13;11;6;3;17;19;16;21;27;43;42;0;35;40;50;54;47;51;60;66;65;69;61;62;0;No;No;No
7143;7;12;14;4;10;23;21;18;24;25;38;40;0;37;44;55;52;57;50;53;68;63;71;75;61;0;No;No;No
7144;7;13;12;4;8;22;26;29;19;28;34;38;0;37;40;48;51;50;49;56;63;71;67;75;72;0;No;No;No
7145;11;12;8;13;1;24;19;16;25;18;43;41;0;31;39;50;56;48;60;58;67;61;73;63;74;0;No;No;No
7146;6;3;4;10;14;27;18;16;26;25;41;44;0;43;36;53;51;48;56;47;62;67;63;65;71;0;No;No;No
7147;7;8;6;11;13;20;18;19;22;25;34;38;0;44;39;46;55;48;59;47;72;62;74;69;61;0;No;No;No
7148;7;5;8;6;2;18;28;20;19;25;38;43;0;37;31;58;55;53;59;48;61;74;65;69;71;0;No;No;No
7149;11;12;9;7;3;25;17;23;19;21;36;33;0;43;38;55;59;48;51;50;74;65;68;63;72;0;No;No;No
7150;4;3;6;7;10;22;27;21;30;19;44;37;0;43;39;53;48;54;59;56;64;72;70;69;68;0;No;No;No
7151;1;12;9;8;3;17;19;23;28;18;45;37;0;40;35;50;55;59;60;51;68;65;66;63;64;0;No;No;No
7152;1;6;12;8;13;19;22;28;29;18;31;42;0;36;32;50;51;46;47;48;72;61;74;62;67;0;No;No;No
7153;9;2;12;11;1;22;30;26;28;20;39;33;0;36;43;49;59;56;60;58;66;74;62;73;72;0;No;No;No
7154;15;6;4;13;5;26;21;20;18;25;43;34;0;35;33;46;57;54;51;47;68;65;71;70;62;0;No;No;No
7155;5;6;11;4;13;19;20;23;22;29;39;34;0;44;38;52;48;53;47;57;74;65;62;70;66;0;No;No;No
7156;13;10;1;5;4;20;24;18;22;25;32;34;0;38;44;54;53;52;50;59;72;71;63;62;66;0;No;No;No
7157;1;9;12;5;7;28;20;17;27;25;34;31;0;42;41;59;55;46;51;52;73;63;74;64;70;0;No;No;No
7158;13;5;3;1;7;20;18;19;27;22;40;34;0;33;36;53;55;49;46;60;68;74;64;71;70;0;No;No;No
7159;11;10;14;7;2;24;20;22;27;17;43;36;0;41;39;52;47;53;59;58;64;74;67;70;66;0;No;No;No
7160;9;11;10;8;1;19;21;28;29;17;44;34;0;40;33;59;49;51;56;48;64;71;63;70;61;0;No;No;No
7161;4;3;2;1;7;28;26;23;27;17;38;40;0;37;42;55;54;57;59;49;68;70;63;72;66;0;No;No;No
7162;7;9;4;2;8;20;24;26;27;29;40;31;0;33;43;46;58;54;55;57;61;68;69;62;73;0;No;No;No
7163;9;8;13;7;6;29;17;23;22;24;31;32;0;43;44;52;56;48;51;49;62;74;70;75;73;0;No;No;No
7164;13;3;14;8;10;24;19;16;20;26;31;32;0;38;42;59;51;49;52;58;63;61;68;71;64;0;No;No;No
7165;10;9;11;2;4;24;17;23;27;18;32;39;0;44;37;58;59;52;50;60;74;67;71;64;72;0;No;No;No
7166;9;13;2;3;11;23;17;18;24;25;44;36;0;32;34;49;47;60;46;54;67;63;75;68;65;0;No;No;No
7167;9;7;13;10;1;23;30;22;27;20;44;37;0;35;31;54;48;55;47;57;72;68;70;69;67;0;No;No;No
7168;10;1;9;4;11;21;27;25;19;26;41;34;0;36;31;57;60;54;47;48;74;63;68;73;64;0;No;No;No
7169;9;11;5;6;12;22;30;16;18;23;42;37;0;31;34;55;54;48;46;47;74;75;69;71;66;0;No;No;No
7170;3;5;4;9;2;22;21;16;27;23;34;38;0;41;32;51;58;53;52;50;69;64;68;75;62;0;No;No;No
7171;1;9;2;14;8;25;18;27;20;21;43;33;0;31;40;48;53;47;59;57;70;69;68;71;64;0;No;No;No
7172;8;14;11;7;9;16;30;29;21;28;37;36;0;38;32;58;48;54;57;49;73;72;65;74;62;0;No;No;No
7173;10;5;9;12;4;19;24;18;22;21;43;44;0;34;40;55;58;52;54;56;63;68;64;67;69;0;No;No;No
7174;14;15;5;8;12;27;28;17;22;24;43;33;0;36;35;53;51;52;48;49;70;66;72;61;75;0;No;No;No
7175;4;9;15;3;1;25;28;22;17;27;45;37;0;34;41;57;51;47;59;53;61;64;74;68;69;0;No;No;No
7176;12;7;9;4;6;19;24;23;18;21;33;35;0;32;44;48;49;50;52;47;63;65;67;66;64;0;No;No;No
7177;14;8;15;5;11;22;29;20;16;21;39;40;0;31;43;47;56;49;50;46;66;73;63;65;67;0;No;No;No
7178;4;9;12;11;1;19;30;28;17;21;31;36;0;43;40;51;47;55;52;57;61;70;72;64;66;0;No;No;No
7179;6;3;12;10;14;19;28;25;30;20;42;32;0;38;37;51;56;59;58;50;65;70;64;73;61;0;No;No;No
7180;4;6;1;8;10;22;19;20;18;28;36;45;0;42;43;58;49;46;55;47;66;72;62;63;73;0;No;No;No
7181;6;8;1;12;13;20;19;29;27;28;36;32;0;38;42;49;51;55;58;47;67;73;75;61;64;0;No;No;No
7182;9;1;11;2;4;25;19;17;20;26;37;36;0;33;34;57;53;55;54;52;66;71;69;62;68;0;No;No;No
7183;6;2;14;4;5;22;19;25;28;23;42;40;0;36;41;48;55;53;49;57;62;68;69;66;74;0;No;No;No
7184;5;11;10;9;8;22;29;20;25;28;44;45;0;38;32;57;49;55;48;51;71;66;64;61;65;0;No;No;No
7185;12;11;10;5;2;22;19;20;21;27;32;36;0;38;33;59;56;55;47;48;62;70;72;69;68;0;No;No;No
7186;8;7;1;6;3;29;18;20;21;22;39;37;0;34;38;52;48;60;53;58;74;71;66;73;69;0;No;No;No
7187;13;4;6;7;12;20;28;25;27;23;31;40;0;43;32;60;55;54;47;56;72;75;68;69;66;0;No;No;No
7188;7;15;14;12;5;29;17;18;22;24;42;45;0;43;31;55;54;57;46;60;65;66;61;75;64;0;No;No;No
7189;3;7;1;8;6;26;27;16;29;28;39;31;0;41;37;54;56;49;59;48;74;61;63;72;65;0;No;No;No
7190;6;1;15;13;8;16;24;19;26;21;35;34;0;31;42;56;54;47;48;53;62;70;64;61;71;0;No;No;No
7191;7;13;2;14;8;26;22;18;19;29;39;42;0;36;43;52;48;46;53;54;69;66;65;62;68;0;No;No;No
7192;2;1;14;5;11;21;19;29;26;23;33;35;0;36;38;50;59;58;53;56;65;61;64;70;62;0;No;No;No
7193;5;4;7;9;2;20;16;17;27;18;42;31;0;34;44;56;48;55;57;50;66;72;70;73;67;0;No;No;No
7194;2;9;3;6;8;16;23;29;24;20;36;45;0;40;41;57;53;47;56;51;73;64;70;66;63;0;No;No;No
7195;1;14;8;3;9;26;28;20;25;23;34;36;0;38;39;51;50;54;55;60;65;68;74;72;64;0;No;No;No
7196;8;9;6;1;5;19;18;20;25;26;31;32;0;41;39;51;58;53;47;52;72;62;64;66;69;0;No;No;No
7197;15;3;5;10;6;24;27;20;26;17;40;31;0;38;42;47;55;51;53;50;74;71;66;65;63;0;No;No;No
7198;10;7;14;13;6;20;18;26;17;19;41;42;0;36;35;49;55;48;59;57;74;73;69;63;72;0;No;No;No
7199;7;8;1;6;4;17;28;16;21;22;32;36;0;41;42;59;53;48;56;47;66;73;62;68;74;0;No;No;No
7200;14;12;4;6;3;21;20;17;16;22;44;43;0;37;39;58;55;57;59;54;74;71;67;69;61;0;No;No;No
7201;7;11;8;10;14;17;25;20;22;30;45;33;0;35;37;46;58;55;47;57;70;66;74;69;67;0;No;No;No
7202;9;2;15;3;6;25;28;16;27;18;33;37;0;35;32;54;55;46;59;49;71;74;67;62;70;0;No;No;No
7203;2;11;14;6;13;19;20;22;16;21;34;40;0;37;38;46;58;60;47;52;75;64;73;62;66;0;No;No;No
7204;3;12;8;1;10;22;17;16;20;27;39;31;0;43;32;58;53;49;50;47;71;61;74;73;72;0;No;No;No
7205;14;1;4;12;6;20;28;22;23;17;37;42;0;40;31;57;47;48;53;49;65;71;61;70;74;0;No;No;No
7206;6;1;11;14;2;16;23;21;18;26;44;37;0;42;31;55;53;52;57;46;68;69;67;63;65;0;No;No;No
7207;13;3;5;8;10;27;23;19;16;26;44;35;0;34;41;47;48;54;46;52;65;62;74;68;69;0;No;No;No
7208;1;5;10;7;8;17;20;16;21;28;35;45;0;39;41;48;60;47;51;50;70;73;64;72;61;0;No;No;No
7209;6;2;14;8;12;25;19;16;27;26;39;43;0;45;33;48;53;49;50;55;68;62;63;72;67;0;No;No;No
7210;2;7;9;11;14;17;26;25;21;30;31;41;0;33;39;49;57;52;56;51;74;65;62;69;71;0;No;No;No
7211;9;7;6;13;14;19;23;22;21;24;38;43;0;37;31;50;49;53;46;48;65;67;69;61;64;0;No;No;No
7212;2;8;10;12;9;29;21;25;28;19;43;44;0;34;40;46;48;60;59;57;67;70;74;65;64;0;No;No;No
7213;10;7;3;13;9;16;28;25;26;18;41;38;0;42;34;49;48;57;47;50;65;64;61;69;63;0;No;No;No
7214;11;4;9;3;7;16;28;29;24;21;44;40;0;36;38;53;54;59;50;48;66;61;65;62;73;0;No;No;No
7215;13;6;5;10;4;22;18;20;26;19;35;31;0;43;36;51;47;57;58;54;68;75;71;62;61;0;No;No;No
7216;6;14;1;10;15;18;29;22;21;28;39;41;0;40;42;50;57;60;56;58;73;71;68;63;65;0;No;No;No
7217;15;7;4;8;1;23;25;18;21;20;38;41;0;44;43;48;51;53;57;55;61;73;74;72;67;0;No;No;No
7218;6;5;13;1;3;19;28;20;24;16;33;36;0;40;44;53;58;51;52;50;74;64;69;65;67;0;No;No;No
7219;13;15;14;3;5;21;25;18;24;22;31;39;0;33;42;56;46;51;60;58;63;73;74;61;65;0;No;No;No
7220;11;5;13;14;4;18;26;28;27;21;42;43;0;34;39;46;52;54;58;56;63;66;67;73;69;0;No;No;No
7221;8;9;3;13;10;20;27;19;22;29;35;38;0;40;44;58;48;51;54;46;74;73;65;72;66;0;No;No;No
7222;14;6;5;1;2;29;17;16;21;19;43;42;0;41;32;55;54;51;56;46;61;74;71;66;75;0;No;No;No
7223;1;3;14;15;13;24;28;16;21;30;33;34;0;40;32;58;57;49;51;48;62;64;75;65;68;0;No;No;No
7224;6;11;8;13;3;28;26;23;16;21;33;34;0;41;37;49;59;48;47;53;66;69;75;62;61;0;No;No;No
7225;8;3;5;7;1;23;16;21;28;26;34;38;0;36;43;55;46;52;59;57;68;62;70;61;74;0;No;No;No
7226;3;12;4;6;13;23;29;19;24;27;40;36;0;31;33;57;55;56;53;47;71;72;66;62;73;0;No;No;No
7227;4;5;10;13;6;30;21;18;28;22;38;36;0;34;43;56;48;54;50;51;74;66;69;75;65;0;No;No;No
7228;9;7;3;10;4;18;26;30;16;29;36;44;0;31;32;56;47;50;58;60;69;70;64;71;67;0;No;No;No
7229;9;13;2;8;7;19;17;16;20;24;44;41;0;31;40;51;52;56;59;53;67;74;70;66;65;0;No;No;No
7230;14;3;4;5;13;25;23;16;30;22;37;41;0;31;33;60;51;59;56;49;70;63;67;62;72;0;No;No;No
7231;6;5;3;7;8;21;17;29;19;28;36;34;0;43;39;50;55;54;56;60;69;62;68;73;65;0;No;No;No
7232;7;11;10;13;12;26;24;23;28;22;34;41;0;36;35;47;52;56;53;50;66;67;61;69;73;0;No;No;No
7233;3;9;10;1;7;24;17;20;27;26;39;37;0;34;33;58;48;51;57;56;73;61;68;71;69;0;No;No;No
7234;7;14;10;3;11;28;26;21;30;19;32;40;0;36;31;52;49;46;53;48;74;70;69;65;64;0;No;No;No
7235;1;5;6;15;4;28;29;26;24;21;43;39;0;40;33;48;55;53;49;54;72;69;64;65;66;0;No;No;No
7236;8;15;13;9;12;25;23;21;19;26;42;33;0;32;38;53;51;54;58;55;64;73;63;72;68;0;No;No;No
7237;13;10;6;12;3;18;22;16;19;24;36;35;0;32;41;57;51;53;47;59;71;63;61;65;75;0;No;No;No
7238;3;9;12;10;6;20;29;24;27;30;35;40;0;44;32;51;56;55;58;47;75;66;61;65;73;0;No;No;No
7239;7;3;2;11;10;19;22;16;18;26;33;43;0;32;42;58;52;60;49;48;72;65;71;63;66;0;No;No;No
7240;9;11;13;10;1;18;16;28;17;25;39;32;0;45;43;55;57;47;59;46;70;65;71;62;64;0;No;No;No
7241;3;9;13;7;14;16;29;26;24;28;34;32;0;43;31;48;53;60;58;57;62;72;73;64;71;0;No;No;No
7242;9;7;5;4;15;22;29;23;27;28;37;43;0;42;44;60;50;49;51;55;64;69;66;70;75;0;No;No;No
7243;15;10;7;4;12;22;18;16;26;28;44;43;0;39;41;52;49;55;59;47;75;62;73;70;63;0;No;No;No
7244;1;2;3;8;6;29;19;28;24;16;31;43;0;36;39;52;49;58;54;57;65;71;70;62;67;0;No;No;No
7245;9;2;6;3;1;30;27;19;16;20;43;38;0;32;44;52;50;49;56;48;64;62;73;72;69;0;No;No;No
7246;12;8;3;7;4;26;20;17;27;30;44;33;0;41;38;51;58;46;56;59;61;68;70;75;73;0;No;No;No
7247;8;12;3;10;2;21;24;19;22;20;34;42;0;38;31;48;52;56;58;49;70;65;72;63;61;0;No;No;No
7248;1;12;7;5;11;22;18;19;20;23;39;42;0;31;40;48;46;47;52;55;62;73;72;63;74;0;No;No;No
7249;11;9;1;13;6;24;28;21;27;29;45;38;0;39;37;47;59;51;50;48;69;63;62;71;72;0;No;No;No
7250;7;9;5;4;12;30;17;25;21;23;45;36;0;40;35;58;59;52;53;51;73;63;62;75;67;0;No;No;No
7251;1;14;6;11;7;21;28;17;16;20;35;31;0;44;39;54;50;46;49;55;61;63;64;72;73;0;No;No;No
7252;9;3;13;8;7;17;25;28;29;16;39;32;0;31;44;46;53;47;59;57;74;69;63;66;72;0;No;No;No
7253;12;6;15;9;10;30;27;16;29;18;41;44;0;45;31;56;48;50;49;47;64;67;73;70;72;0;No;No;No
7254;7;8;11;10;13;25;21;27;19;18;37;38;0;45;34;52;59;55;49;46;66;61;64;70;68;0;No;No;No
7255;7;9;6;5;15;23;16;22;17;19;36;34;0;39;37;53;46;58;56;50;72;69;70;65;71;0;No;No;No
7256;6;8;5;9;10;30;23;16;26;17;36;45;0;39;43;53;49;46;51;50;71;68;70;67;66;0;No;No;No
7257;12;2;8;1;7;26;27;22;16;19;40;42;0;41;34;47;48;57;58;52;68;70;75;64;67;0;No;No;No
7258;4;5;6;14;15;18;16;27;21;20;38;34;0;31;32;52;47;59;58;55;68;61;64;73;62;0;No;No;No
7259;2;7;6;3;9;22;17;30;26;27;33;32;0;39;42;58;51;46;49;47;69;64;71;62;67;0;No;No;No
7260;7;6;2;3;1;21;28;26;24;29;33;40;0;45;36;49;46;48;53;59;68;69;75;73;62;0;No;No;No
7261;9;12;2;4;14;26;24;25;19;29;35;44;0;41;32;51;54;59;47;52;68;72;63;61;69;0;No;No;No
7262;12;4;6;7;8;16;17;25;26;30;43;34;0;45;33;60;51;56;50;46;63;69;67;72;64;0;No;No;No
7263;12;11;1;2;4;19;18;16;24;22;44;38;0;41;31;58;56;47;57;50;63;66;71;74;73;0;No;No;No
7264;8;12;5;3;13;23;17;26;25;21;44;38;0;36;45;48;56;58;54;47;70;64;61;63;68;0;No;No;No
7265;12;1;3;11;8;20;28;27;18;16;42;35;0;33;31;55;54;58;59;52;61;69;65;62;63;0;No;No;No
7266;12;3;5;15;9;20;28;24;23;18;43;41;0;35;34;49;52;48;56;60;74;63;70;72;71;0;No;No;No
7267;5;6;1;7;8;28;23;21;18;26;35;31;0;41;37;55;49;58;46;54;70;63;69;72;66;0;No;No;No
7268;12;10;8;9;1;29;28;25;22;21;41;39;0;40;32;60;48;49;51;59;63;69;74;66;73;0;No;No;No
7269;11;6;1;8;10;27;16;17;28;20;43;36;0;39;31;49;53;57;48;55;64;68;69;71;66;0;No;No;No
7270;13;4;8;9;1;25;26;30;29;20;36;35;0;34;40;59;54;49;46;51;61;67;75;69;62;0;No;No;No
7271;9;11;2;12;8;26;25;19;29;23;38;35;0;41;39;57;58;52;47;56;72;73;67;66;62;0;No;No;No
7272;12;2;5;4;6;26;25;30;23;24;36;41;0;44;35;49;57;46;58;47;69;74;63;61;73;0;No;No;No
7273;4;9;2;7;14;30;27;21;20;16;35;44;0;36;34;51;47;55;46;52;71;62;63;67;66;0;No;No;No
7274;7;13;14;10;6;24;19;29;17;20;36;34;0;42;45;50;59;47;49;46;68;65;64;62;61;0;No;No;No
7275;4;11;1;6;12;18;19;22;20;26;34;38;0;36;43;46;52;56;53;54;61;70;73;71;74;0;No;No;No
7276;7;12;2;10;5;24;27;17;22;23;35;32;0;33;37;50;48;55;58;57;69;63;67;70;62;0;No;No;No
7277;14;8;5;4;2;22;18;19;30;24;41;33;0;31;37;53;48;47;56;54;66;65;71;68;74;0;No;No;No
7278;1;13;5;6;8;18;20;28;23;22;44;40;0;38;41;53;57;59;55;54;71;67;69;62;70;0;No;No;No
7279;3;2;6;8;15;29;20;22;23;21;38;31;0;45;42;57;48;55;60;54;66;62;73;71;67;0;No;No;No
7280;1;8;11;10;4;27;16;21;20;17;37;41;0;33;31;56;54;49;59;53;69;71;73;65;61;0;No;No;No
7281;9;2;4;11;1;19;16;21;24;29;37;41;0;34;45;52;50;48;49;58;66;73;65;62;68;0;No;No;No
7282;8;2;12;3;1;18;26;30;17;29;38;32;0;42;44;59;48;47;58;46;70;62;74;72;66;0;No;No;No
7283;14;3;13;12;4;23;20;16;27;29;38;33;0;39;31;53;60;55;48;57;68;69;63;62;61;0;No;No;No
7284;1;7;13;14;11;22;27;30;29;26;34;41;0;36;43;53;48;58;56;52;71;63;70;69;74;0;No;No;No
7285;6;5;10;3;9;25;26;16;17;22;36;42;0;40;33;52;51;58;48;46;64;68;70;63;75;0;No;No;No
7286;6;11;3;4;8;16;27;24;30;25;42;40;0;31;32;55;56;49;51;52;75;62;73;63;68;0;No;No;No
7287;13;3;7;11;10;17;24;29;26;22;44;34;0;33;40;51;46;52;56;53;61;69;72;74;71;0;No;No;No
7288;6;1;13;5;11;18;20;26;25;22;40;37;0;34;44;56;47;50;49;58;65;70;75;72;73;0;No;No;No
7289;14;6;10;7;8;19;16;27;18;26;37;39;0;43;36;55;53;56;47;50;63;74;65;67;69;0;No;No;No
7290;10;8;13;14;11;22;16;26;28;25;39;43;0;42;36;47;54;56;58;48;63;64;61;68;69;0;No;No;No
7291;5;12;13;2;1;25;21;24;23;18;34;40;0;43;38;54;53;57;49;59;75;69;66;71;73;0;No;No;No
7292;8;1;14;13;11;20;18;21;26;24;32;35;0;43;33;51;57;48;58;55;62;66;71;64;68;0;No;No;No
7293;6;11;5;8;4;23;29;22;24;20;38;31;0;33;35;59;53;47;51;56;74;71;63;72;68;0;No;No;No
7294;2;11;7;10;5;24;25;17;20;18;32;31;0;34;37;54;58;52;53;55;71;66;63;73;69;0;No;No;No
7295;5;3;9;8;12;28;26;20;21;19;31;41;0;40;44;46;52;49;54;53;68;72;63;71;65;0;No;No;No
7296;12;10;8;9;3;21;30;25;22;19;37;40;0;33;38;47;59;48;51;57;75;61;64;62;66;0;No;No;No
7297;6;7;4;15;13;28;21;24;29;17;41;36;0;39;42;47;58;51;54;60;67;68;74;62;71;0;No;No;No
7298;4;9;6;10;5;23;16;24;22;28;37;31;0;34;39;54;46;59;49;55;74;71;73;72;64;0;No;No;No
7299;1;13;8;11;5;29;24;16;23;21;39;34;0;45;36;46;54;52;57;58;65;66;74;62;71;0;No;No;No
7300;4;2;10;9;8;22;26;23;16;19;41;38;0;42;33;46;47;59;54;52;64;74;66;73;71;0;No;No;No
7301;9;2;14;12;4;20;18;21;27;16;38;31;0;32;43;54;47;56;57;58;68;67;72;62;64;0;No;No;No
7302;14;7;6;13;4;28;30;17;16;18;42;41;0;45;34;54;55;52;49;57;68;69;70;62;66;0;No;No;No
7303;3;6;4;7;12;22;24;20;16;26;31;40;0;38;32;57;53;58;52;51;71;62;66;74;61;0;No;No;No
7304;11;12;10;8;1;18;25;20;22;28;31;44;0;41;38;59;53;57;52;55;74;65;66;68;64;0;No;No;No
7305;12;8;4;2;11;23;24;25;21;29;41;43;0;32;40;57;59;51;48;46;65;71;63;68;75;0;No;No;No
7306;2;8;4;6;5;17;25;26;22;20;33;32;0;43;40;58;48;47;59;53;67;61;70;63;64;0;No;No;No
7307;9;8;3;10;14;26;25;24;20;16;40;41;0;44;38;51;54;48;53;57;64;67;65;75;70;0;No;No;No
7308;12;9;13;1;2;20;26;17;22;19;38;32;0;43;37;52;56;55;49;50;73;71;70;69;65;0;No;No;No
7309;7;2;12;5;11;28;27;25;19;21;37;31;0;41;43;56;49;53;57;48;70;68;62;71;65;0;No;No;No
7310;10;12;8;1;5;23;20;18;16;27;37;45;0;44;38;46;49;53;56;54;67;72;69;66;65;0;No;No;No
7311;15;6;4;10;2;27;21;18;19;24;40;31;0;37;35;48;56;54;55;49;61;63;69;71;70;0;No;No;No
7312;9;1;8;11;10;16;23;29;28;21;38;32;0;43;36;47;46;53;52;50;72;74;75;69;70;0;No;No;No
7313;7;1;3;6;2;20;19;27;18;16;32;31;0;34;37;51;52;47;60;50;63;65;67;74;64;0;No;No;No
7314;12;13;5;3;11;30;24;19;23;17;39;31;0;33;45;47;53;60;59;49;69;62;63;75;65;0;No;No;No
7315;3;8;10;15;4;29;27;20;24;23;34;31;0;37;40;56;51;46;50;48;73;64;71;69;63;0;No;No;No
7316;4;5;12;8;6;30;20;28;21;26;44;45;0;37;40;55;53;58;49;52;71;70;69;68;61;0;No;No;No
7317;4;8;2;12;3;17;20;18;19;22;31;40;0;44;35;50;51;49;54;47;69;66;72;64;74;0;No;No;No
7318;2;15;5;7;6;20;19;27;28;17;31;42;0;33;37;54;50;60;53;49;67;69;65;70;63;0;No;No;No
7319;9;4;6;8;5;21;19;24;23;26;33;40;0;41;37;48;49;58;60;59;69;72;75;66;73;0;No;No;No
7320;5;15;8;9;6;20;23;24;26;17;34;33;0;43;35;46;48;47;57;59;66;63;68;61;62;0;No;No;No
7321;5;9;1;14;7;21;16;19;25;20;43;31;0;39;37;59;51;53;55;48;69;75;63;66;74;0;No;No;No
7322;11;8;9;5;6;16;28;23;30;18;35;42;0;37;41;47;48;59;54;55;64;74;71;68;72;0;No;No;No
7323;13;1;12;7;14;25;23;30;22;21;35;31;0;38;37;49;48;47;55;54;62;64;72;63;69;0;No;No;No
7324;10;15;7;4;3;28;23;16;26;27;33;40;0;43;32;56;47;46;51;57;63;65;61;70;67;0;No;No;No
7325;4;11;7;9;10;17;16;24;28;27;41;43;0;35;36;58;47;53;55;50;65;66;64;69;72;0;No;No;No
7326;7;14;12;9;15;20;26;24;29;25;34;37;0;32;31;51;48;55;60;49;70;68;69;64;63;0;No;No;No
7327;12;14;5;4;10;16;19;27;25;26;44;38;0;41;36;54;53;50;51;49;63;73;62;71;70;0;No;No;No
7328;8;4;14;3;12;20;26;21;19;28;33;42;0;34;44;54;53;58;47;46;74;68;61;69;73;0;No;No;No
7329;14;2;11;1;7;22;26;21;28;25;31;44;0;40;33;50;59;55;54;58;64;72;74;73;68;0;No;No;No
7330;15;12;11;13;5;16;29;23;27;28;40;34;0;43;44;52;57;46;50;55;73;67;71;66;72;0;No;No;No
7331;14;12;4;5;1;21;29;24;20;27;31;41;0;43;44;46;53;55;47;51;70;73;62;64;74;0;No;No;No
7332;8;15;5;14;4;21;17;18;29;30;44;43;0;42;32;59;48;54;53;55;66;62;74;71;65;0;No;No;No
7333;11;6;4;13;8;16;22;24;29;21;44;38;0;32;43;59;46;50;56;49;61;74;73;69;63;0;No;No;No
7334;14;3;8;9;11;23;21;22;16;17;43;40;0;42;36;47;58;53;52;59;70;74;67;75;61;0;No;No;No
7335;10;8;11;5;14;20;26;23;24;27;38;42;0;45;40;51;47;59;54;52;68;67;66;64;69;0;No;No;No
7336;3;9;5;1;2;23;22;28;21;26;37;42;0;41;40;52;48;49;47;56;65;64;68;63;61;0;No;No;No
7337;1;6;7;4;3;20;17;29;21;24;34;43;0;38;42;58;60;48;50;56;65;73;68;72;75;0;No;No;No
7338;4;12;5;7;9;19;23;26;22;24;42;43;0;39;34;49;54;56;53;59;74;70;65;71;72;0;No;No;No
7339;1;7;5;11;6;19;26;18;27;29;31;34;0;41;43;50;53;55;58;51;66;71;62;61;73;0;No;No;No
7340;3;7;13;5;14;16;27;21;20;29;34;37;0;44;38;47;46;56;53;50;71;75;61;67;69;0;No;No;No
7341;11;10;13;4;6;17;18;21;26;19;35;31;0;33;38;56;50;59;52;57;70;67;63;73;75;0;No;No;No
7342;12;13;8;4;10;26;29;24;22;21;38;33;0;31;40;59;47;46;57;55;64;66;69;70;67;0;No;No;No
7343;9;12;8;5;14;26;20;23;21;16;44;41;0;40;32;54;53;58;47;46;75;71;63;73;68;0;No;No;No
7344;13;2;7;9;6;28;18;20;27;23;41;44;0;37;43;54;58;47;50;51;65;73;68;69;62;0;No;No;No
7345;12;5;3;6;7;29;25;18;22;26;41;37;0;43;44;54;51;56;50;49;62;69;64;63;68;0;No;No;No
7346;10;14;7;12;8;17;16;30;21;25;35;36;0;40;42;57;54;51;46;58;64;73;63;72;68;0;No;No;No
7347;4;5;11;6;8;20;27;24;25;18;38;44;0;45;33;53;46;52;54;55;73;72;71;74;63;0;No;No;No
7348;8;13;5;12;6;19;29;25;26;27;41;38;0;44;37;49;52;50;56;55;63;72;71;73;65;0;No;No;No
7349;6;2;8;10;11;21;18;27;20;29;44;40;0;34;43;49;57;51;58;59;73;74;66;63;61;0;No;No;No
7350;8;6;15;2;14;26;29;17;16;24;44;42;0;41;32;46;47;52;53;51;62;74;61;70;68;0;No;No;No
7351;3;13;4;11;9;16;17;23;27;29;44;42;0;41;40;51;57;58;56;49;74;72;69;61;62;0;No;No;No
7352;3;9;7;5;1;21;28;29;19;25;35;36;0;43;45;46;54;53;48;59;62;65;74;66;73;0;No;No;No
7353;6;10;8;12;9;23;21;16;29;19;41;43;0;34;37;51;58;55;46;48;68;74;63;62;61;0;No;No;No
7354;12;4;11;7;8;25;29;26;24;27;38;35;0;41;34;60;50;52;51;46;71;64;65;68;66;0;No;No;No
7355;11;1;12;13;14;19;25;27;17;20;42;38;0;33;43;46;47;53;49;60;63;62;71;68;67;0;No;No;No
7356;3;14;8;10;12;27;24;28;19;23;31;39;0;36;37;53;52;49;48;46;65;71;70;66;64;0;No;No;No
7357;10;3;11;13;8;21;28;23;27;26;44;39;0;36;32;55;54;59;57;58;61;66;63;70;62;0;No;No;No
7358;9;15;14;7;10;24;30;16;27;28;33;32;0;37;35;49;59;58;46;55;63;66;65;71;68;0;No;No;No
7359;2;6;8;3;4;24;23;22;28;21;37;44;0;38;36;60;46;52;49;51;64;74;73;75;66;0;No;No;No
7360;3;5;4;8;7;23;26;20;28;17;41;37;0;40;38;55;59;53;52;48;61;65;71;74;72;0;No;No;No
7361;14;3;10;12;11;28;25;21;19;26;44;31;0;34;41;58;48;54;55;56;71;68;73;74;66;0;No;No;No
7362;2;8;15;13;14;25;28;26;24;23;38;43;0;35;36;53;60;58;55;47;74;72;64;62;63;0;No;No;No
7363;9;6;11;2;8;23;25;29;26;27;41;32;0;44;45;56;48;46;57;58;65;73;63;67;66;0;No;No;No
7364;14;4;2;8;6;17;27;24;28;21;39;35;0;34;40;50;51;48;53;46;74;67;73;70;63;0;No;No;No
7365;5;1;2;13;7;28;19;20;17;16;32;36;0;39;33;51;55;58;53;60;65;61;68;72;74;0;No;No;No
7366;6;9;5;1;3;29;19;28;17;22;42;37;0;43;31;52;53;51;50;46;71;69;65;67;64;0;No;No;No
7367;11;6;13;4;8;25;26;23;17;16;35;43;0;38;41;60;52;55;47;58;69;68;70;73;65;0;No;No;No
7368;8;2;5;12;11;28;29;19;22;24;39;37;0;31;33;51;52;56;53;46;63;65;68;70;61;0;No;No;No
7369;6;8;13;3;7;26;27;19;17;18;34;32;0;43;39;52;59;49;58;51;73;61;74;69;62;0;No;No;No
7370;12;10;15;13;8;16;24;27;23;25;33;36;0;31;34;52;55;54;51;49;66;74;70;73;64;0;No;No;No
7371;9;15;3;5;12;27;23;24;17;18;43;35;0;33;44;55;54;58;60;52;70;71;64;63;69;0;No;No;No
7372;14;2;13;15;11;25;22;23;18;26;43;45;0;36;37;54;49;52;56;51;72;66;61;68;67;0;No;No;No
7373;10;9;8;4;14;23;21;18;16;28;31;35;0;36;43;48;46;59;47;58;74;68;72;70;73;0;No;No;No
7374;3;7;1;11;15;24;18;26;27;20;42;32;0;31;37;52;51;50;48;57;64;75;68;62;63;0;No;No;No
7375;8;7;4;12;5;28;17;22;18;16;45;32;0;33;39;59;54;56;46;58;65;74;72;69;67;0;No;No;No
7376;14;9;10;3;15;29;23;21;20;28;44;42;0;38;41;58;57;52;49;54;69;73;74;61;66;0;No;No;No
7377;6;1;8;4;13;23;27;21;25;29;44;33;0;42;40;50;59;57;47;52;64;62;70;67;65;0;No;No;No
7378;8;7;14;3;12;19;27;18;21;25;39;31;0;45;34;47;50;57;54;55;66;69;63;64;68;0;No;No;No
7379;9;3;10;5;2;16;22;29;25;20;41;38;0;37;40;54;49;59;55;51;63;65;70;68;71;0;No;No;No
7380;14;13;12;9;1;25;18;29;26;27;41;33;0;36;31;46;52;47;59;51;64;62;67;63;70;0;No;No;No
7381;6;8;3;7;11;24;27;21;16;17;32;42;0;35;34;55;48;60;59;46;73;66;62;63;70;0;No;No;No
7382;13;8;5;2;6;25;21;29;19;20;37;32;0;42;38;48;47;51;56;57;63;72;71;67;73;0;No;No;No
7383;1;9;3;10;2;21;24;19;29;28;35;39;0;40;36;56;48;59;46;54;68;62;67;61;63;0;No;No;No
7384;8;3;7;13;12;24;26;30;19;29;39;37;0;42;43;60;58;46;50;47;66;70;71;65;75;0;No;No;No
7385;13;12;8;7;15;20;21;23;27;24;36;44;0;42;40;53;55;56;49;51;65;61;62;69;75;0;No;No;No
7386;11;9;5;14;8;23;27;18;28;29;31;35;0;42;38;56;48;47;51;53;67;64;71;70;75;0;No;No;No
7387;9;11;14;2;13;22;30;19;25;21;42;33;0;40;37;57;58;56;49;47;65;66;71;75;72;0;No;No;No
7388;8;14;1;3;13;16;25;27;19;26;32;42;0;36;37;51;47;46;58;56;70;64;69;68;62;0;No;No;No
7389;1;9;6;3;10;24;29;17;16;18;34;31;0;35;41;54;53;47;52;48;63;70;73;69;74;0;No;No;No
7390;12;8;3;7;2;25;22;18;17;23;43;42;0;31;44;49;57;47;48;50;68;66;63;64;73;0;No;No;No
7391;4;10;11;2;7;24;29;26;30;25;35;44;0;33;37;60;57;48;58;55;66;71;61;72;62;0;No;No;No
7392;4;1;6;7;12;19;21;26;24;18;41;32;0;36;35;52;46;48;53;58;70;64;72;69;63;0;No;No;No
7393;11;12;13;3;5;27;22;18;25;29;41;43;0;40;38;57;58;48;54;51;65;61;67;66;72;0;No;No;No
7394;5;6;12;10;1;17;20;26;21;18;32;45;0;38;37;46;57;50;51;48;66;74;62;64;63;0;No;No;No
7395;4;2;8;9;14;27;28;18;19;22;39;37;0;38;33;46;52;47;57;48;62;72;61;63;66;0;No;No;No
7396;5;2;6;14;11;29;23;22;26;27;40;45;0;31;32;51;57;49;50;58;63;68;73;72;67;0;No;No;No
7397;6;7;4;12;3;21;20;28;19;16;35;45;0;40;33;56;58;54;52;50;71;67;65;61;66;0;No;No;No
7398;13;11;4;9;14;16;26;18;24;25;43;31;0;40;39;57;54;55;59;52;70;67;74;61;62;0;No;No;No
7399;6;4;11;2;13;18;29;16;27;19;42;35;0;40;36;52;56;49;57;51;74;69;65;75;64;0;No;No;No
7400;5;10;2;15;13;30;25;27;28;24;37;39;0;36;38;48;46;59;53;50;64;62;68;72;73;0;No;No;No
7401;4;13;10;7;8;19;21;27;24;23;36;39;0;41;32;51;58;54;47;56;71;63;73;70;66;0;No;No;No
7402;6;12;11;10;1;17;30;28;23;25;35;37;0;33;36;49;46;50;55;58;67;61;74;70;69;0;No;No;No
7403;8;14;9;2;7;22;16;26;23;18;41;36;0;32;44;47;55;50;46;59;70;66;74;67;68;0;No;No;No
7404;4;9;11;7;2;24;26;30;20;29;36;41;0;42;39;59;57;52;46;51;71;72;63;65;74;0;No;No;No
7405;3;5;12;6;2;17;21;18;25;23;33;34;0;32;35;58;55;59;54;51;69;72;74;66;65;0;No;No;No
7406;6;1;4;7;13;29;26;23;28;16;42;34;0;37;36;52;56;51;55;57;71;70;61;74;63;0;No;No;No
7407;6;9;4;13;7;30;16;17;25;29;41;36;0;37;38;56;47;50;46;55;71;61;74;70;65;0;No;No;No
7408;9;2;5;1;7;27;17;29;24;26;45;40;0;44;32;47;57;54;59;48;72;64;61;73;71;0;No;No;No
7409;9;2;11;5;14;28;17;25;18;22;34;40;0;35;44;47;59;48;56;57;70;66;62;72;67;0;No;No;No
7410;10;9;14;3;5;27;28;30;24;26;40;37;0;33;31;47;57;58;56;50;63;73;66;65;64;0;No;No;No
7411;12;1;10;8;4;29;28;17;26;24;35;44;0;33;34;55;60;50;47;49;69;61;67;71;64;0;No;No;No
7412;15;12;9;3;10;24;20;27;18;25;43;42;0;39;38;50;59;58;55;53;75;64;67;74;65;0;No;No;No
7413;12;9;5;15;8;25;18;19;22;28;32;34;0;36;39;54;48;55;49;56;65;63;62;71;68;0;No;No;No
7414;7;11;15;2;5;24;25;16;17;23;38;41;0;43;35;52;49;58;59;54;65;66;74;75;70;0;No;No;No
7415;14;12;7;8;13;24;28;17;20;16;38;45;0;44;43;56;52;53;54;57;65;67;68;62;64;0;No;No;No
7416;5;6;7;13;3;24;20;21;17;27;42;40;0;37;31;55;46;47;53;50;65;62;64;66;69;0;No;No;No
7417;11;7;4;1;12;23;27;17;19;30;32;41;0;44;37;58;51;56;47;50;71;62;67;70;64;0;No;No;No
7418;6;1;8;14;2;26;21;29;17;19;41;37;0;43;44;56;48;59;52;54;72;66;69;62;74;0;No;No;No
7419;13;2;14;8;9;27;22;20;18;26;36;39;0;40;31;51;47;46;52;54;71;66;69;68;74;0;No;No;No
7420;4;12;8;7;5;18;23;24;22;19;43;33;0;35;40;52;53;56;49;46;75;71;70;72;69;0;No;No;No
7421;14;7;4;10;15;22;16;24;30;18;37;39;0;33;44;51;49;53;56;55;61;73;66;63;74;0;No;No;No
7422;9;4;7;14;5;18;30;29;27;25;42;43;0;45;35;58;57;49;47;54;62;69;64;71;72;0;No;No;No
7423;3;12;10;4;5;16;25;27;24;23;34;41;0;44;37;58;59;51;47;54;73;64;62;74;66;0;No;No;No
7424;9;7;2;14;12;16;29;19;18;28;32;45;0;38;36;49;57;51;54;58;63;68;73;65;74;0;No;No;No
7425;8;10;13;6;1;28;21;27;17;30;43;45;0;33;44;46;54;50;59;58;70;69;68;61;66;0;No;No;No
7426;11;3;5;2;10;26;17;28;27;16;35;33;0;31;44;60;48;52;50;53;73;64;65;69;62;0;No;No;No
7427;14;15;6;13;10;24;17;19;28;27;42;37;0;32;34;47;56;51;60;46;64;66;68;63;74;0;No;No;No
7428;14;10;11;6;13;25;27;22;20;30;31;45;0;38;32;47;54;58;55;48;61;69;71;68;64;0;No;No;No
7429;12;14;8;5;10;30;29;25;27;21;37;41;0;44;34;47;52;48;58;53;62;70;71;72;65;0;No;No;No
7430;6;14;3;4;1;17;28;22;24;30;36;37;0;33;31;57;55;47;52;50;71;74;64;67;61;0;No;No;No
7431;12;10;6;14;7;25;28;29;27;21;43;31;0;36;45;57;54;58;47;50;63;65;72;69;66;0;No;No;No
7432;2;12;10;7;14;24;29;25;16;26;45;42;0;32;40;48;52;56;49;59;64;70;68;73;71;0;No;No;No
7433;14;6;2;8;3;17;26;23;29;21;40;36;0;32;39;47;60;53;55;54;61;68;64;65;75;0;No;No;No
7434;9;15;2;10;11;18;29;17;27;19;32;40;0;43;38;47;58;54;59;57;65;67;69;64;66;0;No;No;No
7435;7;5;10;1;12;18;23;26;29;25;42;32;0;35;36;59;47;53;48;52;67;75;71;72;65;0;No;No;No
7436;1;4;5;10;15;17;30;28;23;16;31;39;0;40;32;56;46;47;50;49;72;68;64;66;63;0;No;No;No
7437;2;1;5;11;12;21;24;26;29;20;39;43;0;36;32;46;51;59;48;54;66;71;61;69;63;0;No;No;No
7438;3;5;4;8;9;28;21;23;30;27;40;42;0;33;35;55;49;46;53;51;71;62;72;67;68;0;No;No;No
7439;14;4;9;10;5;25;27;20;22;18;31;32;0;43;35;48;50;52;58;47;65;73;70;72;67;0;No;No;No
7440;6;11;14;12;9;30;18;23;29;21;45;37;0;35;40;47;46;52;55;53;64;71;62;70;68;0;No;No;No
7441;6;9;12;3;2;17;24;21;29;18;33;35;0;40;34;48;47;59;50;53;61;69;72;66;68;0;No;No;No
7442;10;4;1;9;5;20;16;21;25;17;35;44;0;34;45;59;49;56;48;51;72;70;63;68;71;0;No;No;No
7443;3;11;10;5;12;27;26;29;16;25;38;43;0;32;34;51;59;52;54;58;67;61;62;66;65;0;No;No;No
7444;1;11;2;5;9;19;26;17;23;27;32;43;0;35;33;59;50;49;58;54;72;66;65;73;71;0;No;No;No
7445;15;1;9;11;12;20;17;27;24;26;41;40;0;34;36;51;53;58;47;46;65;71;72;75;74;0;No;No;No
7446;12;4;2;9;7;18;24;26;17;22;36;32;0;35;34;54;46;47;55;58;75;71;74;62;72;0;No;No;No
7447;14;11;1;10;6;19;17;27;26;18;41;40;0;45;44;54;55;59;57;46;66;73;64;74;61;0;No;No;No
7448;1;9;11;2;10;16;17;19;22;23;41;34;0;43;32;47;51;46;54;59;68;71;70;66;64;0;No;No;No
7449;6;9;2;3;5;19;28;27;23;22;43;36;0;34;38;55;58;54;48;49;71;65;75;66;64;0;No;No;No
7450;7;1;13;10;2;20;19;17;18;21;36;41;0;31;39;47;53;48;51;60;65;69;63;62;68;0;No;No;No
7451;13;12;3;8;14;19;27;21;29;17;37;35;0;36;34;56;53;48;59;58;64;73;69;68;75;0;No;No;No
7452;12;8;9;1;14;19;24;28;16;18;33;34;0;32;31;52;46;53;47;49;75;74;69;66;73;0;No;No;No
7453;4;8;13;12;14;27;16;25;22;23;34;44;0;35;42;50;49;52;56;54;69;74;65;71;63;0;No;No;No
7454;6;10;8;2;5;29;20;28;27;25;40;45;0;37;42;55;53;59;57;58;61;70;68;73;71;0;No;No;No
7455;13;12;6;7;3;21;28;30;17;23;40;43;0;36;32;54;59;50;55;51;70;71;69;65;64;0;No;No;No
7456;11;7;4;6;5;18;27;24;28;17;34;33;0;38;42;56;58;46;48;53;70;68;75;67;66;0;No;No;No
7457;7;3;6;9;12;23;19;26;18;17;36;40;0;31;35;53;49;50;55;57;74;66;70;68;71;0;No;No;No
7458;14;11;7;4;13;28;22;21;26;30;39;40;0;34;32;58;48;49;46;57;72;61;68;74;66;0;No;No;No
7459;5;14;13;3;12;18;25;16;20;27;35;31;0;44;40;48;53;47;50;55;71;67;69;68;62;0;No;No;No
7460;2;11;15;6;8;25;29;23;26;19;32;44;0;31;35;57;50;52;56;59;68;72;74;69;62;0;No;No;No
7461;2;1;5;8;15;29;20;28;17;24;43;33;0;31;40;50;47;49;55;53;65;71;74;68;61;0;No;No;No
7462;9;14;13;15;7;17;20;24;29;18;42;45;0;40;33;58;49;48;54;51;66;62;61;65;68;0;No;No;No
7463;13;2;8;3;6;21;26;22;17;19;33;35;0;42;32;56;47;55;52;58;71;69;73;67;66;0;No;No;No
7464;14;11;7;9;2;17;18;24;29;19;38;41;0;40;44;59;57;60;46;48;64;65;68;72;62;0;No;No;No
7465;9;7;2;3;5;25;23;28;19;27;42;38;0;34;36;50;54;51;47;49;73;71;68;70;66;0;No;No;No
7466;5;10;7;8;9;21;28;17;22;27;39;34;0;45;42;52;55;56;47;48;62;61;72;69;67;0;No;No;No
7467;8;13;5;7;3;22;20;29;27;25;31;44;0;43;40;53;49;55;47;59;61;68;66;70;69;0;No;No;No
7468;5;3;15;1;8;21;16;28;20;27;32;31;0;41;44;59;50;58;47;52;75;66;71;73;70;0;No;No;No
7469;1;8;10;3;7;28;20;18;30;22;43;44;0;36;31;57;50;54;52;56;66;69;67;68;61;0;No;No;No
7470;13;4;11;7;9;25;20;30;29;28;34;42;0;41;35;60;50;56;53;47;72;65;66;75;69;0;No;No;No
7471;8;6;5;14;13;23;17;29;16;20;32;42;0;40;45;46;56;51;50;57;61;66;71;65;67;0;No;No;No
7472;1;4;2;7;15;30;16;22;19;26;34;33;0;36;44;57;58;56;46;47;68;66;70;61;67;0;No;No;No
7473;6;5;4;11;3;18;22;21;26;25;42;38;0;33;40;54;47;59;52;51;64;69;73;72;75;0;No;No;No
7474;2;15;13;5;3;25;23;22;24;27;40;42;0;31;33;55;48;54;59;52;62;70;64;67;61;0;No;No;No
7475;8;14;11;2;3;19;28;23;18;27;35;33;0;37;32;60;58;50;52;47;67;69;64;66;72;0;No;No;No
7476;6;3;2;10;7;28;27;26;24;30;37;32;0;45;33;49;56;48;53;47;73;69;64;62;61;0;No;No;No
7477;6;7;13;2;1;20;21;22;24;27;35;44;0;40;31;54;48;55;51;50;62;61;65;64;70;0;No;No;No
7478;3;9;11;6;2;23;18;22;29;19;36;37;0;40;31;48;49;53;46;58;72;67;64;70;69;0;No;No;No
7479;6;11;9;2;5;18;20;16;21;23;42;32;0;36;40;56;54;46;49;59;67;61;74;70;71;0;No;No;No
7480;5;7;2;11;8;21;22;18;17;23;38;44;0;32;40;57;46;51;52;56;74;73;72;71;63;0;No;No;No
7481;5;12;13;7;9;23;17;25;24;18;33;44;0;34;40;56;58;47;52;55;62;65;68;72;73;0;No;No;No
7482;5;10;13;8;3;20;18;16;26;22;37;38;0;43;44;46;60;51;52;54;69;71;63;73;68;0;No;No;No
7483;4;8;15;14;3;20;19;21;29;22;33;34;0;43;42;51;57;55;46;56;74;70;72;69;65;0;No;No;No
7484;3;15;2;11;13;26;22;16;28;23;35;32;0;36;38;46;52;47;53;55;65;70;71;64;63;0;No;No;No
7485;7;5;4;13;1;26;29;24;27;16;43;35;0;37;36;60;47;57;48;49;64;69;63;67;71;0;No;No;No
7486;3;15;1;4;10;24;19;28;30;25;34;33;0;35;39;60;56;46;51;50;66;65;64;72;74;0;No;No;No
7487;8;4;2;13;1;16;19;24;29;22;44;36;0;42;40;48;50;58;52;56;63;67;73;69;75;0;No;No;No
7488;1;12;7;10;3;17;21;24;29;27;31;33;0;36;38;57;52;60;55;48;62;73;65;69;63;0;No;No;No
7489;9;13;4;8;6;26;18;28;27;29;37;35;0;44;38;55;60;46;54;49;63;64;75;74;68;0;No;No;No
7490;10;11;13;7;12;17;29;16;21;22;41;31;0;43;45;52;53;46;59;56;68;62;73;64;71;0;No;No;No
7491;9;5;4;7;2;21;24;28;22;17;35;42;0;33;38;50;48;47;58;51;74;67;70;69;66;0;No;No;No
7492;4;7;2;1;12;24;20;22;18;25;43;34;0;42;38;46;60;58;53;48;65;71;74;72;66;0;No;No;No
7493;5;7;10;3;1;27;19;29;24;26;38;41;0;34;32;50;52;54;46;56;69;63;67;74;71;0;No;No;No
7494;10;11;7;14;1;19;26;23;16;24;41;34;0;42;40;51;54;46;57;58;68;75;73;65;66;0;No;No;No
7495;10;12;14;1;4;27;21;17;26;25;42;43;0;34;37;60;55;53;51;47;71;63;69;66;74;0;No;No;No
7496;3;5;12;11;10;28;26;17;29;22;40;35;0;34;39;56;51;49;59;48;63;72;74;66;68;0;No;No;No
7497;9;15;13;12;2;26;16;23;25;18;43;39;0;44;36;46;49;58;47;48;65;72;74;67;71;0;No;No;No
7498;3;11;8;13;2;25;18;27;20;26;34;32;0;40;36;52;56;57;47;54;73;65;66;64;69;0;No;No;No
7499;15;4;14;12;3;22;29;26;28;23;42;41;0;40;34;58;47;54;50;56;69;72;66;70;73;0;No;No;No
7500;7;2;6;10;3;27;24;20;19;28;42;35;0;34;41;48;50;49;57;56;69;70;63;75;71;0;No;No;No
7501;10;11;14;8;3;22;27;18;24;26;42;43;0;31;36;56;46;55;51;53;73;68;64;62;66;0;No;No;No
7502;14;10;1;12;5;18;30;20;19;22;40;31;0;32;37;48;47;53;56;59;65;70;68;75;64;0;No;No;No
7503;10;1;15;14;5;22;18;16;21;19;34;38;0;37;31;60;53;48;51;46;64;70;72;69;68;0;No;No;No
7504;11;5;1;4;9;29;22;20;23;19;34;42;0;36;41;46;50;48;57;54;64;61;72;66;65;0;No;No;No
7505;1;3;9;8;5;26;27;21;16;24;33;31;0;37;38;51;60;48;50;54;71;64;63;68;65;0;No;No;No
7506;14;3;6;11;12;16;24;29;21;30;42;32;0;31;40;47;52;55;57;59;66;68;70;64;74;0;No;No;No
7507;7;4;10;8;2;28;22;27;26;19;37;43;0;40;39;57;47;53;51;58;72;62;74;65;70;0;No;No;No
7508;6;13;1;10;8;25;27;30;29;19;33;38;0;36;40;48;58;57;53;49;65;75;74;73;66;0;No;No;No
7509;12;2;5;14;7;20;25;21;26;27;37;38;0;39;32;51;46;52;50;47;73;69;61;71;66;0;No;No;No
7510;6;5;10;15;4;27;19;16;20;21;44;40;0;41;32;47;49;54;55;51;63;66;75;74;67;0;No;No;No
7511;13;2;9;11;3;28;20;27;25;21;43;44;0;36;45;55;56;46;49;57;67;71;73;64;68;0;No;No;No
7512;2;4;5;3;1;22;27;16;17;18;32;36;0;38;40;50;51;59;52;56;66;74;69;70;73;0;No;No;No
7513;1;2;5;3;14;17;23;26;25;18;36;42;0;40;38;53;54;59;57;58;62;64;70;73;72;0;No;No;No
7514;10;13;8;15;6;27;28;26;16;25;41;39;0;33;44;49;50;51;52;55;70;64;63;68;65;0;No;No;No
7515;1;3;6;14;11;17;22;26;29;19;44;39;0;33;41;55;47;46;49;58;68;74;62;72;70;0;No;No;No
7516;14;5;10;7;11;16;25;21;24;17;44;42;0;35;40;48;50;56;54;46;69;62;71;65;73;0;No;No;No
7517;11;7;5;10;3;18;19;29;17;20;42;31;0;35;43;51;52;57;47;50;73;72;61;63;68;0;No;No;No
7518;12;11;2;8;4;17;25;22;16;19;38;34;0;40;44;46;59;54;56;48;70;62;73;63;65;0;No;No;No
7519;4;8;14;2;1;20;21;22;16;23;32;36;0;39;41;53;50;49;54;55;64;71;70;67;63;0;No;No;No
7520;10;13;14;12;5;20;29;27;16;25;31;43;0;45;34;47;46;51;48;58;65;71;62;69;73;0;No;No;No
7521;6;12;14;2;13;25;23;27;22;17;34;39;0;36;43;50;48;51;58;46;72;64;67;71;70;0;No;No;No
7522;15;5;2;4;8;28;21;29;26;17;40;39;0;35;32;53;50;52;58;59;61;74;72;75;68;0;No;No;No
7523;9;7;3;13;12;19;27;23;16;25;35;42;0;31;44;48;51;60;56;55;73;61;69;63;62;0;No;No;No
7524;5;3;6;8;4;17;27;20;25;24;35;42;0;34;32;59;54;47;52;60;69;64;67;61;62;0;No;No;No
7525;3;7;14;13;4;26;29;27;20;25;43;31;0;44;36;55;58;53;52;51;69;61;67;65;74;0;No;No;No
7526;12;10;8;9;1;19;24;22;29;26;35;36;0;37;44;51;52;54;55;58;74;71;67;68;65;0;No;No;No
7527;8;6;3;14;9;28;16;25;22;21;39;33;0;36;45;59;48;55;53;50;61;71;75;67;63;0;No;No;No
7528;10;2;12;13;9;23;20;19;18;25;37;39;0;44;32;54;49;47;55;51;68;72;75;71;70;0;No;No;No
7529;5;3;8;2;11;25;29;26;16;18;32;39;0;37;42;49;51;50;55;46;61;68;71;73;67;0;No;No;No
7530;8;2;13;10;12;19;30;21;28;25;35;36;0;32;31;47;50;55;54;48;70;74;68;62;64;0;No;No;No
7531;3;6;9;5;14;24;23;28;21;16;34;33;0;36;43;60;46;56;48;53;67;70;68;62;64;0;No;No;No
7532;10;12;4;13;6;24;29;17;25;18;35;31;0;39;44;51;52;55;50;57;73;61;62;71;72;0;No;No;No
7533;2;13;5;11;9;18;28;24;29;16;36;40;0;37;33;52;49;48;57;56;68;70;74;66;73;0;No;No;No
7534;1;8;3;2;13;18;29;28;26;19;40;39;0;45;32;49;47;48;51;56;70;67;62;63;73;0;No;No;No
7535;3;8;6;9;14;28;18;25;21;29;40;39;0;35;33;48;56;57;54;58;65;71;63;68;64;0;No;No;No
7536;7;4;13;14;1;27;28;23;26;18;44;36;0;37;40;50;51;58;46;47;63;64;70;67;71;0;No;No;No
7537;13;2;6;1;8;25;26;16;19;21;35;33;0;37;38;46;55;57;54;50;73;72;69;68;63;0;No;No;No
7538;1;8;7;12;10;22;26;20;16;21;35;43;0;32;40;58;51;48;56;55;62;66;61;64;71;0;No;No;No
7539;5;10;13;11;2;19;25;17;28;29;44;42;0;31;39;58;47;46;48;50;67;69;74;62;72;0;No;No;No
7540;4;3;8;9;14;23;27;28;21;26;34;39;0;32;36;47;58;56;59;50;72;62;68;70;61;0;No;No;No
7541;12;14;1;9;8;24;29;21;16;23;41;33;0;39;36;55;54;49;58;50;63;72;73;70;65;0;No;No;No
7542;4;12;8;6;13;18;20;16;25;19;36;43;0;31;44;47;46;51;49;59;63;73;64;68;70;0;No;No;No
7543;7;2;1;4;14;26;22;29;16;19;33;42;0;37;34;55;48;46;57;51;62;68;64;71;75;0;No;No;No
7544;12;9;5;6;13;24;27;20;16;26;36;34;0;45;44;49;50;59;54;53;69;68;72;62;75;0;No;No;No
7545;2;6;10;9;4;22;18;26;19;24;35;40;0;36;39;57;47;46;55;56;69;73;67;66;72;0;No;No;No
7546;11;9;14;1;10;16;29;21;30;27;39;43;0;40;32;49;50;47;59;57;73;62;71;63;69;0;No;No;No
7547;10;9;3;6;12;23;20;28;27;17;32;33;0;45;39;47;51;57;59;55;71;74;65;61;75;0;No;No;No
7548;12;7;1;8;2;26;22;19;25;23;36;44;0;34;32;52;59;48;58;50;73;67;61;74;66;0;No;No;No
7549;9;13;2;7;11;20;28;17;29;18;35;39;0;32;40;49;58;59;47;52;65;69;61;63;67;0;No;No;No
7550;13;10;1;14;2;23;19;24;29;26;40;37;0;43;41;54;51;58;56;48;68;72;65;66;63;0;No;No;No
7551;6;5;10;12;11;18;22;20;19;25;32;42;0;33;40;53;56;54;49;46;61;72;62;69;66;0;No;No;No
7552;9;1;8;11;4;22;25;19;30;18;44;38;0;42;34;46;50;47;55;60;62;67;73;70;72;0;No;No;No
7553;9;7;11;8;12;20;17;18;24;21;33;32;0;43;39;60;52;56;48;57;74;72;70;66;71;0;No;No;No
7554;4;13;1;14;5;25;20;24;21;26;43;41;0;35;31;46;49;59;50;58;70;61;64;71;68;0;No;No;No
7555;1;2;12;3;8;27;30;23;17;21;39;31;0;36;32;56;60;49;51;46;61;66;72;64;67;0;No;No;No
7556;1;9;14;12;2;30;18;22;29;21;32;40;0;31;45;56;57;53;58;54;72;64;75;67;69;0;No;No;No
7557;8;9;7;3;1;18;16;20;26;17;35;38;0;36;31;57;58;50;56;46;66;62;65;67;69;0;No;No;No
7558;5;12;10;3;2;26;20;27;21;23;39;35;0;31;44;57;60;52;53;46;62;63;61;66;73;0;No;No;No
7559;1;8;11;10;2;22;16;24;19;25;39;31;0;42;40;48;55;51;57;58;61;70;62;68;64;0;No;No;No
7560;14;8;12;9;2;20;23;27;30;19;37;43;0;36;40;48;49;58;52;47;65;71;64;67;61;0;No;No;No
7561;7;9;10;14;3;23;19;26;20;27;35;36;0;40;43;55;58;47;51;46;69;65;61;63;64;0;No;No;No
7562;1;14;10;4;7;17;20;21;16;29;36;44;0;42;37;57;50;53;59;60;71;65;67;63;64;0;No;No;No
7563;8;13;6;5;10;22;19;18;26;20;38;32;0;34;39;53;50;47;46;55;73;69;68;75;70;0;No;No;No
7564;10;5;12;11;14;16;28;26;23;22;34;39;0;45;41;53;56;59;50;54;67;70;73;68;62;0;No;No;No
7565;12;5;10;2;6;24;21;29;17;26;42;31;0;40;41;54;58;49;52;53;71;70;65;69;75;0;No;No;No
7566;9;14;12;5;4;18;25;22;20;27;35;36;0;33;40;46;48;52;59;50;64;67;65;70;63;0;No;No;No
7567;10;8;11;3;15;29;23;17;25;26;36;43;0;37;41;54;53;46;56;57;69;70;73;71;61;0;No;No;No
7568;11;2;15;10;1;23;26;19;25;28;38;39;0;42;37;55;57;56;59;48;70;71;63;64;68;0;No;No;No
7569;3;6;2;13;9;23;25;22;17;30;36;42;0;34;40;50;59;57;46;48;64;66;70;63;71;0;No;No;No
7570;2;7;4;9;12;24;19;22;20;29;39;40;0;41;36;59;54;53;50;47;73;66;74;63;69;0;No;No;No
7571;10;8;3;9;6;23;19;28;27;26;42;44;0;32;34;50;55;57;51;47;66;71;64;63;67;0;No;No;No
7572;9;4;8;10;1;28;24;23;21;19;31;37;0;36;34;57;48;47;50;58;74;68;70;63;61;0;No;No;No
7573;5;8;1;14;12;29;18;24;20;25;42;40;0;38;34;50;48;46;59;52;75;61;71;68;70;0;No;No;No
7574;9;8;12;6;7;16;28;17;30;26;36;42;0;44;31;58;52;55;48;51;71;67;62;65;73;0;No;No;No
7575;7;10;6;13;5;28;23;21;29;25;37;36;0;34;39;53;48;47;58;52;70;69;74;73;71;0;No;No;No
7576;9;3;2;14;5;30;16;24;27;26;45;38;0;43;36;49;57;54;59;52;73;65;62;61;70;0;No;No;No
7577;2;1;8;6;11;20;22;16;21;30;43;40;0;34;39;53;50;51;55;56;67;70;63;68;71;0;No;No;No
7578;5;2;12;15;13;27;28;20;21;22;41;36;0;33;37;50;53;49;60;54;61;63;62;65;64;0;No;No;No
7579;9;6;11;1;12;22;19;27;16;26;39;34;0;36;37;57;48;59;50;56;73;71;62;61;64;0;No;No;No
7580;1;5;10;8;11;27;22;18;25;19;39;31;0;43;32;46;54;47;56;48;71;73;65;67;62;0;No;No;No
7581;14;10;6;5;13;27;30;22;26;29;40;42;0;41;31;49;59;56;50;48;68;72;75;63;71;0;No;No;No
7582;11;9;10;8;13;28;24;25;30;26;32;35;0;44;41;47;51;55;53;50;75;67;64;70;71;0;No;No;No
7583;12;2;3;9;14;18;22;29;27;25;35;37;0;42;33;55;60;56;50;48;72;73;74;75;61;0;No;No;No
7584;8;1;12;13;2;23;18;29;30;22;36;33;0;39;42;58;54;50;46;51;72;71;68;75;69;0;No;No;No
7585;7;2;4;11;13;16;29;24;19;18;44;31;0;45;33;50;60;58;54;56;70;75;71;62;73;0;No;No;No
7586;8;9;12;4;3;27;26;29;28;21;40;31;0;43;44;47;52;53;55;58;74;62;68;71;63;0;No;No;No
7587;9;1;2;3;4;28;21;20;19;22;35;43;0;31;44;51;46;56;50;47;65;63;67;71;74;0;No;No;No
7588;13;9;8;15;7;21;17;26;28;20;37;38;0;44;33;49;51;55;56;59;69;71;63;73;70;0;No;No;No
7589;1;6;13;4;8;17;24;21;18;16;33;37;0;42;38;57;56;54;48;53;72;62;69;67;61;0;No;No;No
7590;5;2;11;4;8;19;27;26;16;25;39;38;0;43;35;58;56;59;55;57;65;71;67;73;70;0;No;No;No
7591;11;3;8;13;4;19;16;22;20;24;42;44;0;34;43;50;52;56;54;49;61;66;64;62;71;0;No;No;No
7592;14;4;8;7;5;19;25;26;18;21;34;31;0;37;45;54;56;47;46;59;73;68;74;61;67;0;No;No;No
7593;12;9;4;3;7;26;23;30;25;17;40;36;0;34;45;48;57;51;53;59;70;62;71;74;66;0;No;No;No
7594;4;2;12;10;14;18;30;26;17;16;40;38;0;33;34;47;51;56;53;55;63;73;66;65;67;0;No;No;No
7595;2;10;1;3;11;28;22;16;17;20;32;38;0;41;44;48;53;52;57;47;62;69;67;72;65;0;No;No;No
7596;8;7;9;2;10;26;29;28;18;17;39;42;0;40;35;55;58;50;46;51;66;62;67;63;69;0;No;No;No
7597;10;7;8;1;9;24;30;23;19;17;37;45;0;43;35;54;47;52;51;58;69;64;65;68;75;0;No;No;No
7598;6;10;4;5;14;23;27;20;22;21;31;32;0;44;36;50;46;47;53;60;64;62;61;74;73;0;No;No;No
7599;15;14;3;7;13;22;17;26;28;20;44;43;0;35;40;55;56;52;59;60;64;69;62;68;71;0;No;No;No
7600;9;3;14;8;13;19;26;17;30;29;39;31;0;35;36;57;51;54;47;53;74;68;71;62;66;0;No;No;No
7601;9;5;3;13;1;25;29;19;22;16;35;44;0;34;31;55;48;58;60;57;69;73;64;61;65;0;No;No;No
7602;11;4;13;3;1;20;24;30;23;29;33;35;0;38;42;60;58;59;57;54;69;62;63;75;68;0;No;No;No
7603;10;1;15;13;6;24;26;19;30;20;35;40;0;41;31;46;52;59;54;48;63;75;61;73;70;0;No;No;No
7604;9;8;4;1;11;23;27;19;24;22;37;42;0;44;38;46;59;50;47;48;63;65;64;66;74;0;No;No;No
7605;6;5;14;2;4;16;25;23;17;26;41;36;0;37;33;46;55;56;48;53;63;64;68;72;66;0;No;No;No
7606;6;15;8;11;4;16;18;28;19;22;33;42;0;36;44;57;46;47;51;50;73;68;65;72;63;0;No;No;No
7607;5;1;8;3;13;29;24;28;21;17;39;35;0;44;31;47;59;53;56;54;72;67;75;68;70;0;No;No;No
7608;15;1;10;2;13;18;30;24;20;16;42;45;0;32;31;49;46;54;48;50;61;71;68;67;66;0;No;No;No
7609;10;1;3;7;11;29;26;21;28;22;32;43;0;39;35;55;48;58;57;60;66;73;67;64;63;0;No;No;No
7610;3;8;6;12;4;21;28;29;24;27;31;45;0;32;35;57;49;59;47;58;69;74;66;62;65;0;No;No;No
7611;9;6;5;4;1;21;26;25;24;22;35;36;0;41;44;48;56;54;49;55;67;62;72;66;71;0;No;No;No
7612;12;13;10;4;1;19;28;24;23;20;38;35;0;37;41;59;60;51;53;49;69;64;68;72;61;0;No;No;No
7613;9;4;13;1;14;16;30;23;27;28;42;31;0;41;33;56;53;59;51;57;68;62;74;69;63;0;No;No;No
7614;12;7;9;3;5;16;29;21;30;28;39;35;0;32;36;51;59;48;58;55;73;71;72;69;67;0;No;No;No
7615;1;9;5;4;8;18;26;24;29;22;38;41;0;43;42;52;57;46;48;54;75;66;63;69;62;0;No;No;No
7616;10;7;13;8;12;17;28;20;19;21;32;40;0;42;44;51;58;57;56;48;72;67;63;68;66;0;No;No;No
7617;12;11;1;7;4;21;18;20;27;17;34;42;0;33;38;55;46;56;47;52;67;71;72;68;63;0;No;No;No
7618;4;15;10;12;13;27;17;25;28;18;36;34;0;39;44;58;57;49;56;53;73;67;72;64;62;0;No;No;No
7619;13;5;14;7;4;26;29;16;21;27;39;37;0;33;35;54;47;48;52;49;71;73;74;64;63;0;No;No;No
7620;15;11;12;7;1;16;25;27;21;19;41;34;0;42;39;52;53;59;55;49;62;69;73;68;65;0;No;No;No
7621;7;8;12;9;2;23;18;16;30;25;39;45;0;35;33;59;60;50;57;46;65;74;64;62;63;0;No;No;No
7622;14;10;5;2;8;18;27;25;29;17;37;33;0;45;34;51;50;59;53;55;70;62;71;68;73;0;No;No;No
7623;6;3;7;5;12;29;28;19;17;26;41;42;0;44;39;57;49;47;60;53;69;74;66;61;65;0;No;No;No
7624;1;12;2;6;14;22;18;17;20;25;35;39;0;36;37;52;48;58;54;53;67;68;75;61;71;0;No;No;No
7625;10;14;15;13;9;29;18;21;27;28;33;41;0;32;42;47;57;55;56;50;67;65;72;69;63;0;No;No;No
7626;11;3;5;6;4;27;17;21;23;16;38;40;0;33;41;49;53;59;57;50;72;71;62;65;66;0;No;No;No
7627;7;8;2;4;6;18;27;23;26;22;43;37;0;31;36;56;58;59;54;60;63;62;72;71;69;0;No;No;No
7628;5;10;11;14;6;22;23;28;30;21;44;34;0;37;33;59;54;49;57;46;69;65;68;63;72;0;No;No;No
7629;2;5;4;1;8;25;22;16;29;26;36;42;0;35;34;48;49;52;57;47;66;73;63;68;67;0;No;No;No
7630;6;1;14;3;10;20;26;25;18;22;45;36;0;42;34;59;57;50;51;58;75;71;65;64;68;0;No;No;No
7631;2;3;12;11;14;19;22;25;27;20;33;43;0;32;37;47;57;53;50;58;63;62;74;61;71;0;No;No;No
7632;4;2;1;7;12;23;30;17;16;21;42;33;0;43;38;51;46;47;49;59;71;64;70;61;75;0;No;No;No
7633;13;10;2;12;11;18;28;20;16;26;39;33;0;40;44;58;57;47;53;56;63;61;73;66;72;0;No;No;No
7634;7;1;15;14;3;18;26;17;20;25;35;44;0;39;41;59;58;57;47;51;65;66;75;61;64;0;No;No;No
7635;6;14;13;12;10;22;27;19;20;26;41;37;0;36;32;56;60;49;50;48;64;74;69;73;67;0;No;No;No
7636;7;8;12;3;11;22;27;17;25;26;41;33;0;39;43;54;52;60;56;49;64;67;63;62;65;0;No;No;No
7637;9;7;3;1;14;16;22;18;23;20;31;37;0;44;43;48;55;54;50;53;67;69;71;70;73;0;No;No;No
7638;4;5;9;7;6;18;29;26;25;24;39;41;0;40;31;57;49;59;48;50;61;63;74;68;71;0;No;No;No
7639;5;9;13;3;11;28;16;30;20;26;35;37;0;39;40;59;50;54;60;55;61;73;70;74;64;0;No;No;No
7640;8;12;14;2;4;24;21;28;25;30;42;40;0;38;31;49;51;60;47;48;68;64;74;66;69;0;No;No;No
7641;2;4;5;9;8;28;21;27;20;26;37;43;0;33;44;50;49;53;56;52;68;71;61;63;67;0;No;No;No
7642;9;5;10;11;3;25;24;29;19;16;38;34;0;41;32;51;50;52;55;46;74;68;73;65;69;0;No;No;No
7643;12;15;4;7;2;17;18;23;24;30;36;32;0;34;41;56;47;58;52;48;69;66;72;65;68;0;No;No;No
7644;14;6;3;1;13;21;17;24;28;25;33;41;0;37;38;60;48;53;50;51;71;74;75;64;61;0;No;No;No
7645;9;6;8;14;11;28;27;20;18;16;41;39;0;40;37;57;48;49;51;58;75;67;70;74;62;0;No;No;No
7646;10;4;7;13;14;16;23;25;18;30;33;34;0;38;44;59;52;56;51;53;69;74;73;62;71;0;No;No;No
7647;14;12;11;3;1;22;27;26;28;29;31;40;0;45;35;57;48;56;52;55;72;68;71;63;66;0;No;No;No
7648;9;7;6;13;3;28;30;27;24;29;44;43;0;37;31;54;60;49;57;46;61;68;62;64;70;0;No;No;No
7649;6;3;7;12;2;25;18;22;19;23;32;40;0;39;38;46;54;47;59;56;62;73;72;64;66;0;No;No;No
7650;7;13;8;5;2;22;23;17;16;30;34;42;0;31;33;56;53;48;55;47;61;69;73;72;70;0;No;No;No
7651;9;12;6;10;7;24;17;26;25;16;37;43;0;34;39;52;46;51;50;48;61;71;72;62;73;0;No;No;No
7652;3;8;7;13;2;29;28;16;21;24;40;33;0;34;44;47;51;55;46;53;74;70;61;66;64;0;No;No;No
7653;8;13;14;1;12;26;17;19;22;16;42;36;0;32;44;59;54;48;55;53;64;68;65;61;70;0;No;No;No
7654;9;4;8;5;3;17;24;27;30;26;31;44;0;36;39;47;57;52;59;60;63;71;69;62;61;0;No;No;No
7655;12;11;6;9;3;24;19;22;25;28;36;31;0;39;32;47;54;53;56;49;62;72;66;61;71;0;No;No;No
7656;10;11;1;9;13;23;19;29;24;25;41;33;0;45;36;48;60;47;55;57;66;71;64;69;70;0;No;No;No
7657;6;1;3;5;11;16;18;25;20;24;36;32;0;40;41;59;58;49;48;47;62;72;63;68;65;0;No;No;No
7658;13;10;2;4;1;29;21;20;19;26;37;31;0;45;40;58;54;50;52;51;71;62;61;63;72;0;No;No;No
7659;12;4;6;3;10;16;19;18;23;29;37;42;0;44;40;48;55;54;46;58;64;75;62;69;63;0;No;No;No
7660;6;4;10;5;12;25;27;19;17;16;33;38;0;41;39;48;52;59;50;56;64;67;72;74;69;0;No;No;No
7661;14;9;1;10;3;22;28;16;25;21;32;43;0;44;42;57;54;48;50;59;61;63;67;70;65;0;No;No;No
7662;5;3;7;6;14;22;27;16;18;26;37;38;0;42;43;60;53;59;51;55;61;62;68;64;71;0;No;No;No
7663;14;12;1;13;3;20;21;17;18;29;41;31;0;39;43;49;55;46;52;59;63;62;73;75;72;0;No;No;No
7664;6;5;7;11;13;22;16;23;26;24;41;35;0;39;37;49;56;51;54;47;64;70;63;68;71;0;No;No;No
7665;9;4;8;14;10;22;29;16;21;17;32;40;0;45;39;59;48;55;46;47;68;69;73;70;65;0;No;No;No
7666;5;14;2;12;7;25;20;24;19;29;31;34;0;36;33;50;48;57;52;59;69;62;70;68;65;0;No;No;No
7667;7;1;12;6;8;19;17;20;16;22;39;42;0;38;44;56;47;52;48;53;70;66;75;73;67;0;No;No;No
7668;9;14;13;2;5;28;26;20;17;25;39;34;0;38;41;58;59;52;54;47;73;74;62;64;69;0;No;No;No
7669;12;2;8;1;13;20;26;18;22;29;42;32;0;38;40;59;58;60;53;46;73;74;72;69;66;0;No;No;No
7670;13;10;12;4;3;18;19;16;29;28;34;36;0;32;33;60;54;49;55;51;74;75;64;68;65;0;No;No;No
7671;5;1;3;12;8;18;19;27;20;21;42;40;0;38;32;54;52;55;50;53;73;64;74;63;71;0;No;No;No
7672;10;13;11;2;5;26;28;17;25;29;43;44;0;37;39;55;47;58;50;59;61;62;73;68;74;0;No;No;No
7673;9;6;1;13;2;22;23;16;21;25;43;37;0;41;32;50;52;46;47;58;64;61;68;73;63;0;No;No;No
7674;8;13;7;4;12;27;18;28;19;17;37;33;0;39;31;51;46;60;52;56;73;70;63;74;62;0;No;No;No
7675;8;4;11;13;12;23;17;25;24;19;31;32;0;40;39;50;52;54;51;58;63;64;68;69;70;0;No;No;No
7676;10;7;9;12;14;22;25;29;21;17;44;35;0;33;37;49;55;52;48;51;61;74;72;62;73;0;No;No;No
7677;8;13;9;3;6;16;27;18;19;30;44;31;0;32;33;57;48;51;52;47;67;69;66;65;68;0;No;No;No
7678;6;11;15;8;5;21;23;28;25;26;43;36;0;41;35;52;54;46;51;48;71;69;64;66;70;0;No;No;No
7679;2;4;6;12;8;18;26;16;17;27;33;34;0;39;36;51;52;58;57;56;71;70;72;65;64;0;No;No;No
7680;9;10;12;14;8;20;17;29;19;21;38;44;0;34;37;54;53;52;49;55;66;65;64;73;70;0;No;No;No
7681;6;8;13;15;12;24;21;22;27;29;41;31;0;36;42;57;54;53;50;56;73;72;64;63;66;0;No;No;No
7682;3;8;7;10;4;17;23;25;19;24;34;38;0;41;40;57;56;52;54;47;63;75;68;69;65;0;No;No;No
7683;12;11;7;3;2;28;24;16;17;19;32;39;0;33;42;53;54;51;48;50;68;70;67;69;61;0;No;No;No
7684;14;6;11;7;10;17;24;21;26;16;31;40;0;33;34;55;47;56;50;49;64;69;63;70;72;0;No;No;No
7685;12;14;10;5;6;25;22;21;30;26;43;31;0;36;35;58;52;57;50;47;73;61;63;74;71;0;No;No;No
7686;3;10;9;1;11;25;23;22;29;21;35;31;0;34;32;53;51;46;47;50;71;69;63;75;72;0;No;No;No
7687;13;8;11;7;12;26;24;19;28;16;43;35;0;33;31;49;57;59;58;54;74;61;64;73;72;0;No;No;No
7688;5;11;2;3;6;21;17;16;24;26;38;37;0;40;36;51;55;54;56;52;70;65;72;75;66;0;No;No;No
7689;6;10;4;7;1;23;21;24;16;26;40;43;0;32;36;48;57;47;51;58;73;63;70;62;72;0;No;No;No
7690;14;1;11;13;5;27;28;16;22;18;41;36;0;38;39;56;52;48;46;59;61;62;73;71;75;0;No;No;No
7691;14;9;5;3;10;16;19;29;22;30;33;43;0;44;34;51;49;48;57;50;68;66;65;69;63;0;No;No;No
7692;1;12;13;4;10;24;23;17;29;30;44;40;0;35;41;54;50;52;56;46;71;63;66;73;74;0;No;No;No
7693;12;13;9;2;7;29;17;20;19;27;31;36;0;43;37;50;48;59;51;54;67;62;68;71;65;0;No;No;No
7694;10;1;8;15;13;25;20;19;24;28;33;41;0;37;35;55;48;59;50;57;72;63;65;73;68;0;No;No;No
7695;14;11;9;2;4;24;26;25;28;17;42;43;0;32;44;57;50;58;49;60;66;67;64;65;73;0;No;No;No
7696;2;10;4;15;12;29;22;28;27;18;43;45;0;35;37;49;56;50;52;47;62;65;69;61;66;0;No;No;No
7697;13;1;11;4;6;20;26;21;28;25;36;34;0;44;45;59;57;46;55;53;65;61;71;62;75;0;No;No;No
7698;10;7;14;11;1;21;22;19;18;16;36;42;0;31;44;52;49;51;55;48;63;73;71;67;62;0;No;No;No
7699;9;8;14;12;6;24;19;18;29;28;39;36;0;41;43;51;53;48;56;60;73;71;74;66;75;0;No;No;No
7700;8;14;5;10;15;16;19;30;20;29;34;39;0;40;38;58;53;56;54;47;69;72;61;73;74;0;No;No;No
7701;14;13;9;10;15;17;24;25;20;26;41;36;0;37;35;49;59;46;53;52;66;68;75;65;61;0;No;No;No
7702;3;14;9;12;7;23;27;29;22;21;41;32;0;34;43;54;60;56;49;58;63;67;61;72;64;0;No;No;No
7703;14;13;6;11;5;28;21;19;26;30;31;39;0;33;43;46;58;57;49;48;63;69;61;62;70;0;No;No;No
7704;14;12;10;9;8;16;30;23;19;27;39;43;0;38;40;50;53;54;59;47;67;64;73;66;63;0;No;No;No
7705;13;7;5;2;8;24;29;19;28;16;39;41;0;35;43;58;49;54;59;60;62;65;72;67;66;0;No;No;No
7706;9;15;3;5;14;18;27;29;16;22;42;36;0;38;33;59;54;50;48;49;69;66;70;72;67;0;No;No;No
7707;9;10;3;8;4;22;23;30;18;17;39;37;0;44;38;50;58;48;54;47;62;65;70;63;64;0;No;No;No
7708;9;4;11;12;8;25;18;17;19;26;38;39;0;44;42;50;58;59;55;47;61;63;67;71;69;0;No;No;No
7709;11;9;12;14;5;25;23;20;19;24;44;36;0;45;40;47;49;46;56;59;66;72;69;74;63;0;No;No;No
7710;9;12;11;10;6;20;26;22;25;16;36;38;0;32;35;50;60;58;46;55;62;70;61;72;73;0;No;No;No
7711;2;4;10;9;8;16;28;25;18;24;40;34;0;43;33;48;55;46;51;54;71;73;72;70;61;0;No;No;No
7712;9;8;13;4;14;30;21;22;17;27;45;33;0;31;41;57;53;48;54;58;64;65;70;68;73;0;No;No;No
7713;10;12;4;8;5;29;19;20;27;22;37;43;0;31;39;56;58;50;46;48;68;70;64;66;61;0;No;No;No
7714;7;14;2;12;13;30;27;24;18;29;45;40;0;36;44;51;49;60;48;53;69;63;72;61;66;0;No;No;No
7715;3;7;12;4;9;25;22;27;20;24;43;45;0;37;41;51;58;47;50;52;62;64;71;74;66;0;No;No;No
7716;11;6;13;1;5;22;26;20;24;28;43;34;0;31;40;57;60;59;58;49;66;64;61;63;65;0;No;No;No
7717;3;11;5;6;4;22;20;27;25;29;37;42;0;45;32;49;57;50;53;56;66;69;61;67;72;0;No;No;No
7718;4;10;12;15;8;16;20;29;25;22;43;39;0;35;36;56;51;58;53;47;74;69;71;61;72;0;No;No;No
7719;8;1;12;13;15;26;30;22;17;21;37;40;0;35;39;57;54;48;49;58;69;63;73;72;65;0;No;No;No
7720;6;5;4;7;15;17;20;24;28;29;44;43;0;41;31;54;46;49;57;48;69;74;65;61;75;0;No;No;No
7721;5;9;1;2;6;28;19;24;23;16;44;33;0;37;31;50;47;53;60;58;71;66;62;69;67;0;No;No;No
7722;9;2;13;14;10;24;27;19;17;21;32;43;0;36;44;46;49;60;48;56;68;66;73;72;67;0;No;No;No
7723;2;3;9;4;5;19;18;26;25;20;33;31;0;39;45;48;56;47;49;53;68;61;65;62;70;0;No;No;No
7724;13;6;9;7;2;26;21;27;23;17;36;39;0;42;41;46;48;56;53;58;74;63;70;62;64;0;No;No;No
7725;14;1;15;3;6;22;25;23;29;17;43;44;0;42;37;50;49;46;52;56;68;66;74;70;67;0;No;No;No
7726;10;11;3;1;9;21;17;29;20;19;36;34;0;38;32;59;52;54;48;46;69;67;66;64;62;0;No;No;No
7727;13;14;2;7;8;19;23;22;30;24;40;32;0;41;42;53;49;48;56;59;70;63;62;68;67;0;No;No;No
7728;4;14;2;12;11;16;18;28;17;22;39;37;0;43;45;56;51;48;52;55;69;75;63;72;66;0;No;No;No
7729;4;9;3;15;12;16;23;20;30;27;39;38;0;34;41;59;58;48;56;53;66;65;72;70;74;0;No;No;No
7730;10;9;1;4;3;26;23;28;18;25;41;42;0;37;32;55;50;46;51;56;62;72;70;69;73;0;No;No;No
7731;4;5;1;7;3;27;29;20;18;16;33;31;0;41;35;54;47;60;53;50;68;64;65;71;63;0;No;No;No
7732;13;8;11;10;14;22;19;17;28;24;40;36;0;39;41;59;46;54;53;57;62;64;65;66;73;0;No;No;No
7733;7;15;14;13;11;24;23;17;30;26;34;42;0;44;32;47;59;57;55;54;61;62;67;74;69;0;No;No;No
7734;13;14;11;7;3;16;21;27;23;25;34;40;0;42;35;48;59;54;53;58;70;61;72;67;75;0;No;No;No
7735;1;8;5;2;10;29;25;28;22;26;42;39;0;44;35;49;54;46;50;56;67;62;63;65;74;0;No;No;No
7736;5;12;15;2;6;29;30;25;22;26;42;32;0;41;40;53;58;49;54;51;70;62;64;73;71;0;No;No;No
7737;10;11;2;3;13;26;24;16;22;23;36;37;0;44;38;53;58;55;49;54;67;74;65;64;72;0;No;No;No
7738;1;3;2;11;9;18;29;22;25;24;39;34;0;41;32;49;53;57;54;60;66;75;64;67;74;0;No;No;No
7739;4;10;2;9;14;26;24;21;22;16;37;34;0;40;42;59;57;52;54;47;64;61;71;63;68;0;No;No;No
7740;1;2;8;13;10;29;17;28;25;16;45;43;0;35;31;49;59;46;53;50;73;62;70;67;72;0;No;No;No
7741;1;13;14;10;5;24;27;28;22;26;43;40;0;41;44;58;51;50;56;53;65;73;66;71;64;0;No;No;No
7742;8;2;9;13;6;16;30;25;24;18;35;42;0;33;38;56;54;57;58;46;62;65;70;68;75;0;No;No;No
7743;7;4;11;9;3;24;18;23;30;28;34;31;0;43;45;59;55;48;49;56;69;61;68;75;73;0;No;No;No
7744;1;6;8;11;5;29;26;23;21;27;39;42;0;43;33;53;52;49;57;48;73;67;75;72;68;0;No;No;No
7745;7;8;4;14;10;17;18;23;16;26;37;35;0;41;32;54;52;57;48;47;67;64;71;65;72;0;No;No;No
7746;7;6;3;10;1;22;25;20;16;30;35;41;0;33;39;47;50;51;60;48;73;69;74;75;62;0;No;No;No
7747;11;3;12;2;14;24;21;22;16;29;44;34;0;39;33;56;51;55;48;57;64;65;74;68;61;0;No;No;No
7748;1;12;8;4;14;30;28;18;16;21;34;42;0;43;37;58;50;46;54;52;63;67;74;71;69;0;No;No;No
7749;11;3;15;9;5;29;23;17;21;20;42;43;0;40;38;49;53;54;57;51;69;64;66;62;61;0;No;No;No
7750;4;11;8;1;10;25;19;20;18;30;36;33;0;35;40;48;60;55;56;50;73;62;74;61;75;0;No;No;No
7751;12;13;8;14;15;23;30;16;20;29;43;42;0;32;35;49;57;56;47;48;66;62;74;65;68;0;No;No;No
7752;12;7;10;9;14;29;21;20;24;22;41;44;0;38;39;46;57;47;56;59;67;72;68;62;69;0;No;No;No
7753;9;7;14;13;8;23;30;18;19;21;42;45;0;43;31;54;53;58;49;51;70;63;74;71;61;0;No;No;No
7754;1;8;4;13;7;20;16;27;24;18;35;38;0;40;45;46;52;60;57;56;75;63;64;68;74;0;No;No;No
7755;7;5;1;8;3;25;19;29;18;23;35;38;0;36;34;58;55;54;52;60;65;62;66;75;74;0;No;No;No
7756;3;12;1;11;5;22;20;19;30;21;38;32;0;33;37;57;56;49;55;54;64;67;75;63;71;0;No;No;No
7757;5;6;8;9;1;19;24;22;25;20;40;32;0;41;36;52;46;56;49;47;61;65;74;62;63;0;No;No;No
7758;15;6;12;4;10;18;29;16;27;22;39;31;0;35;34;58;47;52;46;48;67;74;72;70;65;0;No;No;No
7759;13;10;2;9;3;28;26;24;22;25;42;37;0;35;33;51;56;50;58;54;69;66;67;73;71;0;No;No;No
7760;14;2;13;3;1;23;29;19;26;22;32;44;0;41;33;57;55;54;59;52;65;68;70;67;73;0;No;No;No
7761;8;7;2;14;6;18;22;21;24;28;35;37;0;36;32;55;53;52;59;49;65;64;73;69;63;0;No;No;No
7762;7;14;4;11;2;25;24;30;29;21;44;43;0;36;32;52;51;50;46;57;63;62;66;72;68;0;No;No;No
7763;8;15;10;11;9;22;28;25;19;16;34;40;0;38;37;55;49;51;46;58;74;68;63;71;65;0;No;No;No
7764;14;12;4;10;7;29;19;21;18;25;38;45;0;31;37;48;50;59;52;58;63;71;67;69;75;0;No;No;No
7765;2;7;9;4;5;17;22;29;20;23;40;44;0;39;41;55;46;59;52;47;63;67;61;66;71;0;No;No;No
7766;13;10;9;2;12;30;29;28;27;25;44;37;0;40;35;55;46;56;48;50;72;70;67;66;63;0;No;No;No
7767;14;4;1;9;6;18;25;28;26;21;35;36;0;31;33;59;50;56;58;48;61;65;73;74;72;0;No;No;No
7768;1;10;15;13;9;21;18;19;20;24;32;38;0;36;41;59;56;52;47;58;73;70;66;67;68;0;No;No;No
7769;4;7;11;9;14;28;29;17;24;23;38;31;0;40;34;52;48;54;59;60;67;75;65;61;64;0;No;No;No
7770;2;13;11;14;1;19;18;26;17;22;37;39;0;31;41;58;52;56;59;55;61;68;69;65;66;0;No;No;No
7771;1;7;14;13;2;20;21;30;27;23;39;43;0;31;36;53;47;54;49;50;69;71;66;72;61;0;No;No;No
7772;13;7;9;6;1;24;21;29;26;20;34;35;0;40;37;49;46;57;50;52;70;65;66;62;67;0;No;No;No
7773;15;13;9;8;4;26;19;17;22;21;32;31;0;43;37;49;56;60;54;47;70;62;61;66;74;0;No;No;No
7774;9;12;11;4;14;21;29;19;26;24;43;39;0;31;45;51;48;46;53;58;70;74;67;68;75;0;No;No;No
7775;8;5;1;2;12;18;19;16;28;27;42;39;0;32;33;56;51;49;50;55;72;67;73;69;74;0;No;No;No
7776;12;4;3;9;5;18;20;17;16;26;36;40;0;38;32;51;59;54;55;48;68;72;67;73;70;0;No;No;No
7777;5;6;2;14;13;22;19;26;28;20;31;35;0;43;34;56;53;59;48;52;61;71;64;65;69;0;No;No;No
7778;8;11;4;5;2;29;30;19;22;20;41;36;0;40;33;59;54;47;49;48;65;61;66;62;63;0;No;No;No
7779;3;1;7;5;10;24;26;16;25;29;42;33;0;36;37;50;52;59;47;48;65;75;70;64;71;0;No;No;No
7780;8;7;11;14;1;20;29;23;22;16;37;40;0;43;36;56;52;51;47;50;67;74;75;62;61;0;No;No;No
7781;14;4;2;10;9;16;22;23;18;25;45;43;0;41;39;48;47;51;52;46;75;73;66;69;67;0;No;No;No
7782;1;2;11;15;12;20;24;19;17;27;41;36;0;32;34;51;52;49;48;58;75;70;65;72;66;0;No;No;No
7783;14;13;7;3;9;22;25;29;21;19;36;32;0;44;40;60;58;56;53;52;65;62;73;72;61;0;No;No;No
7784;9;8;7;12;10;23;19;17;26;24;31;40;0;34;33;48;54;56;51;49;63;74;69;72;70;0;No;No;No
7785;10;9;7;2;1;19;23;22;28;21;35;40;0;33;34;48;59;55;54;52;64;69;73;61;62;0;No;No;No
7786;13;9;10;3;5;23;16;29;19;26;40;32;0;43;34;50;46;55;56;51;66;72;64;68;70;0;No;No;No
7787;14;2;1;5;6;23;29;17;18;27;33;39;0;32;42;59;56;49;47;55;74;62;63;66;73;0;No;No;No
7788;11;12;7;1;8;25;22;27;30;24;36;38;0;42;32;48;58;56;57;51;70;61;62;74;71;0;No;No;No
7789;3;8;12;4;6;21;25;28;17;23;35;41;0;34;43;50;59;55;56;51;64;63;65;68;70;0;No;No;No
7790;8;9;5;14;15;22;24;26;19;21;35;37;0;33;38;59;46;51;58;47;70;64;67;74;66;0;No;No;No
7791;4;14;3;9;7;19;17;28;16;25;34;36;0;38;37;60;58;52;48;59;69;72;70;74;65;0;No;No;No
7792;11;10;3;7;14;17;21;28;22;29;31;35;0;37;33;48;58;57;49;59;65;61;63;67;64;0;No;No;No
7793;8;4;9;1;6;28;23;29;24;18;41;31;0;42;34;58;51;56;50;54;64;71;62;75;68;0;No;No;No
7794;15;13;7;1;10;23;22;21;27;28;41;33;0;40;36;53;54;60;55;59;66;64;72;62;71;0;No;No;No
7795;6;3;7;15;11;16;18;26;27;23;33;32;0;45;34;59;53;49;47;46;71;65;67;72;64;0;No;No;No
7796;7;12;1;4;8;16;27;25;22;21;37;43;0;31;38;54;51;52;49;46;67;62;72;74;63;0;No;No;No
7797;10;1;11;9;8;23;30;28;18;17;33;35;0;37;40;48;50;59;53;51;67;69;61;68;64;0;No;No;No
7798;1;6;7;8;15;25;26;27;17;16;35;40;0;34;44;54;59;50;56;57;68;70;67;65;75;0;No;No;No
7799;15;4;5;13;2;21;18;29;24;16;36;38;0;31;40;50;59;46;60;58;66;62;68;74;64;0;No;No;No
7800;14;9;3;13;5;21;23;20;27;24;38;34;0;39;36;49;48;50;55;59;68;65;69;75;67;0;No;No;No
7801;14;5;7;15;10;26;18;27;20;21;33;36;0;40;41;56;58;47;59;46;67;68;69;70;73;0;No;No;No
7802;1;8;12;14;13;27;29;23;28;26;41;44;0;37;39;59;49;57;54;46;64;71;62;70;74;0;No;No;No
7803;14;13;2;3;12;19;17;24;29;18;38;31;0;36;33;54;55;48;58;53;61;66;67;72;73;0;No;No;No
7804;7;13;8;14;11;22;18;26;23;27;35;36;0;41;33;54;56;53;50;59;63;74;66;62;65;0;No;No;No
7805;13;4;11;5;6;17;24;26;30;22;32;41;0;31;35;52;59;54;60;55;64;61;65;63;69;0;No;No;No
7806;13;1;2;4;12;25;22;20;19;24;43;33;0;41;42;48;50;49;46;54;72;74;70;69;73;0;No;No;No
7807;4;3;9;14;12;21;27;26;23;17;38;31;0;42;39;57;49;50;55;53;67;63;73;71;68;0;No;No;No
7808;15;5;4;11;14;24;30;17;25;27;33;42;0;31;40;56;48;60;55;57;74;72;65;68;70;0;No;No;No
7809;8;6;2;1;12;29;27;25;18;20;32;44;0;39;34;53;56;52;54;50;74;61;66;71;70;0;No;No;No
7810;4;2;11;1;9;21;28;27;20;17;39;44;0;31;42;48;57;53;59;51;72;73;71;65;64;0;No;No;No
7811;4;1;3;10;12;23;22;26;29;17;36;45;0;42;38;49;58;55;48;59;66;69;63;68;71;0;No;No;No
7812;1;14;3;8;11;30;22;29;23;25;38;33;0;41;37;60;57;51;49;52;65;61;64;71;72;0;No;No;No
7813;6;11;14;3;7;23;28;16;26;18;42;39;0;32;41;51;49;55;60;56;74;65;73;62;66;0;No;No;No
7814;13;5;3;6;2;17;18;16;22;29;39;41;0;43;42;50;57;53;48;47;67;62;72;73;61;0;No;No;No
7815;5;13;10;14;4;20;18;21;30;19;38;45;0;44;40;54;57;53;58;51;61;74;66;69;71;0;No;No;No
7816;2;11;6;7;12;23;29;27;30;28;36;45;0;33;41;53;60;59;52;50;69;66;62;73;64;0;No;No;No
7817;1;8;7;14;2;25;26;18;28;19;41;32;0;34;31;49;59;54;53;52;75;68;65;70;71;0;No;No;No
7818;3;12;11;14;2;21;18;26;25;29;34;32;0;42;39;59;53;55;52;56;74;72;71;63;69;0;No;No;No
7819;14;6;13;9;5;17;30;22;26;18;44;36;0;42;39;60;48;56;49;52;73;61;65;62;67;0;No;No;No
7820;9;1;8;6;2;30;20;21;24;19;31;42;0;37;44;47;48;53;57;55;61;69;74;63;64;0;No;No;No
7821;9;10;11;6;3;24;28;21;17;16;42;36;0;39;40;55;56;49;52;47;67;71;64;72;69;0;No;No;No
7822;9;3;15;13;11;26;16;25;28;24;37;31;0;41;36;53;52;59;49;50;71;68;67;72;63;0;No;No;No
7823;2;3;9;11;5;24;26;20;27;28;31;36;0;33;45;57;49;52;50;59;69;68;73;61;67;0;No;No;No
7824;12;1;4;7;2;27;16;22;26;29;43;42;0;40;32;47;54;50;46;57;74;68;61;70;65;0;No;No;No
7825;13;10;4;14;1;24;21;26;25;29;32;38;0;37;36;59;50;52;57;55;62;70;73;66;67;0;No;No;No
7826;12;8;7;9;11;30;22;26;29;25;40;32;0;43;33;46;52;59;56;48;64;69;71;61;66;0;No;No;No
7827;5;13;7;2;10;23;27;17;22;25;38;33;0;34;42;50;58;53;59;57;74;61;70;66;71;0;No;No;No
7828;12;2;14;6;1;17;18;29;16;22;34;43;0;41;37;60;49;56;54;50;72;66;64;65;68;0;No;No;No
7829;8;13;6;10;15;28;22;25;27;26;34;32;0;45;31;55;51;53;48;52;69;61;62;67;68;0;No;No;No
7830;3;11;10;12;8;29;23;16;27;19;36;32;0;41;37;47;46;59;54;57;71;66;75;62;69;0;No;No;No
7831;10;6;4;3;5;16;18;28;25;20;37;41;0;39;38;53;59;48;56;49;65;62;71;61;70;0;No;No;No
7832;9;12;13;7;2;29;25;30;18;21;42;39;0;41;33;52;53;58;50;60;69;72;68;62;75;0;No;No;No
7833;7;8;1;13;11;22;18;28;17;19;31;44;0;35;36;58;57;49;50;60;69;70;75;61;63;0;No;No;No
7834;6;5;2;3;11;21;30;27;20;16;33;31;0;45;32;58;59;47;50;46;67;72;61;65;64;0;No;No;No
7835;3;4;6;5;9;22;29;27;28;26;39;31;0;35;34;59;50;57;60;56;71;72;61;65;63;0;No;No;No
7836;10;13;5;4;14;29;20;28;21;17;41;39;0;38;33;53;55;50;56;49;68;61;62;72;64;0;No;No;No
7837;5;6;13;11;12;26;30;17;18;24;41;31;0;35;36;49;50;53;54;55;65;73;69;72;70;0;No;No;No
7838;7;9;12;10;6;21;25;28;24;16;43;38;0;32;35;49;56;55;58;50;64;71;75;72;73;0;No;No;No
7839;3;2;7;4;8;24;16;30;27;22;36;43;0;41;45;55;47;49;53;56;75;74;71;61;69;0;No;No;No
7840;8;4;1;11;5;29;22;17;19;16;39;38;0;32;43;59;48;52;50;60;74;64;73;71;63;0;No;No;No
7841;6;14;3;7;8;20;26;17;19;27;32;41;0;44;42;46;47;54;53;49;74;65;63;62;73;0;No;No;No
7842;3;4;10;11;2;16;27;20;29;18;43;44;0;31;45;50;56;49;57;52;61;65;64;67;62;0;No;No;No
7843;8;9;7;4;1;29;23;17;24;26;36;43;0;37;31;54;58;52;56;57;73;62;66;63;68;0;No;No;No
7844;1;3;14;9;10;17;18;22;29;19;36;44;0;42;40;47;54;57;51;52;69;72;62;71;66;0;No;No;No
7845;4;12;1;5;9;17;26;27;18;24;42;37;0;31;40;54;53;55;60;49;64;63;65;67;62;0;No;No;No
7846;12;10;7;5;3;20;27;29;19;23;43;45;0;41;36;58;50;55;47;52;64;66;63;68;70;0;No;No;No
7847;2;8;11;10;6;21;25;28;22;23;32;40;0;43;42;48;49;47;57;52;74;65;71;62;66;0;No;No;No
7848;12;10;4;1;7;24;21;19;20;27;37;38;0;43;42;53;59;46;47;48;70;61;69;62;63;0;No;No;No
7849;13;12;8;3;9;29;24;19;25;21;35;31;0;32;39;53;56;49;46;48;69;75;68;62;67;0;No;No;No
7850;1;4;6;7;5;29;17;24;26;18;36;39;0;34;37;53;51;57;46;54;64;68;62;67;66;0;No;No;No
7851;2;3;6;5;9;26;27;28;16;29;41;40;0;35;43;59;58;50;47;51;69;67;68;71;63;0;No;No;No
7852;3;4;5;8;6;25;24;27;17;30;36;31;0;33;32;46;58;56;57;59;64;74;73;72;65;0;No;No;No
7853;9;2;4;8;6;29;24;16;23;27;44;31;0;33;32;55;56;53;58;51;67;68;74;63;73;0;No;No;No
7854;15;9;13;10;5;21;29;26;27;18;41;44;0;33;38;54;52;49;48;55;74;64;62;70;63;0;No;No;No
7855;12;9;7;1;8;16;28;27;26;18;33;42;0;41;43;52;47;60;53;58;70;65;75;61;74;0;No;No;No
7856;4;8;10;2;7;22;21;20;24;27;44;36;0;31;34;56;48;52;53;57;74;69;75;73;71;0;No;No;No
7857;11;10;13;3;14;18;23;21;19;28;33;34;0;37;42;48;50;59;51;47;70;64;73;65;67;0;No;No;No
7858;3;2;9;13;11;20;18;27;19;28;43;37;0;44;33;51;52;47;46;55;63;74;75;67;70;0;No;No;No
7859;4;8;5;6;2;24;17;19;20;30;37;38;0;34;36;60;56;53;54;48;66;69;65;64;74;0;No;No;No
7860;12;14;5;1;3;21;25;22;28;23;34;43;0;33;35;46;55;51;57;59;65;69;64;68;66;0;No;No;No
7861;7;13;10;2;14;26;23;18;24;28;41;34;0;32;35;57;56;53;55;48;62;73;74;75;72;0;No;No;No
7862;3;1;12;7;9;20;19;23;24;27;44;31;0;41;32;58;50;52;53;46;62;72;74;65;63;0;No;No;No
7863;14;4;8;13;12;19;17;29;23;16;43;37;0;32;39;56;52;58;48;54;72;68;73;69;70;0;No;No;No
7864;9;14;8;13;2;24;22;17;20;18;44;36;0;35;37;54;60;57;52;48;71;64;73;66;74;0;No;No;No
7865;12;7;11;3;14;24;23;27;20;19;43;37;0;36;35;59;50;51;54;58;71;66;73;64;72;0;No;No;No
7866;15;3;5;8;13;26;17;22;20;28;31;38;0;40;43;48;56;59;50;57;62;73;72;75;74;0;No;No;No
7867;2;4;7;9;8;29;24;28;21;26;44;37;0;39;41;48;55;57;60;47;61;73;66;65;74;0;No;No;No
7868;14;13;3;6;15;26;16;30;20;27;40;34;0;43;33;48;46;57;47;59;75;72;68;63;69;0;No;No;No
7869;4;8;12;15;6;23;18;25;16;20;40;38;0;43;35;58;52;57;54;48;71;70;67;63;69;0;No;No;No
7870;4;1;8;2;9;27;28;23;29;20;35;38;0;32;40;46;47;49;48;52;66;70;73;63;65;0;No;No;No
7871;2;7;8;13;12;17;24;21;23;22;42;39;0;31;34;59;47;56;53;52;74;70;72;63;71;0;No;No;No
7872;2;9;13;1;10;21;28;30;27;24;41;39;0;36;40;49;54;60;55;57;67;65;72;74;62;0;No;No;No
7873;12;14;2;3;11;18;22;20;27;17;31;45;0;41;39;46;52;55;59;49;68;64;69;72;67;0;No;No;No
7874;15;1;9;6;10;24;16;29;28;23;38;37;0;36;40;59;47;56;49;57;70;65;74;72;75;0;No;No;No
7875;9;12;14;1;3;21;17;24;27;28;41;43;0;33;37;52;53;56;59;48;69;70;71;75;65;0;No;No;No
7876;8;3;2;6;5;16;24;17;20;29;42;34;0;35;37;47;54;48;56;51;62;68;65;69;73;0;No;No;No
7877;13;6;9;1;5;27;18;23;28;25;31;36;0;42;34;55;53;52;54;58;66;69;72;70;68;0;No;No;No
7878;14;5;9;8;1;20;18;23;21;22;42;43;0;44;32;52;54;53;47;58;73;61;65;62;68;0;No;No;No
7879;5;13;3;6;11;24;20;18;21;29;35;42;0;44;31;57;47;60;58;53;69;74;64;63;67;0;No;No;No
7880;7;14;8;1;2;25;28;23;22;27;36;34;0;33;41;55;52;48;50;56;68;65;69;72;73;0;No;No;No
7881;12;9;7;10;5;17;19;24;29;27;33;37;0;31;43;48;51;47;46;52;63;71;65;61;68;0;No;No;No
7882;1;5;3;13;10;26;25;17;29;19;40;43;0;39;36;57;48;46;58;55;65;64;66;63;69;0;No;No;No
7883;10;5;3;9;6;28;26;19;30;18;40;42;0;34;41;57;51;55;54;49;69;63;72;64;67;0;No;No;No
7884;12;1;5;15;7;20;28;29;23;18;43;33;0;31;35;50;49;55;53;48;74;64;72;67;68;0;No;No;No
7885;1;14;6;7;13;18;25;17;21;16;40;38;0;44;41;48;56;60;55;58;65;67;61;70;71;0;No;No;No
7886;14;7;9;8;12;17;29;16;27;23;43;35;0;38;40;46;53;50;52;47;68;70;62;61;71;0;No;No;No
7887;5;1;6;12;7;19;16;17;21;26;45;38;0;36;32;59;46;49;48;53;69;73;72;70;67;0;No;No;No
7888;4;1;11;13;10;18;30;28;16;19;42;35;0;39;36;54;55;53;49;48;67;72;62;71;63;0;No;No;No
7889;9;14;1;5;2;29;27;22;28;18;42;38;0;43;33;56;48;55;47;53;72;67;62;73;63;0;No;No;No
7890;12;8;14;7;10;23;25;21;20;19;44;41;0;36;37;50;48;52;46;47;67;66;71;73;75;0;No;No;No
7891;13;14;15;5;8;30;24;21;17;18;33;43;0;39;41;60;50;51;54;57;71;74;66;64;69;0;No;No;No
7892;12;2;11;6;7;26;25;21;19;27;42;31;0;35;37;46;50;57;48;51;62;69;72;67;64;0;No;No;No
7893;6;8;9;7;3;16;21;18;26;25;31;43;0;36;33;56;55;52;46;49;75;68;72;65;74;0;No;No;No
7894;6;5;9;3;12;16;25;27;24;26;33;37;0;44;39;53;58;50;60;54;62;70;69;65;67;0;No;No;No
7895;6;13;4;1;11;28;23;22;16;25;39;40;0;34;41;60;55;57;48;54;71;66;72;61;64;0;No;No;No
7896;6;12;5;9;14;27;21;23;25;24;34;45;0;33;38;51;53;56;48;55;62;61;63;70;71;0;No;No;No
7897;14;6;10;12;13;26;17;25;21;16;32;43;0;38;42;46;48;59;47;50;68;70;63;71;73;0;No;No;No
7898;12;5;1;15;13;18;28;22;19;24;39;35;0;45;41;58;53;56;55;51;70;66;65;64;68;0;No;No;No
7899;2;1;11;15;13;20;27;29;21;26;32;42;0;31;35;50;55;54;59;49;65;73;71;68;61;0;No;No;No
7900;7;8;4;9;10;25;16;20;28;23;35;40;0;39;33;53;48;58;59;57;61;74;68;65;64;0;No;No;No
7901;4;9;13;8;12;19;26;29;20;25;38;36;0;34;40;51;53;55;47;49;64;71;61;62;66;0;No;No;No
7902;11;9;14;7;6;24;28;25;23;22;44;35;0;38;39;56;53;57;47;51;62;61;67;69;71;0;No;No;No
7903;14;13;9;8;12;29;18;26;22;30;45;31;0;41;34;56;52;46;50;51;71;70;73;66;75;0;No;No;No
7904;5;2;9;8;1;28;22;21;26;20;34;39;0;35;38;54;52;51;50;53;65;63;66;68;62;0;No;No;No
7905;3;1;4;8;9;27;26;19;16;30;31;35;0;45;38;50;47;60;55;51;64;72;62;63;66;0;No;No;No
7906;11;3;10;13;4;22;29;20;30;19;42;33;0;34;39;52;46;50;54;48;62;75;63;71;72;0;No;No;No
7907;8;3;6;15;2;22;24;25;19;28;36;44;0;42;33;55;49;59;60;46;68;67;73;74;72;0;No;No;No
7908;1;14;15;9;6;21;17;29;28;27;37;40;0;33;43;52;47;57;53;50;74;63;73;72;62;0;No;No;No
7909;11;8;12;6;1;25;21;22;26;17;32;34;0;41;37;47;48;56;54;55;73;74;63;70;69;0;No;No;No
7910;7;11;4;15;12;20;29;18;23;21;37;33;0;39;38;57;59;51;48;58;73;64;69;68;66;0;No;No;No
7911;7;13;4;14;11;19;17;27;21;20;32;35;0;42;41;46;56;53;51;52;72;71;67;75;65;0;No;No;No
7912;6;13;10;5;2;23;26;29;25;24;31;43;0;37;40;53;52;57;47;59;61;68;73;71;72;0;No;No;No
7913;4;6;13;3;15;24;23;29;19;21;36;34;0;35;44;55;52;54;59;56;71;65;61;74;73;0;No;No;No
7914;12;8;4;15;11;27;26;29;24;19;42;41;0;34;44;50;48;51;47;59;66;73;70;75;65;0;No;No;No
7915;10;14;1;2;9;17;16;24;23;21;38;45;0;33;35;58;56;52;51;60;61;71;63;72;67;0;No;No;No
7916;14;13;12;7;2;29;30;16;24;25;32;41;0;43;40;50;58;55;54;51;63;66;61;73;62;0;No;No;No
7917;9;5;7;1;14;16;28;23;17;22;39;37;0;43;38;58;49;46;55;59;61;66;63;69;72;0;No;No;No
7918;10;5;4;7;2;18;22;16;29;25;32;43;0;39;38;51;59;48;47;52;64;63;74;71;62;0;No;No;No
7919;4;6;15;14;8;30;29;21;19;23;43;38;0;36;33;56;55;60;57;59;63;61;64;69;65;0;No;No;No
7920;3;13;7;11;15;20;18;28;22;24;38;39;0;32;44;58;52;48;46;54;65;68;72;62;75;0;No;No;No
7921;2;5;10;6;14;21;26;28;17;27;32;39;0;33;44;49;59;60;54;56;67;74;65;62;71;0;No;No;No
7922;9;10;15;7;6;19;24;18;29;17;40;43;0;35;45;56;57;51;49;59;67;63;72;62;68;0;No;No;No
7923;3;11;6;7;13;28;21;19;29;22;40;41;0;31;33;49;46;47;57;54;69;72;73;64;65;0;No;No;No
7924;2;11;5;9;4;29;19;21;27;20;37;42;0;33;40;52;55;46;50;47;73;69;74;71;66;0;No;No;No
7925;3;14;9;7;13;27;21;20;16;25;34;38;0;36;43;52;55;49;46;47;72;65;70;68;69;0;No;No;No
7926;9;5;3;13;1;17;24;25;16;18;41;31;0;43;36;60;52;53;47;57;64;74;67;66;62;0;No;No;No
7927;2;3;6;10;7;20;25;23;22;27;40;44;0;31;41;47;59;58;50;46;61;66;68;63;72;0;No;No;No
7928;11;8;3;4;14;27;26;19;28;25;44;36;0;38;34;58;47;55;51;59;61;75;62;67;70;0;No;No;No
7929;4;13;3;7;14;19;29;28;21;24;36;39;0;40;41;47;55;58;50;51;71;65;67;74;70;0;No;No;No
7930;4;14;11;8;7;26;27;30;23;20;32;40;0;38;39;56;50;49;59;47;64;66;72;68;70;0;No;No;No
7931;15;6;3;7;14;26;22;23;30;19;37;42;0;31;38;46;51;50;48;59;65;66;74;68;73;0;No;No;No
7932;5;12;10;1;6;26;19;30;22;21;43;37;0;36;31;52;46;59;47;56;63;62;61;69;72;0;No;No;No
7933;8;6;10;2;7;16;23;17;26;21;31;34;0;35;42;48;57;60;49;54;69;67;71;62;66;0;No;No;No
7934;11;8;2;14;4;22;24;30;28;16;33;40;0;42;34;56;59;49;48;55;64;66;62;70;69;0;No;No;No
7935;1;6;15;8;7;24;16;21;30;25;38;41;0;44;33;52;55;59;60;51;64;67;63;66;71;0;No;No;No
7936;5;15;3;11;2;27;26;17;29;28;44;42;0;35;31;56;48;60;59;54;73;64;67;61;63;0;No;No;No
7937;12;9;7;1;2;28;24;26;29;23;39;43;0;35;41;58;54;57;47;48;68;70;71;65;62;0;No;No;No
7938;9;2;11;3;1;28;30;25;19;21;44;42;0;35;41;52;58;59;50;47;68;66;62;73;65;0;No;No;No
7939;1;5;11;10;6;20;25;19;17;26;34;33;0;44;35;60;58;49;57;50;75;65;68;71;72;0;No;No;No
7940;8;12;15;10;7;21;30;22;16;18;33;31;0;38;42;48;59;58;56;47;63;70;72;68;65;0;No;No;No
7941;6;5;9;7;8;28;16;21;26;19;34;39;0;37;32;59;53;54;48;60;74;65;70;64;73;0;No;No;No
7942;12;7;8;14;1;30;20;21;18;28;32;35;0;40;37;46;52;53;55;49;61;67;63;73;65;0;No;No;No
7943;7;15;3;11;5;26;19;23;17;28;33;45;0;40;39;47;57;46;52;56;63;70;64;71;72;0;No;No;No
7944;1;2;8;14;15;28;22;16;17;18;33;35;0;31;34;58;59;48;51;50;66;75;64;63;67;0;No;No;No
7945;11;7;4;12;5;20;19;26;23;24;33;42;0;35;45;59;54;46;56;52;61;73;66;65;63;0;No;No;No
7946;4;1;14;10;7;16;30;26;22;19;36;34;0;42;43;51;47;48;59;46;66;69;68;61;74;0;No;No;No
7947;12;5;1;10;7;18;30;26;20;17;35;41;0;39;42;50;49;53;55;51;70;64;74;71;69;0;No;No;No
7948;5;8;3;15;11;19;27;24;20;16;32;36;0;40;33;48;55;54;53;50;65;64;66;68;62;0;No;No;No
7949;7;4;14;3;6;29;22;20;18;19;42;44;0;38;31;56;59;48;58;54;75;67;66;64;69;0;No;No;No
7950;5;7;13;4;1;18;28;21;17;24;35;42;0;32;33;57;59;46;49;55;70;61;75;66;62;0;No;No;No
7951;6;11;14;7;8;24;19;17;21;22;35;38;0;45;41;52;51;58;48;57;61;62;66;74;65;0;No;No;No
7952;10;15;13;4;12;26;27;21;24;20;43;31;0;33;37;57;47;59;53;58;67;72;68;69;63;0;No;No;No
7953;15;6;5;14;13;28;23;17;22;26;31;32;0;43;45;51;52;53;59;56;67;74;69;68;70;0;No;No;No
7954;11;2;7;14;8;20;29;18;25;22;38;45;0;36;39;57;60;49;51;58;68;61;75;71;69;0;No;No;No
7955;9;13;11;6;7;20;26;19;17;21;44;33;0;37;32;49;58;52;60;51;74;66;70;72;62;0;No;No;No
7956;13;3;6;9;15;29;23;16;20;18;33;35;0;45;44;53;49;56;58;52;71;74;64;69;67;0;No;No;No
7957;11;6;1;2;3;20;27;28;24;26;43;38;0;44;32;52;53;60;54;48;74;73;64;75;63;0;No;No;No
7958;3;4;6;13;14;18;20;27;25;19;40;32;0;34;38;48;56;53;51;55;70;73;61;64;66;0;No;No;No
7959;3;7;14;2;13;16;18;23;24;26;36;31;0;37;34;46;49;48;52;54;69;62;66;64;68;0;No;No;No
7960;12;5;10;7;1;21;28;30;25;18;44;40;0;38;42;55;49;56;46;53;63;66;61;70;65;0;No;No;No
7961;9;7;15;12;10;16;23;22;29;26;36;45;0;40;34;46;59;56;54;53;74;62;67;63;72;0;No;No;No
7962;14;3;13;5;2;24;28;23;22;19;39;41;0;33;35;54;56;53;51;58;68;67;70;74;62;0;No;No;No
7963;9;13;10;8;3;24;17;29;28;19;42;32;0;34;44;52;47;53;59;51;61;75;73;71;69;0;No;No;No
7964;14;11;2;10;12;19;16;29;22;18;41;45;0;34;44;51;57;54;50;47;67;74;64;62;71;0;No;No;No
7965;8;5;2;10;4;19;30;23;17;18;34;35;0;42;33;47;51;53;48;50;69;65;66;64;62;0;No;No;No
7966;6;13;7;1;11;26;20;22;28;17;31;34;0;40;32;50;56;48;54;59;69;64;71;70;74;0;No;No;No
7967;9;7;11;3;5;18;17;21;24;28;40;35;0;32;39;53;56;48;54;60;65;74;69;67;63;0;No;No;No
7968;11;5;10;9;14;24;22;16;26;29;44;32;0;35;33;58;53;54;46;48;63;66;68;74;62;0;No;No;No
7969;7;4;11;12;1;22;26;29;25;24;33;40;0;36;35;58;48;53;57;56;73;68;64;74;61;0;No;No;No
7970;15;5;4;1;12;18;25;17;27;16;43;38;0;34;32;52;59;60;46;47;72;64;65;61;62;0;No;No;No
7971;8;3;9;14;4;22;24;27;25;18;42;39;0;40;41;46;54;55;52;60;68;70;62;72;69;0;No;No;No
7972;15;10;1;2;11;25;23;16;21;28;44;34;0;38;35;49;48;55;52;53;70;68;73;69;65;0;No;No;No
7973;13;7;3;1;8;20;23;16;22;29;44;40;0;43;42;54;57;59;56;47;66;61;67;72;63;0;No;No;No
7974;13;6;14;9;2;17;22;29;16;27;35;33;0;41;37;51;52;47;53;50;74;62;70;73;61;0;No;No;No
7975;2;5;9;6;15;17;18;19;21;16;32;40;0;44;35;57;46;51;55;54;69;71;61;64;74;0;No;No;No
7976;3;11;9;13;14;22;30;26;20;21;32;37;0;33;35;52;49;47;46;59;74;68;70;72;67;0;No;No;No
7977;2;14;13;7;5;22;20;23;24;25;33;38;0;35;37;55;50;46;52;60;71;62;69;70;73;0;No;No;No
7978;13;12;8;4;10;21;22;17;27;18;36;32;0;41;39;48;46;53;47;59;74;65;72;75;63;0;No;No;No
7979;2;10;5;6;13;21;19;25;18;29;40;37;0;36;39;52;47;51;59;54;74;62;71;66;69;0;No;No;No
7980;4;8;7;10;6;25;20;30;18;24;44;33;0;42;35;50;51;57;47;54;67;70;74;66;72;0;No;No;No
7981;12;2;14;1;11;29;28;30;16;20;36;44;0;32;31;52;48;55;47;58;67;75;73;74;61;0;No;No;No
7982;6;2;13;7;8;26;27;29;21;30;36;44;0;38;41;58;47;56;59;48;68;72;61;73;69;0;No;No;No
7983;7;15;2;12;1;26;27;22;19;20;36;39;0;43;44;55;56;49;53;51;67;63;62;61;71;0;No;No;No
7984;4;15;10;6;3;27;28;23;19;16;42;43;0;32;39;54;59;49;55;47;69;61;72;64;67;0;No;No;No
7985;8;12;7;10;9;19;16;30;25;29;42;32;0;34;37;56;55;50;54;58;64;73;69;71;74;0;No;No;No
7986;10;9;2;13;6;23;29;20;27;24;40;44;0;32;39;58;50;48;55;54;74;62;69;64;65;0;No;No;No
7987;14;11;8;1;9;17;26;21;20;23;35;41;0;40;42;58;56;50;47;51;66;72;70;67;74;0;No;No;No
7988;9;2;8;3;5;29;25;21;16;20;35;37;0;38;40;55;59;57;54;53;75;66;74;67;73;0;No;No;No
7989;3;11;14;15;12;22;29;18;24;27;36;43;0;44;31;55;50;59;58;53;61;74;66;69;63;0;No;No;No
7990;13;1;4;9;12;26;28;17;25;19;45;41;0;31;36;55;47;54;48;49;62;68;75;64;73;0;No;No;No
7991;4;11;14;12;7;25;20;30;23;17;43;31;0;40;34;53;51;54;56;55;63;61;74;62;66;0;No;No;No
7992;14;9;3;12;1;26;27;29;17;18;32;38;0;34;42;46;56;50;48;58;63;61;72;65;62;0;No;No;No
7993;6;3;14;15;4;25;18;29;24;22;31;34;0;42;36;48;46;51;55;59;68;61;67;69;71;0;No;No;No
7994;14;13;11;8;7;24;30;18;27;16;41;33;0;45;44;48;53;50;59;52;70;63;69;61;67;0;No;No;No
7995;3;15;12;2;1;21;28;19;25;22;38;43;0;45;34;57;55;47;58;60;72;67;71;63;66;0;No;No;No
7996;5;15;3;13;14;19;24;28;26;30;40;31;0;37;45;49;53;51;52;57;72;67;63;61;68;0;No;No;No
7997;1;13;5;4;6;19;16;17;24;22;41;33;0;32;38;54;52;53;51;48;72;68;69;70;64;0;No;No;No
7998;8;7;13;3;11;18;16;22;23;19;43;34;0;44;38;53;59;57;51;60;70;73;72;64;61;0;No;No;No
7999;3;8;13;2;1;27;20;17;23;29;31;36;0;44;38;55;46;48;50;58;68;73;70;69;67;0;No;No;No
8000;7;12;9;10;13;18;16;23;24;30;44;38;0;34;36;50;49;58;54;52;66;68;65;63;64;0;No;No;No
8001;9;10;14;13;2;23;16;25;18;22;39;45;0;34;35;49;59;51;58;50;62;74;64;73;72;0;No;No;No
8002;12;11;9;10;5;20;29;16;17;23;31;44;0;33;41;57;52;50;55;56;69;71;68;65;72;0;No;No;No
8003;9;5;6;3;4;28;18;22;24;20;39;34;0;40;33;54;50;49;56;53;61;72;62;68;69;0;No;No;No
8004;14;2;8;15;3;16;17;27;23;30;34;33;0;35;36;46;48;53;50;54;63;62;65;69;70;0;No;No;No
8005;4;6;1;8;12;22;28;21;19;25;39;33;0;37;36;47;55;60;57;50;70;66;74;69;68;0;No;No;No
8006;11;10;4;12;14;29;28;20;27;26;41;38;0;36;39;50;57;60;56;59;75;67;73;68;63;0;No;No;No
8007;10;3;11;9;13;23;30;28;20;19;42;38;0;41;35;58;60;59;52;57;74;63;70;62;68;0;No;No;No
8008;4;11;2;12;9;22;26;17;30;18;40;31;0;32;34;46;55;53;48;54;63;73;65;67;71;0;No;No;No
8009;10;7;12;11;5;29;24;25;20;26;40;37;0;43;31;58;46;59;52;50;72;73;63;61;69;0;No;No;No
8010;5;7;6;9;12;19;23;25;24;21;33;39;0;41;36;60;48;56;47;57;72;71;74;67;61;0;No;No;No
8011;2;5;6;4;12;30;25;29;19;17;44;34;0;40;45;48;55;51;57;46;69;71;63;66;61;0;No;No;No
8012;6;2;9;13;15;18;25;26;19;28;36;44;0;32;33;57;53;48;51;46;61;73;66;71;67;0;No;No;No
8013;9;10;7;11;14;17;27;29;25;28;37;39;0;43;41;48;59;51;58;49;73;61;66;69;62;0;No;No;No
8014;10;5;14;12;15;25;27;24;30;20;39;45;0;43;33;54;55;52;50;46;72;62;65;74;71;0;No;No;No
8015;4;3;15;10;9;24;20;22;18;25;31;41;0;45;38;55;56;51;49;48;68;66;73;75;72;0;No;No;No
8016;11;7;12;13;6;22;16;27;19;18;36;42;0;43;37;57;46;58;53;59;65;67;72;62;74;0;No;No;No
8017;7;8;12;13;10;24;29;27;30;23;34;33;0;36;40;49;48;51;53;59;65;61;73;69;64;0;No;No;No
8018;13;12;2;8;4;24;26;23;27;19;36;40;0;45;44;49;47;50;59;57;70;65;63;69;74;0;No;No;No
8019;9;11;5;2;14;16;27;24;20;18;33;36;0;42;43;56;58;54;55;49;66;61;62;69;67;0;No;No;No
8020;1;3;9;13;15;21;25;27;22;20;38;36;0;35;40;59;55;53;47;60;61;66;64;71;65;0;No;No;No
8021;4;10;9;7;6;21;19;17;23;29;42;44;0;35;34;48;54;52;56;58;61;69;63;71;74;0;No;No;No
8022;14;2;10;4;12;20;26;16;23;24;36;39;0;35;33;52;49;57;47;56;72;66;71;69;75;0;No;No;No
8023;14;2;12;7;5;17;30;25;29;28;40;44;0;35;33;49;58;51;54;57;62;63;73;74;61;0;No;No;No
8024;2;6;10;13;3;26;23;17;18;19;31;33;0;34;43;47;59;52;54;49;66;62;68;69;64;0;No;No;No
8025;4;12;9;10;11;17;23;19;16;21;41;31;0;36;43;52;49;57;60;53;71;70;64;62;67;0;No;No;No
8026;9;13;6;8;10;18;26;22;21;20;44;34;0;40;43;59;58;57;56;54;63;64;68;61;73;0;No;No;No
8027;7;1;14;5;4;27;26;22;16;18;32;45;0;36;39;59;58;49;51;54;63;66;71;65;61;0;No;No;No
8028;1;7;13;5;11;21;17;27;18;30;40;45;0;35;36;55;59;56;58;50;71;75;61;65;64;0;No;No;No
8029;6;14;11;5;8;20;23;27;28;24;43;35;0;34;39;59;60;47;54;51;65;61;71;72;69;0;No;No;No
8030;6;13;14;4;8;24;29;27;22;25;37;34;0;33;31;59;51;48;56;50;75;68;70;64;62;0;No;No;No
8031;6;9;11;5;13;25;19;28;22;26;39;40;0;42;38;47;58;49;55;51;75;73;63;70;74;0;No;No;No
8032;9;8;4;2;3;28;17;30;20;23;45;34;0;40;43;46;58;60;48;56;61;71;64;67;74;0;No;No;No
8033;10;14;7;1;13;16;27;20;17;26;43;34;0;41;33;57;60;51;46;54;72;64;71;66;62;0;No;No;No
8034;15;2;8;12;4;29;26;28;16;20;35;39;0;38;42;54;50;55;47;52;64;73;62;71;67;0;No;No;No
8035;13;4;1;6;9;16;19;24;22;23;36;31;0;32;34;53;51;50;55;60;73;62;66;68;63;0;No;No;No
8036;1;14;3;11;9;25;27;22;21;16;31;37;0;44;43;50;59;54;56;51;70;73;66;64;61;0;No;No;No
8037;14;9;12;3;11;18;25;23;27;26;35;36;0;37;44;46;47;54;51;56;65;66;69;70;67;0;No;No;No
8038;3;9;7;1;14;30;23;25;19;26;34;44;0;40;33;59;58;46;55;51;67;62;75;64;63;0;No;No;No
8039;6;9;7;1;2;25;21;20;27;23;39;42;0;31;43;52;60;54;47;55;68;73;72;62;64;0;No;No;No
8040;6;10;14;5;11;19;21;16;26;18;45;38;0;36;32;47;53;49;51;59;69;71;62;61;70;0;No;No;No
8041;7;8;1;2;9;16;29;24;22;28;41;32;0;44;31;60;56;58;59;50;70;69;65;71;61;0;No;No;No
8042;2;12;1;10;3;21;20;24;18;26;45;43;0;40;32;56;48;54;46;49;63;70;72;61;65;0;No;No;No
8043;9;8;2;14;3;24;28;21;20;18;43;31;0;39;42;54;49;56;46;57;73;67;66;68;65;0;No;No;No
8044;5;10;8;12;6;16;21;22;27;19;44;39;0;38;31;55;54;56;59;50;74;72;62;64;73;0;No;No;No
8045;6;2;15;8;9;29;27;28;20;18;34;39;0;33;36;47;50;52;46;49;72;70;74;67;66;0;No;No;No
8046;8;11;5;9;4;25;29;23;24;17;34;39;0;37;44;49;47;55;50;57;72;69;70;66;61;0;No;No;No
8047;14;5;1;4;15;19;27;20;29;26;34;41;0;33;31;56;47;54;52;51;62;74;65;67;63;0;No;No;No
8048;2;15;6;9;4;27;17;29;30;26;32;43;0;34;35;55;48;58;59;56;69;73;63;61;74;0;No;No;No
8049;6;7;3;5;13;21;24;18;17;22;31;35;0;45;36;49;53;57;52;55;67;75;62;61;64;0;No;No;No
8050;14;13;15;11;1;22;25;28;19;18;43;39;0;44;37;58;51;59;56;53;63;73;66;74;64;0;No;No;No
8051;2;12;13;6;9;19;28;17;26;20;39;37;0;40;44;49;48;53;51;50;67;71;72;64;75;0;No;No;No
8052;10;11;15;1;9;16;23;22;28;18;31;42;0;34;37;48;58;54;51;52;65;62;64;71;61;0;No;No;No
8053;8;14;5;11;1;28;18;22;24;25;31;43;0;42;32;58;51;47;54;55;70;74;73;65;64;0;No;No;No
8054;15;2;14;1;5;25;26;20;19;17;39;37;0;31;34;58;57;47;59;53;74;63;62;72;68;0;No;No;No
8055;13;2;1;12;7;27;16;20;24;22;37;38;0;40;34;59;52;60;49;53;68;62;71;75;72;0;No;No;No
8056;13;4;12;2;8;21;18;20;28;16;33;37;0;36;35;59;48;54;47;57;73;72;67;71;63;0;No;No;No
8057;2;6;15;4;7;27;26;20;17;28;44;40;0;43;34;47;48;49;50;58;72;71;65;75;70;0;No;No;No
8058;14;10;3;11;13;17;18;29;28;22;33;31;0;38;40;46;59;52;50;55;71;65;63;74;69;0;No;No;No
8059;6;12;2;3;4;29;18;17;28;27;40;42;0;37;43;58;47;49;52;56;74;63;68;67;64;0;No;No;No
8060;9;7;10;13;11;18;17;16;19;21;42;45;0;41;39;48;55;49;51;56;71;65;70;69;62;0;No;No;No
8061;5;11;12;10;3;29;25;26;22;16;32;41;0;34;35;48;53;54;58;60;70;71;72;66;75;0;No;No;No
8062;8;9;10;5;12;20;21;17;16;27;41;35;0;39;34;53;55;54;56;48;68;62;71;61;70;0;No;No;No
8063;10;9;6;7;1;28;17;16;29;26;42;32;0;43;33;53;48;52;57;60;70;61;67;62;65;0;No;No;No
8064;7;10;11;15;6;29;21;20;28;18;42;37;0;39;32;46;55;56;52;49;71;75;64;67;74;0;No;No;No
8065;11;8;15;9;5;16;27;26;22;19;38;44;0;33;39;51;50;53;48;49;70;72;66;64;61;0;No;No;No
8066;6;4;15;12;1;23;17;21;25;29;33;42;0;40;38;49;53;47;51;54;75;65;61;64;66;0;No;No;No
8067;11;4;6;13;14;26;25;27;29;18;38;41;0;35;33;51;50;52;58;47;66;74;69;64;63;0;No;No;No
8068;7;3;13;4;9;17;24;26;20;27;31;40;0;34;45;56;58;49;59;55;67;74;73;68;71;0;No;No;No
8069;9;14;13;10;4;18;23;22;29;16;35;32;0;36;42;56;50;46;48;51;68;69;66;70;73;0;No;No;No
8070;3;11;7;4;10;16;17;24;27;28;39;40;0;43;37;56;49;46;55;57;73;62;69;63;66;0;No;No;No
8071;5;1;11;9;3;30;24;23;16;19;39;43;0;38;33;55;53;46;50;58;63;67;66;68;72;0;No;No;No
8072;13;4;14;5;6;27;25;26;19;20;37;39;0;40;36;54;60;55;46;51;68;63;62;72;71;0;No;No;No
8073;14;9;12;6;13;25;22;16;23;17;45;36;0;42;32;48;58;47;56;57;65;67;68;69;73;0;No;No;No
8074;13;2;4;14;6;21;30;29;23;18;37;44;0;34;32;56;52;50;49;51;63;68;61;64;70;0;No;No;No
8075;1;6;5;8;4;23;24;30;20;16;37;35;0;41;42;57;49;56;55;58;72;74;69;61;63;0;No;No;No
8076;2;1;9;8;7;24;20;28;25;17;45;44;0;32;38;57;54;59;46;55;65;73;67;62;69;0;No;No;No
8077;15;11;8;5;4;27;16;28;23;20;44;37;0;32;35;47;59;46;51;56;68;67;73;72;70;0;No;No;No
8078;5;13;3;2;12;25;28;18;23;19;39;37;0;33;38;59;58;55;57;49;74;65;71;68;67;0;No;No;No
8079;10;3;12;8;11;25;20;27;16;23;34;41;0;44;40;59;46;54;49;57;65;62;64;67;71;0;No;No;No
8080;3;8;1;10;7;25;24;26;20;28;40;32;0;31;35;54;48;50;59;46;73;68;63;66;74;0;No;No;No
8081;7;4;8;9;14;27;29;17;24;28;37;41;0;35;39;51;50;55;56;46;74;68;63;73;65;0;No;No;No
8082;9;2;15;7;14;19;27;21;25;26;32;39;0;42;31;52;47;58;48;57;63;72;65;74;64;0;No;No;No
8083;12;10;8;4;9;18;24;29;19;30;39;43;0;42;38;51;49;58;57;48;62;75;69;71;63;0;No;No;No
8084;11;9;12;13;4;16;20;29;27;18;37;40;0;38;41;46;59;53;50;60;63;66;68;74;67;0;No;No;No
8085;8;2;6;7;4;22;16;19;20;17;42;44;0;32;40;55;47;57;46;51;66;61;67;74;64;0;No;No;No
8086;12;15;2;8;11;29;23;25;18;26;40;33;0;31;42;56;58;60;48;55;66;72;63;68;69;0;No;No;No
8087;13;1;6;3;4;20;16;29;28;25;34;43;0;39;40;47;59;55;54;53;72;62;73;61;63;0;No;No;No
8088;4;8;2;10;3;22;19;30;26;20;32;33;0;38;37;54;60;52;57;48;71;62;65;70;74;0;No;No;No
8089;9;5;15;11;6;18;21;29;19;28;40;43;0;34;39;50;52;51;57;59;62;74;68;63;69;0;No;No;No
8090;4;1;5;12;8;23;17;16;26;18;35;38;0;39;43;51;46;50;57;53;73;66;62;63;61;0;No;No;No
8091;3;11;9;10;13;29;28;27;20;19;35;42;0;40;38;53;58;55;47;48;61;71;64;65;66;0;No;No;No
8092;9;10;7;3;1;22;29;24;23;18;32;35;0;37;31;59;49;54;57;56;67;75;68;72;71;0;No;No;No
8093;7;5;3;13;11;28;27;19;21;30;36;44;0;41;43;56;49;55;54;47;73;71;66;63;74;0;No;No;No
8094;9;8;2;1;6;22;21;26;28;27;41;35;0;36;38;49;47;57;56;55;74;68;65;72;62;0;No;No;No
8095;1;14;12;4;9;30;18;19;27;23;37;42;0;39;38;55;56;51;57;52;63;72;61;69;62;0;No;No;No
8096;11;2;13;14;1;28;29;27;16;30;35;44;0;34;39;55;47;54;46;52;74;61;71;65;69;0;No;No;No
8097;8;11;13;1;5;27;23;24;25;17;37;39;0;32;34;49;47;58;51;56;71;67;70;62;66;0;No;No;No
8098;4;15;12;5;1;29;23;21;18;30;41;31;0;34;35;52;56;46;54;58;66;62;65;69;68;0;No;No;No
8099;9;4;2;11;6;21;17;27;19;26;42;34;0;33;35;58;48;47;51;57;68;69;70;61;62;0;No;No;No
8100;10;12;15;6;3;26;22;16;27;29;33;31;0;38;40;51;52;48;47;53;71;64;75;72;66;0;No;No;No
8101;1;7;14;13;11;26;27;20;21;29;34;35;0;36;33;50;59;54;55;49;72;73;70;66;71;0;No;No;No
8102;5;3;9;13;8;28;25;27;26;18;36;33;0;41;34;50;60;59;47;57;67;66;63;68;69;0;No;No;No
8103;3;15;12;1;7;26;29;22;19;28;36;39;0;38;31;49;53;56;57;46;65;62;73;64;74;0;No;No;No
8104;7;5;1;9;10;23;20;29;25;24;45;36;0;38;44;57;47;55;50;59;69;74;73;70;61;0;No;No;No
8105;6;13;14;5;9;30;21;16;29;22;35;45;0;42;34;59;53;50;52;60;61;65;73;69;62;0;No;No;No
8106;1;12;3;11;14;26;30;21;16;19;34;40;0;37;36;51;52;56;57;55;64;69;65;71;61;0;No;No;No
8107;14;10;9;4;12;28;18;17;29;26;31;34;0;44;33;46;54;51;59;48;70;65;63;64;74;0;No;No;No
8108;2;10;4;12;14;16;24;26;20;17;43;41;0;35;39;59;50;53;55;56;69;63;65;61;73;0;No;No;No
8109;8;14;10;5;6;20;22;19;27;16;41;36;0;42;44;55;47;56;59;58;75;65;61;68;72;0;No;No;No
8110;1;2;8;3;4;22;27;17;28;21;41;43;0;33;40;46;57;49;48;54;70;63;69;65;68;0;No;No;No
8111;13;4;11;7;5;20;28;22;24;21;34;36;0;33;45;51;46;59;58;49;62;67;64;73;61;0;No;No;No
8112;1;15;10;14;6;19;22;24;21;16;38;40;0;34;41;47;52;48;54;50;67;66;65;68;70;0;No;No;No
8113;1;2;6;9;8;30;27;28;20;29;36;38;0;33;44;53;54;58;46;60;69;65;67;62;66;0;No;No;No
8114;15;2;6;14;13;19;17;25;28;18;32;37;0;34;35;47;56;50;49;58;64;65;62;67;69;0;No;No;No
8115;3;4;5;6;8;17;18;16;20;27;35;36;0;34;39;50;55;46;56;59;72;64;62;67;68;0;No;No;No
8116;12;9;10;15;8;22;16;18;30;26;40;37;0;31;39;53;52;48;46;55;63;68;61;62;67;0;No;No;No
8117;10;2;12;14;4;25;28;16;21;20;34;44;0;35;41;52;51;58;56;55;71;62;64;75;61;0;No;No;No
8118;3;10;1;13;12;23;16;17;29;24;31;40;0;43;41;60;55;47;52;58;64;72;62;66;67;0;No;No;No
8119;10;15;7;4;5;19;25;20;22;27;32;44;0;34;41;47;52;54;51;56;74;67;61;65;64;0;No;No;No
8120;3;8;13;14;10;23;20;29;25;24;39;41;0;33;31;58;48;46;60;57;61;70;66;67;75;0;No;No;No
8121;13;4;6;1;14;16;23;25;21;30;45;37;0;32;41;53;58;56;55;59;68;75;64;65;73;0;No;No;No
8122;8;6;3;12;2;23;16;25;29;19;41;36;0;37;34;56;59;58;54;46;62;64;65;74;61;0;No;No;No
8123;5;11;14;4;2;27;20;23;19;17;31;38;0;45;44;46;47;48;59;49;71;65;73;68;67;0;No;No;No
8124;3;9;10;1;7;19;22;21;16;18;40;33;0;38;31;53;57;55;48;50;71;67;63;74;69;0;No;No;No
8125;6;13;5;1;3;20;16;19;21;17;34;42;0;33;45;60;52;47;57;53;62;72;70;65;74;0;No;No;No
8126;6;8;7;2;4;23;28;25;27;30;39;37;0;45;34;49;46;56;55;59;70;69;61;67;65;0;No;No;No
8127;10;6;5;7;9;24;18;16;19;25;44;33;0;36;42;52;48;54;59;56;75;66;72;73;65;0;No;No;No
8128;6;14;13;3;7;24;30;28;16;23;41;37;0;31;42;48;51;59;55;53;64;73;61;70;69;0;No;No;No
8129;14;13;9;1;2;19;30;29;27;21;36;44;0;35;43;52;46;56;58;55;64;67;61;69;68;0;No;No;No
8130;9;5;4;8;2;28;22;25;18;24;34;38;0;36;39;60;49;56;51;46;62;66;69;61;72;0;No;No;No
8131;11;8;7;5;4;20;18;21;17;30;31;44;0;35;39;54;48;55;50;51;67;62;73;71;63;0;No;No;No
8132;7;6;2;8;10;19;17;24;22;30;33;44;0;38;37;59;47;53;52;55;68;61;62;69;63;0;No;No;No
8133;11;9;13;14;2;27;25;20;23;16;44;40;0;31;43;55;56;59;53;50;66;74;71;70;72;0;No;No;No
8134;4;2;8;13;7;25;18;22;21;28;38;37;0;33;39;50;54;51;57;53;70;66;69;74;68;0;No;No;No
8135;8;14;7;13;3;17;28;29;18;19;42;45;0;41;43;46;50;55;56;51;75;70;69;67;73;0;No;No;No
8136;9;7;1;8;10;21;29;19;30;27;37;31;0;34;39;48;51;57;58;59;72;75;63;74;71;0;No;No;No
8137;4;6;1;7;13;21;25;16;26;24;31;33;0;34;36;53;50;57;56;51;73;68;69;71;61;0;No;No;No
8138;10;1;4;13;7;28;22;30;21;19;33;41;0;40;31;47;57;52;46;49;68;65;71;66;69;0;No;No;No
8139;7;8;5;14;6;17;27;25;26;18;33;44;0;37;38;48;46;54;58;51;68;73;64;66;63;0;No;No;No
8140;12;10;2;1;6;25;23;29;18;20;33;40;0;38;37;47;53;50;55;49;61;64;70;66;69;0;No;No;No
8141;11;6;8;7;5;19;20;22;16;24;32;37;0;41;36;54;55;46;57;50;71;62;67;65;64;0;No;No;No
8142;10;9;12;1;2;19;18;27;25;21;40;44;0;42;37;54;56;58;55;49;64;68;72;70;62;0;No;No;No
8143;15;3;6;4;2;24;22;19;28;29;34;32;0;43;41;56;58;57;51;47;63;70;72;68;73;0;No;No;No
8144;7;9;12;13;2;16;28;25;17;18;31;41;0;38;43;48;56;47;49;51;66;68;72;65;74;0;No;No;No
8145;7;12;9;8;10;26;25;30;21;23;34;32;0;37;35;49;51;53;47;46;71;72;70;68;74;0;No;No;No
8146;7;12;6;10;2;23;20;22;16;26;37;35;0;41;42;52;46;47;48;58;71;61;73;64;72;0;No;No;No
8147;4;3;9;13;10;16;28;23;18;22;37;41;0;33;44;59;57;46;51;56;69;73;63;68;62;0;No;No;No
8148;7;4;6;15;11;23;24;16;30;20;33;34;0;36;40;47;49;46;53;48;65;72;62;61;70;0;No;No;No
8149;2;11;8;9;1;20;23;21;29;22;33;42;0;36;34;46;53;57;47;55;61;66;67;72;68;0;No;No;No
8150;2;10;13;12;3;28;19;18;23;21;37;39;0;42;36;47;56;51;49;52;73;69;62;65;72;0;No;No;No
8151;12;2;6;13;4;22;29;25;26;19;42;34;0;37;41;52;47;51;59;46;62;61;74;68;73;0;No;No;No
8152;13;3;12;10;7;18;25;28;21;20;40;41;0;38;44;46;49;57;58;52;69;73;68;61;65;0;No;No;No
8153;9;3;10;14;2;30;25;26;23;28;33;43;0;39;37;54;56;60;50;55;67;63;68;66;73;0;No;No;No
8154;13;6;12;9;8;27;26;16;25;17;44;36;0;41;42;49;46;50;56;53;68;67;66;71;64;0;No;No;No
8155;1;2;10;11;4;22;17;26;21;29;41;36;0;43;35;51;47;60;46;56;64;61;74;67;71;0;No;No;No
8156;9;2;14;6;8;25;28;20;16;26;45;31;0;41;38;55;53;47;46;58;68;61;74;71;70;0;No;No;No
8157;14;2;12;3;11;21;26;23;29;17;41;40;0;44;39;53;58;50;54;59;66;72;64;75;68;0;No;No;No
8158;7;9;3;6;5;22;17;30;26;24;41;36;0;40;31;46;53;59;54;52;67;61;73;63;75;0;No;No;No
8159;6;1;15;9;11;16;25;29;27;18;34;35;0;42;31;54;48;51;50;52;72;65;63;74;71;0;No;No;No
8160;10;9;13;4;1;30;28;19;23;24;39;41;0;36;31;51;49;50;46;55;68;75;64;69;66;0;No;No;No
8161;11;9;4;5;15;20;30;26;17;29;44;39;0;34;42;59;46;54;50;51;70;74;63;62;69;0;No;No;No
8162;9;5;4;3;14;23;16;20;21;19;33;44;0;34;39;48;56;54;49;52;73;69;68;70;71;0;No;No;No
8163;8;9;1;12;2;23;17;20;29;21;39;32;0;35;41;56;55;54;48;50;64;62;67;72;70;0;No;No;No
8164;12;3;1;8;5;25;21;28;17;20;43;44;0;35;38;55;51;47;52;46;73;63;61;70;72;0;No;No;No
8165;13;2;11;10;6;24;21;19;22;26;33;41;0;42;39;56;46;49;55;47;73;62;70;61;67;0;No;No;No
8166;6;8;11;4;2;19;20;22;30;29;37;33;0;38;40;53;56;59;51;47;69;71;64;70;74;0;No;No;No
8167;2;5;7;13;4;26;22;24;21;23;31;40;0;38;42;56;51;52;58;53;73;65;72;75;70;0;No;No;No
8168;4;9;10;5;3;20;29;19;24;30;44;33;0;38;42;47;53;56;50;51;66;74;69;73;71;0;No;No;No
8169;5;14;6;15;8;16;18;27;29;17;43;40;0;35;39;55;46;49;57;60;63;71;74;69;67;0;No;No;No
8170;6;11;5;14;12;18;27;23;17;29;33;44;0;39;40;48;47;57;56;50;62;65;71;67;75;0;No;No;No
8171;11;10;15;6;5;26;18;29;19;23;32;41;0;37;38;46;55;47;57;56;71;73;65;67;61;0;No;No;No
8172;7;13;10;14;12;18;16;29;30;19;38;37;0;45;34;50;58;52;56;53;71;63;67;68;74;0;No;No;No
8173;2;6;4;8;10;19;25;29;26;30;34;41;0;43;42;47;50;49;56;48;68;64;63;66;65;0;No;No;No
8174;9;11;15;8;1;23;18;20;17;26;41;35;0;40;33;46;56;57;59;52;63;75;66;62;61;0;No;No;No
8175;2;7;3;14;12;20;22;21;23;26;35;42;0;37;34;50;56;58;49;55;67;69;62;64;65;0;No;No;No
8176;14;11;6;1;9;25;20;26;30;18;32;36;0;38;45;51;58;59;48;56;72;73;70;68;62;0;No;No;No
8177;15;9;14;13;4;18;21;30;16;29;40;34;0;43;37;59;49;54;56;48;68;64;70;74;71;0;No;No;No
8178;11;13;6;3;12;29;20;16;19;24;31;44;0;41;34;59;49;47;51;46;73;70;67;63;61;0;No;No;No
8179;4;6;10;7;11;17;20;18;27;25;40;34;0;33;41;55;46;53;52;49;63;69;67;61;74;0;No;No;No
8180;10;9;4;12;1;16;24;17;18;23;35;39;0;40;44;56;53;58;48;46;71;66;62;73;72;0;No;No;No
8181;9;8;10;11;6;22;19;26;16;20;41;35;0;45;43;49;53;47;51;48;63;66;73;74;70;0;No;No;No
8182;9;5;12;7;6;29;28;22;21;20;40;41;0;43;35;47;51;53;54;56;67;74;61;64;63;0;No;No;No
8183;10;2;4;13;12;16;30;20;21;18;32;44;0;36;34;54;47;51;56;52;67;62;70;71;73;0;No;No;No
8184;12;10;8;15;3;19;28;16;25;21;43;42;0;34;37;56;57;49;58;55;67;61;69;62;75;0;No;No;No
8185;12;10;13;1;4;27;26;18;17;25;39;41;0;40;31;57;53;55;46;51;67;65;66;70;69;0;No;No;No
8186;4;2;5;13;15;21;17;18;27;29;41;32;0;37;34;50;48;58;60;55;66;72;64;61;65;0;No;No;No
8187;12;2;7;11;9;20;18;24;29;30;37;41;0;32;35;56;49;59;57;53;62;74;70;73;63;0;No;No;No
8188;4;5;1;6;9;26;22;28;25;17;34;33;0;32;40;53;59;55;50;58;65;75;67;70;71;0;No;No;No
8189;4;5;2;15;13;28;20;25;30;27;36;35;0;33;38;50;58;52;51;47;63;62;69;68;71;0;No;No;No
8190;8;3;1;2;14;18;16;29;26;28;32;39;0;45;41;52;54;46;48;49;69;72;64;74;67;0;No;No;No
8191;4;7;8;2;12;19;29;23;20;24;39;43;0;44;42;56;50;48;55;57;70;68;64;72;71;0;No;No;No
8192;2;12;6;1;7;23;17;26;19;16;35;34;0;43;42;58;60;47;59;53;62;61;71;63;66;0;No;No;No
8193;8;9;7;12;10;20;23;16;19;17;39;44;0;33;41;58;55;52;47;60;74;72;61;65;70;0;No;No;No
8194;2;12;5;11;7;16;17;27;19;22;34;43;0;41;37;49;47;56;52;55;61;66;75;62;69;0;No;No;No
8195;8;7;6;5;3;29;21;26;25;22;34;43;0;31;35;58;56;54;49;59;68;62;66;67;65;0;No;No;No
8196;3;4;7;9;11;16;18;20;27;17;39;44;0;31;33;59;48;46;56;54;62;61;63;72;74;0;No;No;No
8197;12;5;2;13;10;29;21;27;17;24;44;37;0;41;40;47;58;52;51;46;65;74;71;66;69;0;No;No;No
8198;11;12;14;8;13;17;18;24;27;20;36;38;0;37;31;57;51;50;59;49;63;67;64;66;62;0;No;No;No
8199;14;2;8;7;11;16;30;21;26;24;43;37;0;42;39;59;57;56;50;53;64;63;66;75;70;0;No;No;No
8200;6;4;7;12;2;27;18;20;19;23;33;44;0;43;34;49;46;50;56;52;75;67;65;64;68;0;No;No;No
8201;11;5;9;2;4;17;30;19;28;16;35;41;0;36;32;53;48;46;59;51;63;74;61;62;70;0;No;No;No
8202;1;12;8;2;3;20;21;28;29;18;39;38;0;40;41;51;52;60;50;54;73;67;71;70;75;0;No;No;No
8203;7;8;9;14;4;28;27;24;30;17;38;31;0;37;34;54;47;46;59;50;63;68;73;69;61;0;No;No;No
8204;12;14;3;2;5;17;26;16;18;19;37;34;0;36;45;54;50;57;53;49;70;65;74;68;69;0;No;No;No
8205;13;7;14;4;5;23;19;17;29;22;40;45;0;38;37;55;51;54;58;59;67;71;73;65;63;0;No;No;No
8206;14;7;8;13;3;25;16;28;24;30;42;31;0;36;44;46;54;50;58;56;70;66;64;69;61;0;No;No;No
8207;4;8;1;14;7;19;28;29;30;22;42;39;0;43;33;51;59;50;58;56;66;62;61;73;74;0;No;No;No
8208;12;6;13;11;1;17;25;16;29;24;36;41;0;37;45;59;46;50;52;56;62;68;73;65;64;0;No;No;No
8209;6;3;10;14;5;26;21;19;20;17;31;37;0;35;44;55;52;49;58;53;69;68;63;70;64;0;No;No;No
8210;13;6;8;14;1;24;19;29;22;18;32;45;0;41;42;56;46;54;51;49;61;71;65;67;70;0;No;No;No
8211;7;4;8;13;6;18;21;23;17;24;43;34;0;36;40;51;47;52;49;54;65;69;70;68;62;0;No;No;No
8212;4;10;6;9;7;20;26;18;29;16;41;33;0;37;36;46;48;52;55;49;61;68;65;73;70;0;No;No;No
8213;6;7;14;8;4;16;20;27;23;30;40;34;0;39;43;46;55;51;50;48;65;73;61;72;70;0;No;No;No
8214;10;14;13;1;3;24;29;19;20;26;38;39;0;40;43;57;51;56;59;49;66;74;75;63;61;0;No;No;No
8215;7;15;3;2;12;17;29;18;20;28;33;36;0;39;43;51;60;49;57;59;65;68;67;62;61;0;No;No;No
8216;10;1;7;4;12;23;29;25;21;17;32;33;0;37;36;53;58;47;56;49;72;63;69;67;71;0;No;No;No
8217;13;3;1;6;9;16;28;29;18;22;38;37;0;40;36;52;59;48;58;53;68;64;65;62;71;0;No;No;No
8218;12;3;2;13;10;28;20;23;19;18;35;44;0;41;42;47;53;58;48;56;65;64;75;73;61;0;No;No;No
8219;13;5;8;2;11;17;18;29;19;25;44;36;0;43;40;47;52;53;57;46;68;69;72;65;64;0;No;No;No
8220;15;12;14;1;3;18;16;30;29;22;34;44;0;31;42;47;49;55;57;48;74;66;64;67;61;0;No;No;No
8221;6;10;12;1;7;25;28;22;30;19;39;34;0;41;37;59;57;58;49;56;74;61;62;75;64;0;No;No;No
8222;8;11;13;10;1;27;26;18;16;20;39;41;0;33;35;55;52;59;60;53;68;73;72;61;63;0;No;No;No
8223;3;11;4;5;7;26;29;17;19;21;35;38;0;41;44;51;55;52;46;53;61;68;70;69;63;0;No;No;No
8224;2;10;3;12;14;20;17;29;26;28;43;33;0;32;37;46;58;55;47;59;69;68;62;74;67;0;No;No;No
8225;9;1;7;10;8;22;28;16;29;24;45;44;0;42;37;53;50;56;59;49;65;73;61;68;67;0;No;No;No
8226;1;11;7;4;13;26;27;19;22;28;31;38;0;36;42;60;49;59;47;57;67;71;63;68;64;0;No;No;No
8227;13;3;2;11;10;16;26;28;25;21;42;44;0;31;33;56;57;59;54;49;63;72;65;67;73;0;No;No;No
8228;3;5;6;15;12;28;22;21;20;17;42;32;0;38;43;50;48;52;54;59;71;70;61;66;72;0;No;No;No
8229;1;10;12;14;7;17;16;19;22;29;41;31;0;43;36;48;50;54;52;47;63;74;73;64;66;0;No;No;No
8230;3;5;15;10;1;23;21;25;22;26;39;38;0;33;37;58;50;57;46;48;66;74;62;72;70;0;No;No;No
8231;1;8;9;6;3;26;28;16;18;21;40;35;0;33;36;57;59;52;55;48;62;73;70;65;69;0;No;No;No
8232;6;1;11;4;5;18;28;21;16;26;33;39;0;44;38;48;60;52;49;55;66;73;68;71;72;0;No;No;No
8233;5;6;11;12;10;18;28;22;20;21;41;44;0;33;42;47;53;52;59;54;62;63;72;74;66;0;No;No;No
8234;2;7;3;6;13;25;19;27;22;26;44;32;0;40;31;47;58;52;57;50;63;73;75;68;62;0;No;No;No
8235;3;7;10;11;5;19;23;20;27;21;39;33;0;32;38;52;49;48;47;51;74;67;69;66;62;0;No;No;No
8236;4;10;1;7;13;16;21;29;26;30;41;43;0;34;42;47;49;59;50;56;61;66;63;68;64;0;No;No;No
8237;2;7;8;6;10;18;21;23;19;25;43;36;0;33;44;57;52;56;58;50;65;74;61;70;62;0;No;No;No
8238;14;1;12;6;5;17;29;30;22;18;41;40;0;33;31;56;49;46;53;54;61;62;67;65;73;0;No;No;No
8239;8;12;5;15;9;22;16;19;20;29;38;40;0;35;34;55;47;50;54;57;74;67;69;73;64;0;No;No;No
8240;9;5;10;8;1;16;23;26;28;29;43;39;0;34;32;56;54;48;49;58;62;75;74;70;64;0;No;No;No
8241;10;4;12;8;11;17;24;16;19;26;43;35;0;32;33;55;51;52;49;46;75;71;72;62;67;0;No;No;No
8242;7;11;9;14;8;19;23;17;28;18;44;40;0;42;38;57;53;48;46;52;70;61;71;68;65;0;No;No;No
8243;3;10;2;9;1;25;23;24;27;16;33;42;0;43;40;52;51;56;58;59;69;75;67;71;66;0;No;No;No
8244;2;12;3;5;8;23;24;17;19;18;32;43;0;34;31;55;51;60;46;57;69;71;68;61;72;0;No;No;No
8245;1;3;11;6;9;16;23;24;22;25;35;43;0;36;41;50;46;47;57;59;72;68;70;67;63;0;No;No;No
8246;4;9;12;5;1;23;21;27;20;24;43;41;0;37;40;58;56;52;48;59;63;67;61;64;73;0;No;No;No
8247;12;7;3;15;6;23;20;28;16;27;45;31;0;39;42;48;58;54;49;50;72;66;69;73;74;0;No;No;No
8248;11;4;9;10;2;29;21;27;26;19;35;39;0;40;37;54;46;57;50;51;67;75;65;69;70;0;No;No;No
8249;8;4;13;3;2;22;19;29;21;24;31;32;0;35;33;51;54;46;60;52;73;62;64;74;68;0;No;No;No
8250;13;8;6;10;4;28;20;19;26;23;45;35;0;42;43;56;46;54;47;58;62;61;74;63;72;0;No;No;No
8251;14;10;9;15;13;23;18;17;26;27;32;33;0;38;35;59;56;48;55;54;71;70;69;72;63;0;No;No;No
8252;10;4;1;3;12;21;29;24;26;20;42;43;0;37;33;54;56;58;57;48;70;66;75;63;64;0;No;No;No
8253;11;13;14;5;1;23;20;16;17;26;42;35;0;39;38;60;55;59;46;56;74;69;62;65;71;0;No;No;No
8254;9;11;12;14;10;27;18;21;16;26;45;36;0;40;31;53;59;49;47;46;67;75;63;72;61;0;No;No;No
8255;2;8;11;13;6;23;26;29;27;18;42;44;0;43;33;57;54;55;48;50;74;66;62;63;67;0;No;No;No
8256;6;11;12;3;13;18;19;17;28;22;41;31;0;35;42;46;55;52;51;53;63;66;64;71;73;0;No;No;No
8257;4;1;5;14;11;28;27;21;19;16;36;32;0;38;34;60;48;59;57;51;75;73;74;61;69;0;No;No;No
8258;14;8;15;11;3;23;30;25;19;20;33;34;0;43;41;46;59;56;50;53;66;68;65;62;71;0;No;No;No
8259;4;5;7;12;11;23;17;16;27;30;39;36;0;42;43;57;52;54;46;53;65;71;64;69;63;0;No;No;No
8260;12;2;13;7;9;28;26;24;27;25;33;45;0;42;44;57;46;56;49;52;71;69;70;64;61;0;No;No;No
8261;6;9;8;3;1;25;23;24;29;22;32;43;0;42;39;56;46;58;59;52;64;74;73;68;72;0;No;No;No
8262;6;3;7;13;1;21;23;18;25;26;31;38;0;35;33;55;48;58;53;49;69;72;67;66;63;0;No;No;No
8263;9;15;11;7;1;18;23;26;28;22;40;35;0;37;41;47;51;58;57;53;72;65;63;69;75;0;No;No;No
8264;8;10;6;11;3;20;24;18;19;21;43;36;0;32;39;56;52;54;53;48;63;72;61;73;69;0;No;No;No
8265;7;9;6;8;2;24;26;16;28;30;42;35;0;43;33;56;58;53;47;55;65;69;70;66;64;0;No;No;No
8266;13;3;8;1;15;25;27;22;30;26;32;37;0;34;39;50;47;55;46;54;70;68;63;75;74;0;No;No;No
8267;1;12;7;3;6;16;25;27;18;26;42;31;0;33;36;46;49;56;59;47;71;69;66;72;70;0;No;No;No
8268;2;1;11;10;12;26;29;16;28;23;40;36;0;44;43;57;55;50;54;56;69;61;68;74;62;0;No;No;No
8269;11;9;14;5;12;17;28;24;21;19;43;35;0;36;32;49;46;60;48;54;72;61;69;66;64;0;No;No;No
8270;14;11;13;9;2;16;24;17;30;29;41;40;0;35;45;52;60;48;57;56;67;70;74;73;63;0;No;No;No
8271;1;13;15;10;5;28;21;24;20;25;41;43;0;36;33;54;58;59;56;49;67;71;68;66;65;0;No;No;No
8272;13;3;10;11;8;21;18;17;22;19;37;44;0;45;34;49;59;46;48;60;69;75;63;73;72;0;No;No;No
8273;11;7;4;12;14;26;25;19;23;16;36;31;0;41;43;46;58;52;51;47;71;64;74;72;69;0;No;No;No
8274;13;6;15;8;12;28;19;26;20;25;36;40;0;31;42;50;48;57;53;56;65;69;61;64;63;0;No;No;No
8275;11;3;15;10;14;19;16;17;18;24;31;33;0;35;40;59;56;54;60;55;65;66;74;69;63;0;No;No;No
8276;7;13;11;15;8;16;26;23;28;18;36;33;0;42;32;58;54;46;47;53;63;72;71;61;67;0;No;No;No
8277;4;1;13;2;10;18;20;28;29;24;38;31;0;39;34;49;52;58;55;60;75;72;62;73;66;0;No;No;No
8278;9;5;4;6;2;26;25;27;23;18;45;43;0;40;39;48;51;54;53;60;66;63;70;73;75;0;No;No;No
8279;4;3;11;6;2;20;17;29;24;26;40;34;0;44;33;47;50;56;59;55;66;71;70;73;64;0;No;No;No
8280;3;9;10;12;2;19;23;17;25;18;34;37;0;35;40;58;53;49;59;57;72;67;69;68;64;0;No;No;No
8281;3;8;11;4;14;28;24;23;26;25;35;40;0;37;41;58;50;49;59;56;71;70;67;74;69;0;No;No;No
8282;6;9;2;3;4;26;22;28;16;20;35;32;0;42;44;57;46;52;54;58;61;74;68;65;67;0;No;No;No
8283;13;6;11;5;14;24;19;22;27;17;38;40;0;37;36;48;58;50;60;49;72;70;63;73;69;0;No;No;No
8284;10;13;8;6;2;19;21;26;17;20;38;39;0;37;42;58;50;56;52;59;62;75;64;61;74;0;No;No;No
8285;9;4;5;10;2;22;24;25;28;19;41;34;0;43;40;57;51;47;54;59;67;73;68;65;74;0;No;No;No
8286;7;4;1;8;15;21;23;16;30;24;36;34;0;42;43;55;60;49;53;54;62;69;63;61;66;0;No;No;No
8287;4;5;8;1;13;24;17;19;30;16;37;31;0;43;42;50;47;53;57;54;71;72;75;64;68;0;No;No;No
8288;8;3;6;4;13;26;22;23;28;29;42;41;0;31;37;46;49;55;51;52;61;73;62;70;64;0;No;No;No
8289;6;9;8;12;4;18;25;26;23;24;41;38;0;40;31;46;53;50;59;52;69;68;75;70;72;0;No;No;No
8290;2;14;9;15;10;30;25;28;24;22;36;32;0;35;39;55;53;47;52;56;70;66;67;61;63;0;No;No;No
8291;1;11;10;9;3;18;26;27;16;29;39;33;0;35;37;56;52;51;55;46;74;75;71;70;64;0;No;No;No
8292;7;14;5;4;13;23;29;20;22;21;40;43;0;38;31;46;51;55;56;47;69;72;66;70;67;0;No;No;No
8293;13;7;1;15;12;17;23;29;30;19;42;37;0;44;31;49;47;55;48;59;68;72;65;70;67;0;No;No;No
8294;1;9;13;3;10;25;19;27;22;18;44;31;0;36;33;50;58;55;56;48;74;63;66;64;69;0;No;No;No
8295;1;4;2;7;5;19;25;22;20;30;38;42;0;34;39;51;48;47;50;53;61;67;71;68;72;0;No;No;No
8296;13;14;2;11;9;27;23;30;19;16;33;44;0;40;39;56;50;54;60;58;69;75;61;74;73;0;No;No;No
8297;2;10;1;3;7;28;30;19;26;25;43;44;0;31;39;49;48;47;52;46;69;72;64;70;68;0;No;No;No
8298;10;3;4;13;7;28;25;26;16;27;34;33;0;44;41;53;56;47;50;52;65;63;71;67;68;0;No;No;No
8299;7;6;1;8;14;24;16;25;27;23;42;43;0;33;40;51;49;55;48;58;63;65;68;67;61;0;No;No;No
8300;8;2;6;14;10;17;29;20;26;23;36;39;0;45;35;49;51;47;53;59;64;74;65;75;61;0;No;No;No
8301;15;11;2;13;6;25;24;30;22;28;31;43;0;33;42;47;46;57;54;58;61;63;75;70;71;0;No;No;No
8302;3;7;5;1;10;25;29;23;21;27;38;31;0;37;35;51;47;54;57;49;69;71;75;70;61;0;No;No;No
8303;11;2;12;3;4;21;27;30;17;28;39;35;0;36;40;54;51;49;50;52;69;62;71;68;65;0;No;No;No
8304;8;4;12;14;13;21;24;26;27;16;34;33;0;32;35;54;57;55;59;58;75;62;69;74;71;0;No;No;No
8305;15;2;1;7;6;30;22;29;26;24;39;43;0;37;35;48;54;59;55;53;62;72;71;65;74;0;No;No;No
8306;12;9;7;1;3;25;29;22;20;27;37;42;0;31;44;56;46;51;50;59;73;70;71;68;62;0;No;No;No
8307;8;7;11;5;12;16;24;18;19;21;32;34;0;40;36;52;49;46;54;60;74;72;67;69;65;0;No;No;No
8308;6;10;11;3;4;23;21;20;22;19;35;43;0;44;31;55;54;59;48;57;75;63;65;62;73;0;No;No;No
8309;10;6;8;3;7;27;28;24;25;22;35;44;0;43;42;47;56;53;59;55;63;71;64;66;62;0;No;No;No
8310;10;4;5;6;3;22;17;28;20;21;42;40;0;44;37;57;56;50;53;49;63;69;61;62;68;0;No;No;No
8311;8;15;3;9;1;17;16;20;21;29;44;39;0;32;40;56;48;53;46;58;67;70;63;61;64;0;No;No;No
8312;1;3;10;5;7;28;26;23;16;22;34;32;0;33;41;48;46;52;58;49;69;74;66;64;70;0;No;No;No
8313;9;11;4;5;3;19;21;16;28;30;38;42;0;45;31;52;49;56;46;53;71;70;64;72;65;0;No;No;No
8314;13;2;11;1;4;19;22;20;26;17;31;42;0;33;43;49;53;46;51;60;71;64;69;72;62;0;No;No;No
8315;5;13;7;9;12;21;26;28;16;27;45;44;0;40;34;52;58;47;59;55;70;68;66;61;72;0;No;No;No
8316;1;13;10;8;12;25;28;27;24;21;44;31;0;36;34;60;58;55;52;54;67;74;68;69;73;0;No;No;No
8317;6;2;4;10;1;29;25;28;19;18;37;35;0;32;33;53;49;57;51;58;64;71;70;74;66;0;No;No;No
8318;14;13;7;12;11;28;29;16;26;19;39;43;0;34;41;59;57;53;54;51;66;61;68;72;67;0;No;No;No
8319;14;1;4;11;7;26;27;18;16;23;40;44;0;38;31;48;57;46;54;58;72;66;61;63;75;0;No;No;No
8320;8;2;13;15;5;27;28;30;25;24;43;42;0;37;41;50;48;53;57;52;62;72;65;69;61;0;No;No;No
8321;5;9;8;11;3;18;22;23;25;24;42;32;0;41;31;48;47;49;57;52;62;69;68;63;72;0;No;No;No
8322;11;7;15;6;13;30;29;21;25;23;33;44;0;37;40;56;55;46;53;50;66;70;65;67;64;0;No;No;No
8323;3;5;9;14;13;20;23;24;25;28;38;35;0;33;36;51;59;58;52;55;61;63;62;65;72;0;No;No;No
8324;9;3;14;4;7;21;27;17;19;18;33;40;0;37;34;47;55;59;52;50;63;74;62;66;69;0;No;No;No
8325;10;4;15;8;3;26;16;18;19;21;44;34;0;40;32;50;51;58;57;47;66;67;68;63;69;0;No;No;No
8326;14;10;4;1;2;29;25;22;27;16;32;40;0;38;43;49;57;48;55;52;68;69;62;65;66;0;No;No;No
8327;5;8;6;10;7;22;29;19;17;26;40;39;0;35;43;52;54;58;47;50;71;62;66;72;74;0;No;No;No
8328;13;7;4;12;2;16;30;21;20;19;42;38;0;43;32;50;58;47;51;55;75;68;69;70;61;0;No;No;No
8329;9;3;7;4;14;26;30;19;29;18;31;32;0;38;42;55;58;57;59;48;65;68;73;70;64;0;No;No;No
8330;4;11;5;14;6;19;27;17;26;29;35;36;0;38;44;54;51;46;56;49;72;66;61;65;69;0;No;No;No
8331;14;13;5;3;1;20;29;18;28;22;39;42;0;41;37;51;60;58;52;54;62;72;73;61;69;0;No;No;No
8332;13;11;10;4;12;27;28;19;24;18;43;36;0;42;41;51;56;54;49;47;63;74;71;62;69;0;No;No;No
8333;2;11;1;3;4;23;29;24;27;17;41;33;0;42;35;47;49;50;53;48;73;61;74;62;71;0;No;No;No
8334;14;5;11;7;2;18;25;27;22;19;34;35;0;40;45;56;54;58;49;46;65;68;67;70;74;0;No;No;No
8335;7;9;12;3;14;17;21;29;16;24;42;35;0;43;32;55;57;58;46;59;68;67;66;73;62;0;No;No;No
8336;6;12;4;11;8;25;17;22;29;26;42;31;0;32;35;48;52;53;47;51;61;73;64;71;65;0;No;No;No
8337;7;4;3;11;8;26;23;17;28;22;34;38;0;32;41;48;50;59;46;53;70;63;61;65;62;0;No;No;No
8338;8;1;6;14;2;26;22;20;30;27;41;42;0;32;34;53;51;52;50;48;66;73;75;64;61;0;No;No;No
8339;12;15;4;14;5;25;19;17;20;22;33;45;0;32;40;57;52;54;48;47;69;64;66;63;73;0;No;No;No
8340;6;1;10;13;3;19;16;27;21;28;45;31;0;32;37;46;54;51;56;57;64;70;75;73;65;0;No;No;No
8341;1;15;3;11;5;19;17;23;24;25;42;43;0;40;38;47;51;52;49;46;68;63;72;71;70;0;No;No;No
8342;14;6;1;13;9;24;23;19;26;18;45;42;0;37;34;54;47;57;49;55;71;61;63;70;75;0;No;No;No
8343;11;7;14;5;6;22;17;30;20;19;31;33;0;36;43;52;55;51;57;48;67;65;61;62;68;0;No;No;No
8344;4;9;13;7;3;20;25;22;21;27;33;34;0;31;32;55;56;46;51;60;63;74;66;61;70;0;No;No;No
8345;14;9;3;12;1;18;22;21;30;20;40;39;0;34;36;57;56;58;59;52;65;70;61;64;68;0;No;No;No
8346;1;10;6;3;8;16;28;20;23;26;35;32;0;37;33;52;50;53;46;59;62;63;70;67;64;0;No;No;No
8347;12;9;10;13;14;20;23;21;26;17;31;41;0;42;37;46;51;56;57;54;75;67;74;70;63;0;No;No;No
8348;1;2;11;10;12;22;19;25;23;24;32;39;0;41;45;57;54;49;48;53;71;72;64;61;63;0;No;No;No
8349;9;11;6;4;5;30;23;26;24;17;42;35;0;31;33;56;53;51;48;54;62;71;67;65;61;0;No;No;No
8350;14;11;10;13;12;16;18;23;21;25;41;38;0;36;33;49;47;46;58;54;67;64;65;73;62;0;No;No;No
8351;8;4;10;12;6;27;17;25;22;19;44;33;0;41;38;53;54;60;46;55;72;61;71;63;68;0;No;No;No
8352;1;5;10;6;7;30;22;27;18;17;32;44;0;38;39;49;52;48;53;50;68;74;62;75;63;0;No;No;No
8353;12;5;3;13;9;20;17;18;23;21;36;39;0;31;35;60;55;58;59;52;70;72;64;74;65;0;No;No;No
8354;12;1;5;8;4;17;19;24;30;29;41;36;0;35;43;59;54;49;46;58;71;69;72;70;61;0;No;No;No
8355;13;6;9;4;10;20;19;18;25;29;38;37;0;39;45;48;57;53;46;56;61;68;71;66;70;0;No;No;No
8356;2;7;3;10;11;21;26;29;27;17;34;44;0;35;43;48;52;56;55;50;65;66;64;75;72;0;No;No;No
8357;5;10;3;4;12;24;21;30;18;17;41;35;0;43;31;60;52;51;54;46;66;73;75;64;62;0;No;No;No
8358;4;1;5;8;13;23;24;17;25;28;32;38;0;31;37;50;56;53;57;58;72;67;70;64;62;0;No;No;No
8359;8;3;10;13;9;16;29;26;19;20;32;34;0;43;42;58;56;46;60;55;61;73;62;72;64;0;No;No;No
8360;9;14;12;3;11;26;20;19;29;27;33;43;0;40;39;51;55;59;56;50;69;62;64;70;68;0;No;No;No
8361;8;5;15;14;3;18;20;22;30;24;40;45;0;31;34;47;46;57;52;60;64;71;65;61;67;0;No;No;No
8362;13;2;1;14;8;18;25;17;26;29;41;35;0;43;44;50;52;53;55;54;65;73;71;62;68;0;No;No;No
8363;14;4;13;6;2;21;19;17;20;24;41;34;0;36;39;48;53;50;56;51;64;68;63;61;71;0;No;No;No
8364;3;9;7;4;11;19;23;17;26;21;35;34;0;38;42;51;55;54;46;60;63;69;66;72;74;0;No;No;No
8365;11;13;5;3;2;25;20;28;24;16;38;33;0;36;37;47;58;53;59;56;65;63;69;62;68;0;No;No;No
8366;5;8;3;9;1;23;29;30;28;17;39;38;0;44;45;59;49;55;54;51;71;72;65;73;75;0;No;No;No
8367;1;2;5;6;13;23;22;28;29;18;34;40;0;32;33;54;47;51;53;50;68;73;69;71;74;0;No;No;No
8368;10;13;7;1;8;19;21;28;17;24;43;34;0;44;37;48;51;57;52;50;67;69;66;64;73;0;No;No;No
8369;13;12;10;3;9;21;20;25;27;28;32;45;0;39;41;50;49;54;46;52;62;69;72;71;65;0;No;No;No
8370;1;15;12;11;6;23;16;24;17;18;33;37;0;42;32;50;48;47;56;52;61;74;64;65;68;0;No;No;No
8371;3;7;6;2;5;20;19;28;27;23;44;43;0;42;36;54;51;48;55;56;62;68;61;64;73;0;No;No;No
8372;4;12;7;11;9;16;25;30;24;28;39;38;0;34;36;53;51;60;55;59;64;66;69;61;72;0;No;No;No
8373;1;2;6;8;5;17;25;29;22;20;35;36;0;38;44;58;55;48;59;49;68;66;63;72;61;0;No;No;No
8374;7;2;1;6;8;18;17;29;21;27;33;45;0;35;41;52;50;60;56;51;61;72;70;64;65;0;No;No;No
8375;3;6;7;5;8;24;17;23;16;19;44;34;0;36;38;54;59;57;47;53;68;72;67;70;66;0;No;No;No
8376;4;1;2;10;3;28;19;27;20;29;37;45;0;35;42;58;47;55;54;48;70;64;73;67;68;0;No;No;No
8377;14;5;12;11;10;23;18;16;22;29;37;40;0;33;34;54;50;58;59;48;66;67;71;72;70;0;No;No;No
8378;2;6;3;14;7;16;23;28;17;18;33;40;0;42;34;52;50;59;57;60;62;69;63;64;61;0;No;No;No
8379;6;9;1;11;13;27;21;22;25;24;44;37;0;40;36;53;59;57;48;49;61;72;71;73;64;0;No;No;No
8380;1;9;4;10;2;16;27;19;30;22;32;36;0;31;34;56;51;48;58;53;65;69;74;66;67;0;No;No;No
8381;11;14;5;2;9;30;28;20;16;27;33;31;0;40;42;48;50;53;58;47;63;71;62;75;69;0;No;No;No
8382;4;14;11;13;5;22;19;21;28;23;34;41;0;31;42;52;48;56;58;50;72;64;69;63;66;0;No;No;No
8383;14;7;11;10;13;26;18;24;23;22;33;43;0;37;45;56;52;54;48;51;64;71;72;62;68;0;No;No;No
8384;2;1;8;14;7;28;25;22;27;30;35;39;0;38;37;57;47;51;60;53;64;69;70;72;73;0;No;No;No
8385;5;13;7;2;14;30;28;29;16;27;42;33;0;40;31;54;55;51;59;46;67;66;62;68;73;0;No;No;No
8386;8;11;1;4;9;29;26;16;23;30;38;39;0;36;45;60;52;54;48;46;67;68;73;70;75;0;No;No;No
8387;7;13;1;9;11;25;24;17;21;22;44;39;0;37;41;57;58;47;60;55;69;63;74;62;67;0;No;No;No
8388;1;14;12;10;5;24;19;21;29;27;36;38;0;37;40;59;50;54;51;56;73;65;64;69;66;0;No;No;No
8389;12;6;9;4;14;29;18;23;20;21;39;32;0;42;36;58;51;49;46;50;62;64;72;74;71;0;No;No;No
8390;5;11;12;14;3;29;20;16;25;23;36;35;0;32;31;53;46;48;52;50;63;61;68;71;66;0;No;No;No
8391;7;4;2;11;10;19;17;18;28;25;37;38;0;33;39;59;48;56;58;55;65;66;74;75;73;0;No;No;No
8392;12;8;14;10;2;23;18;19;26;24;33;34;0;36;31;57;58;50;53;48;64;70;66;74;63;0;No;No;No
8393;15;9;3;1;2;24;19;22;26;29;38;33;0;43;42;59;49;57;54;56;67;66;70;61;72;0;No;No;No
8394;4;10;5;13;8;19;17;29;21;23;33;40;0;43;35;58;59;54;48;57;74;62;70;67;72;0;No;No;No
8395;1;8;9;5;6;22;29;16;23;18;43;32;0;31;33;57;51;55;56;50;72;73;64;69;61;0;No;No;No
8396;4;10;5;9;2;23;20;18;19;28;43;37;0;41;33;46;57;58;48;59;70;64;68;69;62;0;No;No;No
8397;7;2;8;12;11;24;27;21;16;23;38;31;0;44;32;55;46;49;50;51;66;67;62;74;70;0;No;No;No
8398;14;6;3;9;10;17;26;22;19;29;35;45;0;44;31;54;53;49;48;59;75;70;66;63;73;0;No;No;No
8399;1;2;3;15;8;19;16;25;22;23;39;35;0;38;32;49;47;46;59;60;62;63;66;71;65;0;No;No;No
8400;14;10;13;8;6;16;25;26;20;28;38;34;0;32;33;49;57;55;59;46;66;73;70;63;72;0;No;No;No
8401;4;2;12;6;5;23;21;25;30;26;37;33;0;36;34;53;57;49;50;47;71;67;65;62;63;0;No;No;No
8402;15;8;13;11;3;27;19;24;20;17;45;42;0;32;41;52;53;57;56;51;66;72;61;68;69;0;No;No;No
8403;1;4;7;14;8;20;25;17;18;24;45;35;0;33;36;58;49;55;53;56;64;74;62;72;70;0;No;No;No
8404;8;1;9;15;11;18;16;23;20;26;33;40;0;35;39;59;54;53;50;48;62;75;64;74;68;0;No;No;No
8405;10;3;14;1;8;21;29;16;28;26;43;33;0;39;38;55;52;57;56;59;71;67;65;69;72;0;No;No;No
8406;10;7;4;2;15;23;16;28;20;18;35;33;0;37;39;48;55;51;58;56;69;73;74;64;65;0;No;No;No
8407;3;12;14;7;15;29;25;22;24;26;41;32;0;36;43;47;55;59;58;53;68;70;64;66;65;0;No;No;No
8408;8;3;5;10;14;28;24;16;21;23;32;33;0;31;35;52;55;54;46;47;74;65;73;71;72;0;No;No;No
8409;9;7;8;14;3;19;16;25;29;23;42;35;0;44;37;55;47;54;58;50;62;68;74;69;66;0;No;No;No
8410;14;2;10;5;4;17;29;27;19;26;34;43;0;40;39;49;52;47;50;56;69;67;63;65;74;0;No;No;No
8411;10;5;14;6;12;23;25;16;21;29;42;33;0;37;41;56;58;49;50;60;65;64;68;70;72;0;No;No;No
8412;1;10;3;13;2;23;27;24;22;19;34;31;0;44;35;57;54;59;56;46;75;64;72;73;74;0;No;No;No
8413;2;5;13;1;7;18;29;27;22;30;45;37;0;32;38;55;57;52;50;59;67;63;65;74;69;0;No;No;No
8414;10;5;2;4;11;19;26;30;28;22;40;42;0;31;35;53;47;59;49;51;65;67;69;74;66;0;No;No;No
8415;12;6;4;5;13;21;20;24;17;28;32;37;0;35;44;52;53;49;60;58;71;75;62;65;74;0;No;No;No
8416;6;3;7;8;14;24;26;21;30;27;35;40;0;33;36;58;47;50;54;56;68;65;69;62;61;0;No;No;No
8417;5;1;8;11;2;23;16;20;26;18;38;40;0;35;34;50;47;60;57;55;62;61;64;72;69;0;No;No;No
8418;11;1;3;15;14;29;22;24;20;21;36;43;0;38;40;46;51;56;58;49;72;65;64;73;67;0;No;No;No
8419;14;10;5;15;9;17;19;22;29;25;33;43;0;42;38;46;57;56;55;50;72;63;69;65;61;0;No;No;No
8420;8;9;1;13;14;25;24;20;18;22;34;36;0;41;31;51;48;59;55;54;66;73;63;68;74;0;No;No;No
8421;10;15;9;13;8;16;18;23;26;28;33;37;0;31;42;47;46;53;52;48;64;62;69;75;72;0;No;No;No
8422;10;9;4;8;14;22;29;21;27;25;35;43;0;41;37;51;54;52;50;49;69;66;71;64;65;0;No;No;No
8423;3;5;13;15;9;21;27;20;22;19;42;32;0;40;31;48;56;55;59;50;67;73;68;74;71;0;No;No;No
8424;4;10;9;5;6;27;21;22;25;20;36;43;0;35;37;52;46;51;58;56;74;65;66;71;63;0;No;No;No
8425;4;9;8;7;2;18;17;22;20;21;33;34;0;42;36;51;46;58;53;48;68;75;63;71;61;0;No;No;No
8426;14;5;8;12;13;28;18;23;27;16;38;37;0;39;42;53;50;59;47;48;65;68;63;74;72;0;No;No;No
8427;11;10;13;9;7;16;29;22;24;17;34;38;0;35;39;57;50;49;47;58;75;63;62;72;71;0;No;No;No
8428;12;2;11;14;4;24;19;29;17;16;33;41;0;43;37;47;52;51;57;53;66;72;67;71;65;0;No;No;No
8429;1;14;9;4;5;17;29;24;27;18;44;35;0;37;39;54;46;56;55;51;67;61;64;62;69;0;No;No;No
8430;11;4;9;5;8;27;20;26;30;29;43;33;0;44;34;48;57;46;54;55;66;64;61;71;69;0;No;No;No
8431;12;4;8;3;11;16;20;17;25;19;41;35;0;43;42;51;57;59;58;56;61;69;63;65;62;0;No;No;No
8432;6;9;4;5;8;21;29;30;24;16;32;44;0;35;31;59;48;53;55;49;63;67;65;75;73;0;No;No;No
8433;5;14;8;15;10;17;26;29;22;25;38;33;0;34;40;59;57;54;56;53;72;63;74;69;71;0;No;No;No
8434;4;3;10;1;8;19;21;24;27;29;40;41;0;33;42;58;51;53;56;54;64;71;73;72;65;0;No;No;No
8435;9;3;12;14;5;19;29;26;24;16;35;44;0;34;38;55;60;59;54;49;68;73;66;72;63;0;No;No;No
8436;4;7;12;15;8;16;23;27;17;18;42;36;0;44;31;54;59;56;47;58;68;71;64;75;62;0;No;No;No
8437;8;7;11;4;15;17;16;21;20;25;42;34;0;40;39;50;59;54;49;48;74;64;68;69;72;0;No;No;No
8438;10;8;2;9;5;22;28;25;24;26;33;32;0;39;44;58;55;52;47;56;62;74;65;71;72;0;No;No;No
8439;4;1;11;3;7;19;21;29;30;24;45;42;0;38;43;59;60;56;53;51;70;66;64;69;63;0;No;No;No
8440;1;13;6;12;3;17;29;28;20;25;42;43;0;33;34;58;52;54;59;56;67;66;61;70;64;0;No;No;No
8441;9;12;5;10;6;18;19;17;30;27;41;31;0;34;33;48;60;47;54;59;63;68;62;65;73;0;No;No;No
8442;15;10;2;7;9;25;18;16;26;27;33;35;0;36;39;49;46;52;57;54;68;70;74;64;69;0;No;No;No
8443;13;11;6;10;4;28;30;17;29;24;43;38;0;35;44;55;56;46;59;54;70;61;62;63;72;0;No;No;No
8444;14;10;12;2;4;19;21;24;20;25;31;36;0;32;34;58;49;53;57;47;68;66;69;71;61;0;No;No;No
8445;7;15;5;1;6;20;22;29;23;16;39;35;0;32;37;48;47;49;50;60;72;67;64;68;66;0;No;No;No
8446;9;4;12;6;15;17;25;22;21;29;39;42;0;44;36;52;57;48;55;49;66;63;75;72;64;0;No;No;No
8447;13;4;7;12;10;23;17;24;29;18;36;33;0;37;31;56;57;52;49;58;65;70;62;61;75;0;No;No;No
8448;12;8;1;9;6;24;23;25;26;18;39;31;0;43;38;49;59;60;48;56;65;75;68;66;64;0;No;No;No
8449;5;3;11;14;6;26;18;30;16;29;36;44;0;40;43;56;59;49;53;57;66;68;65;70;63;0;No;No;No
8450;1;5;4;11;14;21;26;23;16;18;45;37;0;40;34;46;56;58;48;52;72;62;68;70;65;0;No;No;No
8451;13;4;8;14;5;28;24;22;25;29;38;36;0;42;34;58;59;51;52;57;66;62;65;74;73;0;No;No;No
8452;9;5;6;1;3;17;26;19;21;30;39;42;0;44;43;48;52;55;54;50;75;64;73;63;66;0;No;No;No
8453;1;4;13;5;9;28;29;18;24;22;34;35;0;41;37;58;48;51;53;54;74;73;61;71;63;0;No;No;No
8454;13;4;5;8;11;24;29;30;16;26;43;38;0;32;36;49;54;57;56;55;63;72;66;65;75;0;No;No;No
8455;11;13;10;3;8;21;16;18;26;30;44;40;0;43;35;57;59;51;56;54;72;65;71;70;69;0;No;No;No
8456;5;1;8;14;12;28;21;22;23;17;37;32;0;34;42;53;49;54;55;48;69;63;71;66;70;0;No;No;No
8457;7;11;6;10;3;22;24;25;23;16;34;37;0;40;42;58;49;55;48;51;68;72;70;66;75;0;No;No;No
8458;10;14;1;4;11;20;29;19;25;16;31;35;0;37;36;59;52;53;51;56;63;62;75;73;71;0;No;No;No
8459;5;7;12;3;8;26;21;29;27;23;32;43;0;44;36;54;57;46;49;51;69;67;71;65;61;0;No;No;No
8460;15;11;2;9;6;28;26;27;18;16;42;34;0;41;33;59;50;52;48;49;69;72;74;71;61;0;No;No;No
8461;14;6;2;12;13;25;26;16;20;19;44;37;0;33;31;51;53;54;60;48;62;68;73;65;66;0;No;No;No
8462;8;6;13;7;10;17;30;28;24;29;34;31;0;38;33;59;58;50;48;57;70;74;69;67;65;0;No;No;No
8463;14;5;13;1;7;28;27;16;19;17;31;38;0;32;37;59;52;47;48;50;72;66;69;62;68;0;No;No;No
8464;14;4;6;7;8;28;29;17;24;16;40;38;0;33;31;51;56;53;47;54;74;65;71;69;67;0;No;No;No
8465;6;14;15;3;2;28;16;29;26;21;37;38;0;39;41;47;55;52;53;51;69;74;75;61;66;0;No;No;No
8466;2;10;7;3;1;22;25;18;19;28;45;40;0;37;36;47;55;59;58;52;73;62;69;71;74;0;No;No;No
8467;13;1;11;6;4;23;28;29;22;17;38;41;0;45;32;46;58;56;57;55;71;62;75;67;66;0;No;No;No
8468;14;3;13;4;9;28;21;25;17;24;42;34;0;36;41;56;60;54;53;59;72;69;63;74;75;0;No;No;No
8469;11;12;8;14;7;19;16;29;26;30;44;40;0;41;36;56;57;48;47;58;64;62;65;69;68;0;No;No;No
8470;4;2;14;13;10;18;19;20;27;24;33;42;0;43;34;58;49;60;47;54;74;62;61;68;71;0;No;No;No
8471;6;9;5;8;10;20;26;21;27;22;40;37;0;38;43;59;57;48;49;60;71;67;74;68;62;0;No;No;No
8472;1;7;15;10;2;24;18;21;27;22;34;42;0;44;41;47;60;48;57;46;69;68;62;67;75;0;No;No;No
8473;11;10;13;14;2;19;28;26;29;16;35;40;0;36;44;49;50;53;55;56;65;71;69;72;64;0;No;No;No
8474;7;6;2;14;1;19;29;27;25;18;40;38;0;41;39;54;53;59;56;60;69;64;72;71;68;0;No;No;No
8475;4;10;9;3;8;30;19;22;20;27;36;42;0;43;31;56;49;53;52;59;66;63;74;61;72;0;No;No;No
8476;4;13;7;3;2;28;17;16;20;25;42;39;0;35;37;51;59;54;50;57;75;63;70;64;62;0;No;No;No
8477;7;13;10;15;4;24;16;25;30;22;40;39;0;42;36;60;57;52;46;56;69;63;65;70;62;0;No;No;No
8478;6;1;5;11;3;24;23;27;29;17;37;42;0;32;43;46;57;50;48;53;64;73;74;70;62;0;No;No;No
8479;5;9;12;11;6;23;22;19;18;27;36;45;0;37;40;57;46;58;53;55;64;67;61;73;68;0;No;No;No
8480;10;3;2;8;5;23;27;28;21;18;41;37;0;34;38;51;58;59;56;54;62;63;64;74;67;0;No;No;No
8481;6;11;4;2;12;23;20;26;29;25;32;44;0;43;40;56;57;46;54;47;63;67;61;68;64;0;No;No;No
8482;7;12;14;1;11;24;23;28;25;27;40;42;0;34;37;58;47;46;54;49;71;62;69;70;73;0;No;No;No
8483;3;2;13;4;1;19;18;26;23;20;42;32;0;44;36;56;54;58;50;59;70;75;72;61;63;0;No;No;No
8484;12;2;14;7;10;22;19;27;23;20;32;33;0;44;40;58;46;56;55;53;67;66;70;73;71;0;No;No;No
8485;14;4;7;5;2;20;19;24;29;18;36;40;0;38;41;46;50;49;57;54;67;73;65;74;72;0;No;No;No
8486;5;8;7;14;1;17;28;19;18;20;39;41;0;35;44;55;52;56;54;57;67;69;75;63;65;0;No;No;No
8487;7;5;12;13;1;20;19;25;17;27;43;39;0;41;34;46;60;47;49;54;70;62;66;61;68;0;No;No;No
8488;8;9;14;10;2;23;20;29;22;21;43;32;0;38;42;59;49;53;56;46;69;67;72;64;74;0;No;No;No
8489;12;2;10;11;1;17;28;22;24;23;35;43;0;32;44;56;58;51;50;57;73;62;72;69;65;0;No;No;No
8490;7;3;5;6;10;16;20;23;17;28;33;41;0;38;32;57;54;49;51;59;72;68;61;71;62;0;No;No;No
8491;7;10;6;3;2;19;27;21;16;24;41;44;0;42;31;50;56;54;48;59;71;66;65;61;72;0;No;No;No
8492;1;3;12;10;13;18;20;28;24;26;31;39;0;35;40;55;53;59;49;58;73;71;66;70;64;0;No;No;No
8493;15;7;9;8;3;27;25;21;24;16;42;40;0;45;32;57;58;59;54;46;66;68;69;67;73;0;No;No;No
8494;6;5;10;7;3;17;29;26;21;18;44;35;0;42;36;58;46;47;52;57;73;68;70;72;63;0;No;No;No
8495;12;1;10;8;13;16;17;21;20;19;33;40;0;44;42;58;52;53;56;59;69;71;65;63;66;0;No;No;No
8496;13;3;4;7;11;18;28;25;16;19;35;39;0;34;43;53;54;59;52;58;67;65;69;66;71;0;No;No;No
8497;13;11;5;8;7;16;18;25;20;29;42;32;0;38;36;48;58;55;59;49;67;64;65;75;72;0;No;No;No
8498;7;14;13;10;12;23;26;21;22;17;37;36;0;34;32;59;48;49;46;60;74;62;69;73;70;0;No;No;No
8499;13;6;12;3;4;25;23;20;22;27;33;35;0;44;32;49;60;56;48;52;69;74;67;71;63;0;No;No;No
8500;15;10;5;8;12;17;16;22;27;21;35;31;0;44;41;53;50;52;46;51;62;72;63;71;74;0;No;No;No
8501;2;1;13;14;5;23;22;26;24;28;43;38;0;33;42;60;47;50;49;57;68;62;69;64;66;0;No;No;No
8502;14;4;3;5;7;29;26;17;19;18;31;44;0;41;39;59;50;52;51;56;74;64;75;61;70;0;No;No;No
8503;3;10;12;7;1;18;25;27;17;23;36;33;0;31;35;59;54;55;52;48;71;72;62;74;64;0;No;No;No
8504;4;7;10;13;5;17;26;29;24;20;36;37;0;38;40;48;54;53;47;56;68;66;63;62;61;0;No;No;No
8505;10;1;8;7;5;21;29;23;18;24;32;31;0;35;37;50;51;49;46;53;70;63;68;69;66;0;No;No;No
8506;11;7;13;8;10;26;23;25;16;27;31;40;0;38;34;58;60;46;53;48;65;75;66;73;74;0;No;No;No
8507;2;13;14;6;3;28;26;16;27;25;32;38;0;34;33;54;46;52;55;51;65;63;62;64;71;0;No;No;No
8508;9;3;11;6;4;25;26;30;27;19;32;34;0;31;40;46;52;57;48;56;61;74;65;68;70;0;No;No;No
8509;10;6;5;11;12;19;24;17;30;20;32;37;0;44;41;47;55;59;58;50;64;61;66;71;62;0;No;No;No
8510;3;13;8;2;5;16;18;17;20;28;34;39;0;33;40;50;57;48;58;55;64;63;61;71;72;0;No;No;No
8511;1;6;7;14;15;20;22;26;18;17;38;43;0;36;39;47;53;50;54;58;72;73;71;69;62;0;No;No;No
8512;2;11;10;9;15;20;23;16;28;29;43;44;0;42;38;47;46;50;55;56;71;74;72;73;66;0;No;No;No
8513;2;13;1;4;8;22;26;20;21;29;35;43;0;44;39;48;57;51;47;54;64;69;74;61;73;0;No;No;No
8514;13;3;11;5;12;21;16;17;25;20;36;38;0;42;34;55;49;48;57;54;67;71;63;68;65;0;No;No;No
8515;1;2;7;11;12;21;20;18;29;16;44;38;0;43;37;48;57;55;54;53;62;68;70;67;66;0;No;No;No
8516;3;13;15;11;1;16;28;25;27;18;44;41;0;38;42;46;59;50;49;52;63;71;64;61;62;0;No;No;No
8517;7;8;11;12;3;25;21;28;26;18;41;43;0;45;40;59;49;60;55;51;74;68;71;66;67;0;No;No;No
8518;7;13;14;9;5;19;28;17;23;24;39;38;0;32;41;60;54;57;50;47;71;74;70;61;69;0;No;No;No
8519;7;2;9;13;14;30;17;25;16;29;37;38;0;39;43;50;55;47;49;57;71;65;73;72;63;0;No;No;No
8520;13;10;15;2;8;19;25;22;21;27;38;37;0;31;42;55;57;53;60;54;62;66;65;69;70;0;No;No;No
8521;6;4;9;2;12;22;19;24;17;16;35;43;0;36;41;47;54;46;49;58;70;68;73;62;72;0;No;No;No
8522;2;3;9;6;1;28;18;21;24;23;45;36;0;33;35;53;51;46;52;49;73;63;71;74;64;0;No;No;No
8523;6;11;3;9;13;24;20;17;23;28;31;36;0;33;41;60;50;58;47;51;63;68;70;73;65;0;No;No;No
8524;13;2;4;12;10;20;29;23;19;28;38;34;0;41;37;53;49;58;57;59;72;64;69;63;74;0;No;No;No
8525;12;11;1;5;13;23;24;22;29;26;41;34;0;35;36;48;47;46;53;55;63;72;65;70;67;0;No;No;No
8526;5;12;11;9;10;16;18;26;30;29;43;35;0;33;36;52;54;51;48;49;62;68;61;72;66;0;No;No;No
8527;7;3;12;15;4;19;18;28;24;17;34;31;0;33;39;52;57;46;51;56;63;69;73;65;70;0;No;No;No
8528;8;5;11;7;4;28;29;22;26;20;43;31;0;44;37;47;55;53;49;56;61;64;66;68;71;0;No;No;No
8529;11;5;15;10;9;20;26;29;30;25;39;33;0;41;37;53;46;56;51;57;68;71;69;74;72;0;No;No;No
8530;10;7;1;6;14;25;21;26;24;17;32;31;0;42;39;59;60;53;49;55;71;62;70;61;72;0;No;No;No
8531;14;4;13;7;11;24;16;29;28;30;41;31;0;44;36;46;48;52;47;58;65;62;64;73;74;0;No;No;No
8532;5;3;14;10;12;23;28;20;21;26;34;41;0;42;31;51;49;53;46;52;74;64;73;68;72;0;No;No;No
8533;14;3;12;4;2;24;19;16;23;18;43;34;0;44;40;59;57;50;49;58;66;67;72;68;70;0;No;No;No
8534;10;5;13;8;4;27;26;18;23;30;33;39;0;34;31;53;51;55;48;59;64;73;71;63;70;0;No;No;No
8535;1;13;8;9;14;29;26;27;19;20;33;38;0;34;32;48;56;46;51;58;68;66;69;73;61;0;No;No;No
8536;12;8;2;3;10;29;26;28;21;18;36;34;0;33;37;46;51;50;59;53;75;65;68;67;64;0;No;No;No
8537;12;11;7;5;8;29;18;26;16;24;37;33;0;35;34;58;57;59;56;54;64;72;69;65;68;0;No;No;No
8538;12;13;4;5;8;25;22;20;27;19;40;43;0;37;44;46;53;56;51;55;64;72;69;71;74;0;No;No;No
8539;7;8;14;13;11;24;18;25;19;26;41;39;0;37;40;58;52;59;60;47;68;69;73;62;61;0;No;No;No
8540;1;9;11;10;13;25;30;16;23;24;34;38;0;44;42;52;59;46;53;55;64;73;70;61;72;0;No;No;No
8541;4;14;15;10;11;17;27;29;18;28;37;32;0;41;38;57;54;46;51;48;63;66;70;67;74;0;No;No;No
8542;15;12;1;14;4;17;27;28;20;24;41;31;0;33;37;46;56;52;57;54;75;68;66;70;73;0;No;No;No
8543;10;8;1;2;13;25;20;22;16;19;32;41;0;38;34;55;47;60;58;54;72;74;61;66;73;0;No;No;No
8544;14;1;7;10;5;25;28;24;29;18;38;34;0;40;31;47;57;60;48;50;71;63;68;75;72;0;No;No;No
8545;11;8;5;13;10;24;18;19;30;22;32;40;0;36;38;51;55;56;46;58;69;67;75;72;68;0;No;No;No
8546;13;2;3;14;4;22;19;17;16;21;39;35;0;34;32;56;50;48;46;60;65;74;70;64;63;0;No;No;No
8547;13;11;9;12;6;17;16;25;20;28;39;42;0;35;31;50;53;51;46;47;72;65;64;71;61;0;No;No;No
8548;7;3;1;6;9;20;21;30;26;23;33;43;0;34;38;56;46;58;53;49;74;70;71;75;73;0;No;No;No
8549;8;14;2;7;11;20;23;22;21;25;39;34;0;40;31;57;55;53;52;49;75;61;73;71;69;0;No;No;No
8550;15;10;8;11;6;19;21;16;27;18;39;35;0;34;33;54;58;53;60;46;72;67;70;73;66;0;No;No;No
8551;12;5;7;6;13;17;30;27;19;23;34;39;0;32;44;55;58;52;54;50;71;73;70;74;67;0;No;No;No
8552;13;3;11;1;6;16;23;30;17;21;33;32;0;31;34;59;57;55;49;54;71;62;64;67;70;0;No;No;No
8553;11;12;10;6;2;19;21;17;28;23;33;39;0;35;32;47;46;51;52;56;65;68;75;70;71;0;No;No;No
8554;2;7;14;8;11;23;29;19;26;16;45;37;0;34;43;47;58;56;53;46;71;75;65;67;66;0;No;No;No
8555;13;8;6;2;3;17;21;19;16;24;35;39;0;36;43;57;53;58;52;56;61;64;69;67;71;0;No;No;No
8556;1;9;4;12;5;29;30;17;26;19;32;40;0;43;37;60;59;56;49;54;72;73;66;71;65;0;No;No;No
8557;8;12;9;5;1;26;22;19;21;23;32;31;0;43;42;57;60;55;52;51;74;62;72;67;69;0;No;No;No
8558;1;14;4;12;3;27;17;20;25;30;32;36;0;35;34;46;49;58;48;59;66;68;73;71;74;0;No;No;No
8559;9;13;6;7;15;17;26;20;21;24;34;39;0;43;32;55;57;51;50;47;61;72;63;67;66;0;No;No;No
8560;12;2;7;15;6;19;21;27;24;17;44;32;0;39;42;52;46;54;57;56;61;65;73;64;66;0;No;No;No
8561;3;2;15;11;9;21;26;19;23;25;36;32;0;42;33;47;54;57;60;46;66;74;69;67;65;0;No;No;No
8562;3;7;10;8;14;28;29;18;26;23;44;41;0;43;35;56;49;48;57;55;73;72;61;75;74;0;No;No;No
8563;11;14;2;4;5;16;29;22;17;25;35;37;0;44;34;48;52;57;50;46;67;64;62;73;61;0;No;No;No
8564;6;10;1;12;11;16;25;27;24;17;36;41;0;33;40;46;53;48;60;59;69;74;66;61;67;0;No;No;No
8565;3;6;14;9;4;25;28;18;23;20;43;39;0;36;37;49;54;47;48;52;65;61;69;72;64;0;No;No;No
8566;9;12;10;2;15;24;29;21;27;20;45;35;0;41;32;59;47;57;58;51;64;71;63;74;70;0;No;No;No
8567;12;14;10;7;15;23;16;28;26;18;33;41;0;32;42;52;56;55;53;50;68;73;67;69;75;0;No;No;No
8568;14;4;5;12;3;28;21;19;20;23;44;39;0;42;32;56;59;47;54;53;73;68;74;63;67;0;No;No;No
8569;7;3;10;11;8;27;25;20;29;24;32;45;0;34;41;49;52;53;48;55;65;72;63;68;62;0;No;No;No
8570;6;1;14;7;13;18;20;23;29;27;37;35;0;36;31;60;57;58;55;48;64;61;71;63;69;0;No;No;No
8571;10;9;4;14;8;22;27;28;26;29;40;31;0;34;37;54;52;57;60;59;69;74;63;66;75;0;No;No;No
8572;1;11;4;5;9;28;29;25;22;26;36;41;0;33;40;48;51;59;54;58;74;64;71;65;70;0;No;No;No
8573;10;13;5;14;11;29;26;25;28;20;39;45;0;38;41;52;53;48;51;49;68;64;66;62;70;0;No;No;No
8574;4;3;6;7;11;17;24;29;26;30;44;38;0;32;42;50;53;55;60;48;69;63;68;74;64;0;No;No;No
8575;14;8;3;1;11;20;23;26;27;17;39;31;0;43;33;55;49;48;46;51;66;73;72;63;70;0;No;No;No
8576;4;2;11;7;8;23;17;25;19;27;34;36;0;31;44;52;55;54;49;58;69;62;66;75;68;0;No;No;No
8577;11;4;5;8;13;21;25;26;27;28;37;44;0;33;39;46;55;54;56;48;64;73;72;66;74;0;No;No;No
8578;14;7;1;13;11;16;29;17;30;23;32;37;0;31;33;59;55;52;57;50;74;64;68;71;66;0;No;No;No
8579;6;12;7;13;4;24;27;29;28;18;44;39;0;42;32;55;52;51;57;47;73;68;61;66;74;0;No;No;No
8580;14;10;2;11;8;24;30;22;19;28;32;42;0;31;33;53;57;58;55;51;68;66;70;62;71;0;No;No;No
8581;4;7;9;11;5;18;29;27;20;23;40;36;0;34;44;46;52;58;56;48;62;66;68;61;65;0;No;No;No
8582;3;7;6;5;13;29;22;17;19;20;45;35;0;37;36;54;50;48;46;52;71;63;68;64;70;0;No;No;No
8583;5;1;11;4;3;20;17;23;26;29;40;44;0;32;42;48;49;52;54;51;70;71;73;61;62;0;No;No;No
8584;7;14;15;9;13;19;20;17;26;21;33;38;0;31;45;49;46;47;59;55;67;65;71;61;70;0;No;No;No
8585;10;6;13;7;15;28;22;20;30;17;38;34;0;44;37;58;54;49;50;53;70;69;65;63;67;0;No;No;No
8586;10;1;14;4;2;19;20;26;27;22;37;43;0;33;36;54;50;48;46;59;67;68;75;69;74;0;No;No;No
8587;13;9;11;1;6;23;25;26;28;27;44;41;0;38;35;55;59;51;50;56;66;64;73;71;67;0;No;No;No
8588;2;15;3;5;13;23;26;28;27;20;39;36;0;33;31;52;57;58;54;50;72;65;62;69;70;0;No;No;No
8589;7;5;15;2;10;22;18;19;29;27;43;41;0;34;39;49;53;47;58;60;63;73;66;69;64;0;No;No;No
8590;5;4;2;9;1;21;20;29;28;24;31;36;0;37;33;57;47;51;58;54;69;63;67;74;71;0;No;No;No
8591;1;12;15;14;5;27;19;26;23;16;33;35;0;45;43;56;54;57;47;51;69;67;73;71;74;0;No;No;No
8592;12;1;8;2;11;28;19;27;29;25;44;45;0;38;37;59;48;49;53;50;65;70;67;69;63;0;No;No;No
8593;7;3;9;10;6;24;22;17;18;25;36;43;0;39;34;48;51;60;47;54;63;72;70;69;65;0;No;No;No
8594;10;13;6;4;7;22;29;24;30;19;39;37;0;40;32;53;51;48;58;56;74;73;68;62;61;0;No;No;No
8595;2;9;8;3;10;25;19;23;28;16;39;45;0;40;38;53;48;49;59;56;70;71;61;62;68;0;No;No;No
8596;11;13;3;10;8;20;26;23;25;16;40;43;0;37;42;54;48;51;55;52;64;68;71;74;72;0;No;No;No
8597;10;13;8;1;2;24;22;21;17;28;44;43;0;45;41;57;56;50;58;55;71;67;72;69;70;0;No;No;No
8598;12;10;4;1;7;16;28;25;19;30;35;43;0;34;41;60;48;47;53;56;71;68;72;64;63;0;No;No;No
8599;5;2;12;3;14;19;28;24;30;20;35;43;0;38;39;49;48;54;51;58;69;75;61;73;68;0;No;No;No
8600;4;8;1;14;11;29;22;17;24;30;34;33;0;37;40;54;55;49;59;53;70;72;71;69;73;0;No;No;No
8601;6;2;3;12;10;20;26;21;27;19;33;31;0;43;38;46;56;55;50;59;65;61;68;67;72;0;No;No;No
8602;2;4;7;10;3;20;22;18;23;24;34;38;0;45;35;57;59;58;53;49;64;67;68;63;71;0;No;No;No
8603;7;4;14;6;2;21;23;24;22;28;41;35;0;32;45;56;58;48;54;49;74;75;68;70;71;0;No;No;No
8604;9;7;13;1;2;23;24;27;25;18;38;40;0;42;33;46;58;56;57;47;73;65;68;64;72;0;No;No;No
8605;12;14;8;6;10;24;27;22;23;19;39;42;0;38;34;59;56;50;52;58;66;72;61;65;71;0;No;No;No
8606;12;6;7;1;8;18;26;17;20;19;36;34;0;35;40;53;51;57;48;50;69;64;71;65;73;0;No;No;No
8607;12;1;9;10;4;18;28;27;25;23;32;31;0;45;33;53;46;60;54;52;70;64;68;72;62;0;No;No;No
8608;7;9;11;3;10;17;16;19;28;25;36;31;0;40;38;52;60;47;46;51;75;67;61;66;71;0;No;No;No
8609;9;3;11;6;15;17;29;19;26;18;44;34;0;36;39;57;49;56;54;50;72;68;61;62;67;0;No;No;No
8610;12;6;5;7;8;27;21;23;22;29;33;31;0;32;41;53;47;59;50;57;65;61;75;72;69;0;No;No;No
8611;12;3;4;5;6;16;23;21;26;25;35;32;0;40;31;50;58;48;60;59;61;74;70;66;62;0;No;No;No
8612;3;4;6;10;5;25;16;26;29;22;43;33;0;41;42;57;56;51;50;59;70;73;71;67;65;0;No;No;No
8613;7;1;9;11;13;25;16;23;22;24;44;42;0;41;32;50;57;60;51;49;61;70;63;68;69;0;No;No;No
8614;9;11;4;8;13;24;17;25;20;26;44;37;0;35;38;48;53;58;52;46;68;62;67;73;64;0;No;No;No
8615;4;2;8;10;5;24;28;30;18;22;34;31;0;35;41;51;52;46;55;56;63;65;64;75;71;0;No;No;No
8616;1;12;11;2;6;23;30;22;18;25;42;33;0;36;43;57;48;59;47;50;70;67;72;62;73;0;No;No;No
8617;5;12;10;7;15;28;17;24;25;18;31;43;0;44;34;60;58;56;48;51;63;65;69;74;70;0;No;No;No
8618;8;11;7;4;13;21;20;25;19;22;40;43;0;31;44;51;49;50;46;56;69;64;63;61;72;0;No;No;No
8619;3;11;1;5;14;21;26;17;28;19;36;39;0;44;31;51;47;56;53;49;74;66;64;69;68;0;No;No;No
8620;12;10;15;5;11;25;22;20;23;24;44;43;0;41;40;48;49;53;46;52;64;70;71;68;67;0;No;No;No
8621;14;5;12;4;1;20;24;28;25;16;45;33;0;44;42;53;49;48;46;60;70;68;62;73;63;0;No;No;No
8622;10;5;9;14;15;18;21;24;23;25;35;41;0;39;44;53;46;58;52;48;67;64;68;72;75;0;No;No;No
8623;12;3;2;10;13;26;21;19;16;18;37;43;0;40;32;56;59;51;49;46;72;67;68;71;70;0;No;No;No
8624;14;10;6;4;1;23;28;20;17;29;44;40;0;32;31;53;52;51;46;59;72;69;64;61;67;0;No;No;No
8625;3;10;12;5;11;27;24;26;16;20;34;32;0;42;37;48;55;52;53;54;64;75;70;71;66;0;No;No;No
8626;4;8;7;3;11;27;17;16;25;18;37;34;0;33;31;56;53;47;51;60;72;70;66;71;62;0;No;No;No
8627;11;1;5;6;12;21;28;30;26;27;44;32;0;39;43;57;59;51;46;55;72;63;62;64;65;0;No;No;No
8628;12;11;1;14;10;16;28;23;18;19;31;43;0;41;40;47;56;53;52;50;70;65;61;62;72;0;No;No;No
8629;11;5;6;13;9;23;17;30;19;18;41;34;0;37;32;54;50;57;56;47;67;66;72;74;70;0;No;No;No
8630;6;10;11;1;3;17;21;27;25;29;42;31;0;37;36;48;52;50;47;59;62;63;67;64;61;0;No;No;No
8631;10;7;3;9;12;28;24;29;30;23;45;39;0;33;40;56;47;53;60;59;61;71;62;73;69;0;No;No;No
8632;9;1;13;11;4;16;18;27;28;24;39;45;0;38;33;46;51;54;57;56;73;65;66;72;64;0;No;No;No
8633;7;4;9;14;11;16;21;20;23;22;42;36;0;41;38;57;50;52;55;48;69;70;67;72;66;0;No;No;No
8634;6;13;14;3;2;21;20;19;18;28;41;36;0;42;37;55;53;58;60;49;62;70;67;73;68;0;No;No;No
8635;5;10;3;12;14;29;23;18;28;19;42;37;0;40;31;58;60;53;57;55;61;66;73;70;64;0;No;No;No
8636;1;7;12;2;4;16;19;28;20;18;36;43;0;45;37;55;57;50;59;48;65;68;75;62;67;0;No;No;No
8637;6;14;3;7;9;25;22;21;19;28;37;32;0;31;36;53;52;47;48;59;71;61;63;69;70;0;No;No;No
8638;7;4;11;12;15;16;29;26;22;24;37;33;0;42;39;50;56;47;48;53;71;68;67;61;63;0;No;No;No
8639;1;11;14;12;4;26;17;21;29;25;32;40;0;42;33;57;59;51;48;56;64;63;65;71;62;0;No;No;No
8640;7;3;13;2;12;17;25;26;28;30;44;40;0;33;35;52;46;57;50;59;70;74;67;62;66;0;No;No;No
8641;3;4;11;13;7;19;18;24;27;20;37;43;0;41;35;59;53;58;49;56;71;72;69;67;61;0;No;No;No
8642;12;5;2;4;1;21;25;18;19;23;32;36;0;42;44;48;49;51;52;53;74;68;72;65;64;0;No;No;No
8643;9;14;11;10;15;28;18;20;24;16;34;43;0;37;38;51;56;53;48;54;61;68;62;65;73;0;No;No;No
8644;3;6;5;13;11;20;18;23;16;27;39;33;0;43;32;57;54;52;46;50;71;69;61;74;63;0;No;No;No
8645;11;4;5;12;10;20;22;21;17;28;38;37;0;44;43;60;53;47;59;49;69;61;72;73;70;0;No;No;No
8646;14;5;9;13;1;18;26;16;20;27;42;32;0;35;38;60;50;52;58;57;75;70;63;62;68;0;No;No;No
8647;3;12;8;6;13;20;26;17;19;29;42;45;0;36;44;54;50;51;46;48;62;64;61;74;71;0;No;No;No
8648;8;2;15;6;5;22;25;19;23;27;44;33;0;40;31;58;57;53;47;48;65;68;62;64;61;0;No;No;No
8649;5;6;2;4;7;20;30;29;24;25;40;41;0;39;38;49;57;54;56;47;71;61;63;62;64;0;No;No;No
8650;1;4;3;9;5;25;22;24;21;20;39;38;0;33;35;49;51;55;46;47;66;67;68;62;63;0;No;No;No
8651;14;12;8;2;7;18;26;27;17;21;43;33;0;34;40;52;46;48;49;51;64;71;65;61;73;0;No;No;No
8652;9;13;12;8;3;28;23;22;30;21;37;43;0;39;38;54;60;58;47;52;66;70;61;63;75;0;No;No;No
8653;6;12;3;13;11;20;21;19;18;28;43;35;0;33;34;58;57;56;47;48;63;71;74;70;66;0;No;No;No
8654;14;1;7;10;15;16;23;29;19;27;43;41;0;39;34;60;50;53;57;48;63;72;69;61;70;0;No;No;No
8655;13;7;8;9;14;25;27;19;16;23;44;40;0;37;35;50;58;51;54;57;61;73;69;72;63;0;No;No;No
8656;3;11;14;10;6;19;26;29;24;16;36;40;0;41;44;55;51;50;57;56;64;68;70;63;65;0;No;No;No
8657;13;2;3;4;9;18;22;20;29;27;31;40;0;41;34;56;59;54;57;47;74;71;69;73;64;0;No;No;No
8658;13;9;2;6;14;21;30;25;28;18;41;37;0;44;35;54;55;57;59;50;65;73;72;70;66;0;No;No;No
8659;4;7;14;15;11;20;24;19;28;29;32;44;0;39;43;48;49;53;55;52;75;65;71;70;72;0;No;No;No
8660;14;6;4;2;7;26;17;16;21;18;38;40;0;44;32;57;50;53;48;56;62;69;67;75;61;0;No;No;No
8661;14;11;6;7;13;18;17;20;21;27;33;41;0;31;43;59;47;55;58;57;70;72;71;67;64;0;No;No;No
8662;5;4;10;2;3;23;19;22;25;21;41;35;0;31;40;46;57;53;54;51;74;70;65;63;67;0;No;No;No
8663;12;10;13;9;3;20;26;28;16;22;34;40;0;41;44;46;47;52;55;54;64;74;63;62;68;0;No;No;No
8664;8;13;6;2;1;16;29;22;24;20;37;42;0;44;34;56;46;47;50;60;70;68;67;61;71;0;No;No;No
8665;5;11;13;2;6;18;17;21;28;29;39;37;0;42;34;54;59;47;53;49;65;66;70;74;67;0;No;No;No
8666;7;15;12;1;3;24;23;16;27;26;39;32;0;40;38;59;56;47;60;55;63;67;65;71;68;0;No;No;No
8667;9;7;10;14;1;18;28;25;17;27;41;42;0;38;43;54;57;60;48;49;71;75;74;68;73;0;No;No;No
8668;10;13;14;6;1;25;19;27;17;29;31;45;0;38;42;52;46;53;58;50;65;63;66;68;75;0;No;No;No
8669;13;8;7;5;15;20;25;22;18;17;32;41;0;45;35;50;53;48;49;46;65;67;68;70;69;0;No;No;No
8670;3;15;5;9;10;16;18;17;20;24;41;34;0;38;42;46;56;48;59;53;74;62;71;73;67;0;No;No;No
8671;7;13;5;6;4;23;26;21;20;24;32;34;0;44;38;56;53;50;47;59;74;66;71;64;70;0;No;No;No
8672;4;7;10;14;6;29;27;28;22;19;36;35;0;38;43;46;54;49;56;47;74;71;63;64;65;0;No;No;No
8673;12;15;11;1;14;27;22;17;24;29;32;40;0;41;38;59;49;56;52;51;65;68;67;63;61;0;No;No;No
8674;14;13;7;10;8;27;29;16;17;25;38;36;0;33;41;52;58;47;50;59;63;62;65;72;64;0;No;No;No
8675;10;6;1;5;13;25;20;21;29;27;43;41;0;34;40;49;48;56;58;59;62;74;63;73;64;0;No;No;No
8676;7;1;13;2;9;30;28;26;20;22;39;33;0;38;36;53;51;59;52;56;63;64;72;73;70;0;No;No;No
8677;13;14;6;2;8;23;29;21;17;16;32;36;0;37;39;48;54;56;58;55;64;71;66;73;63;0;No;No;No
8678;7;12;1;2;14;24;23;17;29;25;32;40;0;42;31;47;57;58;59;50;74;72;68;70;61;0;No;No;No
8679;9;8;5;10;4;30;23;25;24;27;33;44;0;43;32;48;53;59;55;47;67;62;63;68;72;0;No;No;No
8680;11;13;6;12;8;18;28;26;25;23;45;32;0;31;41;59;49;54;57;51;66;63;67;71;68;0;No;No;No
8681;6;8;4;5;2;17;16;26;30;18;35;34;0;44;39;56;48;57;47;59;70;73;72;65;63;0;No;No;No
8682;5;4;1;8;14;27;17;26;18;23;40;44;0;42;39;47;51;48;56;50;71;62;68;64;65;0;No;No;No
8683;4;6;11;8;9;28;21;20;23;24;44;43;0;40;35;50;51;60;53;57;71;64;70;67;73;0;No;No;No
8684;7;14;8;1;9;21;29;22;20;30;35;39;0;36;32;53;50;55;59;52;74;66;71;68;72;0;No;No;No
8685;13;7;10;8;12;27;17;18;24;29;32;44;0;40;42;57;50;59;47;58;65;73;62;72;69;0;No;No;No
8686;5;11;6;8;4;29;20;23;16;17;40;38;0;41;31;52;60;50;56;59;64;73;62;68;67;0;No;No;No
8687;10;4;14;9;11;27;17;19;26;21;34;41;0;37;35;56;48;47;59;58;71;68;67;73;61;0;No;No;No
8688;1;8;5;3;13;30;26;16;29;19;35;31;0;42;37;48;53;54;55;52;67;63;66;73;72;0;No;No;No
8689;9;4;7;10;14;16;30;20;19;25;32;42;0;35;33;57;59;53;51;55;69;73;74;64;68;0;No;No;No
8690;14;6;10;4;8;28;20;16;19;17;37;41;0;43;33;55;49;56;53;59;61;63;65;74;67;0;No;No;No
8691;9;8;15;5;13;17;19;29;24;27;31;32;0;40;38;59;55;58;52;46;67;63;69;74;70;0;No;No;No
8692;11;12;10;1;2;17;29;27;24;21;31;42;0;36;34;46;58;51;54;49;72;66;67;73;69;0;No;No;No
8693;14;10;12;9;5;17;24;27;29;18;44;33;0;45;38;46;55;51;49;60;72;64;74;68;70;0;No;No;No
8694;11;10;9;12;6;17;29;24;16;27;39;40;0;37;44;58;55;53;47;51;71;73;64;62;68;0;No;No;No
8695;4;10;8;12;7;23;29;19;25;27;45;31;0;37;36;56;54;52;46;50;73;69;72;63;65;0;No;No;No
8696;13;4;14;7;5;20;28;24;29;22;43;42;0;31;39;53;54;60;49;50;64;66;62;75;68;0;No;No;No
8697;6;12;3;4;14;26;30;29;25;17;31;37;0;39;38;55;48;58;54;50;62;66;69;72;73;0;No;No;No
8698;9;14;12;1;8;22;17;18;27;26;34;35;0;41;36;54;55;47;60;52;67;64;71;73;65;0;No;No;No
8699;13;15;3;5;6;21;29;20;18;27;45;35;0;33;34;51;54;58;48;56;61;62;67;74;73;0;No;No;No
8700;9;4;12;2;5;21;20;30;18;19;45;41;0;31;38;50;59;47;58;56;62;73;71;63;65;0;No;No;No
8701;14;1;10;3;11;22;20;18;28;17;32;41;0;34;42;55;50;53;59;49;67;71;68;64;61;0;No;No;No
8702;4;1;5;15;14;18;19;27;20;17;34;38;0;33;32;49;59;54;51;53;68;72;70;61;69;0;No;No;No
8703;6;8;14;13;12;21;18;16;27;26;33;31;0;41;36;54;53;49;52;58;61;68;64;67;74;0;No;No;No
8704;9;3;4;7;6;18;26;27;28;16;42;36;0;41;31;48;54;60;47;57;73;70;71;61;64;0;No;No;No
8705;10;7;4;6;9;28;17;24;21;19;34;32;0;36;31;57;47;54;58;48;70;73;66;64;62;0;No;No;No
8706;13;12;1;11;8;23;19;26;17;30;44;41;0;31;38;52;53;57;46;59;66;63;70;69;72;0;No;No;No
8707;1;14;4;3;11;16;28;21;29;19;41;43;0;45;39;50;58;54;56;48;73;61;72;64;70;0;No;No;No
8708;4;10;7;1;11;18;23;22;16;27;37;41;0;39;42;56;55;57;46;48;70;73;62;74;68;0;No;No;No
8709;2;8;12;9;5;19;20;16;17;23;37;32;0;36;41;56;58;52;60;46;74;68;73;65;61;0;No;No;No
8710;5;14;3;6;13;29;23;20;27;21;36;41;0;45;33;57;48;54;46;55;70;61;66;65;73;0;No;No;No
8711;6;12;5;1;4;22;25;20;16;30;43;37;0;44;42;57;53;51;47;52;68;63;65;73;71;0;No;No;No
8712;12;15;2;4;3;20;17;21;22;16;34;36;0;44;33;59;58;57;46;50;68;70;67;62;65;0;No;No;No
8713;2;6;5;1;10;25;22;21;27;18;39;38;0;32;44;57;48;49;46;58;74;70;63;71;69;0;No;No;No
8714;13;10;14;3;6;26;23;18;17;22;40;31;0;43;42;49;55;53;47;56;66;67;69;71;65;0;No;No;No
8715;3;15;12;2;4;24;22;28;20;29;33;39;0;40;34;60;48;46;55;59;73;62;67;65;70;0;No;No;No
8716;1;5;9;2;11;21;16;29;18;25;40;43;0;44;31;48;59;46;58;56;62;73;72;71;69;0;No;No;No
8717;7;1;4;12;15;18;20;17;25;24;44;32;0;42;35;49;50;52;53;46;69;61;71;68;66;0;No;No;No
8718;14;10;3;5;9;22;24;18;21;17;31;38;0;42;41;50;53;46;57;58;61;64;74;72;62;0;No;No;No
8719;10;1;3;12;13;16;22;27;18;25;34;37;0;42;31;56;49;55;59;54;72;71;67;61;66;0;No;No;No
8720;4;14;5;10;8;27;26;21;25;28;40;39;0;41;34;49;51;47;48;60;73;64;66;65;69;0;No;No;No
8721;6;4;13;3;1;17;29;24;30;23;38;33;0;43;35;47;50;56;52;51;74;66;62;61;73;0;No;No;No
8722;3;2;6;9;8;20;19;27;21;17;45;32;0;37;39;57;47;51;53;55;72;70;74;66;69;0;No;No;No
8723;5;7;6;4;11;22;29;23;16;25;38;36;0;40;44;53;56;46;59;58;75;67;62;66;73;0;No;No;No
8724;10;7;9;8;4;19;22;21;23;18;43;32;0;33;34;53;55;51;46;52;70;73;62;68;61;0;No;No;No
8725;14;13;4;12;1;18;25;24;27;30;41;37;0;43;32;48;54;51;46;56;66;75;70;71;65;0;No;No;No
8726;11;8;5;1;2;23;27;26;19;25;32;43;0;44;36;47;56;50;57;52;67;62;66;61;74;0;No;No;No
8727;4;9;11;6;12;19;22;18;26;24;32;33;0;44;43;49;47;54;51;48;73;75;61;74;63;0;No;No;No
8728;2;13;6;4;10;25;19;24;21;29;43;45;0;33;41;59;57;48;56;58;71;61;73;74;72;0;No;No;No
8729;8;10;3;13;11;23;24;28;21;29;34;31;0;41;39;56;51;57;49;55;71;67;68;73;74;0;No;No;No
8730;5;6;14;3;9;19;26;21;16;27;31;37;0;44;40;60;46;59;52;53;73;65;67;63;64;0;No;No;No
8731;12;5;6;7;2;26;19;24;30;23;33;43;0;42;40;52;59;48;56;60;61;69;63;70;74;0;No;No;No
8732;4;9;3;12;11;19;26;16;18;20;36;33;0;42;40;59;55;56;47;58;73;61;69;74;68;0;No;No;No
8733;11;8;15;14;6;18;24;25;21;22;37;45;0;42;44;58;48;46;51;60;71;73;64;67;63;0;No;No;No
8734;1;11;4;12;14;28;21;24;23;22;36;35;0;39;40;57;53;46;49;50;67;69;71;72;61;0;No;No;No
8735;12;11;1;2;8;17;26;19;29;20;35;32;0;42;40;46;49;51;53;55;68;66;75;63;64;0;No;No;No
8736;6;12;14;8;7;24;20;28;25;22;42;36;0;41;33;53;54;52;46;57;73;75;62;72;64;0;No;No;No
8737;12;5;11;7;9;17;28;18;24;26;36;37;0;31;32;51;60;56;48;57;62;66;72;65;70;0;No;No;No
8738;4;15;6;8;5;21;24;27;19;30;42;45;0;37;39;47;46;48;51;52;66;72;74;62;71;0;No;No;No
8739;4;10;7;14;2;29;19;26;20;25;41;42;0;40;37;52;48;53;56;50;71;64;68;61;65;0;No;No;No
8740;2;1;6;11;5;22;26;17;29;28;31;42;0;44;39;58;49;57;48;52;74;67;65;63;72;0;No;No;No
8741;10;12;9;2;1;28;26;24;18;23;33;39;0;31;32;47;46;54;55;58;69;67;74;70;64;0;No;No;No
8742;3;11;12;6;7;28;25;23;18;16;40;31;0;38;32;57;58;50;48;49;73;72;67;63;64;0;No;No;No
8743;3;10;2;4;6;26;16;29;19;27;31;35;0;32;38;48;58;59;47;51;68;67;64;74;63;0;No;No;No
8744;9;15;2;12;11;25;21;22;29;23;35;32;0;36;41;52;57;56;58;47;62;71;70;66;73;0;No;No;No
8745;1;8;14;13;10;27;19;25;23;18;42;43;0;38;34;58;59;52;51;46;65;63;61;62;74;0;No;No;No
8746;3;12;7;5;4;17;25;18;21;26;33;32;0;37;31;55;48;52;49;59;75;69;65;70;66;0;No;No;No
8747;14;11;8;10;1;17;16;22;24;28;42;38;0;40;37;60;51;52;50;59;71;65;64;67;69;0;No;No;No
8748;10;1;12;3;7;24;19;28;17;26;43;44;0;38;37;60;46;55;56;57;71;73;66;62;70;0;No;No;No
8749;11;15;1;8;13;18;16;17;22;26;39;36;0;35;38;48;53;50;59;46;67;66;64;73;72;0;No;No;No
8750;1;14;7;9;10;26;18;27;17;24;41;31;0;35;42;53;54;60;57;59;69;68;64;63;74;0;No;No;No
8751;6;13;2;3;9;20;18;27;25;21;41;35;0;38;37;51;47;55;54;56;63;74;75;67;65;0;No;No;No
8752;7;6;4;2;13;24;26;16;29;25;34;32;0;42;35;60;58;57;46;50;75;65;70;74;61;0;No;No;No
8753;6;10;2;9;5;17;22;18;25;27;44;42;0;43;33;51;57;52;58;50;63;67;75;68;71;0;No;No;No
8754;1;3;12;4;10;21;28;20;16;24;45;43;0;38;44;50;56;55;58;59;64;71;61;74;73;0;No;No;No
8755;5;8;14;11;12;19;28;23;24;20;36;35;0;40;41;53;56;52;54;48;68;72;74;62;73;0;No;No;No
8756;9;6;2;12;4;29;22;25;28;23;39;35;0;43;44;56;59;58;49;51;70;71;73;65;61;0;No;No;No
8757;10;12;8;2;1;16;27;29;23;28;44;40;0;35;43;52;55;57;51;56;62;65;69;66;71;0;No;No;No
8758;10;2;8;7;15;30;25;28;22;16;36;41;0;42;33;48;56;47;51;58;66;71;73;62;61;0;No;No;No
8759;13;9;3;12;4;17;29;19;21;23;44;38;0;33;34;54;49;50;51;53;62;67;64;71;63;0;No;No;No
8760;2;4;12;13;10;21;24;29;20;26;35;41;0;42;38;60;50;55;53;49;62;65;74;66;61;0;No;No;No
8761;3;2;4;6;8;29;21;20;22;23;39;32;0;38;43;47;58;55;53;49;72;63;62;61;69;0;No;No;No
8762;12;15;13;10;9;25;26;20;22;16;41;36;0;40;43;55;46;52;47;51;69;65;67;68;64;0;No;No;No
8763;14;4;12;5;10;30;17;21;16;20;37;35;0;34;36;48;47;51;55;58;65;71;63;68;61;0;No;No;No
8764;14;13;2;3;1;24;27;29;22;16;36;44;0;41;39;50;60;51;48;54;67;62;75;69;66;0;No;No;No
8765;5;13;11;9;10;25;27;29;23;19;41;33;0;44;43;52;50;54;60;48;71;64;66;72;74;0;No;No;No
8766;4;13;9;8;2;22;24;19;21;26;37;43;0;33;34;59;46;51;47;50;73;63;68;67;71;0;No;No;No
8767;12;1;8;2;10;29;27;20;28;16;35;36;0;42;37;59;55;53;51;54;73;71;70;69;61;0;No;No;No
8768;14;6;5;10;9;29;21;26;25;17;33;37;0;34;32;52;48;60;58;57;73;62;65;74;70;0;No;No;No
8769;7;13;10;12;4;26;28;24;29;30;44;40;0;34;37;47;60;52;50;59;61;66;62;70;65;0;No;No;No
8770;9;12;15;11;14;25;26;27;17;30;32;42;0;45;39;48;55;56;51;54;73;62;71;70;63;0;No;No;No
8771;4;10;9;8;11;26;29;28;22;25;42;34;0;33;31;54;53;56;50;57;61;63;65;70;69;0;No;No;No
8772;10;2;15;12;7;27;18;26;23;22;44;41;0;39;37;56;53;58;49;50;62;67;64;65;61;0;No;No;No
8773;5;8;4;13;9;29;30;17;21;25;35;32;0;41;40;57;46;49;54;59;71;73;67;72;68;0;No;No;No
8774;11;6;14;5;10;24;28;22;26;17;34;38;0;44;32;59;48;46;54;53;63;72;73;65;71;0;No;No;No
8775;3;6;2;9;11;25;20;26;27;18;32;44;0;33;35;46;48;52;53;50;67;73;72;74;70;0;No;No;No
8776;12;6;10;14;8;24;23;28;29;22;38;40;0;36;37;59;53;56;52;54;69;64;74;73;62;0;No;No;No
8777;10;1;14;3;12;29;27;26;25;18;32;34;0;36;33;55;46;56;47;54;71;69;73;61;64;0;No;No;No
8778;12;4;14;7;13;30;17;23;21;19;37;41;0;40;32;49;47;50;59;56;74;70;65;61;75;0;No;No;No
8779;3;10;7;8;15;26;22;20;24;18;33;37;0;35;34;52;60;46;48;50;67;66;69;70;68;0;No;No;No
8780;1;8;11;12;4;16;17;24;23;20;41;44;0;43;40;50;51;56;59;55;66;68;72;74;71;0;No;No;No
8781;2;13;1;14;9;18;24;25;19;20;37;31;0;42;43;50;55;46;57;48;73;65;71;69;72;0;No;No;No
8782;14;8;13;6;11;17;25;21;20;23;38;45;0;44;34;51;47;60;46;56;72;66;74;63;62;0;No;No;No
8783;2;1;7;4;12;27;18;22;28;16;39;44;0;33;40;58;52;59;53;49;65;68;74;61;70;0;No;No;No
8784;13;10;3;2;8;29;18;21;27;28;45;33;0;40;41;48;50;56;53;54;74;64;73;71;68;0;No;No;No
8785;6;5;1;12;13;19;27;17;23;24;44;32;0;34;37;48;53;50;59;57;63;74;73;66;71;0;No;No;No
8786;3;5;10;11;1;24;30;25;22;19;44;36;0;31;33;60;46;57;47;48;70;68;69;71;63;0;No;No;No
8787;5;3;12;4;2;28;17;24;22;19;40;42;0;44;32;51;56;50;57;49;63;64;68;72;73;0;No;No;No
8788;6;4;3;13;5;20;28;23;25;22;43;37;0;39;38;46;48;53;59;52;71;75;67;61;65;0;No;No;No
8789;8;9;3;7;13;18;22;30;24;21;45;35;0;37;38;55;54;56;57;58;61;74;71;63;67;0;No;No;No
8790;9;1;13;5;15;30;27;16;21;29;34;40;0;31;37;55;50;56;47;54;62;70;61;66;75;0;No;No;No
8791;11;13;8;4;14;17;20;21;16;28;40;35;0;44;32;54;50;56;52;57;68;69;71;70;61;0;No;No;No
8792;10;11;3;8;14;19;21;28;17;30;41;31;0;35;40;47;55;46;53;49;68;62;73;72;74;0;No;No;No
8793;14;13;1;12;8;25;22;21;19;26;40;45;0;35;44;51;56;60;58;50;67;75;68;61;69;0;No;No;No
8794;3;10;12;8;11;17;21;23;16;29;38;41;0;34;44;53;48;51;47;49;67;72;66;62;68;0;No;No;No
8795;8;4;15;5;6;23;28;17;18;20;36;33;0;31;37;58;55;59;53;51;71;67;74;61;70;0;No;No;No
8796;8;14;12;2;13;27;29;23;16;26;31;33;0;41;42;49;56;47;57;53;65;69;68;61;73;0;No;No;No
8797;13;11;1;9;12;29;20;25;24;26;31;37;0;36;34;56;57;58;52;49;73;74;70;69;63;0;No;No;No
8798;2;1;5;14;12;17;29;21;25;28;45;44;0;35;40;53;49;48;58;60;63;69;72;62;74;0;No;No;No
8799;6;14;3;2;13;17;29;24;22;27;33;39;0;43;38;46;51;48;60;57;75;65;64;69;62;0;No;No;No
8800;7;6;14;10;4;20;16;27;30;23;41;36;0;40;37;56;49;53;50;46;68;62;69;63;71;0;No;No;No
8801;6;13;4;12;5;26;27;17;18;22;42;34;0;33;36;47;56;57;54;58;61;68;69;65;70;0;No;No;No
8802;4;9;12;13;6;25;17;20;24;16;35;41;0;31;33;58;48;50;52;47;64;68;63;71;70;0;No;No;No
8803;14;15;13;9;11;25;27;17;20;19;35;43;0;32;44;54;56;52;60;51;68;67;75;73;65;0;No;No;No
8804;14;1;10;9;8;25;20;18;19;22;41;43;0;35;36;51;49;56;48;59;66;68;71;64;74;0;No;No;No
8805;7;10;2;1;8;30;24;22;16;26;39;35;0;43;41;52;57;51;46;53;62;64;70;71;61;0;No;No;No
8806;12;4;3;10;5;28;27;20;29;23;44;43;0;38;41;50;46;56;54;53;71;65;68;73;64;0;No;No;No
8807;13;7;5;4;6;16;25;28;22;18;38;31;0;35;36;53;51;54;57;55;72;61;67;71;74;0;No;No;No
8808;9;1;3;6;4;16;28;20;25;24;43;42;0;35;44;60;50;48;51;59;68;72;67;73;63;0;No;No;No
8809;6;1;7;2;5;16;27;21;18;19;33;36;0;31;35;53;54;52;59;49;73;66;65;70;75;0;No;No;No
8810;1;9;15;11;10;21;18;17;24;20;36;41;0;38;39;49;55;52;59;57;61;66;73;63;65;0;No;No;No
8811;5;2;9;12;1;23;20;22;24;25;43;41;0;39;31;48;50;59;54;58;73;65;63;70;72;0;No;No;No
8812;4;5;9;15;8;23;24;19;28;17;40;41;0;42;34;46;59;50;53;47;66;73;67;70;62;0;No;No;No
8813;11;9;5;14;8;26;23;20;18;28;36;43;0;40;39;55;59;51;46;58;65;64;63;68;66;0;No;No;No
8814;5;7;11;9;12;23;27;29;28;20;38;42;0;41;34;50;53;58;49;51;65;72;70;74;68;0;No;No;No
8815;13;1;10;8;11;17;18;26;29;20;34;43;0;40;36;59;53;57;51;54;64;65;66;73;72;0;No;No;No
8816;6;13;1;8;12;28;27;29;24;22;44;45;0;40;36;57;49;50;59;47;63;74;67;69;64;0;No;No;No
8817;15;14;9;3;1;25;27;19;20;16;31;36;0;40;34;48;51;46;55;49;68;63;73;66;64;0;No;No;No
8818;8;4;2;6;5;28;29;21;22;19;31;34;0;35;40;55;49;50;47;48;75;74;63;71;69;0;No;No;No
8819;8;4;1;2;11;28;29;20;26;22;45;44;0;31;40;51;53;59;46;56;74;65;69;72;61;0;No;No;No
8820;3;6;2;4;13;20;22;26;28;21;44;42;0;40;37;54;47;58;52;56;64;73;69;70;62;0;No;No;No
8821;9;7;1;6;8;21;17;29;16;20;35;44;0;38;41;49;48;53;56;52;65;62;74;68;63;0;No;No;No
8822;9;14;6;5;1;17;18;26;27;29;43;33;0;35;44;53;46;50;55;57;66;74;64;72;61;0;No;No;No
8823;4;3;10;14;7;27;26;25;19;16;40;38;0;35;42;58;54;55;51;46;68;69;74;62;61;0;No;No;No
8824;6;2;5;15;14;24;29;17;25;20;31;44;0;35;34;51;46;52;47;49;64;63;74;72;67;0;No;No;No
8825;11;7;13;5;10;18;22;27;24;28;36;38;0;32;33;56;51;58;57;53;70;64;75;65;68;0;No;No;No
8826;14;13;9;4;5;27;29;26;16;18;43;44;0;45;34;51;55;49;48;52;69;66;61;64;68;0;No;No;No
8827;11;9;8;5;13;22;25;21;18;28;36;42;0;35;39;51;59;48;50;47;65;70;62;66;63;0;No;No;No
8828;8;4;6;1;3;30;25;21;23;19;35;32;0;36;34;51;49;59;57;60;66;64;65;67;69;0;No;No;No
8829;12;15;10;5;1;20;30;23;22;17;43;37;0;34;39;51;55;56;47;49;65;70;73;68;72;0;No;No;No
8830;9;11;4;5;15;27;24;22;23;30;33;34;0;37;40;60;59;56;58;46;74;61;63;68;67;0;No;No;No
8831;2;5;14;6;1;29;20;26;27;18;33;41;0;39;37;57;46;53;50;55;66;65;61;67;71;0;No;No;No
8832;11;4;1;15;9;27;22;24;21;26;32;43;0;44;36;53;57;47;56;58;72;63;75;65;73;0;No;No;No
8833;10;14;13;9;2;16;20;28;19;23;38;32;0;41;36;52;49;47;60;48;61;68;62;66;70;0;No;No;No
8834;3;5;9;8;15;28;18;30;23;24;45;42;0;44;37;52;49;60;57;55;71;74;73;64;68;0;No;No;No
8835;10;5;4;9;6;27;28;24;20;29;44;41;0;42;37;49;52;50;47;48;72;69;74;66;63;0;No;No;No
8836;15;3;12;4;1;24;16;21;25;22;38;40;0;31;35;49;55;56;50;47;68;74;70;64;71;0;No;No;No
8837;5;14;1;8;15;23;28;30;19;17;33;31;0;36;35;54;51;52;49;56;73;63;65;72;74;0;No;No;No
8838;14;5;11;9;4;24;18;29;19;22;38;31;0;36;42;57;58;48;47;55;62;70;69;71;66;0;No;No;No
8839;1;12;8;7;11;23;25;20;17;29;38;39;0;34;44;49;56;54;46;51;67;65;69;73;70;0;No;No;No
8840;1;6;9;4;11;28;16;26;27;20;42;44;0;43;41;58;57;55;56;53;63;64;70;62;71;0;No;No;No
8841;5;11;10;2;1;18;26;23;28;27;34;36;0;40;39;55;58;56;60;57;75;68;72;66;61;0;No;No;No
8842;10;3;2;4;14;27;29;17;16;26;43;31;0;34;36;53;46;56;55;47;61;75;63;64;69;0;No;No;No
8843;7;10;11;3;1;22;26;19;20;18;31;40;0;37;34;58;59;50;48;47;62;73;66;72;65;0;No;No;No
8844;6;10;12;14;8;20;22;29;26;18;33;35;0;42;31;52;57;50;59;54;69;62;75;66;64;0;No;No;No
8845;9;14;8;10;7;23;28;26;16;27;41;37;0;39;43;47;52;59;54;50;62;73;65;69;61;0;No;No;No
8846;1;15;12;4;6;18;24;23;26;21;34;39;0;31;43;58;48;50;55;57;61;73;70;65;63;0;No;No;No
8847;1;11;3;6;2;24;22;21;17;16;32;31;0;41;33;56;51;46;55;52;69;65;66;67;71;0;No;No;No
8848;2;4;11;10;12;24;19;16;20;17;38;35;0;39;32;48;60;50;57;55;64;63;67;75;69;0;No;No;No
8849;8;14;7;2;12;28;29;24;19;27;34;38;0;36;45;56;58;55;51;46;65;73;66;71;69;0;No;No;No
8850;8;10;5;13;1;22;25;18;26;16;33;40;0;43;37;55;52;57;47;60;68;65;67;61;74;0;No;No;No
8851;1;3;11;10;12;24;18;25;19;17;40;42;0;34;35;51;47;52;46;58;61;70;71;74;64;0;No;No;No
8852;4;9;13;8;7;19;24;21;26;16;40;35;0;42;34;52;51;57;58;48;65;64;61;66;70;0;No;No;No
8853;1;14;2;5;4;27;22;29;26;19;32;39;0;43;41;50;55;59;58;49;68;64;67;63;69;0;No;No;No
8854;7;14;1;11;6;18;29;28;20;27;45;37;0;38;35;60;58;48;56;57;72;71;73;67;66;0;No;No;No
8855;2;4;10;3;14;19;28;18;24;26;34;42;0;36;33;58;46;53;47;60;67;70;73;63;72;0;No;No;No
8856;3;9;1;14;7;23;20;18;17;28;33;43;0;37;35;53;48;58;49;59;70;74;63;72;62;0;No;No;No
8857;6;7;9;10;15;18;20;24;26;16;35;41;0;32;31;48;49;46;52;50;65;62;66;68;72;0;No;No;No
8858;2;11;12;9;13;17;19;28;25;29;34;40;0;38;32;55;60;47;48;49;61;66;74;68;70;0;No;No;No
8859;14;3;8;2;7;16;30;17;18;22;31;43;0;34;40;59;49;51;55;48;69;67;68;61;65;0;No;No;No
8860;2;13;7;6;8;28;23;26;25;24;42;45;0;34;32;59;46;58;50;51;70;64;73;62;75;0;No;No;No
8861;14;1;5;9;3;17;16;27;25;26;44;31;0;35;38;53;52;46;50;47;71;69;74;70;65;0;No;No;No
8862;6;2;3;9;8;20;16;24;29;18;35;43;0;33;38;47;52;49;55;48;62;71;65;64;66;0;No;No;No
8863;11;8;15;3;1;24;25;23;19;26;43;35;0;39;34;48;47;51;60;54;65;74;66;70;63;0;No;No;No
8864;11;6;10;3;13;19;20;26;23;29;33;31;0;42;37;55;49;48;46;58;62;67;65;71;66;0;No;No;No
8865;8;15;9;11;12;17;27;18;29;24;33;38;0;35;40;59;49;57;53;58;63;62;71;74;67;0;No;No;No
8866;9;1;2;8;14;18;28;22;27;19;34;35;0;43;32;59;57;55;58;50;71;75;62;64;73;0;No;No;No
8867;1;11;10;12;4;25;16;20;24;26;32;45;0;34;43;52;51;60;50;59;75;65;61;74;71;0;No;No;No
8868;12;3;7;9;11;29;28;22;20;23;38;39;0;41;40;48;51;58;59;49;63;61;64;74;75;0;No;No;No
8869;7;5;11;4;13;27;18;28;30;21;36;44;0;38;31;56;55;59;53;46;67;66;69;63;72;0;No;No;No
8870;15;7;11;10;2;24;18;26;25;27;37;31;0;32;39;52;56;51;47;54;66;69;75;72;73;0;No;No;No
8871;15;10;5;11;7;28;24;25;30;26;35;34;0;31;42;52;49;57;54;51;67;72;70;62;63;0;No;No;No
8872;4;1;2;7;6;21;26;25;29;28;35;44;0;40;38;49;50;55;46;48;71;67;65;68;72;0;No;No;No
8873;10;6;8;13;12;21;16;20;25;24;40;35;0;31;39;60;51;59;57;58;64;65;67;61;66;0;No;No;No
8874;10;14;8;15;3;29;16;25;21;19;33;31;0;34;37;49;54;59;56;47;67;72;66;70;62;0;No;No;No
8875;6;9;14;4;13;20;22;29;30;23;43;44;0;34;32;51;47;52;48;54;74;69;73;72;67;0;No;No;No
8876;13;2;6;8;3;26;17;29;28;22;44;39;0;34;38;58;53;54;47;55;74;67;70;62;61;0;No;No;No
8877;13;9;3;4;14;25;30;26;17;18;39;36;0;32;33;46;55;50;56;54;73;68;70;72;71;0;No;No;No
8878;13;3;14;7;4;18;27;21;24;25;38;41;0;39;42;49;53;46;50;56;64;72;68;69;70;0;No;No;No
8879;14;2;3;6;9;22;23;17;25;29;38;45;0;32;36;51;56;59;48;52;69;67;63;68;64;0;No;No;No
8880;7;10;13;1;2;29;28;24;22;16;42;40;0;41;32;55;46;54;51;47;72;64;71;67;73;0;No;No;No
8881;5;14;15;1;7;29;22;18;30;17;42;36;0;45;41;50;53;58;52;49;72;61;64;75;66;0;No;No;No
8882;13;6;11;2;5;19;20;27;30;24;35;42;0;39;33;58;53;54;55;52;74;72;61;62;68;0;No;No;No
8883;1;3;11;15;14;16;25;27;29;18;31;41;0;33;43;47;46;51;55;56;70;67;62;73;61;0;No;No;No
8884;14;4;13;5;12;18;26;28;21;22;34;41;0;44;36;58;59;55;49;53;73;70;67;61;66;0;No;No;No
8885;10;12;5;9;4;19;26;23;22;25;36;44;0;35;41;57;53;55;49;50;65;61;62;72;67;0;No;No;No
8886;13;2;6;7;14;28;27;26;22;29;40;33;0;38;43;52;55;47;59;46;65;63;62;67;64;0;No;No;No
8887;7;10;8;3;12;16;17;29;25;23;35;39;0;31;41;50;54;46;58;59;73;71;72;70;66;0;No;No;No
8888;13;9;10;2;3;24;17;28;26;21;44;42;0;37;31;47;60;55;51;59;67;66;71;68;61;0;No;No;No
8889;13;5;9;14;1;18;20;24;30;27;36;44;0;37;43;57;52;54;46;51;72;63;65;62;66;0;No;No;No
8890;5;4;11;9;3;20;29;16;19;18;41;43;0;40;38;46;48;59;57;52;74;71;70;67;72;0;No;No;No
8891;2;11;7;12;10;19;28;21;27;25;39;37;0;32;35;58;57;56;59;52;73;70;71;64;67;0;No;No;No
8892;15;13;1;5;10;26;30;21;20;27;31;32;0;36;38;47;59;54;57;46;69;73;62;74;65;0;No;No;No
8893;11;13;8;10;4;21;30;29;24;27;37;38;0;36;33;57;50;54;48;52;75;74;71;70;64;0;No;No;No
8894;2;10;7;12;5;19;28;30;21;18;42;43;0;33;39;49;56;46;51;54;61;63;75;65;73;0;No;No;No
8895;15;2;10;4;12;20;24;21;26;18;31;40;0;34;37;49;48;46;50;47;64;73;61;75;68;0;No;No;No
8896;8;11;7;12;3;29;16;22;17;26;35;41;0;36;42;47;52;46;48;58;73;69;72;67;75;0;No;No;No
8897;5;4;9;12;1;25;22;24;29;26;33;34;0;31;44;57;49;60;56;55;63;72;73;67;64;0;No;No;No
8898;12;11;13;6;14;23;29;24;26;25;39;37;0;42;43;51;59;52;46;49;67;66;70;68;72;0;No;No;No
8899;5;13;9;4;10;16;20;22;25;23;32;37;0;34;36;56;60;48;54;59;70;65;71;72;68;0;No;No;No
8900;6;15;3;11;9;26;22;16;25;28;36;34;0;45;39;51;52;54;59;48;69;72;64;61;62;0;No;No;No
8901;9;14;2;8;6;22;23;24;25;16;36;40;0;45;31;48;59;57;47;54;75;70;68;69;64;0;No;No;No
8902;8;2;5;7;9;24;19;16;27;21;39;35;0;33;34;59;48;55;54;51;72;66;63;67;69;0;No;No;No
8903;4;10;13;12;7;29;22;16;27;24;39;34;0;38;41;58;56;51;60;52;67;75;66;63;70;0;No;No;No
8904;6;2;10;13;14;29;25;26;19;18;43;35;0;38;34;50;52;54;55;49;75;72;74;63;65;0;No;No;No
8905;7;11;5;3;9;22;19;28;24;21;40;35;0;33;36;46;53;52;54;49;70;65;75;62;71;0;No;No;No
8906;14;6;12;9;2;18;29;20;17;22;36;45;0;44;37;50;48;53;55;56;74;66;65;68;64;0;No;No;No
8907;7;5;9;10;14;26;24;25;23;18;40;33;0;37;31;53;57;48;58;55;71;65;67;74;61;0;No;No;No
8908;13;8;6;5;9;19;21;16;25;30;42;40;0;32;36;49;58;53;47;59;71;73;66;67;75;0;No;No;No
8909;14;7;2;6;4;19;22;21;25;23;44;31;0;40;37;46;50;47;52;60;73;66;70;74;75;0;No;No;No
8910;10;12;3;1;2;25;26;23;20;27;38;33;0;42;44;47;55;51;59;57;62;65;66;64;70;0;No;No;No
8911;10;5;9;8;4;20;19;29;21;22;32;41;0;38;36;52;59;58;50;55;70;69;66;73;68;0;No;No;No
8912;2;6;9;14;10;24;22;30;21;23;41;31;0;32;33;47;51;58;56;46;72;70;61;66;75;0;No;No;No
8913;9;7;5;6;11;28;18;21;17;30;34;35;0;43;38;53;57;60;58;49;61;62;66;75;74;0;No;No;No
8914;2;13;7;11;9;29;25;19;23;17;31;39;0;34;33;55;57;52;58;54;73;64;71;74;72;0;No;No;No
8915;8;10;7;4;11;23;24;20;19;22;31;32;0;34;39;53;56;52;51;59;66;67;70;73;63;0;No;No;No
8916;4;2;10;14;11;23;16;22;17;26;39;36;0;41;43;48;57;51;52;56;72;69;73;61;64;0;No;No;No
8917;15;5;12;9;2;27;24;22;28;30;32;43;0;38;33;48;51;57;55;52;64;69;61;70;74;0;No;No;No
8918;7;15;10;12;3;28;25;21;26;20;31;33;0;32;38;49;51;54;56;52;72;73;71;74;63;0;No;No;No
8919;2;8;14;12;5;20;29;25;24;27;32;44;0;38;37;53;49;48;47;59;72;71;67;66;62;0;No;No;No
8920;4;11;14;10;13;24;29;30;23;22;34;37;0;35;41;59;50;57;58;49;72;74;67;62;73;0;No;No;No
8921;4;7;9;1;10;17;28;27;21;22;36;40;0;35;44;59;52;54;47;56;69;73;72;65;61;0;No;No;No
8922;14;11;1;2;4;16;23;18;19;20;31;44;0;32;39;59;47;60;52;48;61;73;74;63;65;0;No;No;No
8923;13;11;7;9;3;25;26;19;24;29;41;44;0;32;35;59;55;53;56;51;63;73;74;64;62;0;No;No;No
8924;15;6;7;5;9;26;28;20;19;29;35;33;0;37;34;48;55;54;47;49;74;70;67;69;73;0;No;No;No
8925;14;10;6;8;11;19;29;28;21;22;37;31;0;42;41;50;60;46;53;51;69;63;70;72;65;0;No;No;No
8926;9;12;8;15;13;28;26;23;25;19;43;34;0;31;42;49;55;51;46;53;68;64;73;65;74;0;No;No;No
8927;13;12;1;5;14;26;28;18;16;29;38;33;0;32;35;58;47;46;50;53;63;71;66;64;73;0;No;No;No
8928;7;4;9;6;1;19;27;20;26;18;40;42;0;32;37;58;54;60;52;53;71;70;64;63;61;0;No;No;No
8929;13;9;3;5;2;16;22;23;24;27;31;38;0;33;40;51;59;54;47;58;69;66;61;73;74;0;No;No;No
8930;3;5;14;4;6;19;25;16;26;22;34;45;0;44;38;51;49;55;58;56;72;73;61;67;69;0;No;No;No
8931;4;9;1;12;6;16;23;18;26;25;34;33;0;44;38;48;53;56;46;51;71;73;65;66;67;0;No;No;No
8932;11;9;7;14;3;21;24;28;23;26;35;31;0;39;41;49;58;55;48;59;67;65;66;63;62;0;No;No;No
8933;6;11;4;14;7;24;17;30;22;27;42;41;0;34;31;57;56;50;51;58;69;72;67;64;63;0;No;No;No
8934;5;6;1;4;14;16;24;26;30;18;32;39;0;44;45;51;58;46;60;47;68;73;66;74;62;0;No;No;No
8935;3;8;1;2;15;20;18;30;26;27;35;32;0;44;37;54;55;57;51;59;70;69;64;65;71;0;No;No;No
8936;6;12;2;5;15;20;28;22;25;18;42;40;0;33;34;50;59;48;57;52;72;62;75;69;71;0;No;No;No
8937;7;12;3;6;13;17;19;28;30;22;31;38;0;44;37;48;54;56;59;58;74;62;63;73;65;0;No;No;No
8938;13;12;10;3;7;24;22;20;17;28;44;33;0;34;39;52;59;48;49;47;62;64;73;70;69;0;No;No;No
8939;14;12;13;9;3;30;24;25;21;23;36;39;0;32;38;58;50;49;57;56;63;69;71;64;74;0;No;No;No
8940;4;7;2;15;13;24;23;25;22;16;33;38;0;42;44;52;47;50;55;57;62;65;75;73;74;0;No;No;No
8941;2;14;12;1;15;22;28;29;21;17;32;43;0;38;42;47;51;56;46;58;70;71;67;61;74;0;No;No;No
8942;1;7;9;13;8;26;22;17;16;24;34;33;0;36;38;54;56;46;47;57;68;70;75;66;64;0;No;No;No
8943;1;10;14;4;15;28;26;24;21;25;31;37;0;36;34;55;47;49;52;46;72;64;73;74;68;0;No;No;No
8944;8;9;4;12;3;20;16;27;25;17;41;38;0;37;39;46;58;52;57;48;72;63;67;65;73;0;No;No;No
8945;12;6;14;3;9;18;29;26;23;20;38;32;0;36;39;58;55;49;56;47;74;70;68;72;73;0;No;No;No
8946;2;14;1;5;4;22;30;18;29;24;44;32;0;33;36;56;58;53;49;46;61;72;73;65;70;0;No;No;No
8947;5;8;6;15;12;20;18;24;21;16;40;39;0;34;41;52;48;57;46;56;74;64;73;71;62;0;No;No;No
8948;1;13;11;14;6;24;29;16;23;22;35;39;0;41;33;54;52;51;55;58;73;67;64;74;71;0;No;No;No
8949;7;5;14;3;8;26;22;24;30;27;36;31;0;35;45;53;48;49;59;60;66;65;74;70;73;0;No;No;No
8950;7;12;10;8;11;26;19;28;24;20;44;32;0;39;40;49;54;50;58;46;63;75;69;71;74;0;No;No;No
8951;13;3;9;4;14;16;21;18;23;25;37;40;0;32;42;57;50;54;59;48;73;61;72;63;68;0;No;No;No
8952;11;12;3;1;9;20;26;23;21;29;33;44;0;34;39;55;59;47;52;50;71;62;67;61;70;0;No;No;No
8953;1;15;9;14;7;24;18;22;26;17;37;35;0;44;31;52;55;53;48;46;68;70;74;61;72;0;No;No;No
8954;9;1;15;14;11;18;17;19;27;21;34;37;0;38;41;52;57;51;55;46;65;67;71;66;62;0;No;No;No
8955;7;9;14;6;12;16;27;26;25;29;36;34;0;44;37;51;52;46;58;54;63;62;67;69;66;0;No;No;No
8956;10;11;13;7;14;24;23;18;28;26;43;31;0;44;36;60;53;51;52;48;61;63;62;67;73;0;No;No;No
8957;13;1;2;12;11;17;24;21;27;25;43;40;0;34;31;46;49;56;57;59;67;64;74;71;62;0;No;No;No
8958;8;11;2;4;7;26;22;19;20;25;32;39;0;38;44;57;60;49;48;52;72;71;62;69;67;0;No;No;No
8959;3;12;2;1;11;22;29;27;28;21;39;44;0;34;37;51;53;60;49;57;68;71;72;70;73;0;No;No;No
8960;2;3;4;11;14;29;18;22;30;21;36;34;0;43;44;47;52;54;46;57;64;63;66;61;71;0;No;No;No
8961;6;2;1;11;13;24;27;21;17;29;43;34;0;33;35;48;47;55;57;50;67;65;69;70;75;0;No;No;No
8962;1;14;5;13;4;27;20;30;26;28;36;40;0;39;45;51;59;57;55;53;65;67;61;62;68;0;No;No;No
8963;11;5;9;4;12;22;29;19;28;24;44;32;0;40;37;50;57;58;59;51;68;72;73;71;70;0;No;No;No
8964;4;7;10;11;5;25;27;30;29;28;42;40;0;35;41;60;51;49;55;48;71;74;72;64;69;0;No;No;No
8965;10;15;13;8;5;23;28;18;29;17;33;38;0;34;43;52;50;48;59;51;73;67;68;66;74;0;No;No;No
8966;9;6;5;14;13;24;20;29;18;26;40;34;0;41;39;47;57;59;52;48;66;67;64;68;62;0;No;No;No
8967;14;8;13;6;3;19;25;28;17;22;40;42;0;38;39;53;55;52;47;57;64;61;73;69;75;0;No;No;No
8968;8;6;15;12;10;21;18;29;30;23;31;42;0;32;45;55;52;59;54;53;61;64;71;72;67;0;No;No;No
8969;1;4;14;6;11;17;19;18;26;21;36;45;0;38;31;57;58;52;50;47;63;62;69;70;61;0;No;No;No
8970;15;13;14;7;11;19;16;17;30;24;33;36;0;35;32;56;55;57;46;54;69;63;62;67;71;0;No;No;No
8971;10;11;6;7;4;26;22;16;28;29;37;39;0;40;43;46;59;58;49;50;68;71;72;62;63;0;No;No;No
8972;10;9;12;4;8;18;28;29;19;26;33;39;0;37;36;58;46;48;49;53;72;61;62;70;67;0;No;No;No
8973;3;2;7;12;6;28;19;21;20;18;42;36;0;38;32;53;50;47;56;46;68;64;66;71;67;0;No;No;No
8974;2;13;1;14;5;20;25;21;19;27;40;43;0;38;37;57;52;47;48;59;75;70;67;72;61;0;No;No;No
8975;5;9;7;6;14;16;30;21;24;20;36;32;0;42;38;50;49;52;59;56;68;71;67;74;66;0;No;No;No
8976;15;8;6;9;11;22;28;16;21;27;40;33;0;35;39;52;59;50;56;54;75;70;69;66;67;0;No;No;No
8977;3;7;1;13;9;18;16;22;29;17;41;31;0;34;42;49;52;47;53;55;64;68;70;67;66;0;No;No;No
8978;7;1;14;5;12;27;20;21;28;18;32;33;0;41;42;49;57;50;51;46;64;62;63;67;74;0;No;No;No
8979;4;3;10;9;13;20;28;29;17;19;36;40;0;38;42;46;49;48;50;59;63;65;72;62;64;0;No;No;No
8980;14;5;10;4;13;19;24;25;29;22;37;31;0;41;33;47;58;57;46;60;70;63;69;61;62;0;No;No;No
8981;7;4;3;5;14;28;20;17;25;26;34;32;0;37;36;56;57;54;58;59;74;66;63;68;62;0;No;No;No
8982;4;5;14;7;3;22;19;17;29;27;37;40;0;42;31;58;46;51;47;59;68;66;64;69;61;0;No;No;No
8983;12;2;8;4;9;16;19;21;24;25;39;41;0;34;43;47;53;59;56;50;69;64;67;61;65;0;No;No;No
8984;6;10;13;9;4;30;27;19;29;21;38;36;0;34;35;50;55;57;60;48;67;68;62;70;74;0;No;No;No
8985;6;4;15;10;1;21;18;30;23;24;38;35;0;32;42;48;59;60;57;52;61;62;64;73;71;0;No;No;No
8986;9;8;7;12;14;20;28;19;17;27;38;34;0;31;37;53;55;49;59;47;61;62;63;67;75;0;No;No;No
8987;9;8;1;5;10;16;22;25;21;19;34;42;0;40;44;58;54;53;51;50;69;71;62;63;61;0;No;No;No
8988;9;4;6;8;13;27;23;16;17;19;37;40;0;33;36;46;58;47;48;51;61;63;68;73;62;0;No;No;No
8989;14;9;11;10;5;29;27;20;22;19;37;34;0;44;43;54;51;49;53;52;72;65;63;67;73;0;No;No;No
8990;14;6;9;8;12;28;20;26;18;23;36;41;0;33;32;56;48;59;55;47;70;69;71;68;65;0;No;No;No
8991;12;1;10;3;4;27;21;30;16;26;40;41;0;31;38;46;59;57;51;54;63;64;69;71;61;0;No;No;No
8992;7;15;4;10;6;26;18;28;16;24;34;33;0;32;45;57;58;52;50;51;69;62;74;71;67;0;No;No;No
8993;7;4;12;8;9;27;29;26;17;23;42;45;0;38;39;47;58;52;56;53;63;73;68;65;70;0;No;No;No
8994;7;14;12;9;8;25;29;24;23;16;37;43;0;42;31;57;50;49;59;51;72;74;62;66;61;0;No;No;No
8995;12;10;13;7;4;25;22;19;24;20;31;35;0;37;40;46;52;50;58;60;65;70;75;74;62;0;No;No;No
8996;11;12;14;3;2;25;20;18;19;28;32;35;0;38;37;56;55;50;60;46;70;71;72;69;68;0;No;No;No
8997;12;3;11;4;5;18;17;28;20;22;43;40;0;42;33;55;59;52;56;47;68;67;66;70;73;0;No;No;No
8998;5;7;14;2;11;24;18;19;29;23;41;33;0;44;35;57;51;53;48;52;67;65;68;64;75;0;No;No;No
8999;13;1;5;11;2;22;18;16;26;20;34;37;0;31;36;54;49;46;55;53;72;65;71;68;70;0;No;No;No
9000;4;6;5;8;12;28;23;16;18;20;44;36;0;35;34;51;50;59;48;47;64;72;69;66;70;0;No;No;No
9001;5;8;4;13;7;18;16;23;20;22;36;38;0;34;42;53;47;56;48;49;72;64;65;75;71;0;No;No;No
9002;12;4;11;7;15;21;28;23;20;29;43;35;0;40;38;49;51;46;60;58;65;63;74;62;66;0;No;No;No
9003;8;2;11;10;12;25;28;19;21;27;37;44;0;42;41;57;56;54;59;49;62;68;72;66;63;0;No;No;No
9004;9;4;11;6;7;24;27;18;30;19;43;38;0;45;34;53;47;54;50;46;71;68;61;72;63;0;No;No;No
9005;10;2;9;8;12;26;16;23;29;28;42;45;0;32;43;60;58;53;56;46;67;73;69;74;72;0;No;No;No
9006;3;13;15;7;8;17;18;21;22;27;31;34;0;44;35;53;59;47;58;50;70;72;62;74;75;0;No;No;No
9007;5;7;6;10;14;23;24;29;19;18;36;34;0;31;43;48;52;59;47;58;67;68;63;65;72;0;No;No;No
9008;2;14;12;13;10;23;20;16;28;21;40;35;0;34;39;52;59;57;46;50;66;73;67;74;69;0;No;No;No
9009;7;5;3;8;11;29;25;28;23;17;41;31;0;34;40;60;59;50;46;47;69;64;73;68;70;0;No;No;No
9010;5;6;13;2;11;18;29;16;20;25;36;32;0;39;37;59;58;50;51;52;62;65;72;66;67;0;No;No;No
9011;7;13;10;1;12;17;28;25;22;26;32;41;0;40;36;56;59;48;58;50;62;71;61;63;67;0;No;No;No
9012;4;5;10;13;14;19;29;18;27;20;43;37;0;40;35;53;47;54;50;60;74;64;67;63;73;0;No;No;No
9013;15;12;11;14;13;23;24;30;22;18;35;43;0;33;37;49;50;54;55;58;63;67;62;68;72;0;No;No;No
9014;9;6;13;7;15;23;25;28;19;29;45;44;0;41;40;51;60;47;49;53;73;74;72;62;64;0;No;No;No
9015;2;3;11;14;13;20;28;23;30;29;37;34;0;39;40;46;55;48;47;51;69;67;63;74;61;0;No;No;No
9016;4;13;6;5;14;19;29;27;21;23;41;44;0;38;42;50;58;51;55;48;73;66;63;74;61;0;No;No;No
9017;1;10;3;4;8;29;19;17;18;25;32;39;0;35;31;49;59;53;50;46;65;71;62;64;67;0;No;No;No
9018;12;4;10;3;13;21;30;23;25;20;32;31;0;44;36;51;55;52;47;60;72;66;67;74;70;0;No;No;No
9019;3;12;15;5;4;25;24;27;16;29;41;37;0;39;42;57;48;55;54;59;75;66;64;74;63;0;No;No;No
9020;4;10;9;11;5;27;23;29;26;22;39;31;0;40;34;59;49;53;57;55;62;61;67;63;65;0;No;No;No
9021;3;12;13;7;10;16;20;30;27;17;31;36;0;35;44;50;55;56;48;51;74;63;71;70;68;0;No;No;No
9022;9;14;10;5;8;25;19;20;18;28;36;31;0;37;39;51;49;47;58;59;68;72;73;62;65;0;No;No;No
9023;2;8;6;5;15;22;30;25;26;27;34;42;0;45;35;53;60;55;50;56;64;71;69;74;62;0;No;No;No
9024;10;4;12;8;11;29;16;19;26;30;33;43;0;36;38;57;47;49;46;48;68;66;75;69;65;0;No;No;No
9025;9;11;4;10;12;28;22;26;19;20;36;32;0;44;38;46;50;58;53;51;65;67;68;70;66;0;No;No;No
9026;5;10;8;6;11;24;20;23;17;29;37;38;0;39;41;56;47;59;53;50;69;66;72;70;61;0;No;No;No
9027;1;8;12;3;15;28;25;23;29;24;40;35;0;38;31;51;50;46;49;58;62;65;64;61;70;0;No;No;No
9028;2;1;12;5;7;17;19;18;28;20;43;42;0;37;45;58;57;55;50;56;67;72;75;63;66;0;No;No;No
9029;6;15;9;13;2;24;26;25;16;27;40;39;0;38;33;50;48;52;54;58;67;64;70;68;66;0;No;No;No
9030;8;14;5;3;10;27;24;25;29;18;33;37;0;36;38;59;47;46;52;48;74;64;66;72;70;0;No;No;No
9031;6;13;9;14;3;21;18;24;17;19;37;36;0;35;41;58;54;56;48;50;70;62;64;72;67;0;No;No;No
9032;13;3;2;14;9;28;24;22;26;16;35;44;0;32;41;58;59;54;49;46;65;72;71;70;74;0;No;No;No
9033;1;2;9;10;15;18;23;25;27;17;34;44;0;37;41;53;48;55;52;59;74;69;62;61;75;0;No;No;No
9034;12;6;2;4;8;19;21;26;29;18;44;41;0;36;38;50;46;49;59;51;72;61;73;74;66;0;No;No;No
9035;1;4;13;11;2;21;23;22;24;18;32;44;0;33;43;55;46;49;59;53;72;63;73;71;69;0;No;No;No
9036;9;13;3;4;12;29;20;27;19;21;34;36;0;37;43;55;57;59;53;47;67;66;69;64;73;0;No;No;No
9037;10;8;13;3;6;30;29;25;17;16;36;39;0;32;38;54;57;51;52;56;63;69;72;73;67;0;No;No;No
9038;11;10;2;14;5;21;27;29;25;20;34;37;0;43;33;49;53;47;50;55;70;71;75;69;63;0;No;No;No
9039;13;11;1;3;4;17;25;18;22;26;35;38;0;36;45;57;51;58;50;46;64;66;70;62;69;0;No;No;No
9040;8;10;4;6;3;29;28;21;26;23;41;40;0;39;34;47;50;56;59;55;72;71;61;63;67;0;No;No;No
9041;11;5;2;7;4;19;25;21;24;28;39;44;0;36;31;46;58;49;53;50;65;67;63;66;71;0;No;No;No
9042;1;2;7;8;13;28;16;25;29;23;34;45;0;42;31;48;47;57;46;54;70;69;64;72;71;0;No;No;No
9043;11;8;3;4;6;23;24;25;17;29;33;45;0;36;35;57;51;60;52;50;72;71;73;68;66;0;No;No;No
9044;11;9;14;8;10;25;28;22;24;29;34;44;0;35;42;52;57;53;58;51;62;66;72;65;70;0;No;No;No
9045;12;7;3;5;4;21;26;28;29;18;44;32;0;41;35;55;50;51;48;58;67;64;70;61;65;0;No;No;No
9046;12;9;3;10;11;26;23;30;29;16;40;36;0;39;42;54;51;47;55;59;71;67;75;61;65;0;No;No;No
9047;14;12;10;7;8;22;28;24;26;18;32;38;0;37;45;50;52;58;59;46;74;63;67;61;73;0;No;No;No
9048;9;4;15;7;1;21;29;28;30;22;45;35;0;44;37;48;46;47;50;53;74;64;66;67;63;0;No;No;No
9049;10;8;13;5;9;21;24;25;27;19;36;34;0;42;44;54;48;60;49;57;66;70;73;74;72;0;No;No;No
9050;9;11;3;7;1;25;19;24;29;28;43;32;0;45;36;53;55;56;49;47;63;62;61;67;64;0;No;No;No
9051;2;14;8;6;13;27;20;17;26;25;35;33;0;43;36;47;52;57;60;54;73;68;69;66;61;0;No;No;No
9052;1;5;10;8;12;17;19;29;30;27;36;43;0;33;31;55;53;52;59;51;68;61;73;72;62;0;No;No;No
9053;4;9;15;1;8;26;19;24;25;21;40;42;0;32;31;49;59;50;46;54;63;70;68;73;74;0;No;No;No
9054;10;4;13;12;14;22;24;23;28;17;36;33;0;38;35;55;56;59;58;49;62;64;61;73;72;0;No;No;No
9055;5;2;8;7;6;17;29;25;24;20;32;31;0;43;39;49;52;56;48;59;62;74;66;68;71;0;No;No;No
9056;11;1;3;4;2;26;20;30;22;18;41;31;0;37;44;56;55;48;58;47;66;71;61;72;74;0;No;No;No
9057;4;5;7;11;10;28;25;24;20;18;38;31;0;36;39;53;55;48;60;50;68;71;63;66;73;0;No;No;No
9058;13;8;5;15;12;20;27;19;22;18;39;35;0;32;43;57;54;55;60;46;68;74;75;65;61;0;No;No;No
9059;3;4;6;8;13;23;22;21;29;27;32;36;0;38;41;48;49;60;55;56;63;68;67;62;71;0;No;No;No
9060;5;3;13;12;15;18;16;25;26;20;40;44;0;42;35;55;54;46;57;58;73;68;71;69;74;0;No;No;No
9061;14;10;15;1;7;18;22;23;21;26;39;31;0;43;38;50;55;59;52;49;74;61;69;67;71;0;No;No;No
9062;4;6;3;14;5;24;22;18;20;17;37;42;0;33;45;47;59;54;50;46;69;68;72;66;65;0;No;No;No
9063;11;8;1;14;4;25;19;24;21;28;31;34;0;39;36;49;53;48;51;58;68;69;75;63;74;0;No;No;No
9064;3;9;11;13;10;22;18;19;24;23;33;34;0;35;42;59;53;50;49;46;65;67;63;62;66;0;No;No;No
9065;1;14;10;11;9;28;20;17;19;25;45;36;0;43;38;58;48;49;52;53;71;69;64;67;66;0;No;No;No
9066;3;11;7;9;2;27;21;25;26;22;32;42;0;39;31;46;48;51;49;54;74;64;65;69;67;0;No;No;No
9067;13;4;9;1;8;29;30;24;26;19;42;33;0;39;45;55;46;47;56;53;65;67;61;66;70;0;No;No;No
9068;8;1;7;12;11;30;20;29;22;26;41;42;0;36;38;51;59;56;52;49;72;71;74;67;73;0;No;No;No
9069;13;9;8;5;3;17;26;22;21;27;32;38;0;41;37;51;52;59;50;60;68;72;69;62;61;0;No;No;No
9070;2;8;15;3;1;25;28;27;20;21;32;44;0;40;38;58;47;50;59;52;68;74;69;73;64;0;No;No;No
9071;9;12;1;6;13;30;16;17;25;26;38;32;0;41;40;46;49;50;53;47;67;75;70;71;61;0;No;No;No
9072;10;11;3;12;4;21;24;25;28;30;37;44;0;43;33;57;54;46;60;48;67;71;62;68;75;0;No;No;No
9073;15;9;2;5;10;27;24;26;16;17;33;44;0;36;32;46;59;57;50;52;69;63;65;64;62;0;No;No;No
9074;4;5;10;2;9;17;22;19;28;29;32;43;0;37;31;55;58;50;46;59;61;70;62;69;72;0;No;No;No
9075;4;7;12;2;10;28;27;22;18;29;33;42;0;34;36;56;51;47;49;48;72;71;61;66;64;0;No;No;No
9076;14;2;13;10;11;20;27;16;29;24;44;40;0;39;32;51;53;47;52;57;69;67;61;66;65;0;No;No;No
9077;10;1;11;14;2;27;16;21;22;18;37;41;0;34;38;56;55;47;48;54;69;72;74;71;75;0;No;No;No
9078;10;11;9;13;7;29;18;21;28;23;32;36;0;39;45;47;59;52;49;60;72;63;66;70;69;0;No;No;No
9079;13;8;2;12;7;27;19;16;26;25;40;44;0;34;42;58;51;56;49;55;61;71;66;62;73;0;No;No;No
9080;5;1;11;3;10;28;20;24;19;29;39;38;0;33;43;47;51;46;54;52;65;72;61;67;71;0;No;No;No
9081;6;2;4;14;5;24;27;18;25;21;44;35;0;37;42;52;55;56;54;57;66;63;68;71;61;0;No;No;No
9082;4;7;10;8;12;22;27;17;24;16;35;31;0;40;34;52;48;53;54;59;69;75;73;71;66;0;No;No;No
9083;11;12;2;5;10;29;28;25;24;16;36;38;0;39;35;54;58;46;47;56;63;75;64;73;68;0;No;No;No
9084;10;11;1;13;12;26;24;23;29;25;33;31;0;42;35;57;59;54;49;58;63;69;75;70;73;0;No;No;No
9085;4;8;10;11;5;27;24;26;28;29;42;39;0;31;34;48;60;59;52;57;72;66;65;67;62;0;No;No;No
9086;2;9;7;10;4;29;28;24;22;21;42;32;0;43;36;50;59;46;54;51;73;67;70;69;68;0;No;No;No
9087;6;3;9;11;5;17;26;18;19;23;32;44;0;38;31;52;49;53;47;57;69;73;62;74;63;0;No;No;No
9088;12;4;3;6;7;17;23;28;19;27;31;33;0;41;42;51;49;46;57;58;72;63;71;64;68;0;No;No;No
9089;4;5;12;7;14;30;17;16;19;28;33;41;0;42;40;48;46;55;53;57;69;66;64;73;74;0;No;No;No
9090;11;12;5;10;14;29;16;17;24;26;42;38;0;36;39;53;56;52;49;46;74;62;64;68;63;0;No;No;No
9091;11;14;12;10;9;24;29;28;16;21;43;39;0;44;35;47;54;58;50;57;70;65;71;61;66;0;No;No;No
9092;7;13;2;4;3;25;16;29;27;19;42;35;0;37;36;48;59;58;47;55;71;68;75;70;63;0;No;No;No
9093;12;2;5;7;11;24;29;28;16;19;32;31;0;36;35;46;52;56;49;58;72;62;75;73;74;0;No;No;No
9094;8;5;2;13;10;29;28;20;30;17;44;43;0;35;34;47;57;56;50;48;62;66;61;70;72;0;No;No;No
9095;12;11;4;14;6;20;27;26;17;21;35;44;0;43;37;59;51;48;55;58;66;73;72;68;69;0;No;No;No
9096;1;7;4;3;14;20;21;26;16;17;37;43;0;44;39;56;46;49;60;58;61;73;69;74;71;0;No;No;No
9097;3;5;10;14;4;21;28;18;29;25;35;36;0;42;41;56;50;46;48;55;68;62;73;74;66;0;No;No;No
9098;5;7;14;10;6;20;23;22;18;28;41;37;0;33;31;58;52;46;53;48;75;61;64;72;70;0;No;No;No
9099;11;14;4;3;9;27;17;22;19;30;40;32;0;35;44;51;55;46;53;59;69;70;63;73;61;0;No;No;No
9100;1;5;4;12;13;27;28;24;19;29;42;40;0;31;39;56;51;47;49;53;73;72;63;66;65;0;No;No;No
9101;10;5;2;1;14;18;17;19;28;22;44;42;0;39;32;59;56;52;51;48;65;68;67;70;72;0;No;No;No
9102;4;15;2;12;10;18;22;30;27;19;31;43;0;42;41;47;54;49;57;58;73;71;69;61;64;0;No;No;No
9103;10;6;11;7;14;20;27;22;17;28;34;35;0;40;36;52;56;53;46;57;70;71;74;65;73;0;No;No;No
9104;1;3;7;6;4;25;19;24;17;29;42;41;0;38;40;58;52;55;47;54;71;74;67;68;62;0;No;No;No
9105;13;4;3;5;8;27;25;24;21;23;32;31;0;35;42;54;55;53;57;50;64;73;68;65;74;0;No;No;No
9106;3;2;4;13;15;19;28;23;22;16;43;40;0;41;34;48;47;59;46;56;72;74;66;67;62;0;No;No;No
9107;12;13;3;2;15;22;16;29;26;17;36;45;0;41;39;54;52;48;50;53;66;69;61;70;64;0;No;No;No
9108;10;3;8;15;7;23;21;28;24;29;43;32;0;41;44;57;51;58;49;46;69;64;73;75;63;0;No;No;No
9109;12;5;7;2;10;16;22;24;25;20;31;39;0;38;33;50;52;56;53;59;70;73;61;67;65;0;No;No;No
9110;5;13;9;11;7;29;27;26;21;18;43;33;0;38;42;50;48;49;46;53;62;72;71;74;65;0;No;No;No
9111;7;5;2;13;9;20;19;29;24;23;32;40;0;39;44;51;56;52;54;49;71;68;69;70;63;0;No;No;No
9112;12;14;3;10;2;25;21;28;24;17;39;38;0;34;41;51;52;53;50;49;72;68;75;74;63;0;No;No;No
9113;10;7;4;8;1;26;23;24;22;28;31;44;0;38;45;57;56;54;55;58;67;74;65;71;72;0;No;No;No
9114;7;12;15;10;2;23;26;21;28;18;41;36;0;37;42;55;52;47;58;56;62;65;61;70;64;0;No;No;No
9115;7;3;8;13;11;25;28;23;19;22;37;38;0;40;36;51;52;56;55;57;70;63;73;72;62;0;No;No;No
9116;12;3;5;11;2;23;18;19;24;25;39;35;0;31;40;53;58;48;59;52;61;64;67;63;69;0;No;No;No
9117;13;2;1;14;8;22;26;23;24;19;36;38;0;44;43;59;47;50;55;48;66;71;70;63;62;0;No;No;No
9118;8;5;11;9;3;30;18;24;27;20;37;39;0;43;36;50;54;49;53;56;61;66;72;62;65;0;No;No;No
9119;4;5;13;1;3;24;16;26;30;22;41;37;0;42;44;47;53;59;48;56;64;63;62;70;72;0;No;No;No
9120;9;10;7;6;3;18;17;19;20;26;34;37;0;44;42;60;50;46;56;49;63;70;69;62;65;0;No;No;No
9121;14;8;10;5;1;16;26;27;18;29;35;40;0;42;45;55;53;51;52;56;70;66;61;62;63;0;No;No;No
9122;12;8;9;10;14;22;16;21;18;20;44;34;0;45;37;57;60;53;47;52;62;70;67;71;73;0;No;No;No
9123;12;6;11;10;14;20;25;18;19;28;42;33;0;41;43;59;46;57;55;53;67;73;71;64;62;0;No;No;No
9124;7;10;5;15;14;26;23;24;29;17;43;42;0;38;35;50;51;52;49;54;71;69;61;70;67;0;No;No;No
9125;6;13;5;7;11;20;17;19;24;29;31;32;0;34;35;53;52;50;49;60;74;63;68;70;62;0;No;No;No
9126;8;6;15;7;2;16;25;28;29;21;31;41;0;44;32;48;57;49;54;52;63;65;61;71;72;0;No;No;No
9127;3;9;5;10;7;27;16;28;26;29;42;31;0;44;36;49;47;60;50;53;72;74;63;68;71;0;No;No;No
9128;4;8;15;14;12;18;28;25;19;29;31;32;0;35;42;51;56;48;50;57;64;74;63;67;69;0;No;No;No
9129;4;3;12;11;9;24;20;27;25;29;38;31;0;44;42;57;47;53;59;46;67;65;70;64;74;0;No;No;No
9130;7;8;13;12;6;24;16;19;17;23;38;42;0;43;31;50;53;57;52;46;64;66;69;62;61;0;No;No;No
9131;1;12;4;5;15;24;19;18;29;26;39;38;0;34;32;52;46;57;50;53;67;74;71;66;63;0;No;No;No
9132;12;2;8;3;14;16;21;28;23;17;33;36;0;43;41;59;58;52;46;54;62;64;70;66;73;0;No;No;No
9133;13;14;1;12;7;25;24;20;26;29;31;41;0;34;40;56;53;49;48;50;67;72;70;71;65;0;No;No;No
9134;14;4;1;8;12;27;28;29;19;25;35;34;0;37;42;50;58;52;47;53;61;65;66;68;62;0;No;No;No
9135;3;7;6;12;13;23;22;29;21;19;43;34;0;39;31;57;58;54;48;49;69;64;70;74;68;0;No;No;No
9136;1;2;3;4;10;21;29;20;24;17;45;40;0;35;41;57;50;55;47;52;74;68;69;75;65;0;No;No;No
9137;10;14;11;12;1;20;26;22;17;16;38;37;0;34;31;53;60;56;59;55;67;75;71;64;63;0;No;No;No
9138;5;8;3;12;11;22;25;28;18;24;43;39;0;36;38;53;56;59;55;58;62;64;67;65;72;0;No;No;No
9139;1;9;10;4;2;24;22;17;20;26;45;39;0;40;33;58;57;51;55;60;66;63;70;61;74;0;No;No;No
9140;12;5;8;3;10;17;22;20;27;30;33;32;0;45;37;54;56;53;50;51;71;62;64;69;66;0;No;No;No
9141;7;14;15;6;1;28;19;24;25;18;40;43;0;33;44;59;46;57;56;51;62;66;72;63;65;0;No;No;No
9142;9;2;14;11;6;28;26;23;19;17;32;39;0;33;37;52;48;47;49;57;70;68;64;61;62;0;No;No;No
9143;4;6;12;2;11;23;27;25;20;30;34;39;0;36;33;51;54;57;53;52;65;73;71;63;67;0;No;No;No
9144;11;4;3;2;7;24;18;25;29;20;40;37;0;42;39;49;54;46;59;50;66;65;73;71;70;0;No;No;No
9145;13;4;3;7;10;18;17;22;24;30;42;44;0;32;38;46;56;47;58;53;72;67;62;63;70;0;No;No;No
9146;5;4;7;8;10;23;26;28;21;20;33;38;0;43;39;53;55;52;50;58;62;63;70;64;74;0;No;No;No
9147;6;5;13;8;10;20;19;29;24;18;33;44;0;37;35;55;59;53;58;57;64;69;75;73;65;0;No;No;No
9148;11;14;6;7;13;20;28;19;17;22;34;35;0;37;31;49;56;59;47;46;74;66;72;61;63;0;No;No;No
9149;8;4;10;14;13;30;27;24;16;17;32;38;0;43;44;51;59;57;54;49;73;67;68;70;71;0;No;No;No
9150;1;11;2;14;5;23;16;21;25;30;45;43;0;35;31;55;53;59;49;51;66;69;67;71;70;0;No;No;No
9151;1;5;14;12;7;21;28;23;17;29;39;31;0;41;44;55;58;59;56;51;69;70;66;74;63;0;No;No;No
9152;9;6;11;5;2;16;25;18;23;20;42;35;0;39;43;49;47;59;46;55;75;63;73;64;68;0;No;No;No
9153;9;4;8;12;7;22;18;24;17;21;32;43;0;44;35;58;54;46;57;50;73;70;71;61;75;0;No;No;No
9154;7;10;13;4;3;22;18;29;20;19;31;42;0;35;43;51;46;57;48;59;68;63;73;75;66;0;No;No;No
9155;14;12;7;13;15;21;28;24;27;18;32;44;0;45;42;46;50;57;55;54;70;65;64;72;63;0;No;No;No
9156;12;13;6;8;11;29;16;23;21;22;35;34;0;32;41;47;56;52;59;46;67;63;65;62;68;0;No;No;No
9157;11;14;2;9;1;18;28;16;17;20;39;37;0;40;38;48;60;50;52;46;61;71;68;62;64;0;No;No;No
9158;11;5;13;14;2;28;26;21;18;16;34;42;0;43;31;58;51;47;57;60;62;72;66;65;69;0;No;No;No
9159;6;8;3;7;4;21;18;25;27;30;43;41;0;34;44;50;58;55;48;54;64;70;73;66;65;0;No;No;No
9160;9;1;8;12;11;22;26;29;24;23;33;32;0;42;35;54;46;58;50;55;70;64;71;67;65;0;No;No;No
9161;6;8;2;10;14;18;27;19;25;23;43;39;0;40;31;50;48;53;54;56;63;65;61;69;64;0;No;No;No
9162;3;4;2;5;8;23;25;21;28;16;33;34;0;31;41;46;59;49;47;48;71;70;61;65;73;0;No;No;No
9163;7;14;12;13;10;30;26;20;29;22;45;41;0;34;39;57;48;55;47;51;61;69;70;71;73;0;No;No;No
9164;3;12;2;13;8;24;27;17;20;21;35;41;0;34;38;55;52;57;59;51;68;71;64;70;65;0;No;No;No
9165;5;15;10;11;1;30;21;20;17;26;36;44;0;34;37;51;53;55;57;46;66;61;68;71;69;0;No;No;No
9166;11;14;15;8;4;16;24;28;25;21;44;43;0;38;42;56;55;51;47;59;69;73;64;68;65;0;No;No;No
9167;1;4;7;2;11;29;24;26;17;18;34;37;0;44;40;55;52;46;54;47;61;74;69;73;63;0;No;No;No
9168;7;13;9;6;14;29;17;28;24;30;43;41;0;34;38;49;46;58;56;48;74;66;67;69;62;0;No;No;No
9169;1;10;4;2;5;23;20;18;24;19;31;32;0;35;33;53;56;59;49;60;70;72;62;61;67;0;No;No;No
9170;1;3;10;8;7;17;27;30;29;18;38;44;0;41;39;51;46;50;52;48;66;73;61;74;68;0;No;No;No
9171;2;11;1;6;9;18;22;28;29;20;33;31;0;44;38;57;51;53;55;56;74;62;61;73;65;0;No;No;No
9172;13;7;10;3;6;16;29;23;21;22;41;39;0;43;32;57;55;53;59;50;63;68;70;71;75;0;No;No;No
9173;8;6;7;13;12;24;29;22;26;21;43;37;0;40;35;49;59;55;60;48;72;61;64;68;71;0;No;No;No
9174;11;9;6;15;5;16;29;21;25;26;41;37;0;35;42;56;59;58;48;57;65;61;74;73;66;0;No;No;No
9175;12;5;9;4;2;16;23;27;18;24;40;37;0;34;36;55;56;46;52;51;62;65;67;61;75;0;No;No;No
9176;7;13;1;12;11;21;27;16;29;20;44;34;0;38;42;47;57;48;46;59;73;75;64;71;61;0;No;No;No
9177;12;13;11;7;1;27;19;25;18;26;44;38;0;39;43;48;50;55;46;51;71;68;75;61;73;0;No;No;No
9178;13;15;14;4;7;25;28;20;19;27;33;41;0;32;36;53;48;52;50;49;73;64;66;63;74;0;No;No;No
9179;5;8;7;4;9;19;29;17;25;22;32;40;0;36;42;56;59;47;48;58;63;66;71;73;62;0;No;No;No
9180;5;12;3;11;10;27;25;17;19;22;34;43;0;45;39;50;55;54;58;57;63;70;73;68;69;0;No;No;No
9181;9;4;10;14;7;19;21;29;26;24;36;35;0;40;43;50;47;59;56;51;66;61;72;73;71;0;No;No;No
9182;9;8;12;1;14;21;26;19;27;18;32;42;0;37;36;55;50;56;51;47;73;65;68;66;72;0;No;No;No
9183;4;12;8;3;15;23;26;17;30;18;34;39;0;41;40;56;54;46;55;52;64;67;74;72;71;0;No;No;No
9184;14;2;7;10;3;26;24;30;17;19;41;45;0;36;34;49;56;58;55;57;68;70;71;72;74;0;No;No;No
9185;12;13;7;2;10;23;27;28;19;16;42;32;0;33;40;60;49;55;50;54;63;62;74;68;71;0;No;No;No
9186;2;1;7;3;10;23;20;16;28;30;32;36;0;38;41;48;57;58;54;46;64;75;68;72;73;0;No;No;No
9187;15;14;5;12;2;17;23;22;24;27;31;32;0;39;44;52;50;56;46;59;61;62;66;64;73;0;No;No;No
9188;2;3;7;6;1;16;27;17;28;25;32;40;0;45;39;53;50;46;48;59;68;62;70;66;72;0;No;No;No
9189;6;9;12;2;8;23;19;27;18;17;32;36;0;41;34;55;53;46;58;50;62;65;64;61;73;0;No;No;No
9190;2;8;9;10;13;26;27;25;24;28;32;43;0;42;44;52;48;46;55;56;61;64;63;66;68;0;No;No;No
9191;14;4;2;1;9;26;28;22;20;21;33;43;0;42;44;59;55;54;56;53;61;66;62;72;70;0;No;No;No
9192;7;3;5;8;11;21;25;16;26;19;40;34;0;36;31;46;51;55;49;52;68;67;65;64;69;0;No;No;No
9193;9;10;8;1;12;23;24;20;27;28;31;44;0;41;42;54;49;48;55;58;66;70;63;64;68;0;No;No;No
9194;3;10;9;15;5;23;29;24;30;20;40;31;0;33;34;55;50;48;52;53;68;61;62;63;66;0;No;No;No
9195;14;11;5;8;10;24;22;20;17;19;41;43;0;32;42;56;57;60;47;55;74;61;73;70;62;0;No;No;No
9196;8;11;2;4;12;20;28;22;16;21;36;32;0;42;31;60;46;53;49;57;64;70;67;75;71;0;No;No;No
9197;12;13;14;7;9;25;17;29;26;28;41;42;0;34;39;56;46;54;58;52;68;74;73;71;64;0;No;No;No
9198;7;2;9;5;3;27;22;28;23;29;35;33;0;44;36;55;50;47;53;51;71;64;69;73;62;0;No;No;No
9199;5;6;8;9;10;30;16;27;29;25;44;31;0;42;33;46;48;54;51;50;75;70;72;63;66;0;No;No;No
9200;5;9;6;1;4;20;21;28;30;19;34;36;0;43;39;46;52;57;48;53;62;63;65;73;68;0;No;No;No
9201;12;8;13;14;9;19;16;18;22;20;34;41;0;39;38;52;50;49;57;56;66;73;68;62;71;0;No;No;No
9202;13;6;7;5;10;30;20;29;25;23;35;44;0;45;43;51;58;49;54;46;64;74;67;63;73;0;No;No;No
9203;10;2;8;12;3;17;18;20;26;16;33;34;0;35;45;53;51;52;56;46;63;61;65;68;69;0;No;No;No
9204;8;7;5;15;12;24;20;18;27;16;36;43;0;38;42;55;46;50;60;52;62;69;64;63;68;0;No;No;No
9205;1;12;6;3;14;28;24;23;22;26;41;38;0;40;32;56;54;48;52;53;69;74;61;67;63;0;No;No;No
9206;15;6;1;10;2;22;27;16;19;23;37;41;0;32;39;46;51;52;56;50;67;64;69;72;62;0;No;No;No
9207;14;11;12;6;1;23;26;28;22;16;42;35;0;38;41;49;48;58;55;51;74;66;73;64;67;0;No;No;No
9208;12;1;4;6;8;22;16;18;27;17;38;35;0;34;31;50;51;49;54;52;67;72;70;65;63;0;No;No;No
9209;14;13;4;2;12;26;30;23;16;27;31;43;0;37;39;50;56;48;51;59;66;62;61;70;67;0;No;No;No
9210;5;11;6;2;10;19;27;25;29;26;31;40;0;38;43;57;58;54;48;49;69;66;63;70;62;0;No;No;No
9211;14;11;8;13;6;21;29;23;17;26;32;38;0;35;37;48;49;51;56;54;73;75;63;66;67;0;No;No;No
9212;2;4;13;10;15;16;29;19;22;27;36;38;0;37;42;54;47;52;59;60;62;67;69;72;70;0;No;No;No
9213;11;7;1;14;10;16;25;30;26;29;36;38;0;32;40;58;51;49;55;46;73;74;64;67;71;0;No;No;No
9214;9;11;10;4;13;28;23;22;21;16;35;33;0;36;39;59;52;49;46;50;68;64;70;72;74;0;No;No;No
9215;11;15;4;13;5;22;25;28;19;27;34;42;0;31;43;51;57;59;52;55;64;73;65;63;69;0;No;No;No
9216;3;2;11;8;5;27;29;25;24;21;32;43;0;38;40;51;57;55;58;54;75;66;71;65;69;0;No;No;No
9217;11;10;15;14;3;17;26;20;22;23;38;43;0;37;35;48;58;49;51;54;71;70;62;64;72;0;No;No;No
9218;8;5;4;3;12;29;23;25;17;26;45;33;0;40;39;47;57;51;46;53;70;71;61;63;67;0;No;No;No
9219;2;6;7;5;3;24;16;20;29;17;39;44;0;43;38;58;50;46;51;53;71;61;70;73;63;0;No;No;No
9220;10;9;8;11;4;21;23;24;16;27;35;40;0;42;33;60;47;48;54;50;62;75;66;72;69;0;No;No;No
9221;1;14;9;3;7;28;24;17;21;20;43;32;0;33;35;60;49;46;57;50;64;62;61;73;68;0;No;No;No
9222;9;14;8;10;7;29;22;17;28;16;40;42;0;45;31;56;53;54;50;58;65;73;67;69;64;0;No;No;No
9223;8;1;2;13;15;26;23;21;24;17;34;35;0;44;32;53;52;47;57;56;62;67;73;65;70;0;No;No;No
9224;2;14;7;12;6;26;22;27;17;30;35;31;0;37;33;46;58;53;51;54;73;64;65;66;71;0;No;No;No
9225;11;9;1;5;3;28;26;27;23;17;41;44;0;38;37;46;56;51;52;58;68;69;70;66;67;0;No;No;No
9226;7;11;14;15;12;29;19;28;25;24;36;39;0;43;37;53;48;56;58;59;63;69;64;72;66;0;No;No;No
9227;8;12;11;6;4;24;17;19;23;22;40;35;0;44;43;50;48;59;49;47;70;67;74;64;63;0;No;No;No
9228;11;8;7;12;1;28;22;19;23;18;34;36;0;32;42;47;48;49;50;58;70;69;72;74;75;0;No;No;No
9229;6;13;14;7;4;29;21;24;19;18;39;37;0;45;41;53;46;47;57;49;68;70;69;74;62;0;No;No;No
9230;4;13;12;7;14;20;27;26;29;16;43;42;0;34;40;52;56;46;60;48;61;65;69;68;63;0;No;No;No
9231;12;10;8;2;3;16;27;22;26;21;35;34;0;36;41;57;55;54;52;47;62;74;75;63;72;0;No;No;No
9232;3;6;7;15;12;23;25;24;26;20;44;34;0;38;33;48;58;55;59;49;72;63;64;73;68;0;No;No;No
9233;5;9;4;13;14;26;17;24;18;27;33;35;0;39;36;47;50;46;52;58;62;63;61;75;66;0;No;No;No
9234;13;7;5;6;11;25;16;26;22;23;32;39;0;43;37;58;57;56;60;47;66;70;67;71;64;0;No;No;No
9235;5;9;7;3;10;26;27;20;28;18;37;43;0;38;42;49;58;53;50;54;70;71;62;74;63;0;No;No;No
9236;11;12;7;8;4;25;17;23;18;16;39;32;0;43;37;59;58;48;47;57;70;62;74;66;72;0;No;No;No
9237;5;7;6;14;13;20;21;28;25;16;34;43;0;32;40;50;51;53;57;58;69;64;61;63;62;0;No;No;No
9238;12;1;9;10;3;19;17;21;29;25;36;38;0;33;37;54;51;57;50;59;64;63;67;71;65;0;No;No;No
9239;4;9;10;14;11;21;19;22;30;26;34;36;0;31;43;51;59;50;53;56;72;71;69;67;65;0;No;No;No
9240;14;13;11;4;3;30;28;25;21;17;33;39;0;40;43;57;49;58;52;54;71;65;66;69;74;0;No;No;No
9241;7;4;11;5;15;17;21;27;23;16;31;32;0;35;42;53;47;52;46;55;63;67;71;75;73;0;No;No;No
9242;1;2;14;8;3;19;27;24;21;23;40;42;0;44;38;47;56;48;51;54;63;64;74;67;65;0;No;No;No
9243;7;5;6;14;4;18;20;25;17;23;31;33;0;41;37;60;54;48;51;58;66;69;73;68;61;0;No;No;No
9244;14;13;11;15;3;25;23;30;24;16;44;40;0;41;31;53;50;55;51;57;64;75;66;65;71;0;No;No;No
9245;5;13;3;7;2;24;26;20;27;25;42;31;0;36;44;51;47;57;59;54;73;67;69;72;68;0;No;No;No
9246;9;14;4;3;2;26;27;22;18;30;33;40;0;37;41;56;60;53;46;51;71;66;70;64;75;0;No;No;No
9247;1;10;13;4;7;24;27;23;16;21;44;31;0;36;40;57;46;50;53;59;61;67;72;71;75;0;No;No;No
9248;7;5;1;13;8;23;28;27;20;21;44;34;0;41;31;59;55;47;50;58;64;72;67;68;62;0;No;No;No
9249;2;10;8;6;11;17;24;19;23;21;33;37;0;32;38;46;53;60;50;59;67;75;64;73;72;0;No;No;No
9250;4;6;14;11;5;27;28;16;25;23;43;35;0;33;32;47;59;57;51;53;74;67;71;61;68;0;No;No;No
9251;11;5;10;13;6;24;27;22;28;19;35;37;0;34;45;52;47;49;60;51;69;72;65;75;66;0;No;No;No
9252;9;8;12;14;1;17;25;20;30;21;34;32;0;40;41;48;58;55;46;47;72;65;73;74;69;0;No;No;No
9253;12;15;1;2;4;23;18;20;25;30;36;33;0;34;31;52;54;56;50;53;68;73;67;63;70;0;No;No;No
9254;11;6;4;9;10;27;28;21;26;24;41;39;0;31;43;56;57;48;47;53;69;73;66;61;72;0;No;No;No
9255;7;3;11;5;13;23;19;24;28;29;42;31;0;40;37;60;46;59;55;58;75;72;74;71;69;0;No;No;No
9256;13;2;3;10;11;28;22;19;26;16;40;41;0;42;44;46;56;60;51;50;72;63;75;62;73;0;No;No;No
9257;3;10;13;12;9;24;27;17;20;19;44;38;0;37;39;55;53;57;54;46;73;64;61;74;68;0;No;No;No
9258;11;13;8;5;15;23;28;24;18;20;36;41;0;35;39;58;48;50;47;56;61;72;69;64;71;0;No;No;No
9259;9;13;14;8;10;28;21;16;22;29;40;35;0;37;38;47;53;49;59;56;73;62;74;67;63;0;No;No;No
9260;15;2;9;1;7;28;24;29;19;23;33;38;0;36;43;52;49;56;47;46;69;67;61;70;66;0;No;No;No
9261;9;11;12;4;5;16;21;23;18;22;34;33;0;39;31;58;51;46;53;48;73;65;71;72;63;0;No;No;No
9262;8;1;5;6;10;26;19;24;20;27;35;34;0;37;33;48;49;52;57;55;72;63;75;68;74;0;No;No;No
9263;7;2;11;6;12;23;17;29;22;26;41;39;0;35;36;54;58;47;49;48;71;69;73;61;72;0;No;No;No
9264;7;12;3;4;6;28;26;22;18;16;31;36;0;40;33;54;48;47;46;56;65;71;66;62;68;0;No;No;No
9265;1;11;2;4;7;27;28;22;18;26;40;41;0;44;32;46;51;48;58;47;61;74;65;70;63;0;No;No;No
9266;11;8;15;13;6;17;19;24;21;29;41;32;0;36;31;59;48;52;58;47;67;61;71;69;64;0;No;No;No
9267;4;10;8;12;5;29;17;26;23;28;39;41;0;35;33;54;49;48;59;50;64;67;69;73;72;0;No;No;No
9268;2;6;13;9;14;17;21;16;29;19;35;36;0;31;40;50;57;53;58;49;64;62;71;67;72;0;No;No;No
9269;14;9;3;2;1;17;22;23;25;27;32;37;0;40;35;53;46;51;59;47;65;74;67;69;68;0;No;No;No
9270;13;7;1;2;15;19;16;26;20;27;36;35;0;33;34;60;57;58;49;59;64;62;73;72;67;0;No;No;No
9271;6;4;7;5;9;20;27;16;19;29;44;42;0;35;31;51;59;50;60;58;69;70;63;64;68;0;No;No;No
9272;5;3;12;2;8;19;26;28;29;22;32;33;0;41;42;47;50;56;49;52;61;75;62;74;65;0;No;No;No
9273;9;8;5;14;7;21;30;27;23;18;40;35;0;37;34;47;58;46;49;56;68;71;73;67;70;0;No;No;No
9274;12;9;3;4;5;19;16;21;29;20;42;34;0;41;31;53;57;49;48;52;70;73;71;74;62;0;No;No;No
9275;6;5;8;2;12;25;24;28;21;19;40;37;0;32;43;47;50;59;46;56;66;68;70;72;69;0;No;No;No
9276;6;1;10;13;3;24;20;25;18;19;33;39;0;32;41;49;59;53;51;56;67;64;69;68;75;0;No;No;No
9277;11;9;14;3;13;18;26;20;23;25;38;39;0;37;34;55;46;49;51;56;74;67;71;73;64;0;No;No;No
9278;4;7;11;13;9;17;25;19;26;27;31;42;0;35;34;60;52;47;50;59;70;61;65;62;66;0;No;No;No
9279;7;3;8;13;14;16;28;29;25;19;45;38;0;33;31;51;57;48;54;46;64;70;69;61;72;0;No;No;No
9280;8;12;11;3;7;28;23;26;19;29;33;40;0;39;36;52;48;51;56;55;63;61;72;69;74;0;No;No;No
9281;10;2;12;13;11;16;26;23;22;17;41;31;0;32;35;59;49;58;47;55;68;72;65;70;62;0;No;No;No
9282;6;13;4;12;8;19;21;24;22;23;42;38;0;45;41;55;47;49;51;48;67;66;64;70;68;0;No;No;No
9283;4;6;13;2;1;22;26;25;21;18;41;33;0;38;39;57;60;54;46;52;70;64;74;65;63;0;No;No;No
9284;13;3;12;2;8;20;28;24;29;18;31;45;0;40;42;52;46;58;53;60;67;68;72;62;61;0;No;No;No
9285;8;3;14;1;2;25;30;23;22;21;40;39;0;33;32;57;55;59;47;60;69;64;74;71;70;0;No;No;No
9286;6;10;9;2;1;23;27;20;26;22;34;44;0;36;31;50;56;52;55;47;66;61;62;70;74;0;No;No;No
9287;14;15;11;12;1;28;17;27;23;24;39;42;0;40;34;49;46;60;53;52;68;70;72;62;63;0;No;No;No
9288;2;4;8;1;13;18;20;19;28;16;31;42;0;32;39;60;49;53;58;56;72;62;68;65;71;0;No;No;No
9289;4;8;12;9;6;28;19;25;29;26;38;41;0;32;45;53;50;55;49;59;61;67;74;71;69;0;No;No;No
9290;9;2;7;5;11;21;18;28;19;26;39;35;0;37;33;53;60;48;56;52;74;70;61;64;71;0;No;No;No
9291;2;10;12;5;11;22;21;19;20;23;31;37;0;45;43;53;59;58;51;52;71;72;67;69;64;0;No;No;No
9292;5;12;2;6;13;22;23;24;16;18;34;42;0;36;39;59;51;49;57;46;69;74;66;71;73;0;No;No;No
9293;6;13;3;2;4;22;24;17;19;20;41;38;0;31;34;49;53;48;57;58;73;67;72;74;66;0;No;No;No
9294;13;5;14;3;10;29;27;28;16;21;39;36;0;34;32;56;50;49;47;58;70;65;73;68;66;0;No;No;No
9295;9;3;2;13;1;17;29;16;26;18;40;34;0;45;41;48;50;54;56;51;62;73;66;74;70;0;No;No;No
9296;1;5;10;2;4;25;16;19;18;22;45;31;0;44;34;49;52;60;47;59;69;71;68;62;66;0;No;No;No
9297;8;5;15;4;9;18;17;20;29;19;40;39;0;36;45;47;49;60;58;51;67;73;63;72;69;0;No;No;No
9298;13;6;8;15;1;20;29;21;26;22;39;44;0;45;43;54;58;53;52;57;67;66;65;70;74;0;No;No;No
9299;9;7;3;8;6;20;29;18;26;19;43;35;0;36;41;47;53;59;48;55;65;64;62;75;73;0;No;No;No
9300;1;2;3;6;12;30;19;22;16;23;38;45;0;33;43;52;58;59;54;50;63;71;69;70;67;0;No;No;No
9301;1;8;3;7;2;26;22;28;19;29;44;37;0;45;33;55;56;53;59;48;71;72;66;67;64;0;No;No;No
9302;11;3;13;9;5;26;28;17;16;24;32;41;0;31;36;55;48;53;47;50;65;67;73;74;66;0;No;No;No
9303;7;9;5;10;3;29;21;22;19;28;33;39;0;38;32;46;49;51;58;53;62;65;63;66;71;0;No;No;No
9304;1;8;6;7;10;26;21;24;17;25;33;40;0;36;35;53;57;46;50;51;64;71;74;68;73;0;No;No;No
9305;10;3;8;1;4;17;25;24;21;19;34;43;0;44;35;60;51;47;46;53;72;66;62;71;63;0;No;No;No
9306;5;14;10;8;9;27;16;28;20;24;40;37;0;32;42;50;55;60;54;58;69;70;73;61;65;0;No;No;No
9307;2;6;8;4;11;23;22;26;19;24;32;33;0;41;35;55;53;52;58;50;61;67;70;72;73;0;No;No;No
9308;2;3;6;9;10;18;28;30;17;25;31;35;0;43;34;46;48;54;59;51;69;66;67;64;74;0;No;No;No
9309;4;13;8;12;9;23;25;18;28;26;32;38;0;31;43;53;57;50;52;56;67;74;75;68;64;0;No;No;No
9310;1;11;13;12;10;23;27;20;29;17;44;32;0;31;41;48;46;60;56;51;73;74;67;64;75;0;No;No;No
9311;10;5;9;3;4;26;28;23;18;24;40;39;0;43;37;55;56;51;57;47;62;72;67;65;74;0;No;No;No
9312;13;11;9;2;10;29;26;30;25;22;36;41;0;38;35;55;58;56;49;57;61;67;72;68;69;0;No;No;No
9313;6;3;12;2;5;29;16;26;25;24;34;42;0;40;39;49;57;46;55;52;65;72;64;71;66;0;No;No;No
9314;9;6;11;5;12;19;26;20;25;24;34;31;0;41;42;56;46;54;49;47;75;63;61;66;72;0;No;No;No
9315;13;1;8;5;4;16;17;29;22;28;39;38;0;37;43;51;50;57;58;59;63;74;75;71;68;0;No;No;No
9316;9;10;14;3;8;27;24;18;16;21;34;38;0;40;39;49;56;50;54;52;65;64;69;63;68;0;No;No;No
9317;1;5;11;10;8;29;16;26;20;24;40;32;0;31;37;49;46;58;47;50;68;75;73;66;70;0;No;No;No
9318;5;6;4;2;10;27;16;25;22;29;34;31;0;38;40;56;51;60;52;50;62;61;66;69;70;0;No;No;No
9319;3;12;1;15;9;28;30;22;20;27;36;33;0;40;43;54;49;50;60;59;61;72;74;71;69;0;No;No;No
9320;11;5;4;3;12;28;23;25;19;21;31;44;0;34;38;58;59;49;57;51;65;62;61;67;69;0;No;No;No
9321;2;10;5;8;14;16;30;26;28;23;34;43;0;42;35;55;46;47;53;59;71;72;69;64;74;0;No;No;No
9322;8;15;14;2;10;18;29;16;17;20;31;32;0;42;33;55;50;48;58;56;64;71;65;67;75;0;No;No;No
9323;6;5;2;3;10;19;28;27;21;17;41;39;0;35;45;54;49;59;48;55;71;67;66;72;68;0;No;No;No
9324;5;12;2;8;15;27;16;22;25;24;31;45;0;38;40;56;50;55;46;54;66;61;74;73;67;0;No;No;No
9325;12;8;2;13;10;29;23;25;22;28;40;43;0;33;44;59;49;46;56;58;62;66;61;65;75;0;No;No;No
9326;1;3;4;12;2;30;21;22;16;26;42;40;0;31;45;46;59;50;53;48;66;64;63;65;70;0;No;No;No
9327;7;9;5;11;6;25;27;18;26;20;43;31;0;42;35;46;57;59;52;56;73;62;71;70;67;0;No;No;No
9328;4;7;1;15;8;20;27;29;24;16;43;31;0;37;33;51;50;48;54;58;61;71;66;63;68;0;No;No;No
9329;1;6;14;9;13;17;29;24;20;23;39;43;0;35;44;57;51;55;47;60;64;68;62;63;66;0;No;No;No
9330;1;10;8;14;6;17;19;27;28;24;32;33;0;45;38;53;54;47;46;60;69;61;68;64;63;0;No;No;No
9331;12;3;9;1;8;18;28;24;17;27;34;43;0;44;39;56;52;50;48;46;61;65;69;75;63;0;No;No;No
9332;10;8;2;1;4;24;27;17;26;20;43;42;0;36;31;54;49;53;46;51;62;68;72;71;69;0;No;No;No
9333;1;11;10;3;14;18;16;20;30;25;32;35;0;42;37;57;50;51;58;49;72;75;69;73;70;0;No;No;No
9334;4;1;6;2;10;16;29;25;26;24;39;42;0;40;38;46;55;47;54;57;66;65;64;63;73;0;No;No;No
9335;14;8;2;13;12;22;23;30;16;25;36;41;0;45;40;48;56;55;60;51;66;65;68;61;75;0;No;No;No
9336;14;10;1;8;3;16;27;22;25;23;40;34;0;33;37;47;58;52;57;56;61;70;65;72;74;0;No;No;No
9337;8;15;4;1;7;19;22;26;20;27;36;40;0;37;35;47;57;52;49;51;63;71;69;67;62;0;No;No;No
9338;12;11;6;13;10;19;16;28;26;22;34;33;0;40;45;46;59;48;58;60;61;69;74;62;71;0;No;No;No
9339;15;3;9;14;4;28;30;25;29;17;38;31;0;43;45;54;50;51;57;49;66;68;70;67;71;0;No;No;No
9340;3;7;13;14;8;20;21;24;17;25;37;44;0;32;43;48;47;58;59;57;68;74;72;75;65;0;No;No;No
9341;2;6;5;10;12;16;29;21;17;22;42;32;0;45;33;48;51;53;46;54;71;69;67;68;74;0;No;No;No
9342;9;14;7;3;4;21;25;19;29;23;32;37;0;42;44;55;59;51;60;54;72;74;65;68;73;0;No;No;No
9343;14;2;10;1;6;17;26;22;23;24;45;37;0;42;41;57;59;60;55;56;71;61;62;74;75;0;No;No;No
9344;5;6;15;11;12;17;28;30;23;29;43;35;0;32;42;49;48;50;56;58;64;74;61;68;73;0;No;No;No
9345;13;4;2;14;12;21;24;20;16;30;42;41;0;31;33;52;55;49;48;54;64;70;63;65;75;0;No;No;No
9346;4;12;10;13;2;18;26;23;28;24;43;37;0;32;41;59;46;58;55;53;64;74;71;69;70;0;No;No;No
9347;10;3;13;6;8;20;29;23;19;28;45;44;0;36;38;54;50;51;57;56;69;72;62;64;68;0;No;No;No
9348;2;11;8;7;3;17;20;24;19;30;34;36;0;31;42;58;55;56;46;47;67;61;64;71;63;0;No;No;No
9349;1;10;4;7;2;27;29;22;19;26;32;39;0;40;35;52;51;50;48;47;65;66;74;61;72;0;No;No;No
9350;14;5;7;4;13;19;23;25;24;26;37;36;0;32;39;47;49;59;57;46;71;63;69;75;68;0;No;No;No
9351;6;2;13;11;10;20;16;23;18;26;34;37;0;31;35;49;52;51;55;53;63;72;74;61;73;0;No;No;No
9352;1;11;10;9;8;24;19;16;18;29;33;44;0;37;39;59;51;48;57;46;68;74;66;64;67;0;No;No;No
9353;5;9;3;1;8;20;22;25;27;19;38;42;0;31;44;51;57;46;47;56;61;74;72;70;68;0;No;No;No
9354;11;10;5;13;6;26;17;22;21;24;37;36;0;39;33;47;48;56;49;59;64;72;66;75;70;0;No;No;No
9355;2;14;8;15;6;21;26;27;25;16;42;34;0;38;33;58;51;48;54;47;62;67;65;63;73;0;No;No;No
9356;5;1;12;11;8;27;21;26;28;19;36;40;0;31;35;47;57;59;56;55;70;74;69;68;63;0;No;No;No
9357;12;11;3;13;8;22;17;19;30;28;43;40;0;32;35;56;53;57;58;46;71;70;73;74;68;0;No;No;No
9358;12;4;9;8;11;29;28;27;24;26;32;38;0;31;39;54;47;52;51;48;71;63;73;64;67;0;No;No;No
9359;6;9;13;5;11;20;25;27;23;29;37;43;0;42;44;46;49;55;56;51;74;68;61;62;64;0;No;No;No
9360;4;6;2;5;11;19;26;21;25;24;42;32;0;37;45;48;59;47;53;46;74;75;71;64;66;0;No;No;No
9361;3;4;7;8;12;18;23;17;29;30;43;32;0;37;41;51;47;46;52;57;72;74;73;68;69;0;No;No;No
9362;14;9;4;11;2;23;17;24;20;28;44;33;0;31;38;46;48;49;57;47;74;61;65;63;68;0;No;No;No
9363;9;12;6;13;4;28;17;30;24;18;40;43;0;36;44;49;60;50;46;59;63;68;74;67;71;0;No;No;No
9364;14;4;8;6;15;23;24;28;25;22;45;31;0;37;42;54;49;52;46;56;71;62;67;61;69;0;No;No;No
9365;1;5;2;9;13;29;24;20;22;16;32;37;0;39;42;46;52;49;57;47;74;67;75;71;69;0;No;No;No
9366;6;2;15;10;1;22;23;20;19;26;38;37;0;39;36;50;55;58;56;59;73;63;71;70;67;0;No;No;No
9367;10;5;2;8;12;22;23;20;27;30;45;38;0;32;31;49;50;54;53;46;74;61;73;63;70;0;No;No;No
9368;12;14;7;10;6;17;22;28;19;30;36;42;0;35;45;54;50;51;53;48;64;69;62;61;63;0;No;No;No
9369;2;6;13;4;11;23;27;24;16;17;36;41;0;43;34;47;57;60;50;54;69;75;61;64;73;0;No;No;No
9370;5;14;11;12;2;24;17;22;18;20;44;34;0;40;43;50;55;52;60;54;66;68;73;63;62;0;No;No;No
9371;6;8;12;13;14;25;22;17;20;23;32;41;0;33;42;47;48;51;49;59;63;66;67;75;70;0;No;No;No
9372;14;9;8;1;2;19;22;29;18;21;35;42;0;33;44;48;50;51;49;53;63;73;69;67;64;0;No;No;No
9373;10;5;6;13;15;25;28;21;22;23;42;40;0;45;36;56;50;52;46;48;61;63;73;69;68;0;No;No;No
9374;6;14;11;2;15;21;22;23;26;20;42;36;0;37;40;53;56;55;50;49;67;73;65;62;63;0;No;No;No
9375;14;9;12;8;2;23;27;29;22;26;38;45;0;34;42;53;50;58;47;46;75;61;74;70;67;0;No;No;No
9376;15;6;14;1;10;17;18;22;24;28;37;41;0;40;44;57;59;51;52;58;72;66;75;69;74;0;No;No;No
9377;11;13;4;9;7;29;18;22;20;16;38;41;0;42;31;51;49;54;58;48;62;74;69;68;71;0;No;No;No
9378;8;6;2;3;1;16;27;18;17;19;41;39;0;35;43;56;52;58;53;51;64;61;72;66;63;0;No;No;No
9379;2;9;13;1;12;18;29;19;22;25;36;35;0;34;37;58;55;51;53;56;64;61;72;74;71;0;No;No;No
9380;12;3;14;5;4;18;21;26;30;20;32;35;0;41;38;54;55;48;52;51;75;72;68;63;70;0;No;No;No
9381;13;11;3;1;9;27;22;21;24;26;43;38;0;39;32;50;56;48;53;46;70;67;72;73;65;0;No;No;No
9382;3;1;2;11;13;20;24;27;23;18;42;40;0;36;34;51;47;48;46;52;69;68;71;62;61;0;No;No;No
9383;7;8;9;12;2;17;23;29;18;22;42;43;0;41;44;50;58;47;57;60;70;64;63;65;74;0;No;No;No
9384;15;2;14;12;11;24;20;27;28;29;39;43;0;33;35;57;53;56;59;49;72;74;65;69;70;0;No;No;No
9385;9;5;14;1;7;28;26;30;24;29;41;32;0;40;39;52;56;47;50;46;73;66;68;69;62;0;No;No;No
9386;14;3;7;8;13;21;23;25;19;26;34;38;0;40;43;54;59;47;46;53;67;68;70;66;75;0;No;No;No
9387;3;6;14;4;7;17;24;27;19;26;38;42;0;39;31;53;56;48;49;54;70;71;72;62;64;0;No;No;No
9388;4;7;2;13;10;16;26;24;20;29;36;42;0;37;34;53;46;51;48;59;63;66;62;72;69;0;No;No;No
9389;4;8;10;3;5;21;29;16;22;18;38;34;0;39;37;48;47;52;58;53;62;67;71;73;68;0;No;No;No
9390;7;4;13;5;14;22;26;17;28;24;41;42;0;38;36;60;58;56;54;50;63;61;64;73;70;0;No;No;No
9391;4;1;13;5;11;19;29;25;17;23;43;38;0;42;40;50;56;53;59;58;63;70;64;67;69;0;No;No;No
9392;13;2;8;1;15;25;17;16;24;26;42;41;0;36;34;52;47;48;56;50;70;74;67;68;75;0;No;No;No
9393;5;2;12;11;9;16;23;20;26;24;35;36;0;34;31;56;48;57;59;60;73;62;69;68;63;0;No;No;No
9394;4;7;1;12;5;20;27;24;21;19;39;31;0;36;35;59;50;48;56;57;73;62;71;66;68;0;No;No;No
9395;10;1;6;4;9;18;16;29;24;20;43;37;0;40;42;49;57;46;54;52;61;68;64;66;71;0;No;No;No
9396;13;4;11;5;9;21;19;27;17;23;37;45;0;40;36;58;54;57;55;48;68;73;64;67;61;0;No;No;No
9397;7;4;8;6;11;24;17;19;23;16;38;44;0;32;31;55;47;48;49;56;62;70;74;73;68;0;No;No;No
9398;11;7;9;14;6;29;19;24;25;16;40;33;0;37;39;56;53;60;51;46;66;67;68;73;69;0;No;No;No
9399;11;10;5;15;3;26;28;24;23;27;32;44;0;40;42;46;48;55;50;49;74;65;61;64;71;0;No;No;No
9400;8;9;3;2;14;19;22;21;27;16;32;38;0;45;44;51;49;52;46;59;69;66;65;68;72;0;No;No;No
9401;2;4;12;9;10;24;21;28;23;25;37;35;0;34;42;46;59;57;50;55;61;73;71;70;65;0;No;No;No
9402;14;4;1;6;11;27;17;24;28;18;31;42;0;34;44;50;49;52;51;55;68;66;75;70;74;0;No;No;No
9403;7;1;11;14;8;16;29;26;20;23;34;42;0;44;33;46;48;57;47;52;64;74;66;61;69;0;No;No;No
9404;1;2;6;11;8;30;20;27;17;16;32;42;0;38;43;46;49;58;53;60;64;62;75;65;74;0;No;No;No
9405;9;4;1;10;7;20;23;21;26;27;39;44;0;38;34;52;51;49;56;58;74;64;72;69;70;0;No;No;No
9406;3;8;1;14;6;23;30;26;22;16;39;32;0;40;31;47;46;58;55;56;73;67;65;62;72;0;No;No;No
9407;14;4;12;8;9;26;23;22;17;20;35;34;0;33;45;48;56;59;57;54;61;66;63;72;69;0;No;No;No
9408;2;11;6;9;8;26;20;29;23;25;39;35;0;37;34;53;50;54;58;46;69;62;64;71;68;0;No;No;No
9409;2;3;14;1;5;17;27;22;16;23;34;44;0;39;38;51;58;52;56;46;73;61;75;63;74;0;No;No;No
9410;3;1;6;10;7;25;16;17;26;28;43;41;0;39;42;49;56;46;52;58;62;74;68;65;71;0;No;No;No
9411;10;6;9;11;8;17;23;26;28;25;36;33;0;43;38;46;51;57;52;58;75;66;65;74;67;0;No;No;No
9412;10;5;12;1;7;19;26;17;27;16;42;43;0;32;34;57;47;48;54;55;72;61;63;65;67;0;No;No;No
9413;1;9;4;6;5;27;29;23;19;28;34;43;0;37;35;60;59;51;57;49;66;70;73;61;75;0;No;No;No
9414;14;11;10;1;12;23;25;28;17;27;31;44;0;45;33;49;57;56;54;46;65;62;70;66;64;0;No;No;No
9415;14;9;10;8;1;20;28;19;27;17;40;41;0;31;36;52;57;55;53;59;66;62;61;70;65;0;No;No;No
9416;4;5;1;3;7;19;27;30;26;21;40;34;0;41;32;49;50;48;51;46;75;71;69;64;61;0;No;No;No
9417;5;10;8;2;12;23;28;22;29;18;40;38;0;32;43;51;52;49;59;46;73;72;69;61;67;0;No;No;No
9418;4;3;8;5;6;26;19;16;23;28;40;43;0;42;34;51;48;46;55;47;73;70;74;68;64;0;No;No;No
9419;14;2;11;6;5;25;19;27;24;17;41;36;0;35;34;56;48;51;59;58;65;67;72;71;61;0;No;No;No
9420;1;9;2;11;8;26;24;29;19;20;33;38;0;40;42;47;58;52;59;54;66;65;71;61;64;0;No;No;No
9421;10;13;6;14;15;19;21;24;26;30;42;34;0;41;33;55;60;59;57;54;63;72;64;75;70;0;No;No;No
9422;5;15;6;2;14;27;16;28;23;25;32;31;0;42;45;51;46;52;60;58;68;67;62;61;74;0;No;No;No
9423;1;9;8;11;2;28;23;20;18;17;35;39;0;38;34;48;54;52;57;56;70;71;62;65;74;0;No;No;No
9424;15;4;5;13;8;18;24;16;17;29;35;31;0;45;34;55;53;52;54;50;61;73;75;67;70;0;No;No;No
9425;14;3;7;4;5;17;22;26;23;16;33;36;0;34;37;53;46;50;47;54;68;73;64;67;70;0;No;No;No
9426;4;12;7;5;9;26;23;18;22;20;44;38;0;39;31;60;58;53;52;46;75;74;72;73;65;0;No;No;No
9427;13;9;12;4;1;23;28;24;27;30;45;41;0;43;44;50;56;46;51;55;74;69;65;64;70;0;No;No;No
9428;6;7;5;1;12;22;25;21;23;20;41;39;0;32;45;46;51;50;53;56;68;63;69;71;70;0;No;No;No
9429;4;6;7;5;12;30;21;28;22;29;43;33;0;40;44;52;55;54;57;47;75;72;64;74;67;0;No;No;No
9430;5;6;12;3;8;20;22;23;25;21;40;32;0;31;35;50;51;55;57;47;72;61;68;69;64;0;No;No;No
9431;3;1;13;5;11;27;19;17;18;22;31;36;0;33;38;58;48;53;52;56;68;64;70;66;74;0;No;No;No
9432;2;10;7;12;15;19;20;25;18;26;41;44;0;43;35;46;50;57;52;47;71;67;70;74;69;0;No;No;No
9433;11;10;6;13;7;26;20;29;22;17;41;38;0;40;32;50;55;53;54;59;74;73;67;68;69;0;No;No;No
9434;10;6;11;7;5;18;25;23;16;22;31;32;0;37;39;55;59;49;57;60;63;61;62;70;71;0;No;No;No
9435;4;6;8;5;11;18;24;21;26;25;33;41;0;32;34;57;49;56;59;52;61;66;62;64;73;0;No;No;No
9436;10;1;7;15;14;17;21;18;28;22;40;37;0;42;33;59;55;47;50;53;73;61;62;72;64;0;No;No;No
9437;4;9;7;2;12;27;19;23;30;29;38;39;0;32;35;56;60;54;50;51;63;66;74;72;75;0;No;No;No
9438;5;9;10;6;3;19;16;22;29;25;45;44;0;40;43;51;48;52;47;59;69;74;68;64;75;0;No;No;No
9439;4;3;15;13;2;21;22;27;25;26;34;32;0;37;38;48;49;52;56;47;62;71;64;70;67;0;No;No;No
9440;9;15;14;1;3;16;24;26;18;25;43;31;0;37;45;51;54;50;58;55;63;65;70;62;72;0;No;No;No
9441;2;6;11;4;3;20;22;29;30;17;43;36;0;31;34;56;52;57;51;53;73;61;62;66;69;0;No;No;No
9442;6;5;9;10;7;22;16;27;20;24;40;45;0;42;38;50;46;57;49;54;65;69;71;72;67;0;No;No;No
9443;4;5;9;8;15;22;18;19;28;26;33;31;0;32;38;49;56;57;46;48;64;70;62;72;75;0;No;No;No
9444;6;4;13;11;10;19;23;22;25;21;35;31;0;44;41;57;52;54;56;55;75;65;69;73;62;0;No;No;No
9445;7;13;5;12;14;18;16;27;24;20;32;38;0;42;35;47;59;53;56;46;61;68;73;72;63;0;No;No;No
9446;14;5;9;11;10;16;29;17;26;18;31;40;0;37;41;53;49;50;57;55;66;71;61;62;75;0;No;No;No
9447;8;14;12;1;11;28;17;25;21;24;33;32;0;40;34;53;60;55;47;54;66;70;69;65;62;0;No;No;No
9448;14;2;9;1;4;16;23;22;19;17;40;37;0;38;31;60;49;52;50;47;73;72;61;71;74;0;No;No;No
9449;8;12;15;3;13;25;27;22;20;21;36;41;0;35;34;51;55;46;59;47;61;64;70;66;73;0;No;No;No
9450;8;1;10;11;14;18;29;28;26;24;42;40;0;38;37;51;53;55;48;59;61;68;71;74;67;0;No;No;No
9451;12;8;4;13;5;23;22;29;21;25;42;31;0;43;45;50;54;55;51;57;64;67;70;69;66;0;No;No;No
9452;12;6;7;4;1;27;21;24;29;19;40;43;0;42;41;54;57;46;55;52;65;74;67;70;61;0;No;No;No
9453;9;2;4;7;5;19;30;26;22;21;32;33;0;38;45;49;56;57;55;54;71;72;73;65;62;0;No;No;No
9454;11;10;2;14;6;27;16;23;19;18;41;40;0;31;44;57;50;54;52;53;61;72;62;63;66;0;No;No;No
9455;6;11;13;8;12;23;20;26;25;29;42;32;0;34;40;59;48;46;52;53;73;72;62;75;68;0;No;No;No
9456;9;10;3;7;6;28;22;16;29;25;31;40;0;41;33;55;59;52;51;56;74;63;73;68;72;0;No;No;No
9457;9;5;4;11;13;26;27;18;20;16;34;39;0;40;32;59;49;47;53;58;72;62;67;69;74;0;No;No;No
9458;6;10;3;8;4;18;29;30;21;28;38;31;0;42;44;52;47;49;57;58;61;67;65;71;62;0;No;No;No
9459;11;7;1;10;14;17;26;27;28;16;40;38;0;35;32;46;47;53;51;52;62;67;66;69;65;0;No;No;No
9460;9;12;1;7;14;22;28;29;23;20;36;31;0;38;37;56;54;48;58;52;72;63;62;65;73;0;No;No;No
9461;15;3;11;9;6;21;28;19;25;24;33;41;0;34;43;52;59;50;56;53;74;72;63;70;71;0;No;No;No
9462;11;14;2;7;3;21;17;27;19;23;36;40;0;38;35;55;52;51;50;56;73;74;61;71;68;0;No;No;No
9463;8;5;14;1;11;29;28;21;18;26;32;39;0;37;31;60;59;48;53;52;73;70;63;61;64;0;No;No;No
9464;5;1;2;9;12;24;26;25;18;28;37;38;0;40;41;47;46;52;59;60;66;62;67;74;70;0;No;No;No
9465;3;1;9;8;11;19;23;26;29;28;38;34;0;44;31;46;53;58;59;48;71;65;62;70;64;0;No;No;No
9466;1;7;12;4;3;17;26;23;16;22;43;35;0;40;45;53;46;56;55;60;69;74;67;65;68;0;No;No;No
9467;14;1;11;12;3;21;27;29;22;28;43;35;0;39;37;50;52;46;59;49;66;72;70;75;62;0;No;No;No
9468;11;7;9;1;4;16;27;26;23;19;35;39;0;45;31;49;51;55;59;47;63;62;73;66;65;0;No;No;No
9469;13;2;1;3;12;22;29;20;21;19;39;40;0;38;43;57;55;53;56;59;73;61;67;69;75;0;No;No;No
9470;10;6;3;7;9;16;18;22;23;25;33;37;0;40;32;47;51;57;48;55;61;64;74;72;69;0;No;No;No
9471;2;4;7;11;8;18;26;27;16;30;43;37;0;41;34;49;46;50;60;52;61;69;66;73;65;0;No;No;No
9472;6;13;4;10;2;29;18;20;25;21;34;43;0;35;40;51;46;58;48;57;61;74;69;62;66;0;No;No;No
9473;15;2;8;9;7;27;23;26;30;24;37;36;0;32;43;47;59;48;57;53;61;70;66;62;68;0;No;No;No
9474;12;1;2;8;5;25;30;17;23;29;41;36;0;39;43;55;46;50;57;56;66;74;71;73;72;0;No;No;No
9475;12;11;9;2;14;29;18;17;28;30;38;32;0;37;39;55;49;46;57;53;62;70;63;64;75;0;No;No;No
9476;13;8;3;14;1;16;22;18;28;25;35;43;0;36;45;58;50;55;57;52;65;74;71;72;66;0;No;No;No
9477;10;15;2;7;5;26;22;23;27;19;45;42;0;33;31;56;49;48;60;54;71;64;65;69;73;0;No;No;No
9478;4;6;7;12;8;28;21;29;24;27;37;43;0;31;35;57;55;58;51;54;65;72;62;71;74;0;No;No;No
9479;11;7;12;4;6;22;30;28;24;16;45;39;0;32;31;57;54;58;55;53;74;62;61;72;67;0;No;No;No
9480;12;6;9;3;15;28;27;29;19;20;39;44;0;34;40;54;51;48;46;60;65;63;67;73;75;0;No;No;No
9481;4;5;11;2;10;24;19;18;23;29;34;32;0;36;38;49;57;54;47;52;67;61;73;69;70;0;No;No;No
9482;1;3;2;5;11;28;18;23;27;21;39;42;0;34;37;53;47;52;46;60;64;69;71;67;74;0;No;No;No
9483;3;1;10;7;11;27;25;28;21;30;35;41;0;32;31;50;51;58;54;52;66;62;69;73;63;0;No;No;No
9484;7;8;11;5;9;28;17;21;30;16;34;33;0;37;32;59;53;51;47;49;70;74;71;73;72;0;No;No;No
9485;7;9;12;4;8;19;27;24;23;22;44;42;0;37;45;57;53;59;52;49;64;62;75;63;71;0;No;No;No
9486;12;10;5;9;3;22;28;20;27;17;31;35;0;43;37;47;46;56;60;53;67;64;69;72;66;0;No;No;No
9487;6;12;9;15;8;28;25;30;29;27;33;38;0;34;43;50;59;55;51;46;70;67;75;74;72;0;No;No;No
9488;1;10;12;6;3;16;18;23;17;28;40;38;0;44;41;47;46;52;58;49;61;71;64;69;70;0;No;No;No
9489;7;3;13;10;14;17;29;20;18;22;35;37;0;34;40;60;58;49;59;50;73;67;68;63;74;0;No;No;No
9490;5;11;4;7;8;21;16;22;23;18;35;32;0;41;39;56;55;53;47;49;71;61;72;62;70;0;No;No;No
9491;9;7;3;5;8;23;16;21;17;27;42;38;0;34;32;53;50;47;57;49;63;69;67;71;74;0;No;No;No
9492;6;12;5;9;8;16;24;22;19;23;35;31;0;33;44;58;49;53;50;52;64;61;69;63;73;0;No;No;No
9493;11;1;13;5;6;23;24;26;27;25;42;37;0;33;34;56;51;52;53;57;74;70;73;72;68;0;No;No;No
9494;10;4;7;2;13;25;19;16;17;24;34;31;0;42;39;55;56;59;52;50;61;73;74;69;62;0;No;No;No
9495;12;5;14;10;13;28;17;27;21;24;32;39;0;37;45;58;59;51;46;55;65;74;73;67;62;0;No;No;No
9496;14;6;4;1;7;26;16;18;25;30;42;33;0;32;38;51;59;55;53;47;73;64;67;69;61;0;No;No;No
9497;4;11;3;7;2;21;22;20;24;23;33;39;0;45;36;47;46;50;58;51;63;71;65;75;61;0;No;No;No
9498;2;10;5;11;8;16;20;28;18;25;41;43;0;45;31;46;56;59;50;48;71;66;63;74;67;0;No;No;No
9499;11;1;12;7;9;21;17;18;19;24;37;41;0;35;32;51;57;53;52;49;67;66;70;74;62;0;No;No;No
9500;11;9;8;6;3;18;27;28;23;20;35;37;0;33;45;50;58;49;59;56;64;68;61;66;63;0;No;No;No
9501;7;9;6;1;12;18;26;29;27;22;43;38;0;37;35;59;46;48;60;54;71;70;61;65;72;0;No;No;No
9502;15;12;8;7;9;27;26;17;22;23;40;34;0;38;44;46;52;48;57;53;62;61;65;74;69;0;No;No;No
9503;6;5;15;4;13;17;21;22;29;23;36;34;0;31;33;51;49;53;57;58;63;70;62;74;73;0;No;No;No
9504;7;1;12;14;15;23;25;21;20;16;35;39;0;37;33;56;55;58;47;59;72;66;62;65;71;0;No;No;No
9505;6;13;2;14;1;24;28;26;18;22;36;44;0;42;43;48;58;57;49;54;61;73;65;68;72;0;No;No;No
9506;5;10;11;3;12;29;23;28;19;17;34;43;0;31;38;47;53;59;48;46;74;70;61;73;69;0;No;No;No
9507;3;2;12;13;9;19;28;17;26;20;44;36;0;34;32;49;59;47;57;53;75;74;61;66;69;0;No;No;No
9508;8;10;1;3;7;18;17;30;21;27;33;31;0;37;34;55;52;56;49;58;73;62;66;72;64;0;No;No;No
9509;7;10;6;14;11;16;22;24;20;27;42;31;0;41;32;53;49;47;56;55;69;70;74;65;71;0;No;No;No
9510;4;1;14;7;12;22;18;29;21;20;36;43;0;33;40;48;47;59;56;50;67;62;72;63;74;0;No;No;No
9511;3;13;10;2;8;23;18;25;22;24;35;40;0;37;32;50;49;53;55;56;69;62;65;68;73;0;No;No;No
9512;5;3;9;12;7;16;17;28;18;19;41;31;0;32;40;52;47;48;51;53;66;65;62;61;72;0;No;No;No
9513;13;1;2;8;15;27;24;19;23;18;40;35;0;31;41;58;56;48;59;54;73;68;63;74;64;0;No;No;No
9514;5;6;13;8;3;27;18;29;22;26;36;32;0;35;41;54;60;48;55;46;74;71;61;63;72;0;No;No;No
9515;3;1;2;5;12;30;20;21;23;19;33;43;0;37;32;49;48;51;59;46;73;64;74;68;62;0;No;No;No
9516;2;11;5;12;14;23;20;29;27;19;36;37;0;33;40;60;52;46;57;48;73;66;63;64;61;0;No;No;No
9517;3;9;4;13;10;18;28;16;20;29;31;45;0;44;37;59;53;48;58;46;74;70;62;65;71;0;No;No;No
9518;2;7;11;3;13;25;27;21;28;22;45;33;0;39;38;49;55;51;48;54;72;69;73;66;70;0;No;No;No
9519;6;13;14;12;9;24;17;19;18;21;34;44;0;37;40;57;48;56;49;54;71;72;68;66;61;0;No;No;No
9520;14;6;13;15;11;19;18;27;17;22;36;44;0;31;35;47;51;60;55;53;68;70;65;69;61;0;No;No;No
9521;6;2;3;13;5;19;30;26;20;18;43;35;0;45;33;53;52;48;51;60;69;63;62;73;75;0;No;No;No
9522;9;15;6;8;2;23;26;22;24;28;38;40;0;41;37;52;53;57;58;48;68;71;69;64;61;0;No;No;No
9523;4;7;6;10;12;28;26;18;17;19;37;39;0;35;38;57;56;59;53;60;66;74;71;69;70;0;No;No;No
9524;15;13;11;5;1;16;20;22;24;18;45;42;0;43;34;56;48;58;53;59;66;61;62;68;70;0;No;No;No
9525;3;4;5;7;14;25;27;29;18;23;41;38;0;39;43;46;54;47;50;60;67;74;68;70;63;0;No;No;No
9526;2;6;11;4;14;19;18;26;23;16;41;31;0;39;38;54;53;48;47;59;71;63;69;74;62;0;No;No;No
9527;12;8;7;10;15;27;30;16;17;29;40;42;0;32;36;58;54;48;55;53;68;67;65;71;66;0;No;No;No
9528;5;2;7;1;6;22;25;27;26;23;45;43;0;38;37;55;51;47;59;54;63;75;65;71;68;0;No;No;No
9529;9;4;7;12;1;16;18;21;20;23;34;40;0;39;33;55;48;54;51;52;69;70;74;71;62;0;No;No;No
9530;1;3;12;6;11;22;29;16;21;24;33;32;0;43;37;58;53;59;56;50;64;73;66;67;75;0;No;No;No
9531;1;10;13;6;4;18;16;21;19;22;40;37;0;33;34;49;48;57;47;58;64;69;63;75;74;0;No;No;No
9532;15;1;11;8;3;17;20;30;27;29;37;42;0;33;41;47;56;55;48;51;68;69;71;67;65;0;No;No;No
9533;2;5;6;13;1;18;19;17;26;20;43;44;0;33;41;46;49;54;50;47;74;64;70;66;62;0;No;No;No
9534;1;12;4;9;13;25;28;18;22;27;37;34;0;39;35;52;60;55;59;46;71;62;72;73;68;0;No;No;No
9535;10;13;8;6;7;29;30;25;26;18;43;34;0;33;44;56;54;50;57;48;73;67;69;62;70;0;No;No;No
9536;8;10;6;1;4;28;20;24;16;22;39;36;0;38;40;55;54;51;56;60;73;66;71;75;74;0;No;No;No
9537;13;1;2;4;14;20;22;16;17;21;43;36;0;33;38;49;55;51;56;50;69;70;72;71;74;0;No;No;No
9538;7;14;2;6;15;29;16;19;24;18;39;43;0;44;31;59;47;60;57;53;61;72;75;64;65;0;No;No;No
9539;12;5;8;2;4;25;24;22;26;19;36;43;0;32;33;56;52;48;58;50;75;64;67;74;66;0;No;No;No
9540;7;1;5;9;11;24;22;19;21;25;43;39;0;36;35;57;56;59;51;52;68;73;74;62;64;0;No;No;No
9541;1;8;2;14;4;24;19;26;18;25;36;31;0;42;34;57;59;55;51;47;62;70;69;73;72;0;No;No;No
9542;13;15;2;10;14;25;27;16;29;18;37;36;0;35;32;47;56;57;46;51;62;72;61;68;63;0;No;No;No
9543;5;8;3;11;2;18;24;30;21;16;44;41;0;31;45;47;48;49;52;51;66;64;65;71;72;0;No;No;No
9544;6;3;8;14;1;24;28;16;25;26;41;36;0;39;31;49;52;54;46;48;67;68;73;65;70;0;No;No;No
9545;8;13;5;3;12;25;30;18;23;22;42;41;0;38;33;56;55;53;47;48;67;66;61;63;69;0;No;No;No
9546;14;2;4;12;11;23;20;21;17;18;40;33;0;41;43;46;48;55;50;59;64;71;69;65;66;0;No;No;No
9547;13;5;9;15;11;17;26;19;24;22;43;37;0;41;32;58;54;51;52;60;73;63;66;74;64;0;No;No;No
9548;2;8;6;12;11;18;23;24;20;17;43;37;0;42;41;48;52;50;60;56;64;70;66;75;71;0;No;No;No
9549;7;10;13;8;14;21;24;29;25;23;35;33;0;32;44;50;56;54;46;49;73;67;74;62;72;0;No;No;No
9550;5;1;10;6;14;16;22;19;28;24;33;42;0;31;39;59;53;48;54;49;71;73;66;65;67;0;No;No;No
9551;6;1;5;8;14;19;18;28;17;25;33;32;0;40;37;60;51;57;46;54;69;64;66;63;70;0;No;No;No
9552;5;3;9;13;11;30;20;27;17;25;43;38;0;40;39;46;48;47;49;56;67;73;68;65;72;0;No;No;No
9553;7;6;11;13;1;27;28;22;17;26;35;39;0;43;38;57;50;58;47;55;67;63;65;68;74;0;No;No;No
9554;6;11;10;1;13;25;20;17;27;19;42;40;0;45;43;54;50;49;47;53;75;72;64;71;68;0;No;No;No
9555;6;10;4;7;1;18;22;25;30;29;35;39;0;37;41;52;56;59;51;47;65;63;70;66;73;0;No;No;No
9556;1;9;10;7;13;26;27;20;17;28;42;38;0;37;41;46;48;49;58;54;67;75;61;62;63;0;No;No;No
9557;8;11;2;5;10;20;27;26;29;24;34;43;0;40;38;46;47;51;54;53;62;63;74;64;67;0;No;No;No
9558;6;9;1;8;14;28;16;17;22;20;36;44;0;33;40;47;57;52;51;48;70;61;75;71;62;0;No;No;No
9559;4;2;14;5;9;20;21;30;16;23;43;42;0;36;31;52;46;48;57;51;67;65;68;66;74;0;No;No;No
9560;7;4;6;3;13;19;18;29;17;25;41;40;0;32;39;55;54;58;57;52;69;61;73;70;63;0;No;No;No
9561;14;8;5;9;2;23;25;24;17;22;44;34;0;41;43;55;48;53;52;56;62;74;73;66;68;0;No;No;No
9562;7;1;13;8;15;21;22;27;29;24;35;38;0;42;33;49;52;53;51;58;74;68;69;66;72;0;No;No;No
9563;8;5;13;2;6;25;21;22;29;23;41;31;0;42;35;48;49;47;54;53;63;64;62;70;71;0;No;No;No
9564;14;8;9;15;5;24;17;21;29;19;35;33;0;40;43;50;48;49;51;56;65;70;69;63;73;0;No;No;No
9565;12;9;1;10;4;20;28;21;30;18;44;34;0;40;38;50;49;59;55;48;71;69;72;65;61;0;No;No;No
9566;8;2;9;10;6;30;27;22;25;26;43;39;0;44;31;46;53;52;51;55;68;66;73;70;72;0;No;No;No
9567;13;12;3;9;6;20;17;19;23;25;38;44;0;40;31;56;52;60;46;55;61;65;74;68;73;0;No;No;No
9568;3;11;1;2;5;19;26;24;23;17;31;34;0;42;37;47;48;50;59;54;73;66;68;67;69;0;No;No;No
9569;11;8;12;6;5;28;16;25;18;20;44;35;0;40;43;52;55;46;59;57;70;65;62;68;64;0;No;No;No
9570;6;8;2;9;1;30;25;26;19;17;31;36;0;33;34;54;56;57;58;59;69;72;61;67;62;0;No;No;No
9571;1;7;8;12;14;20;16;21;19;22;35;31;0;41;32;58;49;50;57;51;68;64;65;74;75;0;No;No;No
9572;5;6;10;11;12;18;20;24;21;25;31;35;0;36;44;60;47;52;50;55;71;61;63;62;64;0;No;No;No
9573;3;8;5;1;4;16;23;24;27;28;38;39;0;44;32;59;46;53;52;54;74;71;62;73;63;0;No;No;No
9574;1;10;7;13;15;29;24;16;26;22;38;41;0;31;35;52;48;60;59;47;69;72;68;67;71;0;No;No;No
9575;8;3;12;1;13;24;30;21;25;22;36;35;0;39;31;59;46;57;51;49;61;63;68;74;69;0;No;No;No
9576;10;4;14;2;1;21;29;25;19;28;43;39;0;33;35;60;46;52;47;48;64;71;61;67;66;0;No;No;No
9577;12;2;7;9;6;16;29;24;19;22;32;38;0;41;40;55;58;51;52;49;74;66;63;71;64;0;No;No;No
9578;5;4;11;14;13;23;21;18;24;28;33;38;0;37;31;50;53;48;52;58;73;61;64;68;62;0;No;No;No
9579;11;1;9;10;3;26;23;25;29;18;41;37;0;38;43;47;50;54;58;51;73;66;72;68;71;0;No;No;No
9580;3;6;9;7;14;18;30;22;16;26;39;44;0;36;34;50;54;52;59;57;74;69;61;67;63;0;No;No;No
9581;5;10;4;2;11;29;16;28;18;30;37;35;0;43;32;47;46;50;59;49;71;68;74;63;70;0;No;No;No
9582;10;15;12;11;5;17;26;25;19;22;36;44;0;35;38;48;49;54;50;59;69;73;70;61;65;0;No;No;No
9583;12;10;1;14;8;17;19;26;25;16;33;43;0;38;34;50;60;53;47;52;66;64;61;69;73;0;No;No;No
9584;8;5;15;4;1;20;17;22;29;25;44;31;0;34;33;46;48;53;58;47;66;64;74;75;65;0;No;No;No
9585;1;8;15;4;13;17;27;24;19;30;36;35;0;37;39;55;46;47;50;60;66;70;63;68;64;0;No;No;No
9586;1;11;2;14;9;22;29;27;20;19;41;37;0;33;35;51;56;54;49;60;73;67;70;61;64;0;No;No;No
9587;1;9;5;4;6;18;25;24;29;26;37;39;0;35;31;50;57;51;47;56;65;69;66;71;70;0;No;No;No
9588;13;6;8;5;4;25;22;26;16;23;44;38;0;36;43;55;46;48;54;53;72;65;73;75;71;0;No;No;No
9589;12;6;10;11;15;29;19;24;22;21;33;42;0;38;39;46;50;53;59;55;64;71;62;65;70;0;No;No;No
9590;10;1;12;2;15;26;21;20;23;18;31;35;0;42;37;50;58;49;46;56;66;63;73;70;67;0;No;No;No
9591;12;11;4;3;13;18;29;22;26;28;44;42;0;39;40;60;58;57;47;53;63;74;68;66;61;0;No;No;No
9592;11;3;12;5;6;28;27;29;25;21;41;42;0;39;35;54;59;52;49;53;64;75;70;71;68;0;No;No;No
9593;10;13;5;8;12;24;20;19;28;23;36;39;0;37;38;53;56;51;46;59;71;61;63;73;64;0;No;No;No
9594;10;2;7;13;4;30;16;25;27;23;35;43;0;32;41;53;50;56;59;52;69;72;65;71;73;0;No;No;No
9595;9;11;3;12;7;17;28;30;29;23;38;43;0;40;41;59;60;51;54;52;73;71;70;69;68;0;No;No;No
9596;6;7;2;3;5;20;16;26;18;29;33;34;0;43;32;50;54;52;53;55;61;72;66;63;70;0;No;No;No
9597;2;5;8;12;13;28;21;25;19;29;33;37;0;42;39;57;56;51;48;59;70;68;71;65;64;0;No;No;No
9598;3;5;13;1;4;21;16;25;23;17;33;44;0;43;36;48;57;46;50;49;61;67;62;69;75;0;No;No;No
9599;8;11;15;10;5;28;24;20;16;29;34;42;0;41;45;52;48;50;51;57;61;67;74;70;68;0;No;No;No
9600;7;6;12;14;4;18;22;21;25;17;42;43;0;36;33;52;55;48;60;54;74;70;69;68;66;0;No;No;No
9601;10;3;15;4;2;26;27;17;20;16;44;43;0;36;32;51;52;46;59;56;68;67;73;64;66;0;No;No;No
9602;15;9;13;7;10;18;25;27;24;26;43;36;0;42;44;50;47;59;52;51;73;62;67;65;75;0;No;No;No
9603;6;3;14;15;4;16;28;27;17;21;33;41;0;44;39;50;47;57;46;55;74;64;69;65;73;0;No;No;No
9604;5;8;7;14;11;27;28;24;16;19;44;35;0;41;43;58;50;55;53;59;63;62;73;69;75;0;No;No;No
9605;13;1;12;6;7;26;27;22;20;17;45;33;0;43;34;59;47;60;50;53;67;69;74;62;73;0;No;No;No
9606;10;11;12;1;13;26;29;24;27;30;33;40;0;39;42;48;57;60;50;49;71;75;65;64;66;0;No;No;No
9607;10;12;7;13;2;16;25;21;30;24;42;36;0;44;41;48;46;55;49;51;68;71;66;74;63;0;No;No;No
9608;1;12;7;9;11;29;16;21;24;22;32;38;0;39;44;49;55;50;46;48;69;73;66;61;63;0;No;No;No
9609;8;1;12;6;11;19;21;17;25;28;35;41;0;40;44;50;60;48;59;52;65;70;62;74;72;0;No;No;No
9610;1;8;15;6;5;16;28;24;30;17;36;42;0;34;32;56;59;52;49;47;64;73;68;71;63;0;No;No;No
9611;9;14;4;8;13;17;25;20;23;28;36;42;0;33;31;48;58;56;54;51;68;61;73;74;64;0;No;No;No
9612;3;8;2;11;7;29;25;27;16;20;45;41;0;36;40;48;56;50;59;54;71;65;63;73;64;0;No;No;No
9613;3;6;1;11;7;25;23;28;24;27;39;34;0;41;37;56;57;52;47;49;64;62;66;63;69;0;No;No;No
9614;3;2;8;9;5;19;16;26;30;25;37;36;0;34;45;57;49;52;53;46;61;66;71;69;63;0;No;No;No
9615;7;1;9;3;11;21;24;29;17;25;44;36;0;32;34;46;50;51;56;49;62;72;65;75;61;0;No;No;No
9616;9;4;3;5;10;26;19;22;30;17;35;42;0;36;32;60;55;58;47;56;63;73;75;67;71;0;No;No;No
9617;3;1;5;10;13;23;19;28;16;22;33;38;0;35;37;47;56;49;57;55;74;73;67;64;62;0;No;No;No
9618;10;7;14;6;15;16;28;25;21;23;33;41;0;44;36;57;47;56;50;59;65;73;68;70;64;0;No;No;No
9619;7;14;5;2;10;28;17;19;23;25;36;45;0;32;33;57;60;56;54;53;74;63;69;64;71;0;No;No;No
9620;5;15;13;12;6;20;23;19;29;26;33;41;0;42;38;51;59;55;53;60;66;70;62;67;73;0;No;No;No
9621;6;9;8;11;12;23;25;30;29;18;40;31;0;42;41;51;56;55;58;60;75;64;61;68;63;0;No;No;No
9622;9;8;4;10;14;17;20;24;25;23;37;36;0;39;34;52;58;53;46;56;71;61;66;64;63;0;No;No;No
9623;13;3;14;8;6;29;25;17;16;30;39;32;0;31;33;47;53;52;60;50;69;70;63;74;73;0;No;No;No
9624;5;3;8;2;4;24;25;22;28;19;37;41;0;33;34;55;59;46;47;58;72;66;67;62;74;0;No;No;No
9625;14;3;11;12;4;24;26;29;25;20;32;39;0;41;33;52;54;55;56;58;61;73;63;70;67;0;No;No;No
9626;9;11;12;2;5;26;24;28;25;20;33;34;0;44;32;47;56;57;54;58;62;74;61;63;66;0;No;No;No
9627;14;5;12;10;9;21;28;16;24;29;33;44;0;34;41;50;56;59;54;52;68;62;74;65;70;0;No;No;No
9628;3;10;11;13;1;29;21;25;26;20;40;33;0;31;43;59;54;46;48;50;73;66;72;64;74;0;No;No;No
9629;14;10;13;8;2;18;20;24;29;23;32;44;0;41;33;53;49;51;58;54;71;75;62;65;69;0;No;No;No
9630;10;1;3;9;4;28;20;16;24;21;34;35;0;40;33;54;47;59;50;57;66;65;63;71;70;0;No;No;No
9631;14;7;4;10;12;23;19;20;25;30;31;36;0;35;38;54;56;50;59;52;63;67;71;75;65;0;No;No;No
9632;1;15;2;14;7;23;27;19;24;18;39;38;0;35;34;52;59;53;49;50;72;64;65;69;73;0;No;No;No
9633;10;14;13;8;7;24;23;21;17;19;43;37;0;34;44;50;53;49;52;55;72;62;70;67;74;0;No;No;No
9634;6;14;9;10;11;29;18;27;26;23;36;32;0;42;39;46;58;47;49;48;70;68;64;61;67;0;No;No;No
9635;13;6;9;12;4;18;20;28;19;23;31;34;0;37;33;60;46;55;56;59;64;71;65;72;66;0;No;No;No
9636;3;4;12;2;5;21;19;24;26;17;41;31;0;44;32;46;56;52;57;55;74;70;61;67;73;0;No;No;No
9637;1;12;4;15;10;26;29;25;17;18;34;43;0;41;39;51;48;56;54;46;64;62;68;66;61;0;No;No;No
9638;3;11;10;12;4;29;17;27;21;19;40;43;0;38;35;57;50;46;54;58;73;69;61;62;72;0;No;No;No
9639;10;13;12;11;7;18;19;21;28;30;44;39;0;41;35;54;59;60;53;56;74;73;66;64;62;0;No;No;No
9640;6;10;12;8;7;17;19;22;20;25;43;42;0;33;31;54;48;52;51;59;72;68;65;70;66;0;No;No;No
9641;10;4;5;6;14;25;28;17;18;21;42;31;0;40;37;54;49;59;52;46;70;73;68;72;74;0;No;No;No
9642;3;14;11;4;1;19;29;22;16;21;44;39;0;38;37;47;60;50;53;59;70;72;64;65;69;0;No;No;No
9643;1;2;5;10;9;24;27;22;28;19;42;31;0;36;39;47;49;56;55;46;65;67;72;75;64;0;No;No;No
9644;12;7;11;4;6;27;29;19;23;21;34;44;0;32;33;58;51;48;49;47;65;64;62;72;71;0;No;No;No
9645;2;12;7;1;9;30;22;24;27;17;33;44;0;41;32;47;58;56;48;53;75;72;63;74;69;0;No;No;No
9646;4;6;12;3;10;25;16;19;18;22;37;42;0;32;33;48;55;52;53;50;64;66;61;73;71;0;No;No;No
9647;4;5;1;14;11;26;29;22;24;28;42;32;0;45;37;59;46;49;52;50;66;70;74;72;73;0;No;No;No
9648;14;1;7;3;15;16;30;29;17;20;38;34;0;36;41;54;48;56;58;49;75;72;66;71;70;0;No;No;No
9649;4;8;3;6;2;30;17;25;26;19;32;43;0;42;36;59;55;47;56;48;65;69;64;73;63;0;No;No;No
9650;5;14;12;2;8;25;19;22;16;29;31;33;0;35;39;46;50;55;60;48;70;75;66;69;62;0;No;No;No
9651;10;7;6;3;15;18;24;29;21;26;31;42;0;34;44;48;58;60;50;57;66;68;74;72;65;0;No;No;No
9652;12;8;10;7;13;27;28;21;25;20;31;44;0;34;41;57;46;52;50;54;71;65;62;73;69;0;No;No;No
9653;12;14;1;10;3;22;18;17;23;25;39;33;0;42;43;50;46;58;49;54;63;73;64;68;72;0;No;No;No
9654;5;11;15;8;13;26;16;23;17;24;38;37;0;42;35;48;58;60;59;51;69;61;72;62;64;0;No;No;No
9655;10;12;13;6;1;29;18;20;19;26;43;45;0;31;39;54;56;49;47;53;65;62;63;70;74;0;No;No;No
9656;12;2;9;11;7;24;26;18;20;16;44;35;0;39;38;51;47;57;50;56;69;61;72;66;71;0;No;No;No
9657;5;13;9;14;11;29;24;25;18;23;40;32;0;31;42;57;53;54;49;51;73;70;63;67;64;0;No;No;No
9658;3;14;1;11;6;18;29;21;28;22;37;35;0;45;42;54;58;53;60;51;68;67;61;74;65;0;No;No;No
9659;5;9;4;1;10;25;17;24;20;26;33;39;0;31;36;50;57;52;56;47;70;71;65;72;69;0;No;No;No
9660;4;5;9;12;8;30;18;21;27;17;40;35;0;43;33;49;47;56;46;48;67;75;71;64;63;0;No;No;No
9661;13;14;11;10;9;23;18;29;27;22;31;35;0;43;40;54;48;58;46;59;70;64;67;66;61;0;No;No;No
9662;9;10;12;8;6;24;25;21;29;28;44;38;0;45;41;50;52;55;53;48;70;62;61;75;69;0;No;No;No
9663;3;15;7;4;11;18;24;27;21;22;33;38;0;41;39;52;46;58;56;60;70;63;75;69;68;0;No;No;No
9664;9;14;10;12;4;25;20;21;28;24;41;32;0;35;43;55;51;46;56;53;75;69;65;64;67;0;No;No;No
9665;15;13;2;5;11;16;18;29;19;30;33;41;0;39;36;51;55;49;54;48;68;69;62;64;66;0;No;No;No
9666;10;7;12;3;9;25;17;21;26;22;37;44;0;34;32;47;51;53;50;49;62;67;61;73;71;0;No;No;No
9667;13;12;9;11;10;29;23;22;24;26;34;43;0;42;31;54;57;50;55;52;70;61;69;68;74;0;No;No;No
9668;11;7;6;3;5;18;17;25;20;26;39;43;0;42;35;59;57;46;48;50;70;63;62;74;61;0;No;No;No
9669;13;11;5;2;1;28;24;29;20;26;38;43;0;42;39;52;50;51;56;54;71;65;61;68;73;0;No;No;No
9670;10;14;5;6;9;16;21;18;25;19;42;34;0;41;38;52;59;50;48;47;73;64;65;61;63;0;No;No;No
9671;1;6;15;2;12;16;19;30;29;18;35;39;0;34;38;57;51;58;48;52;74;61;67;68;71;0;No;No;No
9672;10;14;7;8;5;27;28;20;21;22;32;31;0;40;44;57;52;58;46;54;68;64;67;62;63;0;No;No;No
9673;2;8;4;14;9;21;26;23;17;19;31;37;0;43;42;53;56;50;46;49;61;69;62;64;71;0;No;No;No
9674;1;2;3;6;5;23;18;16;17;26;34;36;0;44;37;53;59;55;54;56;63;64;72;62;74;0;No;No;No
9675;8;5;7;6;12;17;18;20;26;28;31;40;0;41;37;50;55;54;57;59;72;64;62;70;73;0;No;No;No
9676;11;13;10;12;6;29;23;28;17;18;37;39;0;33;35;52;59;50;53;54;72;64;69;70;65;0;No;No;No
9677;14;6;15;7;12;24;28;20;26;29;37;39;0;41;38;51;55;54;50;47;63;61;67;75;70;0;No;No;No
9678;14;12;6;1;13;27;24;28;20;25;32;34;0;37;36;58;57;50;59;49;69;74;72;71;65;0;No;No;No
9679;4;3;1;6;14;26;21;17;23;16;41;43;0;40;45;47;48;60;49;53;70;64;71;72;75;0;No;No;No
9680;12;3;10;5;13;24;23;27;17;21;31;41;0;45;43;53;57;50;52;49;64;71;72;62;74;0;No;No;No
9681;1;11;13;12;2;18;30;27;19;16;43;44;0;31;38;52;47;48;59;60;65;72;70;66;62;0;No;No;No
9682;14;2;12;1;6;19;30;29;24;26;43;42;0;40;41;51;54;48;47;49;66;71;75;61;63;0;No;No;No
9683;3;11;6;8;15;16;18;28;25;27;44;43;0;34;45;51;58;60;57;49;67;66;75;68;64;0;No;No;No
9684;5;11;13;2;12;21;30;17;22;18;44;36;0;37;33;50;57;55;46;56;69;72;67;63;70;0;No;No;No
9685;7;14;1;4;9;18;20;24;26;28;37;40;0;44;42;58;57;56;53;46;61;70;71;74;67;0;No;No;No
9686;5;2;9;4;3;29;26;24;20;21;40;32;0;38;37;47;57;53;49;55;69;67;61;64;73;0;No;No;No
9687;9;15;4;14;3;25;18;30;21;22;35;44;0;40;39;52;58;56;59;46;62;69;70;68;65;0;No;No;No
9688;9;5;7;8;12;20;29;24;21;16;43;44;0;40;31;56;59;57;54;58;68;71;70;63;67;0;No;No;No
9689;4;13;15;11;14;20;18;26;17;27;38;40;0;44;31;51;58;50;46;52;73;61;65;68;69;0;No;No;No
9690;11;15;1;13;10;27;16;17;28;25;44;36;0;42;43;51;58;57;54;55;61;69;66;73;63;0;No;No;No
9691;12;4;9;10;14;16;19;24;30;17;34;39;0;32;35;50;52;54;60;49;64;69;71;74;66;0;No;No;No
9692;12;6;11;14;3;30;22;16;18;21;43;34;0;42;44;46;49;51;57;60;67;61;74;73;68;0;No;No;No
9693;6;7;12;11;10;28;19;21;22;29;37;31;0;34;33;49;48;47;59;56;71;66;63;74;64;0;No;No;No
9694;10;9;8;15;2;18;30;16;20;22;37;42;0;39;44;47;50;51;59;58;73;72;62;69;75;0;No;No;No
9695;2;8;14;5;1;18;29;30;23;24;41;38;0;34;44;58;46;50;47;51;63;68;65;74;62;0;No;No;No
9696;8;6;11;13;2;23;29;28;17;25;37;36;0;31;38;48;58;51;54;52;73;64;74;71;72;0;No;No;No
9697;1;7;8;5;12;25;30;28;16;22;34;42;0;37;33;56;59;50;55;54;64;61;62;63;72;0;No;No;No
9698;9;4;7;13;8;25;21;28;27;20;33;31;0;37;39;57;48;55;52;56;71;66;63;75;65;0;No;No;No
9699;11;14;12;5;4;27;22;17;19;20;41;42;0;36;34;53;51;46;55;58;73;74;72;63;66;0;No;No;No
9700;4;1;2;8;11;24;28;16;25;29;42;31;0;37;41;53;57;55;58;47;61;71;67;66;72;0;No;No;No
9701;8;11;3;9;1;18;26;16;30;28;35;45;0;39;36;48;57;58;49;52;63;70;71;72;66;0;No;No;No
9702;5;3;14;13;2;22;27;25;30;29;38;31;0;41;33;48;57;51;54;56;72;63;61;68;67;0;No;No;No
9703;2;11;7;10;9;19;25;24;20;26;35;37;0;42;41;52;59;53;48;60;66;64;63;73;74;0;No;No;No
9704;12;6;2;9;8;17;25;19;21;29;43;35;0;45;39;55;53;52;56;49;74;61;63;62;69;0;No;No;No
9705;8;5;1;15;11;20;30;25;29;26;31;42;0;40;34;49;51;53;48;59;64;61;70;72;74;0;No;No;No
9706;14;6;8;4;10;20;23;24;29;28;32;33;0;37;44;49;58;59;46;51;66;75;67;61;65;0;No;No;No
9707;15;1;11;5;14;20;25;18;27;16;43;40;0;35;42;52;50;49;47;59;61;65;68;69;71;0;No;No;No
9708;11;12;13;14;7;23;25;17;28;22;34;32;0;37;35;47;60;57;48;53;66;61;74;68;73;0;No;No;No
9709;6;3;15;12;7;17;19;22;25;20;45;40;0;35;44;58;48;53;59;56;62;69;73;65;66;0;No;No;No
9710;7;3;14;11;4;30;23;29;16;20;35;36;0;33;40;58;54;48;52;59;66;64;74;67;72;0;No;No;No
9711;8;1;13;7;14;23;21;25;17;26;37;34;0;44;32;50;53;48;46;56;74;70;61;62;68;0;No;No;No
9712;10;11;2;1;8;24;27;18;30;23;36;37;0;31;42;55;56;49;60;52;67;66;72;63;75;0;No;No;No
9713;10;5;3;14;13;20;16;28;17;25;35;43;0;31;45;51;59;58;48;46;64;65;75;69;67;0;No;No;No
9714;4;14;7;11;5;18;30;24;23;19;31;32;0;38;41;54;53;48;46;55;64;67;71;74;61;0;No;No;No
9715;11;7;14;6;8;30;23;21;29;19;44;37;0;35;31;56;47;60;46;55;74;63;67;65;62;0;No;No;No
9716;3;14;4;7;13;19;20;22;16;17;38;31;0;40;44;52;55;50;53;51;74;73;64;70;66;0;No;No;No
9717;9;5;13;11;6;27;20;19;22;18;34;31;0;45;39;50;53;54;55;58;67;64;62;75;71;0;No;No;No
9718;13;1;3;10;14;25;22;26;18;21;41;43;0;42;31;55;60;52;49;58;66;69;62;70;74;0;No;No;No
9719;1;3;4;7;14;28;26;17;19;25;42;33;0;43;34;59;51;58;57;54;70;65;69;73;72;0;No;No;No
9720;5;14;11;8;9;19;28;21;26;17;40;43;0;37;36;58;56;55;49;47;62;71;70;64;66;0;No;No;No
9721;13;8;2;6;14;28;27;17;25;19;35;37;0;33;41;46;58;47;55;53;72;66;64;73;62;0;No;No;No
9722;6;14;2;3;11;24;25;21;17;20;38;34;0;33;32;58;46;52;59;50;63;64;73;72;68;0;No;No;No
9723;11;1;13;5;8;22;25;26;18;20;39;33;0;44;42;49;47;46;48;55;75;74;73;69;71;0;No;No;No
9724;8;6;1;7;11;20;19;17;29;26;41;39;0;32;43;47;57;50;60;54;61;74;70;66;63;0;No;No;No
9725;4;14;10;3;5;28;20;25;19;21;34;39;0;36;33;56;59;53;57;58;75;65;67;63;70;0;No;No;No
9726;12;14;13;2;10;25;24;20;28;19;45;36;0;31;39;52;54;51;55;47;69;62;65;72;74;0;No;No;No
9727;4;3;12;11;5;22;27;23;24;20;40;34;0;42;44;57;50;48;46;53;64;69;61;70;73;0;No;No;No
9728;15;5;1;6;7;22;27;30;29;16;43;40;0;38;39;50;47;58;54;56;64;70;62;68;72;0;No;No;No
9729;11;13;14;1;6;17;16;27;23;29;32;34;0;41;42;49;53;54;58;57;65;75;63;72;64;0;No;No;No
9730;7;11;14;9;12;18;16;22;25;23;38;34;0;31;33;47;60;46;50;49;65;73;64;63;68;0;No;No;No
9731;1;13;9;10;14;25;19;18;17;26;40;38;0;35;43;54;55;53;47;51;62;72;71;61;65;0;No;No;No
9732;6;13;3;11;4;28;22;16;25;20;42;37;0;38;31;55;54;48;52;58;73;71;63;65;61;0;No;No;No
9733;4;3;10;9;8;24;28;29;18;26;42;41;0;44;37;47;46;51;60;54;66;63;72;69;61;0;No;No;No
9734;4;6;14;7;12;22;21;19;25;18;40;33;0;43;35;48;50;58;59;57;63;69;67;70;61;0;No;No;No
9735;7;11;2;9;1;23;16;30;20;17;45;36;0;40;43;48;58;50;51;47;61;63;69;62;73;0;No;No;No
9736;3;13;9;4;11;23;28;24;26;20;35;36;0;41;44;55;46;53;49;47;73;66;70;61;74;0;No;No;No
9737;1;9;4;10;5;17;25;27;24;28;31;43;0;40;34;56;49;57;52;51;68;72;66;74;67;0;No;No;No
9738;10;5;14;1;2;24;25;22;20;27;38;31;0;42;44;56;55;52;50;59;67;72;61;69;70;0;No;No;No
9739;3;11;13;4;8;24;17;25;18;28;42;40;0;34;32;55;56;59;50;47;72;61;69;65;70;0;No;No;No
9740;14;10;5;6;12;21;22;17;25;27;38;43;0;34;42;51;47;53;50;55;74;61;72;73;63;0;No;No;No
9741;12;1;3;14;8;19;17;26;20;29;33;37;0;42;41;54;46;59;48;52;70;75;72;66;68;0;No;No;No
9742;8;14;1;13;10;19;21;25;23;29;41;39;0;32;36;54;57;55;58;48;69;66;75;74;68;0;No;No;No
9743;13;1;3;5;10;20;29;27;16;25;43;42;0;31;35;54;58;50;49;55;67;61;63;68;65;0;No;No;No
9744;9;12;5;8;13;25;21;22;20;16;33;43;0;44;38;51;47;55;54;48;71;65;72;66;68;0;No;No;No
9745;9;1;3;10;4;23;16;28;26;25;42;33;0;37;38;48;49;54;52;59;73;63;75;61;64;0;No;No;No
9746;13;14;4;15;12;16;29;18;17;25;44;36;0;37;42;57;55;46;58;52;70;67;63;68;65;0;No;No;No
9747;9;7;2;1;11;27;25;24;18;26;33;41;0;40;36;55;51;46;48;56;61;73;67;65;64;0;No;No;No
9748;6;13;3;14;12;25;27;19;21;22;43;41;0;40;45;53;49;54;57;48;65;72;74;66;73;0;No;No;No
9749;4;7;5;1;2;23;20;25;22;29;39;41;0;40;33;51;46;54;53;49;70;75;68;61;71;0;No;No;No
9750;6;1;10;5;8;22;19;21;29;24;38;42;0;35;36;56;51;48;49;46;64;71;62;67;69;0;No;No;No
9751;9;7;6;8;4;24;28;20;26;19;35;32;0;41;42;49;51;48;52;60;73;62;75;66;68;0;No;No;No
9752;12;14;13;3;11;25;22;19;18;21;43;37;0;32;39;55;52;50;53;54;70;64;66;62;67;0;No;No;No
9753;11;13;2;5;10;19;27;29;26;16;37;33;0;34;44;60;54;46;51;50;70;65;63;72;68;0;No;No;No
9754;14;1;5;6;13;28;25;23;20;24;31;45;0;33;44;55;51;49;60;52;68;70;73;62;72;0;No;No;No
9755;12;9;13;14;5;27;23;17;19;28;32;38;0;33;39;51;50;58;53;54;67;71;69;74;63;0;No;No;No
9756;1;5;8;7;12;18;20;24;29;26;39;45;0;31;43;48;47;58;59;56;63;65;64;72;68;0;No;No;No
9757;1;12;11;10;6;17;29;26;28;25;31;40;0;38;35;46;55;51;48;52;68;63;67;69;74;0;No;No;No
9758;10;14;5;9;3;17;20;18;24;29;36;44;0;45;39;55;50;53;47;54;63;70;66;65;67;0;No;No;No
9759;14;6;10;13;12;24;17;20;28;19;44;31;0;35;41;57;50;56;46;52;68;67;70;71;74;0;No;No;No
9760;6;11;12;14;4;20;25;18;27;23;41;31;0;44;43;48;49;55;56;60;70;69;72;75;65;0;No;No;No
9761;5;1;7;12;13;27;25;16;20;23;41;33;0;36;44;49;56;54;46;58;73;65;71;66;69;0;No;No;No
9762;5;3;1;15;11;28;21;29;16;20;44;45;0;39;41;47;57;48;51;56;65;67;71;66;62;0;No;No;No
9763;9;3;14;8;11;28;27;17;21;18;44;37;0;31;43;48;54;56;47;52;65;69;73;70;68;0;No;No;No
9764;3;8;10;4;15;18;16;25;20;24;39;37;0;36;42;57;56;52;46;58;71;67;70;66;73;0;No;No;No
9765;6;4;13;9;8;27;24;23;16;30;42;32;0;34;36;57;50;49;52;53;68;65;66;61;73;0;No;No;No
9766;14;2;5;1;11;28;21;23;16;22;31;41;0;38;33;54;46;53;56;57;69;71;61;64;68;0;No;No;No
9767;6;8;4;7;1;17;18;25;28;23;42;40;0;44;35;48;52;54;60;47;72;73;66;75;71;0;No;No;No
9768;1;9;4;3;5;21;17;28;18;22;41;38;0;44;37;58;52;48;49;47;75;63;70;69;71;0;No;No;No
9769;15;1;2;14;11;26;16;18;29;21;34;31;0;41;44;59;56;50;49;54;68;71;69;66;67;0;No;No;No
9770;6;2;1;8;4;25;24;20;27;29;36;33;0;44;43;47;60;51;56;50;69;62;63;64;66;0;No;No;No
9771;6;9;7;8;3;17;25;28;27;22;36;37;0;42;38;50;48;54;52;55;66;64;73;74;75;0;No;No;No
9772;8;1;4;9;2;21;24;23;28;22;43;36;0;38;41;48;49;58;46;59;63;68;65;61;71;0;No;No;No
9773;2;6;14;1;10;16;24;26;28;21;40;44;0;31;34;50;56;53;49;51;65;72;64;63;62;0;No;No;No
9774;6;8;2;5;10;25;16;22;29;30;36;42;0;37;35;49;48;57;53;59;69;63;70;71;74;0;No;No;No
9775;11;7;5;10;3;23;21;18;22;20;36;34;0;42;40;57;53;47;52;59;70;61;73;62;65;0;No;No;No
9776;7;10;12;5;14;18;21;19;23;29;36;40;0;39;42;54;55;47;59;57;65;63;69;68;71;0;No;No;No
9777;14;10;11;3;12;21;28;23;26;17;38;39;0;33;37;57;48;49;53;46;74;71;61;63;64;0;No;No;No
9778;2;14;4;11;3;20;17;22;16;18;40;33;0;44;45;56;58;49;57;54;65;63;67;71;73;0;No;No;No
9779;14;2;12;5;11;22;29;27;30;21;37;44;0;42;40;48;56;46;59;54;64;75;65;63;71;0;No;No;No
9780;12;10;14;1;6;23;20;28;17;18;44;36;0;35;43;48;55;60;57;58;75;62;68;73;61;0;No;No;No
9781;3;14;6;15;1;23;30;21;22;27;43;40;0;41;35;51;59;54;56;46;70;67;65;69;71;0;No;No;No
9782;2;9;11;3;8;17;19;20;26;23;36;37;0;33;34;54;48;52;59;50;73;70;63;74;64;0;No;No;No
9783;8;4;10;5;11;24;21;16;19;28;45;34;0;42;44;56;49;58;46;51;66;62;72;67;71;0;No;No;No
9784;8;14;1;2;10;29;25;18;21;28;31;38;0;45;35;55;56;51;49;57;74;72;62;73;63;0;No;No;No
9785;12;7;10;4;14;16;20;26;17;27;31;43;0;36;38;57;52;55;53;58;61;62;67;74;72;0;No;No;No
9786;11;5;14;7;3;17;27;23;21;22;31;38;0;42;32;57;59;54;49;46;62;68;66;72;67;0;No;No;No
9787;12;14;3;10;4;16;24;27;20;17;39;41;0;44;33;54;50;51;47;52;67;69;64;68;74;0;No;No;No
9788;8;5;4;14;9;18;20;26;27;17;31;45;0;33;42;58;51;60;59;53;62;71;69;70;65;0;No;No;No
9789;1;10;7;2;8;26;20;23;22;18;44;43;0;32;39;57;54;47;55;48;68;62;66;63;69;0;No;No;No
9790;4;5;3;15;2;17;25;24;29;21;40;42;0;33;41;59;52;46;48;55;66;70;73;68;71;0;No;No;No
9791;7;8;12;13;14;16;17;27;26;21;44;38;0;37;31;47;57;52;53;55;62;63;64;68;73;0;No;No;No
9792;3;15;7;12;8;23;28;19;21;26;34;39;0;37;44;51;59;55;47;58;63;73;62;68;72;0;No;No;No
9793;5;11;9;4;3;20;18;25;28;29;44;42;0;43;45;52;59;60;57;55;73;69;66;70;62;0;No;No;No
9794;4;1;14;7;5;30;17;19;23;21;42;41;0;44;35;47;56;55;59;54;66;61;69;63;62;0;No;No;No
9795;6;1;10;9;8;27;29;28;26;17;39;33;0;34;37;52;48;59;54;60;72;71;70;66;68;0;No;No;No
9796;10;4;11;3;1;25;16;20;22;26;34;45;0;40;32;47;49;57;52;51;67;68;73;64;74;0;No;No;No
9797;8;14;9;11;10;16;27;23;17;30;41;34;0;45;42;46;52;60;54;48;71;69;74;75;72;0;No;No;No
9798;2;10;12;13;6;28;21;23;25;22;41;31;0;44;38;59;52;58;56;53;72;65;75;68;71;0;No;No;No
9799;10;1;5;8;15;24;29;25;16;23;37;40;0;34;39;55;58;48;46;53;65;75;67;62;74;0;No;No;No
9800;5;15;10;9;2;21;29;17;28;24;42;44;0;45;43;56;51;52;58;49;61;64;63;65;75;0;No;No;No
9801;1;12;2;11;13;27;18;19;17;28;35;32;0;40;36;56;48;57;49;47;68;62;70;75;65;0;No;No;No
9802;12;4;9;5;6;18;21;26;23;19;37;35;0;40;44;52;46;57;51;48;64;68;66;61;75;0;No;No;No
9803;3;7;10;5;1;24;30;17;18;19;44;39;0;37;33;46;52;47;50;48;64;61;70;73;62;0;No;No;No
9804;15;1;8;5;11;17;26;24;16;27;38;33;0;40;43;50;58;49;56;52;63;67;74;61;71;0;No;No;No
9805;6;5;3;2;8;20;23;16;26;28;32;41;0;31;45;59;53;47;50;51;72;63;75;66;65;0;No;No;No
9806;9;10;6;8;11;20;24;17;25;27;44;38;0;33;42;48;49;53;56;59;73;71;69;70;63;0;No;No;No
9807;10;5;6;1;13;30;28;21;23;20;45;41;0;39;40;53;55;47;51;50;67;69;61;68;74;0;No;No;No
9808;4;8;5;15;12;29;24;25;30;23;31;35;0;44;43;46;53;48;50;60;69;72;66;70;73;0;No;No;No
9809;8;4;6;14;12;18;21;17;16;26;37;39;0;31;45;46;48;52;49;51;63;70;72;74;64;0;No;No;No
9810;10;4;13;12;9;29;19;25;22;23;39;31;0;34;41;48;56;46;57;59;71;63;65;61;74;0;No;No;No
9811;5;2;4;10;6;26;29;24;22;20;39;33;0;31;37;49;57;55;52;46;74;64;70;67;63;0;No;No;No
9812;7;10;8;2;14;20;25;16;30;29;40;37;0;36;39;50;46;51;58;48;71;75;70;62;63;0;No;No;No
9813;6;2;1;13;15;24;21;27;19;26;33;38;0;40;32;48;57;60;54;51;71;69;73;61;72;0;No;No;No
9814;8;4;12;6;10;17;26;28;22;30;44;40;0;39;42;59;52;57;55;47;69;70;72;66;67;0;No;No;No
9815;5;3;13;11;9;25;24;29;26;16;33;43;0;36;32;58;53;55;50;57;72;73;67;63;70;0;No;No;No
9816;10;3;1;8;5;27;25;17;20;16;39;36;0;42;41;50;55;57;47;51;61;67;62;74;65;0;No;No;No
9817;10;4;14;9;12;25;21;26;24;22;45;33;0;36;35;48;51;50;55;58;70;72;74;71;65;0;No;No;No
9818;4;7;14;8;6;20;24;21;25;22;33;43;0;39;45;51;52;56;54;47;72;62;69;74;63;0;No;No;No
9819;7;5;2;6;4;19;18;28;24;29;39;36;0;43;35;47;50;55;58;54;69;67;66;71;61;0;No;No;No
9820;1;8;9;11;6;29;22;28;19;20;31;38;0;32;41;53;59;55;46;52;69;72;63;65;62;0;No;No;No
9821;2;8;5;3;7;20;17;28;16;24;38;35;0;41;43;49;57;54;59;48;73;71;70;65;67;0;No;No;No
9822;10;8;3;14;2;19;26;27;28;16;33;44;0;41;35;51;48;50;53;56;73;61;63;67;66;0;No;No;No
9823;13;5;1;12;11;30;24;22;18;20;35;41;0;42;45;54;47;48;53;59;69;63;64;65;71;0;No;No;No
9824;11;10;15;5;14;23;17;16;29;18;36;34;0;37;33;57;58;50;52;56;65;66;74;73;75;0;No;No;No
9825;4;13;12;1;7;27;16;29;20;26;39;34;0;42;41;53;46;55;59;48;61;68;66;70;62;0;No;No;No
9826;7;1;4;8;6;18;22;23;17;16;32;35;0;33;42;48;55;59;46;50;72;61;69;71;67;0;No;No;No
9827;2;7;14;11;6;22;26;20;21;27;34;41;0;44;39;55;46;48;53;47;71;72;64;65;74;0;No;No;No
9828;3;6;14;9;5;18;26;21;16;23;45;35;0;33;40;57;46;48;54;53;67;61;62;71;65;0;No;No;No
9829;13;15;1;4;11;26;23;21;19;25;37;35;0;32;31;51;58;57;54;60;71;69;75;61;63;0;No;No;No
9830;10;15;5;8;1;23;29;27;20;28;35;32;0;31;33;51;59;57;47;55;63;69;68;62;72;0;No;No;No
9831;13;14;4;8;3;23;17;24;27;28;44;31;0;32;40;48;56;47;54;49;70;68;73;72;74;0;No;No;No
9832;13;11;10;5;8;17;23;18;21;20;34;36;0;33;37;47;54;59;57;53;72;67;69;71;70;0;No;No;No
9833;8;5;6;4;12;21;29;19;26;27;31;35;0;44;43;47;49;53;54;52;70;61;67;65;62;0;No;No;No
9834;12;7;14;3;9;22;17;24;16;18;35;41;0;38;32;58;52;48;51;54;69;64;67;61;71;0;No;No;No
9835;3;12;1;4;11;26;19;21;17;20;39;31;0;42;38;55;46;54;49;53;69;62;65;63;74;0;No;No;No
9836;7;9;5;10;15;24;26;30;21;27;45;38;0;31;35;49;47;60;53;46;68;73;62;66;75;0;No;No;No
9837;2;8;13;1;15;19;21;29;27;24;41;34;0;44;35;56;48;46;47;49;73;61;62;70;67;0;No;No;No
9838;1;15;9;12;11;26;16;25;27;24;44;41;0;35;38;49;48;59;52;58;67;63;62;72;74;0;No;No;No
9839;10;7;4;13;8;17;19;27;26;22;44;38;0;42;45;50;51;48;60;46;61;70;64;65;67;0;No;No;No
9840;7;9;6;8;12;19;23;20;26;28;42;31;0;43;39;49;56;50;51;55;65;69;68;67;73;0;No;No;No
9841;14;12;5;11;1;23;28;25;26;20;38;37;0;42;32;47;58;59;54;57;74;68;61;66;65;0;No;No;No
9842;11;14;1;10;8;27;26;23;18;19;33;37;0;40;43;50;52;59;58;46;66;68;70;75;74;0;No;No;No
9843;9;1;7;15;5;18;28;23;29;22;31;38;0;43;45;49;48;59;56;55;74;73;65;63;64;0;No;No;No
9844;4;14;12;3;6;27;24;17;23;29;38;41;0;32;36;55;56;46;50;47;68;70;61;73;69;0;No;No;No
9845;12;7;1;2;8;23;25;29;20;16;39;33;0;41;34;48;49;58;46;47;65;72;70;63;73;0;No;No;No
9846;12;1;2;10;11;28;23;26;20;18;44;36;0;40;37;55;59;60;49;54;66;69;68;74;72;0;No;No;No
9847;3;7;14;6;12;27;22;19;24;25;31;36;0;37;44;60;50;56;54;59;63;75;73;74;65;0;No;No;No
9848;2;10;9;11;5;19;24;16;22;20;38;43;0;33;45;46;58;54;55;50;65;73;61;66;71;0;No;No;No
9849;7;8;1;13;14;27;16;30;26;19;31;33;0;36;43;51;49;53;55;56;67;75;71;66;65;0;No;No;No
9850;6;8;15;5;9;21;22;20;16;29;35;42;0;39;41;48;52;50;58;55;65;63;70;62;72;0;No;No;No
9851;5;7;14;10;11;24;16;30;21;28;31;41;0;45;32;55;50;46;52;48;67;66;69;71;65;0;No;No;No
9852;10;4;11;9;3;20;16;28;26;30;37;44;0;32;31;52;59;54;58;49;71;69;64;62;63;0;No;No;No
9853;11;3;13;7;14;18;21;22;17;24;36;33;0;43;34;50;55;51;52;53;65;67;62;74;66;0;No;No;No
9854;3;9;11;14;1;25;21;28;16;27;40;31;0;44;33;58;55;52;53;57;62;70;68;71;61;0;No;No;No
9855;5;3;12;4;2;19;29;16;17;20;36;42;0;35;45;52;47;50;46;53;63;74;68;67;66;0;No;No;No
9856;6;3;8;12;4;16;24;19;21;30;36;38;0;34;37;56;53;54;57;52;73;65;67;62;74;0;No;No;No
9857;7;8;10;12;14;23;21;27;17;26;32;44;0;40;39;50;55;56;59;54;69;64;74;73;68;0;No;No;No
9858;4;2;13;11;8;19;21;18;20;24;37;35;0;41;42;54;53;51;52;58;61;74;73;64;63;0;No;No;No
9859;12;4;8;1;14;24;19;26;27;20;38;36;0;32;42;52;50;48;54;59;70;69;68;73;66;0;No;No;No
9860;1;3;2;6;14;29;19;22;28;18;39;37;0;44;31;50;56;46;58;55;67;75;68;73;69;0;No;No;No
9861;9;11;3;2;8;28;17;21;24;27;36;33;0;45;35;54;55;48;53;59;68;70;69;73;66;0;No;No;No
9862;2;10;7;12;6;27;18;29;24;28;31;35;0;39;36;49;53;51;48;47;65;66;62;73;69;0;No;No;No
9863;2;4;12;11;15;25;26;27;18;22;42;32;0;38;34;48;54;59;47;56;65;69;74;64;68;0;No;No;No
9864;11;4;3;10;7;23;17;28;27;19;35;32;0;33;37;46;55;54;56;59;70;72;69;65;61;0;No;No;No
9865;1;8;14;6;12;21;18;29;25;17;38;40;0;43;41;51;49;50;48;57;65;67;73;61;75;0;No;No;No
9866;4;10;7;8;9;27;23;22;17;21;42;32;0;38;36;52;53;57;48;46;75;72;61;64;67;0;No;No;No
9867;4;15;9;5;1;16;18;24;25;17;31;34;0;35;33;58;53;49;50;51;64;74;67;63;62;0;No;No;No
9868;3;10;11;7;12;17;25;18;27;28;35;37;0;38;40;53;59;55;50;47;75;64;70;68;61;0;No;No;No
9869;1;4;9;3;14;25;22;21;16;28;42;36;0;32;39;54;58;50;59;55;75;62;67;68;64;0;No;No;No
9870;10;5;1;2;15;26;22;17;19;27;42;32;0;37;38;50;60;55;59;47;64;67;74;69;61;0;No;No;No
9871;14;9;2;1;7;19;23;21;25;29;42;44;0;43;39;54;60;57;58;52;64;75;62;74;68;0;No;No;No
9872;3;11;1;12;9;19;17;16;22;26;39;31;0;40;37;49;48;59;50;56;68;73;69;74;70;0;No;No;No
9873;4;1;9;7;10;26;27;17;24;21;35;31;0;42;34;46;59;48;53;51;67;64;68;74;70;0;No;No;No
9874;1;11;2;3;9;30;16;25;27;19;38;44;0;39;37;49;47;53;54;50;63;68;70;72;66;0;No;No;No
9875;13;3;8;5;4;17;19;29;24;22;31;40;0;38;34;60;46;51;57;56;68;74;73;66;70;0;No;No;No
9876;15;14;3;11;2;27;29;25;26;22;33;39;0;42;43;53;57;60;59;49;71;69;65;72;62;0;No;No;No
9877;3;2;9;10;4;16;18;20;17;25;33;37;0;43;42;48;57;55;54;56;63;75;70;72;71;0;No;No;No
9878;13;8;11;5;1;28;25;23;19;16;42;43;0;34;35;50;56;48;54;53;75;69;71;61;68;0;No;No;No
9879;11;9;6;15;12;25;29;23;22;28;31;40;0;34;37;49;57;53;54;48;64;67;71;65;74;0;No;No;No
9880;5;8;13;4;6;28;16;22;19;18;32;33;0;39;41;57;55;50;58;59;73;61;75;70;71;0;No;No;No
9881;10;13;5;7;14;26;18;28;22;17;36;32;0;35;31;51;57;55;58;54;75;68;65;64;70;0;No;No;No
9882;7;11;5;4;12;21;17;28;29;27;32;43;0;44;31;53;56;54;47;50;70;69;67;66;72;0;No;No;No
9883;8;7;4;10;2;18;25;23;30;26;41;40;0;42;43;57;51;52;46;50;65;75;61;74;73;0;No;No;No
9884;11;9;14;2;15;19;28;26;16;24;44;37;0;34;36;56;54;47;59;57;74;71;69;72;62;0;No;No;No
9885;11;9;10;5;6;29;17;21;19;30;32;36;0;39;38;47;59;55;54;48;65;68;61;62;71;0;No;No;No
9886;14;1;13;6;2;22;21;27;17;18;40;41;0;35;32;52;57;56;47;55;61;69;70;64;73;0;No;No;No
9887;7;3;14;4;12;24;27;20;18;16;40;45;0;39;34;50;59;49;52;48;75;62;72;70;66;0;No;No;No
9888;2;6;10;1;13;26;27;16;22;18;33;32;0;37;31;60;57;54;55;56;66;69;72;63;71;0;No;No;No
9889;14;15;5;2;13;29;27;18;20;22;31;35;0;33;36;51;48;54;57;53;62;71;68;72;69;0;No;No;No
9890;6;14;5;7;11;25;21;26;20;17;33;37;0;31;32;48;53;51;52;47;71;68;69;61;72;0;No;No;No
9891;10;14;12;1;7;22;19;24;23;27;32;34;0;43;37;50;59;46;56;51;66;74;65;63;73;0;No;No;No
9892;11;1;5;3;2;18;28;20;26;25;33;38;0;43;39;52;59;57;47;55;67;73;62;72;70;0;No;No;No
9893;6;14;8;11;7;22;20;30;24;17;34;45;0;33;32;58;52;53;54;56;67;64;72;66;74;0;No;No;No
9894;8;2;10;13;1;22;20;24;19;27;37;42;0;36;43;48;57;49;51;54;69;70;75;61;66;0;No;No;No
9895;7;14;6;1;4;25;28;19;27;20;37;34;0;31;42;56;58;53;47;50;61;63;66;62;64;0;No;No;No
9896;12;1;13;9;14;23;17;25;22;28;32;42;0;35;43;56;58;46;49;54;65;70;73;67;68;0;No;No;No
9897;9;7;1;12;13;26;20;27;21;23;41;40;0;35;36;60;47;50;54;58;69;68;66;63;70;0;No;No;No
9898;3;11;5;7;2;22;16;21;25;23;33;44;0;41;39;49;56;58;52;50;67;72;63;64;68;0;No;No;No
9899;11;13;14;4;10;20;17;30;29;19;32;41;0;33;39;48;51;57;49;59;71;72;61;65;74;0;No;No;No
9900;14;1;8;5;2;18;21;16;19;20;32;44;0;33;35;60;58;56;47;46;67;68;66;74;63;0;No;No;No
9901;6;1;3;13;8;22;16;27;20;17;43;39;0;34;41;58;57;56;53;47;69;61;74;67;64;0;No;No;No
9902;3;14;13;7;10;26;24;30;28;23;41;36;0;32;44;59;50;46;54;52;75;68;63;73;61;0;No;No;No
9903;4;7;9;11;10;28;23;19;17;20;34;39;0;35;32;54;48;53;50;57;65;69;71;73;64;0;No;No;No
9904;12;11;8;9;14;17;30;19;28;22;38;41;0;44;34;52;56;49;47;48;73;72;74;64;70;0;No;No;No
9905;12;3;5;14;4;27;20;24;16;22;33;32;0;35;42;58;47;48;55;57;73;62;69;74;66;0;No;No;No
9906;4;5;7;9;2;29;20;23;21;18;33;31;0;42;38;57;50;52;53;54;73;70;75;72;65;0;No;No;No
9907;13;4;14;5;15;27;17;24;22;25;41;36;0;34;31;48;46;60;59;56;64;61;67;70;69;0;No;No;No
9908;5;11;4;13;15;18;20;26;19;22;41;44;0;34;39;56;53;50;59;46;63;65;66;67;70;0;No;No;No
9909;4;5;8;15;2;28;17;18;25;23;34;35;0;31;44;52;57;46;48;47;75;67;73;65;74;0;No;No;No
9910;7;1;13;14;2;23;27;18;28;25;38;36;0;33;39;47;51;58;57;55;72;68;69;64;73;0;No;No;No
9911;13;14;2;3;5;20;16;18;24;29;42;32;0;35;40;58;53;50;46;56;64;70;66;72;68;0;No;No;No
9912;1;8;11;13;4;20;28;24;19;22;39;41;0;32;40;46;55;51;59;47;63;75;65;67;68;0;No;No;No
9913;15;10;8;5;12;18;16;26;29;22;35;40;0;32;39;49;56;52;47;58;62;71;70;69;74;0;No;No;No
9914;11;1;6;14;10;25;20;26;23;19;33;37;0;31;41;47;57;49;55;58;73;62;71;61;74;0;No;No;No
9915;3;8;4;7;9;23;24;18;19;20;44;43;0;42;33;55;60;59;50;53;71;66;69;70;61;0;No;No;No
9916;10;2;11;14;12;18;21;27;16;25;41;31;0;32;34;51;55;47;50;48;70;61;64;71;67;0;No;No;No
9917;9;1;2;5;14;25;23;16;29;19;43;45;0;33;38;51;53;58;52;47;67;63;64;70;66;0;No;No;No
9918;10;8;14;7;9;25;16;19;20;17;38;40;0;36;41;50;46;52;54;55;73;71;70;66;64;0;No;No;No
9919;7;2;14;8;6;24;21;23;22;19;45;35;0;38;41;51;46;57;52;56;73;61;66;62;74;0;No;No;No
9920;5;13;4;10;9;24;23;29;21;28;41;36;0;34;37;56;48;53;52;51;69;63;68;72;71;0;No;No;No
9921;7;8;1;12;6;27;28;22;20;23;41;35;0;39;44;60;58;56;46;53;68;61;65;71;69;0;No;No;No
9922;2;14;3;4;9;23;24;29;30;27;35;39;0;37;33;51;53;47;58;57;71;61;63;72;69;0;No;No;No
9923;12;9;11;2;6;28;22;24;16;17;35;33;0;38;39;59;56;57;52;54;74;65;64;61;63;0;No;No;No
9924;1;6;12;14;9;25;23;21;19;28;45;39;0;34;42;58;48;57;54;53;65;72;64;73;63;0;No;No;No
9925;1;3;14;13;6;17;16;18;23;21;38;34;0;35;39;50;56;49;55;47;70;71;63;68;67;0;No;No;No
9926;7;13;6;1;14;29;16;24;27;28;35;34;0;38;36;55;59;53;48;49;67;65;63;61;72;0;No;No;No
9927;12;6;5;11;14;28;27;23;21;19;31;39;0;32;36;48;50;54;58;47;65;72;64;63;68;0;No;No;No
9928;13;11;5;14;7;18;17;24;29;16;38;34;0;32;39;56;60;57;54;53;64;65;74;63;70;0;No;No;No
9929;5;3;13;2;1;18;27;17;30;23;36;31;0;38;42;59;47;56;46;51;68;62;61;73;66;0;No;No;No
9930;6;12;15;8;13;25;27;19;20;29;44;37;0;42;33;59;57;54;56;47;74;69;67;61;75;0;No;No;No
9931;13;9;15;5;14;28;24;30;25;20;41;35;0;36;31;47;50;56;53;57;63;73;62;71;65;0;No;No;No
9932;7;8;1;2;6;17;30;20;27;24;44;38;0;36;41;46;47;55;50;52;69;64;72;73;70;0;No;No;No
9933;1;4;2;3;9;29;25;27;22;26;31;34;0;35;36;46;54;55;48;53;73;72;68;61;69;0;No;No;No
9934;3;5;9;15;4;22;25;20;27;29;41;38;0;44;31;46;50;48;55;52;74;65;64;61;68;0;No;No;No
9935;4;12;1;14;7;22;25;20;27;19;41;31;0;36;39;55;56;47;53;50;75;72;67;63;68;0;No;No;No
9936;8;5;9;12;15;29;25;20;24;23;37;41;0;33;44;51;55;50;57;48;69;65;72;61;67;0;No;No;No
9937;14;12;6;10;13;28;23;26;29;27;44;42;0;31;45;57;49;58;51;47;67;63;73;68;61;0;No;No;No
9938;12;5;4;11;14;21;22;18;26;16;38;35;0;39;43;54;57;49;52;59;75;62;65;61;66;0;No;No;No
9939;6;5;1;12;2;16;27;30;23;17;36;44;0;38;42;53;60;50;59;57;64;63;72;70;61;0;No;No;No
9940;11;9;3;6;10;19;22;23;18;16;37;42;0;36;34;59;55;60;58;57;63;69;74;61;70;0;No;No;No
9941;3;2;5;13;9;24;27;17;23;18;36;41;0;37;31;53;50;55;49;47;65;70;61;74;62;0;No;No;No
9942;9;12;8;11;6;24;20;25;26;27;38;40;0;43;31;59;47;52;55;46;61;73;71;75;65;0;No;No;No
9943;12;1;15;4;14;26;17;18;19;16;39;32;0;40;34;49;59;48;50;52;64;63;61;73;71;0;No;No;No
9944;11;7;3;15;9;22;21;25;24;30;45;37;0;33;38;54;48;47;53;49;63;66;61;70;65;0;No;No;No
9945;10;5;14;15;13;28;19;25;20;17;36;42;0;44;39;48;59;49;56;53;70;69;66;74;72;0;No;No;No
9946;9;2;12;8;13;28;29;27;25;16;36;40;0;34;41;49;46;54;52;56;62;66;63;72;67;0;No;No;No
9947;10;7;1;11;6;19;28;29;18;16;32;42;0;39;34;54;59;51;49;47;74;64;63;65;73;0;No;No;No
9948;6;10;13;3;2;23;18;19;25;27;38;31;0;45;32;59;46;54;60;50;64;71;69;65;67;0;No;No;No
9949;13;4;10;6;8;29;23;27;24;22;34;32;0;39;36;47;57;60;59;50;73;69;67;66;63;0;No;No;No
9950;11;10;9;2;5;21;20;25;29;16;40;39;0;34;32;46;59;57;54;56;64;71;75;67;70;0;No;No;No
9951;12;13;3;6;4;29;20;19;28;16;45;36;0;33;31;46;48;59;53;51;62;72;71;61;68;0;No;No;No
9952;6;14;2;10;7;24;23;28;16;19;40;33;0;43;41;59;52;58;47;51;74;62;68;72;71;0;No;No;No
9953;5;13;14;2;1;23;28;30;17;20;38;37;0;31;40;46;49;57;50;51;75;74;66;67;61;0;No;No;No
9954;5;2;3;7;13;23;22;29;18;21;39;45;0;41;34;56;47;49;54;46;68;62;69;66;61;0;No;No;No
9955;4;8;9;7;3;17;20;24;27;29;41;33;0;31;37;50;47;53;60;48;65;73;62;66;63;0;No;No;No
9956;11;9;13;12;3;28;18;27;16;30;45;37;0;36;35;50;58;54;52;46;63;70;66;74;69;0;No;No;No
9957;1;9;13;11;3;25;26;27;21;30;35;38;0;44;41;55;54;59;58;52;70;71;75;67;73;0;No;No;No
9958;8;13;5;6;1;23;17;27;21;24;44;36;0;38;42;57;58;50;52;49;61;69;62;65;71;0;No;No;No
9959;3;6;5;8;2;24;16;18;26;25;45;42;0;32;34;52;55;53;46;56;61;64;62;73;65;0;No;No;No
9960;8;5;7;6;15;25;29;26;27;23;37;35;0;43;36;53;58;46;48;54;62;66;71;61;65;0;No;No;No
9961;7;1;2;13;14;18;29;21;27;25;34;36;0;40;44;58;60;52;47;51;70;69;71;72;68;0;No;No;No
9962;5;1;3;4;13;17;18;20;24;29;33;40;0;39;32;58;46;57;51;55;65;73;71;61;72;0;No;No;No
9963;12;6;13;11;14;28;16;27;29;23;36;45;0;43;41;59;50;47;55;57;62;74;71;75;73;0;No;No;No
9964;7;8;4;9;12;27;22;19;26;29;39;31;0;33;38;57;52;59;51;58;62;75;70;69;66;0;No;No;No
9965;9;7;8;10;11;16;27;21;18;25;36;40;0;33;31;57;58;54;52;48;65;70;73;68;66;0;No;No;No
9966;2;9;15;13;5;24;22;23;25;20;38;42;0;32;34;56;50;59;49;53;74;71;72;73;69;0;No;No;No
9967;5;11;6;13;15;21;25;26;22;27;35;32;0;44;31;53;57;60;46;50;68;72;63;64;61;0;No;No;No
9968;12;6;3;10;1;28;22;25;19;16;35;42;0;44;39;49;58;53;59;50;72;67;69;61;75;0;No;No;No
9969;11;6;7;2;8;27;24;22;17;18;44;43;0;41;37;46;51;59;58;47;73;68;64;72;67;0;No;No;No
9970;7;2;11;1;12;17;20;27;16;19;32;37;0;41;34;56;46;49;59;57;64;71;72;69;74;0;No;No;No
9971;10;4;2;8;3;26;19;23;24;18;38;44;0;39;34;57;56;48;59;52;73;70;71;69;68;0;No;No;No
9972;12;6;8;13;7;29;24;17;23;30;36;42;0;44;39;53;56;46;51;57;75;67;63;66;74;0;No;No;No
9973;10;7;4;3;2;26;16;30;22;17;39;37;0;33;31;54;57;51;55;47;72;63;61;74;69;0;No;No;No
9974;8;2;15;9;1;25;19;24;18;29;34;35;0;44;43;47;54;48;55;58;69;73;71;70;72;0;No;No;No
9975;11;14;8;7;3;20;25;28;26;27;38;45;0;43;39;46;47;55;54;52;65;64;71;67;70;0;No;No;No
9976;7;10;3;9;12;22;17;29;25;24;35;44;0;37;42;55;56;47;51;57;64;67;70;68;73;0;No;No;No
9977;6;10;1;4;3;17;26;28;21;23;37;33;0;34;42;54;50;59;48;60;61;64;68;62;69;0;No;No;No
9978;11;14;9;7;10;28;17;29;25;20;38;43;0;34;31;57;50;52;54;48;61;75;74;72;66;0;No;No;No
9979;6;13;11;15;10;21;22;25;29;28;33;39;0;44;38;52;54;55;48;51;63;69;71;73;67;0;No;No;No
9980;2;5;11;6;13;26;22;19;28;24;40;41;0;45;36;46;55;49;60;52;70;62;67;64;71;0;No;No;No
9981;8;13;11;9;2;29;24;28;30;22;40;45;0;31;39;58;48;57;47;51;63;74;71;67;75;0;No;No;No
9982;14;10;6;15;8;22;29;28;18;17;34;38;0;33;40;55;58;52;49;47;70;65;72;71;63;0;No;No;No
9983;10;14;4;11;13;24;25;19;28;21;40;44;0;43;32;50;59;54;53;56;64;65;73;69;66;0;No;No;No
9984;4;7;10;15;3;18;22;21;29;19;35;38;0;45;42;57;53;56;49;50;73;62;66;69;72;0;No;No;No
9985;1;2;9;8;3;19;23;21;28;26;40;31;0;43;36;51;56;55;49;53;68;62;69;75;66;0;No;No;No
9986;10;14;8;6;12;22;23;26;18;20;33;37;0;38;45;46;48;55;51;57;74;64;63;62;65;0;No;No;No
9987;7;11;12;9;14;22;17;28;21;26;35;32;0;43;41;54;50;57;52;47;71;61;73;69;63;0;No;No;No
9988;6;4;1;2;7;25;21;20;29;23;38;39;0;40;44;56;50;49;57;54;63;64;66;61;72;0;No;No;No
9989;3;7;4;6;12;23;22;27;17;30;39;40;0;38;42;54;60;57;49;53;68;72;62;63;70;0;No;No;No
9990;3;5;1;13;2;23;27;26;16;19;40;39;0;44;31;58;54;48;47;50;68;67;74;64;72;0;No;No;No
9991;2;6;9;11;5;23;29;16;22;21;43;41;0;39;37;46;52;49;59;54;61;72;69;65;62;0;No;No;No
9992;1;9;3;8;13;24;23;19;16;30;31;35;0;44;37;53;54;50;57;56;61;69;71;72;66;0;No;No;No
9993;12;11;2;4;8;29;22;24;18;20;41;33;0;34;39;51;57;46;48;54;62;65;67;71;66;0;No;No;No
9994;9;2;1;11;8;24;17;25;27;28;31;37;0;44;32;50;52;48;53;59;61;64;75;66;68;0;No;No;No
9995;12;9;4;5;14;24;28;19;23;22;38;36;0;31;37;55;57;46;48;59;73;72;64;70;68;0;No;No;No
9996;2;13;6;8;11;17;27;20;21;29;32;36;0;34;40;52;59;49;57;48;73;69;68;61;64;0;No;No;No
9997;6;11;5;15;14;29;27;28;20;18;38;41;0;44;40;50;53;49;47;55;67;74;73;64;69;0;No;No;No
9998;4;13;9;11;7;23;18;30;16;26;42;31;0;35;39;58;53;57;48;54;62;61;69;68;66;0;No;No;No
9999;13;4;14;3;5;20;25;21;26;24;40;38;0;43;41;60;55;59;53;57;69;64;71;75;70;0;No;No;No
10000;5;10;4;13;3;24;26;21;28;23;31;43;0;40;39;48;46;52;57;49;70;73;65;67;71;0;No;No;No
