numero;b1;b2;b3;b4;b5;i1;i2;i3;i4;i5;n1;n2;n3;n4;n5;g1;g2;g3;g4;g5;o1;o2;o3;o4;o5;Activo;Nombre;Cedula;Telefono
1;13;8;14;12;4;27;23;17;21;24;35;40;0;36;42;48;49;58;55;54;68;66;62;71;65;-1;No;No;No
2;13;4;1;12;14;21;25;16;27;26;34;44;0;39;33;59;46;49;47;54;66;64;63;70;73;-1;No;No;No
3;6;7;12;3;4;22;21;24;20;26;36;39;0;38;42;49;50;57;58;55;74;63;72;64;68;-1;No;No;No
4;9;1;3;15;12;19;25;18;20;17;40;43;0;38;35;48;47;55;58;54;61;68;65;67;70;-1;No;No;No
5;6;9;11;14;13;19;20;16;23;28;37;41;0;36;42;58;52;53;60;57;73;62;68;74;69;-1;No;No;No
6;11;8;6;5;2;24;22;27;16;25;32;42;0;35;44;53;51;57;50;46;63;70;67;65;74;-1;No;No;No
7;9;6;2;13;12;17;21;26;20;28;35;39;0;42;32;48;51;59;53;56;75;74;61;73;65;-1;No;No;No
8;9;11;10;8;6;26;28;20;23;29;45;44;0;38;39;52;57;46;49;55;68;61;69;71;63;-1;No;No;No
9;8;14;7;1;9;26;27;23;19;17;38;42;0;34;31;57;55;52;53;49;74;63;69;67;64;-1;No;No;No
10;3;7;9;10;4;23;18;17;20;24;41;36;0;45;38;51;55;52;50;49;62;61;70;65;66;-1;No;No;No
11;4;13;12;14;3;21;28;30;27;25;40;35;0;45;42;53;47;50;60;58;64;72;67;63;65;-1;No;No;No
12;1;8;4;5;3;21;17;27;25;26;44;37;0;39;34;49;55;47;58;46;65;74;73;71;64;-1;No;No;No
13;12;11;9;3;8;23;27;25;28;24;40;39;0;41;38;49;48;57;46;51;64;66;72;75;71;-1;No;No;No
14;3;5;14;13;10;20;25;24;22;29;34;43;0;32;44;48;58;57;52;53;65;68;72;61;69;-1;No;No;No
15;2;13;14;5;4;25;18;27;24;23;41;42;0;31;34;57;60;49;46;55;66;65;69;74;63;-1;No;No;No
16;8;1;13;4;9;18;20;28;25;26;40;33;0;42;35;56;57;46;47;59;70;63;72;61;71;-1;No;No;No
17;12;7;4;9;6;25;17;19;23;20;38;34;0;37;35;54;46;55;47;53;63;61;62;74;73;-1;No;No;No
18;4;5;15;10;13;18;26;19;22;24;37;44;0;41;32;52;57;55;49;51;63;71;67;70;61;-1;No;No;No
19;3;11;5;8;14;29;23;20;22;28;39;37;0;33;40;46;58;51;59;54;72;68;71;74;69;-1;No;No;No
20;8;13;11;14;1;21;24;20;27;19;40;41;0;45;36;55;51;48;57;58;64;73;63;65;69;-1;No;No;No
21;2;13;6;4;14;21;24;18;20;25;45;42;0;38;39;47;52;48;50;54;72;68;67;63;62;-1;No;No;No
22;12;3;5;4;9;25;23;16;27;17;42;35;0;38;43;52;58;57;54;53;71;72;67;61;64;-1;No;No;No
23;15;11;5;7;10;21;20;27;19;17;33;36;0;43;35;54;60;53;47;58;72;71;61;69;65;-1;No;No;No
24;10;1;14;3;5;29;16;24;25;22;41;39;0;42;37;47;57;46;49;56;71;67;69;61;62;-1;No;No;No
25;1;2;8;13;7;17;27;20;24;25;38;37;0;42;40;57;58;52;51;46;72;63;67;61;65;-1;No;No;No
26;3;10;9;4;13;30;18;22;26;24;43;33;0;31;35;57;49;54;47;52;70;63;73;67;68;-1;No;No;No
27;6;10;15;2;11;19;16;30;23;20;41;37;0;43;42;52;51;57;46;53;67;74;66;69;70;-1;No;No;No
28;15;13;2;14;5;28;23;17;18;25;38;41;0;36;33;47;50;52;49;59;70;66;65;63;62;-1;No;No;No
29;15;5;10;12;9;25;26;30;19;23;38;43;0;32;35;52;54;47;59;57;74;61;66;65;69;-1;No;No;No
30;14;5;3;12;6;19;21;23;17;22;36;39;0;44;42;47;50;54;51;60;66;62;68;71;72;-1;No;No;No
31;10;13;7;12;14;23;24;16;28;17;42;39;0;40;32;58;49;47;46;55;68;66;61;63;73;-1;No;No;No
32;5;8;3;1;10;21;24;16;26;23;32;37;0;31;38;54;53;51;59;56;73;69;71;68;72;-1;No;No;No
33;1;11;10;15;12;26;25;21;16;20;33;43;0;36;41;55;48;54;50;58;68;69;63;64;71;-1;No;No;No
34;7;1;8;2;11;28;27;21;16;18;37;34;0;35;31;53;60;57;52;48;67;64;69;75;70;-1;No;No;No
35;10;13;7;5;6;19;16;23;28;17;31;38;0;33;40;56;55;57;54;46;72;71;62;66;73;-1;No;No;No
36;7;12;4;5;13;22;19;20;25;23;41;35;0;31;38;59;53;58;52;51;73;61;69;65;62;-1;No;No;No
37;5;4;9;3;12;28;25;22;23;19;43;33;0;35;40;48;55;58;51;53;65;63;67;64;70;-1;No;No;No
38;15;8;6;13;9;18;26;22;23;19;39;37;0;34;45;51;57;50;54;48;73;74;71;65;70;-1;No;No;No
39;9;3;15;2;1;20;16;26;17;21;34;41;0;38;44;55;48;59;50;58;74;66;72;62;69;-1;No;No;No
40;11;4;10;9;1;22;16;29;23;17;40;33;0;31;43;57;58;55;50;53;68;67;70;65;64;-1;No;No;No
41;7;6;14;12;3;29;21;17;24;22;37;36;0;43;35;49;54;55;57;48;69;64;74;66;67;-1;No;No;No
42;2;1;4;3;10;19;21;29;22;30;41;32;0;35;40;48;59;46;51;56;61;62;73;65;71;-1;No;No;No
43;3;8;9;11;7;20;25;17;24;22;37;44;0;43;34;60;49;54;56;46;63;62;66;74;67;-1;No;No;No
44;3;5;2;7;6;19;21;22;27;17;38;35;0;39;41;59;52;50;58;49;67;70;75;66;62;-1;No;No;No
45;10;4;14;15;9;28;29;26;19;30;41;31;0;42;40;54;46;55;49;59;74;69;64;65;66;-1;No;No;No
46;6;11;4;8;10;17;28;21;24;26;40;35;0;43;45;56;57;54;48;51;62;73;68;74;63;-1;No;No;No
47;5;12;15;11;1;26;29;16;23;28;39;36;0;45;42;52;46;51;59;56;73;68;65;64;70;-1;No;No;No
48;6;9;5;11;7;17;21;25;26;23;41;40;0;42;37;47;58;53;54;56;69;74;64;66;70;-1;No;No;No
49;11;1;5;9;13;19;25;22;24;29;41;37;0;32;31;58;51;60;47;52;63;75;65;69;64;-1;No;No;No
50;11;1;14;5;9;22;24;28;23;21;31;40;0;41;39;56;59;55;51;54;68;71;72;61;65;-1;No;No;No
51;2;13;12;1;8;18;22;24;30;19;36;41;0;32;37;48;50;52;46;53;62;69;71;75;63;-1;No;No;No
52;12;4;14;10;1;29;22;26;16;27;41;32;0;40;43;51;55;48;49;56;62;61;63;66;65;-1;No;No;No
53;11;6;1;8;4;17;21;18;20;28;37;39;0;42;31;52;57;56;53;55;68;62;61;69;73;-1;No;No;No
54;8;7;2;3;1;17;16;27;26;19;44;40;0;33;34;59;53;50;49;47;64;68;74;72;63;-1;No;No;No
55;12;6;3;13;5;24;30;27;19;26;35;38;0;39;43;52;47;54;58;53;68;72;62;71;73;-1;No;No;No
56;11;10;4;12;9;22;28;25;19;17;39;32;0;43;42;53;55;56;47;48;73;62;66;63;67;-1;No;No;No
57;3;10;6;13;2;25;21;29;24;30;35;41;0;44;38;52;46;50;54;55;73;63;69;74;64;-1;No;No;No
58;14;2;12;9;3;19;18;28;30;23;40;39;0;36;43;55;50;49;48;51;71;74;64;63;66;-1;No;No;No
59;14;3;13;5;12;17;25;28;24;29;34;40;0;42;37;58;48;53;55;54;65;66;64;70;67;-1;No;No;No
60;1;13;12;6;14;17;25;26;20;29;38;33;0;32;37;55;54;48;58;49;74;63;68;65;67;-1;No;No;No
61;9;8;2;12;11;22;20;26;24;27;33;42;0;38;44;46;58;54;60;50;64;66;72;69;73;-1;No;No;No
62;4;2;5;9;8;18;20;29;27;23;43;39;0;34;41;54;57;58;49;56;69;74;66;75;65;-1;No;No;No
63;4;3;11;10;9;16;18;25;27;26;34;43;0;45;39;57;58;53;54;59;74;67;69;62;68;-1;No;No;No
64;11;10;7;2;14;17;27;22;20;25;43;33;0;40;31;56;55;54;53;46;62;65;64;63;74;-1;No;No;No
65;11;14;7;12;6;28;24;17;27;19;41;36;0;42;34;57;60;55;50;56;73;72;63;69;70;-1;No;No;No
66;12;8;7;13;3;29;21;23;16;18;33;36;0;32;35;59;60;56;46;55;70;67;73;66;63;-1;No;No;No
67;11;12;6;13;9;18;22;16;24;28;40;38;0;33;43;49;53;55;54;51;63;70;67;68;72;-1;No;No;No
68;8;11;3;13;1;20;25;17;27;16;41;38;0;44;31;58;59;50;46;57;61;74;66;64;72;-1;No;No;No
69;5;12;1;14;6;30;26;23;20;29;39;41;0;32;36;56;50;52;58;51;72;69;66;67;68;-1;No;No;No
70;14;11;2;8;13;18;22;26;16;23;42;41;0;36;45;52;48;51;47;49;64;69;63;70;61;-1;No;No;No
71;4;7;1;5;3;28;20;22;23;26;42;31;0;32;41;54;48;58;57;55;64;70;61;73;67;-1;No;No;No
72;4;10;5;13;7;23;19;25;16;18;43;45;0;34;32;54;55;52;56;50;68;70;66;63;69;-1;No;No;No
73;9;11;10;7;13;20;19;30;21;16;44;31;0;40;42;54;57;46;60;51;70;69;62;65;73;-1;No;No;No
74;4;2;6;14;5;29;27;21;19;18;37;34;0;42;33;55;47;49;51;56;66;72;64;69;71;-1;No;No;No
75;12;8;1;11;7;26;28;23;18;21;45;40;0;34;39;49;58;56;50;55;73;63;65;64;70;-1;No;No;No
76;10;9;1;11;6;23;29;26;19;24;39;40;0;35;38;46;59;58;48;53;71;65;66;67;73;-1;No;No;No
77;5;11;10;6;2;30;16;26;24;25;44;37;0;32;42;56;59;48;51;58;63;69;70;74;71;-1;No;No;No
78;11;4;12;5;2;20;17;27;18;24;41;39;0;42;34;47;46;48;59;60;61;66;72;69;62;-1;No;No;No
79;8;14;13;11;6;21;17;19;28;20;32;38;0;41;36;56;48;57;46;50;63;72;67;62;71;-1;No;No;No
80;3;15;5;9;1;21;24;18;29;30;42;43;0;41;39;47;59;58;49;57;64;74;66;70;73;-1;No;No;No
81;14;11;9;4;8;20;26;25;18;22;37;40;0;36;32;49;56;53;52;54;62;72;73;71;67;-1;No;No;No
82;4;7;10;6;14;30;19;27;21;20;34;40;0;44;41;55;58;56;59;48;61;72;74;62;70;-1;No;No;No
83;8;2;13;12;11;24;22;17;26;21;38;42;0;33;41;56;52;59;53;46;61;64;72;67;65;-1;No;No;No
84;8;5;15;2;13;28;25;20;26;24;35;39;0;40;38;51;49;58;50;59;68;71;67;61;72;-1;No;No;No
85;7;3;9;14;5;24;30;23;25;17;37;35;0;32;31;55;58;60;56;54;70;65;64;61;69;-1;No;No;No
86;3;12;13;4;6;23;17;27;26;29;43;32;0;44;42;52;55;58;56;47;64;69;63;66;72;-1;No;No;No
87;1;7;9;4;8;26;16;22;23;27;40;45;0;38;33;52;48;51;60;53;65;66;61;62;72;-1;No;No;No
88;12;5;13;6;11;18;29;27;23;30;32;40;0;36;43;56;55;46;49;57;74;62;65;69;61;-1;No;No;No
89;11;7;5;13;12;25;16;19;29;18;43;36;0;34;44;59;52;54;51;46;69;66;63;64;70;-1;No;No;No
90;14;8;12;7;10;27;29;17;23;26;36;41;0;38;39;55;50;51;48;58;72;73;62;65;74;-1;No;No;No
91;6;10;5;13;3;25;22;21;16;19;45;44;0;37;39;58;50;60;47;46;61;66;74;71;75;-1;No;No;No
92;9;6;15;14;5;20;22;26;21;24;39;38;0;43;34;50;47;56;59;58;62;66;71;73;65;-1;No;No;No
93;1;14;13;2;6;25;22;30;27;20;44;31;0;33;34;59;56;52;48;51;68;72;69;64;67;-1;No;No;No
94;15;5;3;10;9;22;18;30;26;23;32;45;0;43;33;50;60;58;46;53;68;65;64;73;70;-1;No;No;No
95;14;7;6;11;1;30;23;24;22;28;35;43;0;36;37;57;58;59;48;51;75;74;61;64;70;-1;No;No;No
96;14;11;10;7;6;25;29;20;18;22;40;31;0;37;34;49;52;53;55;54;72;66;61;64;69;-1;No;No;No
97;10;14;8;13;9;25;29;26;18;28;37;41;0;44;43;56;52;54;51;50;61;65;74;71;64;-1;No;No;No
98;12;5;14;10;7;18;28;21;23;24;35;38;0;33;43;56;46;48;59;57;71;73;67;75;64;-1;No;No;No
99;13;8;15;7;5;25;26;23;19;21;43;33;0;44;31;51;49;56;48;50;63;72;62;70;74;-1;No;No;No
100;2;4;1;8;11;27;21;24;16;29;35;33;0;31;41;49;46;51;55;53;71;63;72;73;62;-1;No;No;No
101;11;12;6;14;10;24;19;18;23;29;31;33;0;42;43;50;57;47;56;59;75;67;72;71;70;-1;No;No;No
102;9;15;11;4;12;28;24;25;27;21;38;42;0;41;32;53;60;47;51;46;66;64;62;70;71;-1;No;No;No
103;9;11;10;13;7;30;17;20;28;25;34;33;0;35;32;46;51;47;58;57;71;61;74;70;64;-1;No;No;No
104;5;9;2;11;8;28;17;29;25;22;32;33;0;44;42;55;50;58;54;52;66;68;70;64;75;-1;No;No;No
105;4;3;2;8;12;16;26;19;22;20;41;35;0;39;40;54;56;57;58;59;63;75;61;70;68;-1;No;No;No
106;7;15;6;8;5;25;17;20;23;27;34;43;0;45;33;57;46;52;51;60;71;73;67;61;64;-1;No;No;No
107;15;4;9;3;14;27;18;26;23;24;38;35;0;41;36;50;47;53;48;59;71;67;62;74;69;-1;No;No;No
108;13;15;2;9;10;21;26;27;17;16;40;34;0;38;39;47;54;48;52;49;67;61;74;63;64;-1;No;No;No
109;15;11;7;12;9;27;19;20;23;29;31;33;0;35;41;55;51;56;47;52;61;65;63;64;70;-1;No;No;No
110;7;13;2;4;5;28;21;22;29;19;45;38;0;35;36;59;48;50;52;54;71;69;65;67;66;-1;No;No;No
111;10;15;7;9;8;27;23;25;28;16;44;34;0;42;36;48;54;49;52;58;64;74;62;61;65;-1;No;No;No
112;8;9;6;11;10;26;30;19;23;25;45;39;0;37;31;56;57;55;52;54;73;74;67;71;70;-1;No;No;No
113;4;7;14;5;1;22;26;25;21;29;40;35;0;32;39;56;46;48;54;57;68;64;71;73;66;-1;No;No;No
114;5;7;6;10;8;23;28;26;24;17;38;32;0;37;41;59;58;47;49;57;74;68;66;70;64;-1;No;No;No
115;13;11;9;7;1;24;25;20;29;26;34;36;0;33;35;55;46;53;49;59;66;62;63;61;72;-1;No;No;No
116;3;9;11;14;15;20;26;28;22;19;33;40;0;41;45;53;49;58;56;55;62;67;70;64;73;-1;No;No;No
117;13;12;7;8;4;21;28;23;18;16;35;38;0;39;41;52;58;56;49;57;69;61;74;73;65;-1;No;No;No
118;5;8;7;11;15;21;28;22;16;24;34;42;0;44;31;58;48;46;50;55;65;70;66;64;69;-1;No;No;No
119;4;5;14;6;1;30;26;18;17;23;43;44;0;33;36;54;48;56;59;57;72;62;74;73;63;-1;No;No;No
120;9;3;12;5;13;30;17;29;23;24;41;37;0;36;38;58;55;51;47;52;71;66;63;74;72;-1;No;No;No
121;5;6;7;3;8;18;17;19;22;16;37;44;0;36;41;51;60;56;48;58;68;75;62;65;64;-1;No;No;No
122;1;10;11;4;7;23;27;21;19;18;37;44;0;42;38;50;58;55;49;46;66;71;72;67;70;-1;No;No;No
123;10;5;2;1;12;30;28;25;29;20;38;34;0;37;33;50;52;58;48;60;72;74;64;70;61;-1;No;No;No
124;6;15;12;14;5;21;17;28;27;24;40;37;0;39;36;52;46;58;53;50;66;74;63;61;73;-1;No;No;No
125;10;5;13;14;3;23;19;22;17;16;34;35;0;43;31;46;51;49;52;53;75;63;73;74;69;-1;No;No;No
126;10;11;8;3;15;21;25;16;23;24;39;32;0;33;42;46;56;51;47;58;68;70;66;69;67;-1;No;No;No
127;13;14;10;15;2;25;26;21;29;28;31;44;0;45;35;48;53;52;47;50;70;72;63;73;69;-1;No;No;No
128;7;9;13;6;8;29;23;22;30;24;42;33;0;39;44;48;54;50;58;53;69;70;71;66;65;-1;No;No;No
129;3;15;4;13;12;22;24;29;25;28;41;36;0;35;33;58;47;51;59;46;69;70;61;62;74;-1;No;No;No
130;11;8;1;14;3;26;30;25;21;19;35;33;0;32;45;60;57;53;49;47;72;68;65;61;63;-1;No;No;No
131;7;11;1;13;4;16;25;23;26;22;39;45;0;42;36;50;56;55;54;57;74;70;63;61;65;-1;No;No;No
132;4;1;9;5;6;24;23;21;19;29;40;43;0;44;37;50;53;54;58;49;61;72;75;68;74;-1;No;No;No
133;7;5;4;6;9;29;28;23;27;30;45;44;0;32;35;55;60;47;49;54;71;74;68;70;67;-1;No;No;No
134;4;13;3;2;7;20;27;24;18;26;31;38;0;32;34;54;49;53;50;46;64;71;66;74;61;-1;No;No;No
135;4;14;15;3;7;26;19;25;16;29;37;33;0;32;38;51;58;56;47;48;65;73;70;61;66;-1;No;No;No
136;13;8;4;9;15;16;19;22;18;27;34;31;0;45;37;46;49;55;53;60;73;74;72;71;62;-1;No;No;No
137;15;9;2;1;6;17;27;19;24;16;35;36;0;39;38;49;51;56;58;53;71;70;61;67;74;-1;No;No;No
138;8;14;5;12;10;16;21;23;19;17;31;44;0;42;36;59;50;51;56;54;62;73;63;65;72;-1;No;No;No
139;5;11;9;14;7;17;26;24;22;18;34;43;0;37;41;51;46;48;47;53;64;74;67;71;70;-1;No;No;No
140;14;15;13;5;4;30;22;26;24;20;34;44;0;36;43;51;56;46;52;50;71;62;68;61;69;-1;No;No;No
141;1;8;13;11;15;23;19;25;28;21;33;34;0;40;31;59;48;51;56;47;71;75;63;72;67;-1;No;No;No
142;13;14;11;12;4;27;21;16;18;29;37;38;0;39;41;48;49;58;47;53;61;70;65;69;62;-1;No;No;No
143;3;11;13;1;9;19;26;22;27;28;38;36;0;35;42;46;60;48;51;55;63;67;74;70;75;-1;No;No;No
144;13;2;4;3;11;28;16;24;17;30;38;44;0;35;41;53;58;47;49;59;62;70;69;75;67;-1;No;No;No
145;12;14;7;3;2;16;28;24;25;22;40;31;0;42;41;56;54;48;57;55;65;74;64;69;61;-1;No;No;No
146;10;5;14;8;11;23;30;17;19;29;33;31;0;42;41;59;52;56;58;55;71;62;73;64;69;-1;No;No;No
147;11;3;7;15;2;22;24;19;30;23;38;35;0;43;45;59;53;52;46;58;61;71;63;67;65;-1;No;No;No
148;14;9;8;4;15;18;19;23;30;26;45;40;0;37;43;50;52;46;58;59;66;73;74;70;75;-1;No;No;No
149;5;1;3;7;6;16;20;29;19;24;37;33;0;39;36;56;57;49;59;47;67;74;72;68;65;-1;No;No;No
150;9;14;5;10;8;23;17;25;27;21;32;33;0;41;42;51;54;50;55;57;69;71;68;64;66;-1;No;No;No
151;1;14;10;8;11;24;25;30;29;16;34;44;0;31;41;51;59;57;53;50;72;61;62;69;73;-1;No;No;No
152;3;4;2;7;14;27;20;21;16;28;38;39;0;34;40;50;54;59;55;58;75;62;72;68;69;-1;No;No;No
153;4;8;5;3;1;26;21;23;17;16;38;42;0;36;32;55;59;48;51;53;69;72;68;65;61;-1;No;No;No
154;3;2;9;13;10;26;18;30;20;25;38;37;0;31;35;49;46;57;56;59;62;65;75;63;74;-1;No;No;No
155;7;14;3;10;6;16;17;26;25;22;39;41;0;34;32;46;47;59;48;55;64;74;62;72;68;-1;No;No;No
156;4;15;3;11;12;23;30;21;17;27;40;45;0;41;42;60;56;54;51;59;72;65;69;63;62;-1;No;No;No
157;14;9;13;10;4;29;24;28;23;30;45;44;0;36;33;46;56;48;53;60;72;69;68;70;65;-1;No;No;No
158;3;14;4;10;6;21;23;19;28;20;41;40;0;44;37;55;57;56;53;51;73;63;71;75;62;-1;No;No;No
159;13;8;7;4;14;23;29;28;20;21;35;39;0;40;38;57;46;54;48;60;72;71;64;69;67;-1;No;No;No
160;14;1;10;9;8;22;21;16;23;28;45;42;0;38;37;56;59;48;51;52;75;61;67;64;71;-1;No;No;No
161;2;1;4;11;9;19;28;17;24;26;31;32;0;41;38;60;46;47;49;55;64;63;72;73;68;-1;No;No;No
162;5;2;3;13;14;20;24;29;17;27;39;32;0;31;35;56;48;46;53;54;62;71;70;68;63;-1;No;No;No
163;7;8;2;11;9;18;20;27;25;17;41;34;0;35;33;49;46;57;51;48;65;66;61;64;70;-1;No;No;No
164;1;14;2;5;6;21;28;16;22;20;43;39;0;34;40;50;55;56;53;47;63;67;68;65;64;-1;No;No;No
165;2;8;1;6;4;23;25;24;19;17;36;32;0;40;31;46;48;51;60;55;66;68;64;72;65;-1;No;No;No
166;1;14;4;2;5;16;21;23;24;19;39;36;0;44;41;55;56;49;52;54;69;74;65;62;73;-1;No;No;No
167;7;8;9;14;10;30;23;16;24;18;31;45;0;34;32;50;54;59;48;60;70;66;65;67;71;-1;No;No;No
168;13;5;14;3;2;27;16;21;26;18;38;39;0;35;44;58;53;57;46;47;63;70;72;62;66;-1;No;No;No
169;13;8;9;4;15;21;26;18;19;28;44;33;0;41;37;52;49;57;51;50;61;74;66;64;65;-1;No;No;No
170;1;3;6;2;11;28;25;27;26;22;40;34;0;35;42;60;56;47;54;58;74;73;71;69;61;-1;No;No;No
171;6;12;2;9;14;27;24;29;18;26;37;32;0;31;38;51;52;50;58;56;66;63;68;67;62;-1;No;No;No
172;3;6;14;8;4;18;20;29;21;26;32;45;0;39;40;56;55;51;58;53;65;67;68;72;61;-1;No;No;No
173;9;13;3;15;8;17;18;21;27;28;44;36;0;31;34;59;58;54;57;56;74;75;70;64;72;-1;No;No;No
174;1;5;15;13;2;26;27;30;24;22;35;33;0;36;34;51;59;50;55;56;68;61;70;75;65;-1;No;No;No
175;2;6;1;9;11;19;26;17;21;16;31;43;0;36;39;47;55;57;46;52;66;65;74;71;70;-1;No;No;No
176;7;1;14;8;10;24;25;26;20;23;37;41;0;35;34;47;58;54;49;56;70;73;63;72;67;-1;No;No;No
177;12;6;13;15;3;17;27;24;21;29;33;42;0;43;34;49;59;47;60;56;70;68;61;67;63;-1;No;No;No
178;4;14;10;11;2;20;29;28;23;21;34;36;0;37;45;57;52;54;55;46;67;62;71;65;74;-1;No;No;No
179;6;15;14;1;4;19;18;24;23;20;44;40;0;37;41;59;58;53;55;56;69;68;72;65;62;-1;No;No;No
180;6;12;10;7;9;18;16;19;23;21;31;37;0;33;41;54;60;49;51;52;69;62;63;68;64;-1;No;No;No
181;14;6;3;7;2;27;22;30;18;19;43;44;0;31;41;46;59;55;47;48;61;67;68;62;70;-1;No;No;No
182;2;10;13;9;15;21;16;18;25;23;41;44;0;33;43;59;60;54;49;52;75;67;70;62;69;-1;No;No;No
183;4;13;15;14;2;16;17;28;26;24;39;42;0;41;34;57;53;55;56;50;70;74;71;73;69;-1;No;No;No
184;11;7;4;1;6;23;26;19;25;18;34;36;0;32;35;48;57;51;56;55;75;72;68;65;64;-1;No;No;No
185;1;15;4;8;12;19;30;17;28;27;40;32;0;42;41;47;53;49;59;54;65;67;74;63;62;-1;No;No;No
186;8;3;9;15;2;25;24;18;27;17;39;32;0;45;33;56;46;50;54;53;63;67;61;64;71;-1;No;No;No
187;10;14;2;13;1;18;28;27;30;21;37;36;0;31;38;53;46;51;50;57;68;64;73;72;62;-1;No;No;No
188;11;10;12;2;4;19;17;26;18;20;41;36;0;42;37;56;57;47;52;51;66;73;71;75;64;-1;No;No;No
189;14;13;9;3;1;23;29;22;16;21;40;34;0;41;31;57;60;59;56;51;74;62;70;71;72;-1;No;No;No
190;10;14;11;1;2;17;28;25;18;22;44;43;0;38;32;49;53;58;51;48;66;65;64;62;73;-1;No;No;No
191;1;14;7;3;5;24;30;16;18;23;33;32;0;40;36;48;53;47;57;50;67;68;61;66;65;-1;No;No;No
192;11;2;6;1;7;29;28;21;24;23;37;44;0;38;42;57;56;55;50;48;66;65;69;63;72;-1;No;No;No
193;1;9;15;8;2;23;19;25;17;27;32;39;0;41;38;53;47;57;49;52;61;64;62;71;63;-1;No;No;No
194;8;13;3;2;1;25;20;26;18;27;41;32;0;42;33;52;51;46;50;49;74;66;72;61;64;-1;No;No;No
195;3;5;6;2;8;30;29;19;25;24;36;43;0;38;39;50;47;51;46;59;70;68;71;63;65;-1;No;No;No
196;2;10;3;9;6;27;30;21;16;26;32;41;0;35;43;56;57;52;51;60;67;72;71;75;62;-1;No;No;No
197;5;10;4;11;9;30;26;24;21;22;42;41;0;32;34;58;46;60;49;54;72;62;63;64;75;-1;No;No;No
198;7;3;11;6;14;21;24;22;30;17;33;45;0;43;34;49;53;57;60;46;65;69;64;71;70;-1;No;No;No
199;1;4;6;3;9;20;22;19;29;24;31;44;0;33;41;49;58;55;47;46;67;70;68;69;73;-1;No;No;No
200;11;6;8;3;9;20;27;28;23;26;44;31;0;32;45;52;49;57;53;56;69;67;72;61;68;-1;No;No;No
201;8;14;2;9;12;27;29;23;25;20;35;31;0;43;36;54;46;55;58;59;73;68;66;70;63;-1;No;No;No
202;12;2;4;10;15;28;22;19;26;24;37;43;0;40;41;54;53;47;49;57;61;65;70;62;67;-1;No;No;No
203;8;13;2;10;9;27;26;18;16;22;43;32;0;34;44;59;47;54;55;49;69;65;61;73;75;-1;No;No;No
204;6;3;14;8;2;25;27;24;16;21;36;38;0;41;39;47;52;56;55;58;65;67;73;64;72;-1;No;No;No
205;7;3;10;12;5;24;30;29;21;18;36;44;0;41;43;53;58;54;47;56;62;64;66;75;65;-1;No;No;No
206;14;2;1;6;8;23;17;22;20;26;44;35;0;31;42;53;60;47;55;58;73;72;70;67;63;-1;No;No;No
207;5;2;11;6;3;27;28;21;29;17;41;33;0;31;32;55;59;46;57;60;74;70;61;71;69;-1;No;No;No
208;12;7;9;4;3;19;16;24;28;23;43;42;0;44;41;53;55;47;60;56;66;70;62;64;67;-1;No;No;No
209;13;3;10;7;15;27;25;18;29;17;44;34;0;36;35;52;55;56;47;48;61;64;74;72;68;-1;No;No;No
210;6;14;3;7;1;16;21;23;25;22;35;40;0;38;34;52;51;57;46;59;73;75;62;72;65;-1;No;No;No
211;2;1;13;12;9;22;23;19;17;29;39;37;0;42;40;46;55;48;58;49;67;62;63;66;73;-1;No;No;No
212;5;3;9;8;10;22;25;20;18;27;44;37;0;34;38;58;47;53;46;48;66;65;70;71;69;-1;No;No;No
213;5;14;10;2;11;24;18;29;26;22;31;43;0;40;36;57;53;59;54;48;65;74;63;69;72;-1;No;No;No
214;2;13;14;1;10;16;20;25;27;29;43;34;0;45;39;52;53;54;47;59;75;74;72;71;66;-1;No;No;No
215;2;9;14;13;10;16;26;28;25;24;33;40;0;38;34;51;55;56;47;49;69;72;73;68;64;-1;No;No;No
216;10;1;9;5;15;27;25;24;21;28;41;38;0;31;42;59;57;53;46;50;66;67;75;63;73;-1;No;No;No
217;9;3;4;14;2;21;26;18;29;20;32;41;0;31;36;51;58;48;50;59;70;73;67;68;65;-1;No;No;No
218;10;13;3;11;6;29;27;24;30;26;35;43;0;38;36;60;49;51;48;54;69;66;68;73;71;-1;No;No;No
219;14;13;3;9;12;28;27;29;17;16;31;44;0;42;35;55;57;52;46;53;74;66;68;75;71;-1;No;No;No
220;1;10;8;13;6;17;18;20;19;28;43;41;0;35;37;56;53;57;55;49;61;63;73;71;74;-1;No;No;No
221;9;14;15;8;5;30;23;29;19;20;35;41;0;45;31;60;50;57;54;48;71;66;61;62;74;-1;No;No;No
222;7;12;11;15;10;26;28;17;16;27;33;31;0;36;37;48;50;59;60;57;61;63;75;69;70;-1;No;No;No
223;5;11;2;4;14;25;28;27;30;16;37;32;0;44;42;52;55;56;54;47;71;62;61;69;63;-1;No;No;No
224;7;11;14;9;12;17;19;22;18;24;31;39;0;44;42;54;46;57;60;49;62;66;67;71;74;-1;No;No;No
225;2;6;9;12;10;22;28;23;21;29;33;38;0;36;43;50;46;47;52;53;61;62;67;64;71;-1;No;No;No
226;12;8;5;2;15;26;21;17;16;29;43;37;0;33;32;58;50;54;57;47;70;62;63;67;64;-1;No;No;No
227;14;4;2;11;1;30;16;23;20;21;31;36;0;34;37;53;60;47;50;57;74;61;64;67;63;-1;No;No;No
228;9;11;7;14;15;16;22;20;21;17;45;36;0;38;39;59;53;47;54;58;63;69;72;65;71;-1;No;No;No
229;9;7;12;4;8;28;19;20;29;21;41;33;0;38;32;59;50;52;46;49;74;69;64;71;70;-1;No;No;No
230;1;11;7;12;9;18;22;20;21;19;41;33;0;44;45;54;56;55;48;57;69;71;61;74;73;-1;No;No;No
231;3;1;6;9;4;24;30;18;28;20;35;41;0;36;37;47;50;58;55;57;75;67;74;62;69;-1;No;No;No
232;14;9;6;10;7;21;17;22;30;24;42;31;0;37;34;52;55;54;49;60;71;61;72;68;65;-1;No;No;No
233;6;9;2;10;3;16;17;18;29;21;33;31;0;37;39;56;53;58;49;54;68;61;67;72;64;-1;No;No;No
234;7;2;3;14;8;27;22;24;21;19;31;40;0;43;42;58;54;51;59;56;73;63;74;65;72;-1;No;No;No
235;5;4;11;7;2;29;20;30;23;19;42;41;0;39;43;59;48;49;55;56;70;61;73;71;63;-1;No;No;No
236;3;14;5;13;1;18;19;20;26;28;43;40;0;35;37;47;48;51;52;57;64;62;74;71;63;-1;No;No;No
237;13;3;6;8;4;18;17;16;21;25;41;40;0;33;39;59;54;57;49;53;75;74;71;63;73;-1;No;No;No
238;5;12;2;4;11;25;22;16;19;26;43;36;0;39;33;52;48;53;54;49;70;71;74;65;67;-1;No;No;No
239;4;10;1;11;7;22;24;17;20;23;37;38;0;36;31;48;60;50;57;46;66;63;64;69;67;-1;No;No;No
240;5;2;1;12;11;26;25;23;22;17;36;40;0;32;43;50;51;56;60;57;68;72;61;63;74;-1;No;No;No
241;2;9;10;15;6;27;17;18;20;21;35;42;0;33;43;59;58;46;56;50;66;70;72;65;64;-1;No;No;No
242;13;12;3;2;7;16;23;22;21;20;33;35;0;32;44;55;53;51;49;59;71;61;62;68;74;-1;No;No;No
243;5;6;8;3;7;27;17;19;21;29;42;31;0;37;43;56;49;60;54;58;65;61;66;63;64;-1;No;No;No
244;4;10;6;12;13;30;27;20;21;28;32;35;0;36;44;57;54;56;53;50;71;72;70;63;68;-1;No;No;No
245;11;6;1;5;15;18;20;26;17;16;31;39;0;40;45;57;47;49;53;55;65;70;69;62;66;-1;No;No;No
246;2;13;4;10;1;22;19;29;17;23;38;40;0;32;35;57;59;55;46;54;69;63;66;61;68;-1;No;No;No
247;6;1;9;8;10;16;17;22;29;27;39;33;0;31;42;46;55;47;59;52;71;70;62;73;63;-1;No;No;No
248;2;6;7;9;13;23;18;27;24;22;44;34;0;42;35;56;55;47;57;58;74;69;67;72;70;-1;No;No;No
249;11;10;5;13;6;30;19;20;23;28;35;39;0;38;42;52;49;51;58;54;75;69;71;64;68;-1;No;No;No
250;10;13;9;6;12;30;24;26;18;25;43;38;0;35;41;51;53;46;58;52;73;75;69;72;70;-1;No;No;No
251;11;8;3;6;10;20;30;17;21;23;37;34;0;43;33;54;60;58;48;53;65;64;73;72;74;-1;No;No;No
252;6;5;10;11;4;28;25;22;18;19;42;38;0;43;32;58;60;50;52;51;69;74;70;73;71;-1;No;No;No
253;7;5;14;10;1;25;17;19;26;28;37;42;0;34;33;50;57;60;47;49;69;70;64;73;61;-1;No;No;No
254;10;9;14;8;6;16;24;29;28;30;42;39;0;33;40;51;58;48;55;47;66;72;62;68;64;-1;No;No;No
255;5;6;4;1;8;29;19;23;28;25;32;45;0;38;34;57;54;55;56;50;61;64;72;62;68;-1;No;No;No
256;9;10;3;6;2;17;29;26;27;19;42;44;0;33;40;47;57;53;52;49;70;75;72;69;74;-1;No;No;No
257;7;13;6;4;3;24;23;16;27;29;37;34;0;39;35;60;48;49;59;54;67;66;62;71;72;-1;No;No;No
258;6;12;2;3;5;17;20;28;23;25;42;33;0;32;36;55;51;52;50;58;74;63;69;64;61;-1;No;No;No
259;13;2;4;11;5;30;17;20;18;27;35;44;0;34;43;46;56;49;55;54;74;61;65;70;64;-1;No;No;No
260;10;7;9;11;6;18;27;23;29;20;33;36;0;41;38;53;46;52;58;55;71;69;63;67;65;-1;No;No;No
261;7;5;13;6;10;17;27;16;18;22;42;40;0;37;32;48;52;50;59;49;72;62;69;66;68;-1;No;No;No
262;10;4;1;8;12;26;27;28;17;22;42;32;0;37;41;54;57;46;49;56;62;65;64;61;71;-1;No;No;No
263;13;14;8;9;7;24;17;28;30;22;33;38;0;37;39;51;46;50;57;59;62;68;66;65;64;-1;No;No;No
264;11;15;1;6;9;17;22;29;19;21;37;43;0;38;40;48;58;56;54;49;65;64;75;69;68;-1;No;No;No
265;2;7;9;1;8;19;21;25;27;17;44;34;0;31;36;52;56;58;49;53;73;70;75;72;68;-1;No;No;No
266;12;5;14;11;4;23;25;26;24;19;41;45;0;39;40;51;49;60;55;50;72;68;62;61;74;-1;No;No;No
267;12;11;5;7;6;19;27;17;23;25;44;38;0;34;35;56;47;52;51;54;61;64;62;67;70;-1;No;No;No
268;10;12;6;3;7;21;19;24;29;25;34;40;0;38;41;52;47;54;48;59;65;74;63;66;70;-1;No;No;No
269;12;8;15;5;1;17;29;27;19;23;40;37;0;45;41;53;51;47;54;58;67;71;75;69;65;-1;No;No;No
270;6;7;12;9;13;28;27;22;17;26;41;43;0;38;36;53;50;51;58;56;73;63;68;74;64;-1;No;No;No
271;3;5;1;6;4;26;18;20;30;28;34;44;0;32;41;52;59;50;49;55;73;75;64;63;62;-1;No;No;No
272;8;11;2;9;13;17;27;16;24;21;40;37;0;34;35;51;52;57;58;49;63;68;71;64;74;-1;No;No;No
273;7;11;4;3;2;28;16;29;17;23;34;36;0;41;33;50;56;53;52;46;62;70;65;61;74;-1;No;No;No
274;6;11;15;2;7;17;27;29;26;19;41;39;0;40;34;58;50;59;51;47;70;65;66;67;63;-1;No;No;No
275;14;2;9;15;10;24;28;21;29;20;36;37;0;40;32;47;49;59;53;54;74;69;63;70;73;-1;No;No;No
276;1;10;7;2;11;25;16;22;20;27;42;38;0;37;45;59;53;47;50;46;62;65;75;63;64;-1;No;No;No
277;7;1;12;2;14;22;16;19;26;24;41;38;0;37;44;56;52;53;49;50;66;73;72;75;74;-1;No;No;No
278;9;1;10;13;7;26;29;21;28;25;35;40;0;44;43;46;54;48;56;55;70;74;68;61;71;-1;No;No;No
279;4;5;2;13;6;24;16;28;25;20;33;36;0;35;39;46;48;53;58;51;62;64;73;63;67;-1;No;No;No
280;7;4;11;13;1;18;16;19;24;22;36;39;0;43;31;58;51;59;47;55;61;65;73;69;66;-1;No;No;No
281;5;1;11;14;2;27;30;22;26;29;44;41;0;37;32;55;51;50;57;56;68;73;75;65;72;-1;No;No;No
282;9;12;14;5;1;20;21;29;17;28;42;43;0;44;37;47;49;54;55;50;62;71;69;68;63;-1;No;No;No
283;6;14;12;8;11;28;21;29;24;26;41;44;0;33;39;59;48;57;52;60;64;71;72;67;69;-1;No;No;No
284;3;8;13;2;6;22;29;23;30;17;41;44;0;35;32;50;47;52;57;48;70;63;74;66;71;-1;No;No;No
285;7;5;4;11;9;22;24;18;20;21;38;43;0;37;32;56;47;51;60;59;70;61;74;66;72;-1;No;No;No
286;11;1;13;7;9;20;19;25;21;17;44;41;0;45;39;53;54;49;56;50;61;62;69;67;72;-1;No;No;No
287;14;8;13;7;1;26;30;22;18;25;38;36;0;39;43;55;54;48;51;46;68;70;73;74;69;-1;No;No;No
288;5;10;7;14;2;22;19;26;28;27;43;40;0;31;35;57;51;53;55;46;63;62;71;75;74;-1;No;No;No
289;8;14;2;13;4;18;29;17;26;25;36;31;0;35;40;60;52;59;50;48;75;67;73;69;65;-1;No;No;No
290;5;7;2;14;13;30;22;20;16;19;31;39;0;35;42;47;48;51;52;54;63;70;73;71;66;-1;No;No;No
291;3;13;5;7;2;25;16;22;20;28;42;45;0;43;41;53;49;46;59;50;62;67;73;68;64;-1;No;No;No
292;4;10;2;8;12;17;26;29;21;22;42;36;0;40;37;57;50;54;55;49;68;66;63;67;65;-1;No;No;No
293;14;3;9;1;13;21;20;17;23;22;39;43;0;31;32;54;50;48;59;58;72;61;68;75;70;-1;No;No;No
294;3;10;12;6;9;22;18;28;25;26;31;38;0;45;39;46;47;49;50;52;68;66;75;65;69;-1;No;No;No
295;9;6;7;4;10;22;20;19;29;24;31;44;0;35;39;52;46;47;58;55;61;64;68;71;75;-1;No;No;No
296;13;8;1;6;5;27;16;18;25;30;43;34;0;33;38;56;51;47;55;52;73;69;66;70;75;-1;No;No;No
297;13;7;10;6;11;29;19;20;16;25;38;45;0;40;39;49;55;57;52;59;63;65;61;75;62;-1;No;No;No
298;4;2;6;1;11;27;16;22;17;25;38;42;0;32;43;54;50;58;57;53;75;62;66;69;65;-1;No;No;No
299;5;2;4;8;9;23;25;29;22;17;33;43;0;45;32;48;58;55;50;53;73;69;74;65;72;-1;No;No;No
300;12;1;2;6;5;24;18;21;16;27;33;31;0;44;39;53;59;56;58;57;66;65;73;63;67;-1;No;No;No
301;14;8;9;1;15;24;29;20;21;25;36;42;0;32;45;54;49;52;51;55;74;64;66;63;72;-1;No;No;No
302;3;12;10;13;14;23;24;29;22;27;31;34;0;36;35;57;54;48;49;50;65;61;67;66;64;-1;No;No;No
303;5;9;11;6;14;17;22;21;28;25;43;37;0;33;32;56;51;53;55;48;71;62;66;74;69;-1;No;No;No
304;7;13;4;2;14;25;19;21;28;18;37;39;0;41;33;58;59;54;53;49;63;64;72;62;65;-1;No;No;No
305;13;5;3;8;12;20;25;21;17;24;34;43;0;31;35;52;55;49;57;46;70;72;62;73;64;-1;No;No;No
306;8;5;12;6;9;22;19;20;18;21;31;33;0;39;44;57;50;48;47;49;62;66;65;73;68;-1;No;No;No
307;2;5;13;12;14;22;28;25;23;26;42;32;0;36;39;46;47;51;48;52;75;71;70;69;63;-1;No;No;No
308;9;11;2;6;12;18;24;21;26;20;31;39;0;34;40;56;59;53;49;57;71;69;64;63;68;-1;No;No;No
309;3;10;6;2;4;22;16;18;21;25;40;33;0;39;35;53;56;50;59;54;63;74;70;67;65;-1;No;No;No
310;12;4;9;15;13;29;26;20;25;21;44;42;0;31;39;53;54;58;50;48;71;74;64;75;70;-1;No;No;No
311;5;4;8;11;12;29;27;18;25;17;35;34;0;31;42;54;48;60;51;59;66;73;64;75;63;-1;No;No;No
312;4;15;7;3;5;16;20;19;27;22;36;34;0;33;37;52;58;54;47;51;63;73;71;68;70;-1;No;No;No
313;6;12;10;5;14;21;19;29;30;24;44;42;0;45;41;56;52;57;58;50;73;71;68;63;66;-1;No;No;No
314;3;1;13;9;6;23;20;26;21;16;38;41;0;32;33;48;50;56;54;55;62;61;64;72;65;-1;No;No;No
315;6;2;11;14;12;16;22;18;24;28;31;32;0;38;37;58;49;56;46;54;64;61;73;75;62;-1;No;No;No
316;4;10;12;6;15;22;28;25;24;18;41;32;0;33;31;56;48;51;58;57;64;67;61;73;65;-1;No;No;No
317;10;12;4;1;3;25;17;18;20;16;36;33;0;44;34;47;57;49;52;48;64;61;73;68;65;-1;No;No;No
318;13;12;4;8;14;26;20;25;18;17;43;35;0;37;33;48;53;46;56;58;67;72;63;69;64;-1;No;No;No
319;10;12;7;8;2;19;30;18;27;26;37;33;0;38;40;59;47;51;57;54;69;70;62;66;72;-1;No;No;No
320;14;7;10;5;15;28;26;16;25;22;31;41;0;32;33;48;46;58;47;59;67;70;73;63;62;-1;No;No;No
321;4;13;14;8;10;19;26;23;18;29;40;43;0;33;41;58;57;51;47;49;68;64;73;72;74;-1;No;No;No
322;7;9;11;4;8;20;28;23;24;22;38;39;0;43;31;53;59;52;46;47;66;74;61;67;69;-1;No;No;No
323;15;12;4;13;7;18;25;28;24;27;45;31;0;41;39;52;59;54;51;53;62;63;66;65;61;-1;No;No;No
324;14;4;12;6;5;21;19;23;18;28;35;42;0;41;32;53;52;60;55;51;67;69;74;72;66;-1;No;No;No
325;13;2;4;14;3;25;22;28;24;21;35;36;0;37;40;47;57;49;46;52;64;71;68;69;72;-1;No;No;No
326;6;3;8;7;14;20;28;26;29;17;42;43;0;31;34;49;60;58;56;54;69;75;68;61;65;-1;No;No;No
327;2;10;6;5;3;24;16;19;28;26;40;33;0;41;38;57;58;59;50;46;71;65;61;62;72;-1;No;No;No
328;3;10;12;8;13;18;17;20;24;16;40;39;0;34;35;51;56;59;58;60;64;74;61;67;65;-1;No;No;No
329;12;1;11;3;8;29;17;30;19;28;45;31;0;41;37;50;57;53;55;48;71;73;63;65;66;-1;No;No;No
330;1;10;6;4;3;25;18;29;17;20;35;38;0;39;37;47;48;60;57;56;72;61;70;62;66;-1;No;No;No
331;1;2;4;14;6;20;25;17;27;21;36;35;0;31;34;59;58;57;46;48;66;69;61;70;75;-1;No;No;No
332;1;11;7;10;13;18;26;27;21;19;43;35;0;34;44;55;53;57;56;58;70;68;61;67;63;-1;No;No;No
333;10;6;2;11;3;27;28;23;18;19;36;44;0;40;43;50;57;48;49;54;72;62;61;70;66;-1;No;No;No
334;8;9;14;10;6;18;30;16;26;19;43;42;0;38;40;47;48;56;57;46;71;73;68;69;64;-1;No;No;No
335;14;4;5;3;6;30;22;17;19;26;41;40;0;45;33;47;48;53;46;51;74;65;63;61;62;-1;No;No;No
336;6;4;5;12;8;19;21;25;24;27;44;38;0;36;40;49;48;52;50;46;63;71;62;61;68;-1;No;No;No
337;8;5;9;13;10;20;27;18;23;17;39;31;0;42;36;60;58;59;53;57;66;65;71;61;70;-1;No;No;No
338;10;5;3;9;13;25;26;27;17;22;32;37;0;44;31;49;46;48;55;53;62;73;67;61;69;-1;No;No;No
339;3;10;9;14;15;24;21;16;18;29;35;33;0;43;34;55;51;49;57;50;65;70;71;62;69;-1;No;No;No
340;9;4;11;12;10;28;17;22;19;18;41;42;0;37;38;59;48;58;54;49;67;65;71;64;73;-1;No;No;No
341;3;1;10;9;14;26;27;22;17;21;41;44;0;42;35;52;55;46;51;58;72;63;71;70;67;-1;No;No;No
342;10;5;14;7;3;29;28;18;19;23;39;34;0;31;40;58;50;48;49;56;61;72;71;74;65;-1;No;No;No
343;4;5;3;8;10;28;25;18;17;29;43;34;0;37;32;56;57;55;60;52;74;67;64;61;73;-1;No;No;No
344;12;13;14;1;8;20;22;28;27;24;31;33;0;32;36;58;50;52;59;54;74;70;64;75;72;-1;No;No;No
345;13;1;2;7;6;16;25;27;26;18;37;41;0;31;43;55;54;50;56;57;74;65;71;62;61;-1;No;No;No
346;7;5;4;6;3;28;25;20;30;27;37;45;0;44;31;48;51;54;52;46;71;67;69;72;74;-1;No;No;No
347;12;5;4;13;2;24;28;20;21;26;43;31;0;34;40;55;54;60;56;52;65;67;61;64;68;-1;No;No;No
348;7;4;13;6;10;19;30;26;29;22;43;44;0;36;32;55;59;51;50;54;68;65;61;67;63;-1;No;No;No
349;9;4;8;14;10;25;16;18;26;20;42;36;0;39;40;58;49;56;60;59;65;73;74;67;68;-1;No;No;No
350;4;2;10;14;3;18;24;23;30;21;42;43;0;35;36;46;51;52;48;53;61;67;69;68;66;-1;No;No;No
351;15;10;4;7;12;16;21;18;29;25;42;38;0;40;32;46;57;52;47;58;68;62;69;75;66;-1;No;No;No
352;12;13;3;7;11;21;24;18;29;22;34;31;0;35;39;51;48;55;47;52;67;72;69;65;62;-1;No;No;No
353;8;7;6;5;4;18;17;21;25;20;42;39;0;40;33;58;49;46;54;48;65;68;64;71;73;-1;No;No;No
354;8;2;4;3;13;28;22;24;30;23;32;40;0;34;38;59;56;53;58;50;69;65;63;72;61;-1;No;No;No
355;5;6;12;7;2;23;16;17;19;27;31;39;0;42;32;60;58;49;56;52;71;62;69;64;63;-1;No;No;No
356;12;1;6;5;7;29;19;18;28;27;40;32;0;31;39;47;58;52;56;53;62;66;67;68;69;-1;No;No;No
357;5;11;7;3;13;22;18;19;28;16;42;37;0;41;39;51;54;52;59;48;64;71;75;70;67;-1;No;No;No
358;15;13;5;8;9;17;26;18;27;28;36;34;0;32;44;54;56;52;48;53;66;75;73;65;74;-1;No;No;No
359;11;15;2;9;8;26;16;29;17;21;40;41;0;35;37;46;49;54;50;56;64;71;63;73;67;-1;No;No;No
360;12;8;13;5;7;30;21;22;20;23;35;33;0;32;36;52;58;49;57;47;69;71;73;66;68;-1;No;No;No
361;7;5;1;11;3;23;20;17;19;21;37;40;0;44;36;54;47;57;59;48;71;65;68;66;70;-1;No;No;No
362;8;9;3;1;10;17;23;25;18;19;38;44;0;34;31;55;46;48;58;54;64;62;75;72;69;-1;No;No;No
363;1;7;9;4;6;22;19;16;23;20;34;44;0;41;32;56;57;49;50;54;71;68;63;64;66;-1;No;No;No
364;8;12;5;7;3;27;29;16;25;24;35;39;0;44;33;59;54;56;53;57;65;74;62;68;73;-1;No;No;No
365;13;6;12;11;14;18;20;21;17;22;40;44;0;35;31;52;58;51;55;53;70;69;71;61;74;-1;No;No;No
366;9;5;2;10;14;23;26;17;16;18;38;34;0;43;42;55;54;47;46;57;74;65;70;61;62;-1;No;No;No
367;5;12;7;14;3;27;19;23;16;21;38;33;0;44;34;55;47;58;57;53;70;61;65;63;66;-1;No;No;No
368;5;6;4;13;9;20;17;24;19;25;40;42;0;33;38;57;54;51;53;46;75;69;63;66;68;-1;No;No;No
369;8;11;4;9;12;20;19;23;26;22;34;38;0;32;41;58;52;60;56;59;72;69;74;70;65;-1;No;No;No
370;11;9;5;13;2;29;18;22;27;28;43;37;0;32;42;54;57;48;59;50;66;63;72;67;74;-1;No;No;No
371;3;7;14;8;1;23;24;21;18;25;38;42;0;32;39;47;48;56;51;57;73;67;74;75;71;-1;No;No;No
372;10;1;4;14;2;16;28;27;22;26;31;37;0;34;33;58;50;49;46;59;61;72;64;75;66;-1;No;No;No
373;2;7;10;8;5;30;19;27;24;25;38;32;0;39;43;49;54;57;52;51;65;70;67;68;62;-1;No;No;No
374;6;9;10;8;12;22;18;21;23;19;32;34;0;41;37;53;49;46;51;58;73;64;65;71;63;-1;No;No;No
375;9;13;7;11;6;21;16;26;20;18;40;39;0;33;37;47;59;55;52;50;68;63;71;69;61;-1;No;No;No
376;12;3;5;2;8;16;23;19;18;29;41;43;0;37;38;49;46;52;56;51;75;64;62;65;63;-1;No;No;No
377;14;7;2;11;12;22;20;24;29;16;31;36;0;41;40;57;58;49;55;46;64;69;72;75;63;-1;No;No;No
378;9;1;6;8;14;28;18;24;20;26;42;39;0;43;44;59;46;54;58;48;65;68;69;73;66;-1;No;No;No
379;10;5;4;8;14;18;19;27;17;29;39;31;0;43;32;56;60;51;58;57;64;69;62;74;63;-1;No;No;No
380;7;10;2;8;1;26;17;18;28;25;35;41;0;36;43;50;59;48;60;49;68;63;72;64;69;-1;No;No;No
381;7;13;5;3;12;16;29;28;25;18;37;40;0;39;42;46;52;54;60;55;68;70;61;72;75;-1;No;No;No
382;7;9;8;11;14;27;21;20;24;22;41;40;0;32;42;50;51;53;59;48;73;66;61;71;65;-1;No;No;No
383;4;6;12;1;9;27;18;20;17;24;33;34;0;38;42;47;53;50;49;46;63;74;62;65;68;-1;No;No;No
384;11;14;5;8;4;19;18;24;20;17;38;41;0;44;37;51;53;57;47;46;70;66;65;71;67;-1;No;No;No
385;1;5;4;14;6;20;25;23;27;17;35;36;0;38;33;56;59;55;47;50;74;72;73;62;70;-1;No;No;No
386;12;13;3;11;1;22;18;24;27;28;42;33;0;41;43;49;48;58;53;46;66;68;67;73;74;-1;No;No;No
387;4;14;12;8;6;23;30;29;17;28;32;35;0;43;44;48;49;57;59;58;64;67;71;74;66;-1;No;No;No
388;1;14;6;8;2;18;29;28;16;21;40;33;0;41;37;50;55;56;59;47;67;70;75;72;68;-1;No;No;No
389;13;1;4;3;9;27;19;25;29;24;33;39;0;44;34;47;53;49;59;52;72;67;61;68;63;-1;No;No;No
390;11;15;7;2;13;19;25;29;28;18;37;36;0;35;32;51;50;46;55;56;64;62;66;71;73;-1;No;No;No
391;1;9;13;5;10;26;24;18;23;21;37;35;0;32;33;47;56;57;54;50;62;65;61;68;75;-1;No;No;No
392;10;7;1;9;13;25;29;21;16;26;36;31;0;39;43;56;49;47;58;55;64;74;62;63;69;-1;No;No;No
393;2;6;10;5;1;28;24;20;22;21;37;41;0;43;32;57;58;52;60;51;66;61;73;65;70;-1;No;No;No
394;8;7;4;11;9;26;23;18;17;25;41;38;0;32;35;47;59;49;51;57;68;66;62;64;71;-1;No;No;No
395;7;3;15;10;5;21;20;24;26;16;36;42;0;38;44;52;48;55;49;56;66;69;65;61;74;-1;No;No;No
396;1;5;12;14;3;25;27;22;24;29;45;38;0;35;31;56;59;51;49;48;64;71;62;68;65;-1;No;No;No
397;2;10;5;4;9;29;30;21;18;28;36;38;0;35;39;50;53;55;58;52;69;75;63;72;70;-1;No;No;No
398;1;2;11;3;4;19;21;25;26;23;41;43;0;36;32;59;48;57;52;58;67;73;66;64;68;-1;No;No;No
399;15;9;8;11;10;22;16;19;24;28;39;41;0;35;32;48;54;52;59;50;65;64;66;72;68;-1;No;No;No
400;3;12;6;13;8;19;30;25;23;22;37;35;0;41;31;58;59;56;55;51;70;65;74;72;69;-1;No;No;No
401;3;6;7;1;9;20;19;27;18;28;38;35;0;44;33;57;53;55;52;46;61;68;71;73;62;-1;No;No;No
402;7;14;1;6;8;24;19;16;25;27;36;35;0;44;39;53;57;50;48;47;65;74;72;75;63;-1;No;No;No
403;7;10;13;11;8;16;20;30;18;23;38;41;0;37;34;58;56;50;47;53;70;65;72;66;61;-1;No;No;No
404;13;4;6;5;3;25;17;29;24;27;39;45;0;44;41;51;53;49;57;54;75;72;64;71;68;-1;No;No;No
405;8;1;4;15;9;23;26;19;24;17;38;41;0;33;32;58;49;59;51;50;69;65;70;68;74;-1;No;No;No
406;8;3;11;7;13;20;22;24;19;25;41;34;0;35;33;58;49;52;47;48;70;63;68;72;67;-1;No;No;No
407;12;13;10;4;1;17;30;29;19;27;33;35;0;38;32;52;49;51;46;50;70;71;64;75;68;-1;No;No;No
408;10;5;8;4;14;17;30;28;25;19;31;44;0;41;43;52;54;51;56;47;63;72;68;62;67;-1;No;No;No
409;10;12;13;7;5;19;21;28;27;18;39;33;0;42;34;47;52;59;50;53;68;69;63;64;75;-1;No;No;No
410;2;11;7;14;15;26;20;25;28;23;34;33;0;41;42;46;52;47;54;51;66;72;70;64;74;-1;No;No;No
411;9;15;8;11;13;27;22;24;26;21;37;42;0;44;39;60;59;49;53;48;69;71;64;61;66;-1;No;No;No
412;1;4;11;2;9;28;22;19;27;17;44;32;0;33;45;60;55;57;52;54;68;70;69;66;63;-1;No;No;No
413;8;4;10;11;5;25;22;18;23;27;41;40;0;45;42;53;52;60;50;46;73;71;74;69;70;-1;No;No;No
414;13;11;5;4;6;18;23;20;28;19;45;44;0;43;41;46;50;56;51;58;68;70;72;73;65;-1;No;No;No
415;1;14;5;7;13;19;17;22;23;21;31;43;0;34;36;55;59;47;57;58;61;72;73;62;64;-1;No;No;No
416;15;6;5;10;2;17;23;26;22;24;34;32;0;38;41;58;50;56;46;51;69;75;62;66;74;-1;No;No;No
417;10;5;6;7;14;29;30;27;28;23;45;37;0;39;41;60;55;53;56;52;73;63;62;61;67;-1;No;No;No
418;3;9;5;11;15;23;19;18;20;16;45;34;0;32;43;46;48;58;60;59;68;69;61;67;63;-1;No;No;No
419;8;7;6;11;12;26;27;23;30;18;37;35;0;31;43;54;47;51;59;46;66;64;73;61;74;-1;No;No;No
420;12;9;5;2;10;20;30;27;28;21;45;43;0;42;38;57;54;55;48;53;71;67;63;68;74;-1;No;No;No
421;4;12;14;5;11;26;22;19;17;20;41;32;0;31;38;53;55;49;52;56;64;61;74;68;65;-1;No;No;No
422;9;1;15;8;2;18;28;17;19;23;34;45;0;37;39;46;57;58;49;53;73;63;67;69;71;-1;No;No;No
423;8;11;9;5;13;20;25;21;26;30;43;44;0;37;39;56;57;55;58;49;74;62;69;72;73;-1;No;No;No
424;12;15;11;9;4;23;28;24;21;25;41;38;0;34;39;57;46;59;55;50;61;63;72;66;70;-1;No;No;No
425;7;13;3;15;4;27;29;26;17;25;34;43;0;40;45;53;48;51;57;47;67;64;74;72;75;-1;No;No;No
426;13;14;7;12;9;22;18;26;17;27;31;36;0;45;37;55;59;53;49;52;61;65;63;68;69;-1;No;No;No
427;8;6;9;14;10;24;22;16;27;19;31;39;0;36;40;49;47;59;58;46;74;65;62;71;63;-1;No;No;No
428;9;7;11;5;3;22;17;16;27;18;43;36;0;32;40;49;52;48;56;60;73;67;74;64;62;-1;No;No;No
429;7;14;5;6;4;16;28;26;25;18;39;34;0;31;38;59;54;60;55;49;72;63;73;68;64;-1;No;No;No
430;2;12;7;5;8;22;23;16;21;19;31;34;0;32;40;54;48;57;46;56;62;61;70;63;67;-1;No;No;No
431;4;7;3;9;14;26;27;29;17;20;45;44;0;34;32;52;46;55;50;54;61;62;66;72;67;-1;No;No;No
432;3;13;1;2;11;29;16;18;17;28;40;39;0;36;44;58;57;54;52;55;67;62;70;65;69;-1;No;No;No
433;3;12;8;15;7;21;29;24;27;30;36;43;0;32;39;46;53;47;57;59;67;68;71;62;65;-1;No;No;No
434;7;3;5;15;12;16;18;29;21;26;33;36;0;42;43;58;50;49;52;60;62;72;66;69;67;-1;No;No;No
435;12;13;3;10;1;18;25;21;19;29;32;41;0;38;44;52;53;56;47;58;66;74;61;70;71;-1;No;No;No
436;9;12;8;15;7;28;18;22;30;26;45;44;0;40;37;54;52;53;59;57;64;70;61;72;62;-1;No;No;No
437;12;11;8;6;14;30;19;28;24;25;32;39;0;44;41;50;58;56;48;59;61;72;73;62;69;-1;No;No;No
438;5;14;13;6;11;24;28;29;16;27;42;40;0;31;43;56;52;49;57;50;71;68;70;62;73;-1;No;No;No
439;13;5;7;10;1;18;16;26;27;30;41;38;0;34;44;48;56;46;55;59;72;71;65;61;62;-1;No;No;No
440;8;4;11;14;9;19;23;24;16;26;34;45;0;32;37;48;47;49;54;52;61;63;68;65;71;-1;No;No;No
441;11;13;5;10;8;21;16;18;25;28;38;42;0;35;31;51;57;47;58;49;64;62;61;68;73;-1;No;No;No
442;7;5;9;4;2;21;27;22;28;24;36;39;0;35;31;59;46;56;53;52;75;73;74;68;62;-1;No;No;No
443;14;2;3;5;13;27;28;17;18;22;36;32;0;33;34;49;55;48;46;52;70;62;65;73;72;-1;No;No;No
444;9;10;5;3;2;21;23;24;29;22;37;39;0;31;41;52;53;47;57;49;75;74;68;72;64;-1;No;No;No
445;7;9;1;15;4;23;25;19;22;17;36;33;0;32;39;53;55;47;54;50;72;75;70;74;69;-1;No;No;No
446;13;11;14;10;9;30;26;28;24;18;33;41;0;31;34;55;57;46;58;48;66;72;74;73;68;-1;No;No;No
447;4;11;1;6;13;25;16;21;19;29;34;41;0;32;36;47;46;48;51;50;73;69;70;62;75;-1;No;No;No
448;2;12;3;5;14;16;20;17;23;29;43;37;0;34;36;51;58;50;49;56;65;70;63;68;64;-1;No;No;No
449;14;9;11;2;7;23;18;24;20;26;44;31;0;45;40;59;50;53;51;54;68;72;62;69;74;-1;No;No;No
450;4;8;3;11;14;22;17;20;19;18;38;35;0;37;43;46;57;47;56;49;63;75;67;74;65;-1;No;No;No
451;5;12;10;14;7;30;27;29;17;23;34;41;0;36;38;50;53;54;55;59;70;65;72;67;66;-1;No;No;No
452;11;5;10;14;12;20;28;22;26;23;45;41;0;37;40;57;55;48;51;49;64;67;71;65;68;-1;No;No;No
453;8;9;5;7;6;17;24;26;21;18;35;41;0;37;43;59;53;52;60;51;71;69;62;74;73;-1;No;No;No
454;12;14;9;5;4;17;26;18;30;28;44;42;0;39;43;50;58;54;59;57;69;66;68;62;70;-1;No;No;No
455;10;2;14;9;3;16;22;29;28;18;44;33;0;43;31;54;57;56;47;52;66;73;63;69;68;-1;No;No;No
456;1;7;10;14;8;25;26;17;18;20;42;44;0;43;39;58;56;52;47;48;64;66;68;72;67;-1;No;No;No
457;14;7;15;12;1;20;25;26;23;27;39;36;0;44;37;47;50;49;56;53;61;67;74;69;64;-1;No;No;No
458;10;9;1;11;3;20;28;24;17;22;37;42;0;38;40;52;54;46;50;58;74;65;71;63;62;-1;No;No;No
459;8;5;11;12;6;27;30;16;20;25;38;33;0;32;43;47;60;52;49;53;75;67;66;72;61;-1;No;No;No
460;14;12;1;10;11;18;25;30;28;19;37;43;0;38;36;48;53;59;55;46;66;64;68;63;62;-1;No;No;No
461;1;14;8;15;13;28;21;30;25;23;31;34;0;37;38;50;55;46;53;51;75;71;74;70;68;-1;No;No;No
462;6;2;5;13;12;25;22;26;24;27;40;38;0;36;31;47;51;49;48;54;62;64;68;73;72;-1;No;No;No
463;5;2;3;8;10;25;27;21;16;23;44;31;0;37;40;50;46;60;52;58;67;74;75;71;66;-1;No;No;No
464;1;12;6;14;13;30;16;17;18;26;42;37;0;40;39;54;56;52;59;57;62;71;67;66;70;-1;No;No;No
465;8;9;11;5;3;21;18;27;22;25;32;43;0;42;41;50;57;51;58;53;69;72;74;70;73;-1;No;No;No
466;9;8;2;12;10;17;19;29;26;20;44;37;0;32;40;56;46;59;57;50;73;70;68;66;71;-1;No;No;No
467;11;12;6;10;1;20;22;25;24;29;32;34;0;36;37;46;53;58;51;59;61;64;72;67;75;-1;No;No;No
468;1;3;6;9;2;24;19;20;26;29;32;34;0;42;44;48;51;50;60;54;68;74;69;71;62;-1;No;No;No
469;13;4;7;12;3;23;21;28;29;25;31;34;0;37;42;56;57;53;50;51;65;73;63;61;70;-1;No;No;No
470;14;11;3;5;6;28;20;17;22;19;39;36;0;33;34;52;51;56;53;50;75;72;67;63;70;-1;No;No;No
471;10;1;4;5;9;18;20;23;28;24;38;40;0;41;33;54;49;60;59;46;72;63;73;74;71;-1;No;No;No
472;4;3;1;11;7;26;16;20;30;27;42;43;0;31;32;52;50;55;49;59;61;66;62;65;64;-1;No;No;No
473;3;10;9;12;7;18;28;17;22;16;45;31;0;39;43;58;59;55;53;54;71;64;66;73;72;-1;No;No;No
474;5;13;10;14;3;21;20;22;30;29;43;40;0;35;32;49;57;54;58;60;69;70;73;66;65;-1;No;No;No
475;14;9;5;12;4;23;19;30;25;18;37;31;0;34;36;51;49;46;47;59;75;67;68;69;61;-1;No;No;No
476;12;13;3;10;8;26;21;22;29;16;40;36;0;34;45;52;53;58;48;57;70;64;62;63;68;-1;No;No;No
477;6;13;7;5;1;28;21;16;23;22;45;33;0;31;37;56;50;55;60;48;62;69;74;65;72;-1;No;No;No
478;5;11;14;6;10;25;24;26;28;20;36;44;0;38;34;57;58;52;51;50;61;62;68;65;64;-1;No;No;No
479;2;11;14;9;7;16;29;20;19;26;35;42;0;31;44;57;49;60;52;56;66;63;71;61;73;-1;No;No;No
480;13;10;3;12;6;29;26;18;22;21;42;45;0;38;35;50;52;54;60;49;67;61;62;64;72;-1;No;No;No
481;13;5;10;6;3;27;18;22;26;23;44;36;0;43;32;52;51;60;57;53;62;63;73;64;72;-1;No;No;No
482;5;7;9;1;13;29;17;18;19;20;41;36;0;37;33;51;48;47;56;54;62;66;71;68;73;-1;No;No;No
483;2;10;6;9;8;19;28;30;25;18;39;31;0;43;32;60;53;49;55;58;74;66;73;70;67;-1;No;No;No
484;9;1;2;8;6;17;24;29;20;19;40;42;0;38;35;58;47;55;57;46;69;63;70;62;68;-1;No;No;No
485;3;5;1;10;15;25;21;26;16;28;33;43;0;41;34;59;57;47;54;50;63;70;62;67;71;-1;No;No;No
486;12;2;8;11;3;20;21;23;26;29;33;38;0;35;40;58;60;54;47;50;74;69;63;72;71;-1;No;No;No
487;5;1;8;13;10;29;18;20;23;22;39;35;0;37;45;46;49;51;58;53;68;65;69;72;70;-1;No;No;No
488;1;12;2;8;4;27;21;18;25;19;32;43;0;37;34;51;56;47;54;50;64;70;62;71;67;-1;No;No;No
489;14;3;8;4;11;22;25;28;24;30;40;31;0;38;33;46;50;57;59;60;74;66;63;64;62;-1;No;No;No
490;12;2;8;5;11;26;20;24;16;21;39;45;0;38;34;57;47;52;53;58;72;69;65;63;68;-1;No;No;No
491;8;2;3;7;14;22;17;23;18;30;35;40;0;34;45;46;49;52;48;51;65;70;71;61;63;-1;No;No;No
492;14;13;10;7;6;18;26;17;25;21;44;32;0;34;40;59;54;52;48;58;68;72;63;61;75;-1;No;No;No
493;1;8;10;9;4;16;24;25;20;26;34;31;0;39;41;52;53;55;50;54;61;73;62;69;66;-1;No;No;No
494;7;9;3;13;14;23;25;28;18;16;44;40;0;41;32;46;47;53;50;55;65;73;68;61;69;-1;No;No;No
495;4;6;1;3;7;24;25;20;19;17;43;42;0;37;33;51;54;48;46;60;73;72;65;64;70;-1;No;No;No
496;7;1;4;10;3;29;27;19;26;17;39;43;0;42;37;50;51;46;59;52;66;69;63;61;75;-1;No;No;No
497;8;5;3;2;13;20;21;24;17;28;42;33;0;40;34;47;58;49;56;59;63;71;62;66;68;-1;No;No;No
498;11;7;9;6;1;24;29;30;16;20;42;41;0;32;39;54;53;52;49;51;62;75;67;66;74;-1;No;No;No
499;13;1;14;12;9;27;18;24;22;25;32;36;0;37;33;50;49;55;51;57;65;73;71;61;67;-1;No;No;No
500;8;13;11;7;1;25;16;28;20;22;41;31;0;44;36;46;58;57;50;55;67;62;72;66;70;-1;No;No;No
501;1;2;14;6;3;20;16;25;27;23;34;40;0;32;31;48;58;59;49;50;68;65;75;69;64;-1;No;No;No
502;6;4;1;14;3;22;16;24;18;27;38;40;0;42;37;51;57;59;54;48;62;74;65;71;61;-1;No;No;No
503;8;1;14;13;10;21;23;19;26;20;33;34;0;40;37;50;53;48;59;57;63;64;68;61;65;-1;No;No;No
504;1;14;7;11;15;18;28;26;17;16;38;32;0;34;39;60;57;59;46;56;74;61;73;72;70;-1;No;No;No
505;2;14;7;4;5;20;25;21;29;27;39;43;0;33;44;47;59;51;48;52;66;74;62;69;67;-1;No;No;No
506;8;6;7;14;3;29;28;16;25;24;43;39;0;35;37;48;55;51;59;54;66;74;64;67;65;-1;No;No;No
507;5;11;4;8;14;27;24;29;19;23;35;33;0;38;42;50;51;52;59;48;68;66;75;61;73;-1;No;No;No
508;6;13;1;2;7;24;16;19;29;28;34;39;0;44;33;49;57;59;51;46;74;64;63;67;69;-1;No;No;No
509;8;3;11;15;10;22;30;16;23;27;43;37;0;45;33;49;51;54;57;55;62;65;74;66;71;-1;No;No;No
510;12;3;15;14;5;28;23;27;20;26;42;33;0;37;39;53;48;55;60;47;63;67;62;75;64;-1;No;No;No
511;12;14;4;13;10;24;16;29;20;27;42;44;0;35;41;47;56;48;54;58;69;74;63;72;73;-1;No;No;No
512;2;6;14;15;12;20;17;29;30;21;42;36;0;34;31;49;51;59;47;53;70;62;61;69;75;-1;No;No;No
513;3;12;13;10;4;19;20;29;23;18;40;45;0;39;38;55;57;54;50;49;64;66;72;71;74;-1;No;No;No
514;14;10;7;12;9;16;18;28;29;25;42;44;0;33;43;56;55;46;51;58;74;66;68;61;72;-1;No;No;No
515;3;9;4;11;15;28;25;20;21;23;36;31;0;37;34;50;57;46;47;49;68;65;66;72;73;-1;No;No;No
516;8;3;1;10;14;25;27;17;22;18;39;43;0;35;38;52;50;58;48;49;65;61;67;64;62;-1;No;No;No
517;8;13;9;3;11;20;27;18;29;26;31;37;0;35;43;54;52;48;53;58;73;66;72;71;67;-1;No;No;No
518;13;8;14;2;12;18;21;28;26;25;32;34;0;36;45;58;52;51;57;50;61;72;63;70;62;-1;No;No;No
519;10;8;1;14;3;21;17;30;20;22;42;39;0;44;36;57;52;54;53;58;71;69;61;73;70;-1;No;No;No
520;10;4;3;13;11;26;16;29;24;28;43;44;0;36;35;48;56;50;60;49;73;72;66;61;71;-1;No;No;No
521;13;3;7;11;6;21;23;17;24;28;44;34;0;43;38;48;47;58;53;55;72;62;71;70;61;-1;No;No;No
522;14;6;1;8;3;16;26;25;29;18;39;44;0;37;45;53;47;49;50;57;67;64;74;68;62;-1;No;No;No
523;2;7;1;11;9;27;26;16;28;25;43;33;0;38;32;49;58;55;59;53;75;72;61;68;73;-1;No;No;No
524;6;13;11;8;4;20;24;16;17;18;40;43;0;34;32;59;57;56;53;55;66;62;75;71;73;-1;No;No;No
525;5;12;15;11;7;17;25;27;18;24;36;43;0;42;38;55;47;60;49;58;68;62;63;71;70;-1;No;No;No
526;9;10;6;4;5;18;26;21;16;20;37;35;0;32;43;51;58;48;60;54;71;73;68;65;69;-1;No;No;No
527;12;13;10;15;6;16;19;22;26;18;39;32;0;38;35;54;56;57;60;59;72;69;64;74;73;-1;No;No;No
528;11;7;10;4;12;23;19;30;20;28;34;38;0;37;31;47;46;57;49;58;66;65;67;70;68;-1;No;No;No
529;15;9;13;6;7;16;23;25;28;19;43;33;0;34;38;52;58;59;54;57;66;67;65;61;62;-1;No;No;No
530;12;11;1;3;5;29;28;21;26;25;39;43;0;35;32;53;46;59;58;49;65;63;62;66;75;-1;No;No;No
531;11;3;7;6;9;18;19;23;20;26;33;38;0;37;41;49;60;51;54;50;73;72;70;69;71;-1;No;No;No
532;2;15;12;7;1;19;17;26;18;24;37;39;0;43;34;50;51;57;58;56;73;63;66;69;70;-1;No;No;No
533;5;6;9;1;4;20;17;18;28;27;33;44;0;34;31;58;49;53;52;55;74;61;71;67;72;-1;No;No;No
534;14;3;8;11;6;23;17;26;28;24;32;39;0;38;31;53;46;47;52;60;63;75;70;68;74;-1;No;No;No
535;10;2;3;9;8;27;29;18;20;28;42;38;0;33;41;57;56;58;59;47;70;69;75;68;72;-1;No;No;No
536;8;4;13;10;15;19;27;21;22;16;32;36;0;35;42;50;54;46;52;55;70;62;67;61;68;-1;No;No;No
537;11;5;2;3;7;19;18;29;22;16;36;31;0;32;37;58;56;46;49;60;75;68;71;67;66;-1;No;No;No
538;6;2;15;5;9;17;25;24;18;23;42;34;0;38;41;59;49;51;46;54;69;61;74;64;67;-1;No;No;No
539;8;10;5;14;3;21;28;23;30;24;45;36;0;34;33;54;58;57;56;50;65;61;66;73;62;-1;No;No;No
540;9;3;1;14;11;20;22;29;27;26;37;35;0;32;41;48;55;54;57;59;71;62;64;65;73;-1;No;No;No
541;1;8;3;10;14;29;18;26;21;23;31;42;0;41;44;54;60;47;50;59;73;67;62;70;74;-1;No;No;No
542;7;13;9;8;5;26;25;27;24;29;44;38;0;34;42;58;53;55;50;49;74;64;71;69;65;-1;No;No;No
543;1;15;12;2;7;25;28;21;20;27;33;41;0;36;34;59;56;48;60;58;68;62;66;72;69;-1;No;No;No
544;4;5;10;2;12;19;18;22;27;23;37;44;0;35;41;52;54;59;53;58;69;74;63;66;72;-1;No;No;No
545;6;1;11;13;2;30;19;25;24;16;40;42;0;32;43;57;60;56;51;49;70;62;66;69;74;-1;No;No;No
546;9;13;8;14;2;16;18;23;17;25;36;34;0;44;37;47;58;56;53;50;67;74;62;61;64;-1;No;No;No
547;3;6;8;9;5;20;16;18;29;21;34;31;0;36;41;48;54;55;58;57;72;67;68;71;75;-1;No;No;No
548;3;7;9;11;2;24;19;20;27;25;43;40;0;36;45;46;59;58;53;54;73;71;66;67;65;-1;No;No;No
549;14;1;8;13;5;21;28;23;27;17;33;31;0;42;37;48;56;47;51;50;61;70;74;62;66;-1;No;No;No
550;14;7;1;6;5;28;26;24;27;30;32;39;0;31;41;54;48;59;49;56;72;65;69;62;63;-1;No;No;No
551;7;2;12;14;10;19;24;16;25;22;36;40;0;39;44;58;51;57;48;53;67;64;65;68;70;-1;No;No;No
552;6;2;10;13;5;21;25;28;29;26;35;37;0;32;43;46;48;53;59;47;64;73;70;65;62;-1;No;No;No
553;11;10;6;9;13;29;26;22;17;23;41;42;0;37;34;59;52;58;50;49;63;73;74;71;68;-1;No;No;No
554;13;7;9;1;3;17;30;22;23;28;31;37;0;39;40;56;50;54;51;46;68;62;73;65;63;-1;No;No;No
555;10;2;9;13;4;27;30;22;18;26;35;39;0;40;44;58;46;56;55;50;62;73;67;66;69;-1;No;No;No
556;12;5;3;7;1;29;23;19;28;24;39;42;0;45;32;51;53;50;52;59;65;68;70;71;62;-1;No;No;No
557;6;11;2;9;5;18;23;19;16;26;34;42;0;43;41;54;52;51;53;48;74;73;72;62;68;-1;No;No;No
558;1;12;7;8;15;22;20;17;29;23;43;40;0;41;33;55;60;54;48;50;65;64;74;73;63;-1;No;No;No
559;14;4;5;2;11;18;26;19;20;21;31;34;0;44;40;52;58;47;46;56;62;64;67;69;71;-1;No;No;No
560;7;9;2;3;14;17;18;28;19;23;31;37;0;42;36;53;46;57;56;52;69;64;75;74;62;-1;No;No;No
561;6;14;15;1;11;24;29;27;28;21;36;41;0;40;43;58;53;48;51;46;73;71;74;70;64;-1;No;No;No
562;10;11;9;12;6;16;28;24;22;27;36;38;0;33;39;54;52;53;60;51;74;62;71;69;73;-1;No;No;No
563;6;7;10;4;1;19;29;21;16;23;38;31;0;43;42;58;47;52;49;59;73;65;67;61;74;-1;No;No;No
564;1;14;6;4;12;23;27;25;24;18;37;42;0;33;39;47;57;58;55;49;74;68;61;67;63;-1;No;No;No
565;13;7;1;4;14;20;29;21;25;23;39;33;0;42;44;54;50;46;55;56;62;67;65;61;70;-1;No;No;No
566;15;5;3;6;13;18;24;27;20;16;45;37;0;34;40;49;53;52;48;57;72;74;71;64;69;-1;No;No;No
567;2;6;12;11;8;19;27;23;21;24;39;36;0;41;40;56;57;46;53;55;73;67;65;75;74;-1;No;No;No
568;9;13;12;8;10;29;20;22;26;18;31;34;0;41;32;55;60;58;47;54;65;67;75;70;63;-1;No;No;No
569;1;9;8;3;13;28;26;23;30;16;32;44;0;35;43;60;46;47;55;52;73;71;66;72;74;-1;No;No;No
570;14;9;7;12;13;17;19;20;23;22;31;42;0;32;41;55;52;51;56;59;64;65;67;75;70;-1;No;No;No
571;7;13;15;6;12;23;26;16;25;21;36;39;0;44;32;57;52;59;49;46;64;65;70;67;74;-1;No;No;No
572;8;7;3;1;14;28;30;26;23;25;41;35;0;36;37;55;46;53;52;58;69;66;61;65;74;-1;No;No;No
573;7;9;4;14;11;29;19;27;16;21;31;43;0;38;44;59;60;46;50;53;63;66;69;70;64;-1;No;No;No
574;6;3;13;12;2;27;28;16;22;26;34;41;0;31;37;51;46;59;56;49;69;75;64;65;68;-1;No;No;No
575;4;6;1;10;5;28;16;25;17;20;41;39;0;34;42;60;56;49;48;58;72;70;73;63;68;-1;No;No;No
576;8;9;3;10;13;27;25;22;28;19;38;45;0;32;43;57;54;47;55;51;67;62;65;63;75;-1;No;No;No
577;12;7;13;1;8;27;26;22;24;18;35;44;0;43;40;50;49;51;46;47;69;70;75;71;63;-1;No;No;No
578;1;2;3;5;12;26;17;19;23;20;31;34;0;39;36;47;46;56;50;57;73;61;75;72;65;-1;No;No;No
579;5;14;15;4;1;27;23;16;28;29;31;36;0;43;35;48;47;46;54;58;66;63;70;68;72;-1;No;No;No
580;3;8;5;1;4;18;19;20;30;17;44;31;0;42;39;48;59;51;46;52;62;72;69;61;71;-1;No;No;No
581;2;8;10;5;14;21;29;28;20;30;35;45;0;39;43;50;52;54;57;48;63;74;67;64;70;-1;No;No;No
582;5;12;1;6;8;16;24;25;23;22;31;33;0;36;40;51;54;59;48;55;67;74;61;65;62;-1;No;No;No
583;6;15;9;3;13;29;30;27;21;20;37;33;0;41;34;58;59;49;47;50;62;68;65;72;67;-1;No;No;No
584;4;3;1;14;9;21;23;17;25;18;43;33;0;41;42;49;50;53;59;55;72;64;61;69;70;-1;No;No;No
585;1;10;11;3;8;17;25;30;28;20;42;38;0;31;44;56;55;59;58;50;69;63;67;73;68;-1;No;No;No
586;10;15;6;13;8;28;26;18;30;17;35;43;0;39;44;59;47;48;55;56;61;68;65;73;72;-1;No;No;No
587;12;1;11;6;15;19;16;24;23;17;35;38;0;40;42;49;56;54;57;51;66;61;63;70;64;-1;No;No;No
588;14;1;13;5;8;18;26;20;30;19;31;38;0;37;39;56;60;54;51;49;69;66;74;65;70;-1;No;No;No
589;11;5;7;14;9;19;25;22;20;23;44;45;0;33;35;57;52;54;53;46;61;62;64;72;70;-1;No;No;No
590;8;3;10;5;6;26;18;27;22;30;43;33;0;39;36;55;52;48;59;51;69;64;61;71;67;-1;No;No;No
591;10;12;5;1;6;27;22;19;24;30;37;35;0;39;41;55;47;50;52;54;61;63;67;68;64;-1;No;No;No
592;4;2;9;7;14;29;26;24;20;18;43;41;0;31;36;51;48;60;50;57;71;70;69;74;63;-1;No;No;No
593;11;4;2;9;7;24;23;18;19;26;36;37;0;31;43;59;55;51;52;46;62;69;75;71;61;-1;No;No;No
594;9;14;10;2;12;26;19;20;30;22;41;37;0;40;44;49;53;58;51;50;69;68;61;71;66;-1;No;No;No
595;13;9;14;11;2;17;22;18;30;21;39;41;0;42;36;46;50;55;54;60;70;65;69;66;63;-1;No;No;No
596;12;6;1;11;13;29;24;21;27;28;41;39;0;36;35;58;56;55;47;53;74;62;73;64;67;-1;No;No;No
597;3;2;10;12;11;17;29;24;26;16;34;43;0;45;42;54;48;58;57;56;69;64;72;61;70;-1;No;No;No
598;14;4;1;7;6;19;21;18;24;23;41;38;0;43;37;46;50;47;48;60;73;70;65;69;64;-1;No;No;No
599;12;2;6;10;4;22;18;23;20;16;39;37;0;31;38;52;50;47;55;57;62;61;68;70;74;-1;No;No;No
600;1;3;12;9;7;16;21;25;26;27;31;44;0;36;42;53;56;52;58;47;67;70;73;69;63;-1;No;No;No
601;14;7;6;4;2;16;21;30;20;19;42;40;0;32;31;49;51;54;58;57;75;74;61;66;67;-1;No;No;No
602;7;1;12;11;5;25;27;21;16;20;38;34;0;39;33;55;49;50;54;51;67;68;74;63;72;-1;No;No;No
603;4;10;14;13;11;21;18;23;19;17;43;32;0;41;36;54;46;53;58;48;68;72;61;71;70;-1;No;No;No
604;9;11;12;4;6;17;29;21;22;24;32;39;0;37;41;55;46;49;56;47;73;67;74;71;62;-1;No;No;No
605;12;11;15;14;4;19;17;16;22;24;39;34;0;35;44;48;57;49;46;47;71;67;61;64;63;-1;No;No;No
606;6;13;14;4;8;20;28;17;16;21;38;44;0;34;42;58;47;54;52;50;69;73;74;65;61;-1;No;No;No
607;1;4;6;5;13;29;27;21;16;23;36;41;0;37;43;58;46;47;56;59;74;61;67;62;70;-1;No;No;No
608;11;8;13;3;14;19;26;30;21;18;37;42;0;43;38;48;59;50;54;47;63;71;68;73;69;-1;No;No;No
609;2;6;10;14;13;25;20;18;29;22;34;37;0;42;38;47;46;55;49;59;61;70;71;65;66;-1;No;No;No
610;10;2;13;14;11;20;17;18;27;24;34;36;0;42;38;47;48;51;49;52;75;62;64;69;72;-1;No;No;No
611;7;13;14;5;10;22;17;24;25;27;43;39;0;42;44;56;53;58;46;49;73;71;64;69;61;-1;No;No;No
612;7;3;6;10;9;18;25;28;20;22;44;37;0;41;31;59;58;46;57;48;67;68;71;62;64;-1;No;No;No
613;5;6;11;10;3;21;20;26;19;25;40;42;0;44;36;59;55;54;50;57;68;66;67;73;63;-1;No;No;No
614;13;4;2;3;12;29;28;24;19;16;37;41;0;31;38;49;48;60;59;56;61;72;68;73;71;-1;No;No;No
615;2;9;10;7;1;24;21;27;28;26;36;31;0;43;38;52;46;51;59;54;74;65;64;62;68;-1;No;No;No
616;10;1;8;7;13;16;18;24;21;20;45;37;0;38;32;51;52;56;46;57;74;61;72;67;64;-1;No;No;No
617;3;8;4;9;14;29;17;28;23;21;44;35;0;33;40;47;49;60;55;53;64;72;63;68;67;-1;No;No;No
618;12;10;13;8;14;25;22;19;26;27;44;35;0;42;45;48;49;56;59;53;63;64;61;70;68;-1;No;No;No
619;8;4;14;3;6;22;16;28;27;26;42;36;0;37;43;55;50;51;56;48;65;73;67;71;61;-1;No;No;No
620;9;3;7;12;8;26;25;16;18;17;37;44;0;33;31;55;52;49;47;59;62;72;64;70;69;-1;No;No;No
621;3;4;13;9;6;17;28;18;29;26;40;43;0;32;38;53;48;51;57;50;62;68;65;73;67;-1;No;No;No
622;9;7;14;1;10;26;18;23;30;25;45;41;0;43;33;56;48;50;53;54;68;70;73;69;63;-1;No;No;No
623;1;9;13;2;14;18;22;17;16;24;41;42;0;43;39;56;53;60;54;51;74;71;67;72;61;-1;No;No;No
624;10;13;14;8;7;22;20;19;28;27;44;35;0;34;33;55;56;53;47;49;73;61;72;70;64;-1;No;No;No
625;12;2;14;3;1;18;24;30;28;29;33;36;0;42;34;47;49;51;57;54;71;75;73;65;68;-1;No;No;No
626;2;8;11;4;15;26;28;21;23;18;42;40;0;44;36;59;48;56;47;57;65;74;61;71;67;-1;No;No;No
627;2;13;5;11;10;24;30;27;21;19;32;43;0;34;45;57;59;49;52;56;73;74;65;71;68;-1;No;No;No
628;15;2;14;1;3;29;20;23;22;18;32;40;0;43;35;47;56;58;59;52;61;73;63;72;67;-1;No;No;No
629;7;2;3;8;13;29;21;24;22;20;32;39;0;33;38;52;51;59;56;50;64;73;61;66;70;-1;No;No;No
630;3;14;5;6;12;26;17;18;23;25;35;34;0;33;31;55;54;58;50;56;74;71;68;72;69;-1;No;No;No
631;6;11;7;8;15;22;20;16;18;26;35;40;0;38;41;55;49;54;57;52;72;65;67;63;64;-1;No;No;No
632;2;1;5;3;14;29;27;25;20;21;32;33;0;40;38;47;56;52;50;57;74;73;62;61;64;-1;No;No;No
633;1;8;15;3;4;26;23;20;28;24;44;38;0;31;41;55;48;59;56;53;64;62;63;61;67;-1;No;No;No
634;10;1;6;13;14;20;23;25;28;21;36;42;0;39;38;53;59;47;54;46;68;62;73;71;72;-1;No;No;No
635;8;14;5;2;15;29;22;24;16;18;44;41;0;33;38;56;52;60;46;59;64;70;72;75;73;-1;No;No;No
636;3;15;11;14;2;27;17;28;21;29;44;42;0;33;43;55;46;50;48;49;65;71;69;72;68;-1;No;No;No
637;8;5;3;9;15;26;25;21;30;28;32;40;0;45;44;59;50;55;47;60;75;66;65;64;63;-1;No;No;No
638;11;3;9;15;4;24;26;17;16;19;34;41;0;33;36;49;58;52;54;57;64;65;73;71;62;-1;No;No;No
639;5;1;14;6;9;17;23;26;18;28;37;34;0;39;32;50;53;58;46;47;70;69;71;74;65;-1;No;No;No
640;10;13;8;1;2;26;21;18;22;27;45;42;0;32;35;60;51;49;47;53;71;61;62;63;65;-1;No;No;No
641;6;1;3;10;4;24;23;22;18;27;32;36;0;43;33;50;54;59;60;49;63;73;71;74;66;-1;No;No;No
642;2;11;5;6;13;19;24;29;28;23;44;34;0;45;43;56;49;54;57;58;74;71;66;72;68;-1;No;No;No
643;13;5;15;8;7;20;19;22;21;17;43;32;0;39;33;49;56;60;52;58;66;68;72;64;74;-1;No;No;No
644;12;2;3;1;6;27;30;28;24;26;37;31;0;40;33;58;56;50;60;55;71;70;62;72;74;-1;No;No;No
645;11;8;13;6;3;26;21;19;17;20;44;39;0;41;37;47;53;52;49;50;75;73;61;71;64;-1;No;No;No
646;6;9;12;14;8;19;16;26;20;30;42;41;0;40;37;54;57;47;58;56;72;61;65;71;64;-1;No;No;No
647;8;9;10;6;7;26;22;19;20;28;37;42;0;38;36;58;50;54;55;53;62;65;73;68;70;-1;No;No;No
648;4;11;9;2;6;19;16;27;26;18;35;44;0;41;32;49;48;52;57;53;68;71;61;74;62;-1;No;No;No
649;14;8;4;11;5;17;18;30;20;26;43;41;0;31;40;47;57;58;49;50;70;72;64;67;65;-1;No;No;No
650;3;10;7;4;8;25;21;16;29;28;37;41;0;45;38;48;49;57;55;53;65;61;66;74;69;-1;No;No;No
651;14;6;11;9;3;29;21;18;24;23;43;44;0;39;41;54;48;50;58;51;67;65;68;73;62;-1;No;No;No
652;10;4;9;3;8;19;23;16;21;29;34;31;0;37;36;60;52;50;47;53;68;71;66;62;63;-1;No;No;No
653;3;2;4;10;12;24;17;27;20;23;33;35;0;44;41;48;50;47;49;51;61;72;74;64;75;-1;No;No;No
654;10;1;12;3;13;21;20;17;18;25;40;31;0;42;43;47;55;49;54;56;63;74;66;68;71;-1;No;No;No
655;5;1;7;11;6;29;20;28;30;26;36;31;0;43;34;47;54;48;56;55;72;61;65;70;71;-1;No;No;No
656;9;8;6;11;1;22;28;25;27;21;31;40;0;42;34;56;49;51;55;57;71;66;63;68;70;-1;No;No;No
657;8;2;3;9;6;23;29;25;30;16;33;45;0;32;34;60;48;50;52;54;72;73;70;75;64;-1;No;No;No
658;3;11;8;12;10;20;26;28;17;16;45;39;0;38;34;47;53;48;51;58;73;61;68;70;67;-1;No;No;No
659;6;13;9;8;14;21;22;24;16;17;35;44;0;41;34;51;53;52;49;59;67;69;68;62;65;-1;No;No;No
660;1;2;15;7;13;24;19;25;28;29;35;34;0;38;39;48;50;53;58;52;73;69;70;72;74;-1;No;No;No
661;8;9;14;4;15;18;23;29;25;28;34;40;0;37;41;48;60;58;47;52;75;66;68;71;70;-1;No;No;No
662;12;4;8;5;9;21;23;24;17;18;41;45;0;44;43;51;47;49;55;50;64;75;65;67;63;-1;No;No;No
663;10;7;11;6;14;19;22;28;23;20;35;42;0;44;34;49;58;59;50;60;67;75;74;64;73;-1;No;No;No
664;3;5;2;12;8;22;16;25;24;21;34;36;0;31;38;52;53;58;46;48;66;69;67;71;75;-1;No;No;No
665;5;14;11;7;4;26;18;30;25;23;42;41;0;32;38;59;52;60;51;47;70;67;69;62;68;-1;No;No;No
666;9;14;4;7;15;26;29;16;19;23;33;41;0;38;35;51;54;56;52;47;66;70;67;63;75;-1;No;No;No
667;1;14;4;10;5;18;16;23;20;21;38;34;0;33;45;52;54;55;46;56;69;61;70;75;71;-1;No;No;No
668;10;6;4;15;9;26;25;28;22;27;42;39;0;33;34;50;49;57;53;48;68;64;72;62;73;-1;No;No;No
669;1;15;12;13;11;24;18;25;20;28;39;42;0;43;44;47;57;48;46;54;62;67;64;71;73;-1;No;No;No
670;9;1;2;8;5;30;20;27;18;21;36;40;0;33;42;52;48;58;51;50;69;64;66;68;75;-1;No;No;No
671;11;15;7;13;2;29;24;23;28;16;35;36;0;31;41;49;48;50;56;55;61;68;74;66;67;-1;No;No;No
672;6;2;12;5;13;18;17;21;23;20;33;32;0;31;45;59;60;58;48;54;65;70;74;71;63;-1;No;No;No
673;1;5;8;13;14;23;26;24;22;25;43;45;0;42;35;48;60;47;57;53;63;61;64;71;74;-1;No;No;No
674;12;6;14;5;13;22;16;23;25;18;44;41;0;43;42;54;55;46;47;52;74;64;75;71;65;-1;No;No;No
675;12;9;10;3;5;21;16;25;27;29;45;33;0;36;38;54;56;60;55;51;61;62;71;72;69;-1;No;No;No
676;11;4;13;1;6;23;22;17;21;24;32;33;0;37;31;50;54;53;49;58;62;65;74;71;61;-1;No;No;No
677;5;10;1;11;7;17;29;18;20;30;35;33;0;37;36;53;48;51;49;54;72;71;64;65;66;-1;No;No;No
678;15;11;6;1;3;17;18;20;23;22;39;32;0;41;33;48;47;58;46;49;70;62;64;68;67;-1;No;No;No
679;2;4;13;3;10;25;26;28;27;21;38;41;0;31;43;55;46;56;48;51;71;65;61;67;63;-1;No;No;No
680;2;8;3;13;4;20;29;28;17;18;39;33;0;38;40;49;52;60;56;58;63;70;64;68;72;-1;No;No;No
681;14;10;8;6;2;27;21;22;25;26;38;36;0;41;42;46;51;49;56;53;72;66;68;62;75;-1;No;No;No
682;12;8;1;4;14;20;17;29;21;24;40;33;0;38;44;57;50;53;49;52;69;63;65;64;70;-1;No;No;No
683;2;10;4;5;7;23;17;29;22;25;34;42;0;37;38;57;47;58;53;46;63;74;68;75;66;-1;No;No;No
684;7;12;6;1;2;24;17;19;16;25;45;42;0;39;36;49;59;56;57;48;61;65;63;66;73;-1;No;No;No
685;11;12;14;7;6;21;17;23;24;28;34;42;0;31;41;52;54;50;59;60;69;74;70;61;65;-1;No;No;No
686;9;11;1;14;5;23;21;27;20;29;35;40;0;36;41;46;57;59;55;50;71;66;65;69;67;-1;No;No;No
687;3;6;9;8;10;16;21;19;29;26;36;34;0;37;33;50;56;58;46;49;68;73;74;64;63;-1;No;No;No
688;15;1;14;9;4;16;21;25;26;23;38;34;0;35;36;51;56;53;48;52;71;72;61;65;70;-1;No;No;No
689;6;7;10;2;13;18;17;27;21;26;39;35;0;36;31;56;58;47;51;54;72;64;67;61;70;-1;No;No;No
690;12;3;2;5;7;29;28;20;18;27;41;39;0;31;42;57;52;47;51;55;67;71;64;63;69;-1;No;No;No
691;4;11;9;10;12;21;18;17;25;29;37;42;0;38;43;51;53;57;56;58;63;64;66;62;71;-1;No;No;No
692;3;12;5;11;7;24;18;28;30;25;39;43;0;33;37;55;60;59;58;54;71;67;74;63;66;-1;No;No;No
693;15;13;3;5;14;18;29;23;26;28;41;34;0;31;42;46;53;56;47;57;61;73;74;70;66;-1;No;No;No
694;14;12;15;9;6;28;19;23;27;26;42;33;0;44;32;47;48;50;59;54;68;67;66;69;64;-1;No;No;No
695;6;12;9;2;5;21;29;23;19;26;41;44;0;42;32;53;55;54;59;51;66;61;74;75;71;-1;No;No;No
696;9;13;11;8;2;23;19;22;26;16;38;31;0;40;33;53;46;56;55;57;71;70;65;61;68;-1;No;No;No
697;10;7;2;3;13;26;17;29;28;19;35;34;0;32;39;47;54;49;59;46;72;69;70;63;74;-1;No;No;No
698;7;5;2;4;11;25;19;23;27;17;33;44;0;39;38;59;55;47;58;56;63;75;69;74;68;-1;No;No;No
699;10;13;6;14;9;29;17;27;23;26;43;37;0;42;33;47;52;55;51;56;71;62;70;72;64;-1;No;No;No
700;12;7;11;14;4;26;29;27;23;18;40;43;0;32;34;48;52;59;50;56;69;64;62;68;65;-1;No;No;No
701;6;14;1;11;13;21;22;26;28;23;41;44;0;39;43;54;56;58;48;57;65;70;73;63;67;-1;No;No;No
702;3;11;4;9;7;22;18;25;20;19;33;43;0;44;36;48;47;60;52;56;67;73;62;72;61;-1;No;No;No
703;3;5;2;8;13;28;19;27;17;18;36;35;0;43;39;48;58;56;49;51;64;70;65;73;63;-1;No;No;No
704;9;12;14;4;15;20;28;23;26;24;44;43;0;45;35;58;56;47;54;60;65;62;68;71;70;-1;No;No;No
705;13;1;9;12;5;23;27;24;25;21;40;37;0;41;38;52;58;48;59;55;74;65;71;73;75;-1;No;No;No
706;11;6;1;2;13;24;25;18;22;19;33;32;0;39;40;57;60;58;56;47;68;70;65;62;69;-1;No;No;No
707;9;1;6;13;7;29;30;23;22;17;43;39;0;42;31;56;58;52;49;53;69;71;62;74;65;-1;No;No;No
708;2;12;11;13;8;27;28;16;22;23;32;36;0;43;39;53;52;57;60;46;68;73;69;61;72;-1;No;No;No
709;6;13;7;4;10;29;26;24;19;18;39;38;0;40;34;54;48;47;59;49;73;72;65;61;66;-1;No;No;No
710;4;2;5;7;14;18;16;29;25;17;39;36;0;37;32;54;47;59;51;49;69;68;63;65;67;-1;No;No;No
711;9;11;5;4;3;17;30;23;24;25;39;33;0;44;38;53;48;58;52;56;72;62;67;74;73;-1;No;No;No
712;4;10;11;8;6;27;17;24;25;28;43;36;0;31;34;54;57;47;56;53;70;65;73;72;67;-1;No;No;No
713;5;4;11;7;8;28;24;16;17;21;41;31;0;39;33;46;58;51;50;59;73;67;74;69;70;-1;No;No;No
714;7;5;6;12;2;24;16;27;28;21;36;33;0;38;32;48;57;53;52;54;61;69;66;62;71;-1;No;No;No
715;13;7;4;2;10;22;25;24;17;18;32;37;0;42;35;47;57;48;59;52;70;62;74;61;73;-1;No;No;No
716;7;10;2;4;3;26;21;24;16;20;40;43;0;32;39;51;58;49;57;56;71;61;66;64;65;-1;No;No;No
717;11;13;6;3;12;27;18;21;22;28;34;40;0;38;43;50;58;48;51;46;62;72;74;71;61;-1;No;No;No
718;6;2;1;3;12;20;19;28;30;23;31;35;0;33;36;52;51;57;55;48;73;69;70;63;68;-1;No;No;No
719;10;15;9;14;8;16;17;30;20;28;33;34;0;39;37;59;56;47;50;49;72;63;70;61;68;-1;No;No;No
720;4;9;12;5;13;22;18;25;24;29;41;32;0;42;36;59;46;47;57;49;66;63;65;72;73;-1;No;No;No
721;1;3;11;9;4;29;16;27;18;24;42;45;0;31;38;57;51;56;50;60;67;72;75;74;66;-1;No;No;No
722;11;4;3;12;8;30;27;28;21;17;32;36;0;41;37;47;50;46;53;56;63;71;62;64;61;-1;No;No;No
723;10;2;8;5;9;28;29;24;19;17;39;37;0;40;36;55;59;52;47;49;66;73;67;74;72;-1;No;No;No
724;8;5;1;12;10;26;19;24;29;18;42;44;0;33;39;54;53;56;60;46;61;68;72;64;66;-1;No;No;No
725;14;8;4;9;11;23;29;19;18;20;39;34;0;31;43;49;54;50;46;56;70;66;65;74;72;-1;No;No;No
726;13;14;12;10;2;17;18;25;19;23;38;44;0;33;45;57;59;53;52;55;62;71;69;75;63;-1;No;No;No
727;1;11;14;12;4;29;27;18;19;28;34;44;0;40;32;59;50;46;52;54;61;67;62;72;70;-1;No;No;No
728;5;11;6;9;8;26;17;28;24;23;39;40;0;34;37;58;46;47;55;50;67;64;75;68;66;-1;No;No;No
729;7;13;3;8;9;22;18;29;27;25;44;37;0;36;33;56;52;54;59;50;67;68;62;70;75;-1;No;No;No
730;11;1;5;4;3;17;22;19;28;27;31;42;0;38;32;53;52;60;48;47;63;61;68;64;71;-1;No;No;No
731;12;14;7;11;1;19;18;23;22;27;40;41;0;37;33;47;56;46;53;57;63;62;66;72;74;-1;No;No;No
732;2;10;6;8;1;27;16;23;22;26;36;43;0;45;37;52;54;58;57;46;65;61;74;64;63;-1;No;No;No
733;5;3;14;4;7;17;27;29;28;23;45;39;0;31;34;52;49;47;58;51;62;69;68;75;61;-1;No;No;No
734;13;6;5;4;14;16;25;26;24;21;35;42;0;43;32;52;56;53;49;55;69;70;64;71;65;-1;No;No;No
735;13;2;15;3;14;20;29;27;21;24;33;34;0;31;41;52;49;59;58;48;66;63;73;65;67;-1;No;No;No
736;3;1;14;7;13;17;18;21;19;30;39;33;0;40;38;56;47;58;49;55;73;74;71;68;70;-1;No;No;No
737;7;2;3;9;14;20;27;17;25;23;41;38;0;44;45;56;55;58;59;54;71;67;75;62;61;-1;No;No;No
738;7;13;11;5;12;19;26;23;16;17;42;38;0;43;35;54;51;53;46;47;74;71;70;68;64;-1;No;No;No
739;1;9;6;11;7;18;25;22;29;17;39;44;0;35;40;52;50;47;56;59;75;61;74;70;73;-1;No;No;No
740;11;2;13;9;15;18;19;17;21;16;43;44;0;31;35;49;60;59;56;53;67;71;63;73;74;-1;No;No;No
741;10;15;13;1;14;22;25;18;19;27;40;42;0;41;31;48;52;49;51;53;62;69;68;67;66;-1;No;No;No
742;1;9;14;13;3;23;20;16;27;30;37;44;0;36;33;51;49;52;55;56;71;67;66;69;72;-1;No;No;No
743;8;11;3;7;5;27;16;28;17;24;32;31;0;41;43;48;60;57;56;55;65;63;73;62;70;-1;No;No;No
744;9;6;1;2;15;19;20;16;27;22;42;39;0;45;36;50;59;56;52;60;73;69;70;64;63;-1;No;No;No
745;12;13;5;9;6;18;16;19;22;25;43;36;0;35;37;59;51;57;58;50;67;70;62;64;65;-1;No;No;No
746;7;2;11;3;13;25;22;28;27;21;32;37;0;41;40;54;55;49;47;51;67;62;63;72;75;-1;No;No;No
747;1;13;10;7;2;19;28;25;27;29;32;40;0;33;41;50;49;56;58;57;68;66;71;65;61;-1;No;No;No
748;6;14;9;13;15;24;30;19;23;18;43;35;0;38;40;48;53;52;50;56;63;62;73;61;71;-1;No;No;No
749;3;14;4;7;1;24;17;26;29;23;31;32;0;40;38;46;59;50;58;49;61;71;75;73;62;-1;No;No;No
750;1;11;7;10;12;16;23;29;27;17;32;36;0;33;42;59;56;47;49;58;62;69;74;61;65;-1;No;No;No
751;2;9;14;10;13;29;22;28;21;27;31;44;0;34;38;54;56;49;48;57;75;65;67;71;63;-1;No;No;No
752;12;2;1;8;13;22;26;24;17;21;37;43;0;38;39;49;46;58;54;57;63;74;69;75;68;-1;No;No;No
753;9;13;5;4;8;28;24;16;20;30;40;33;0;45;35;48;58;60;51;53;66;61;69;65;74;-1;No;No;No
754;14;6;2;1;9;23;30;16;17;19;36;32;0;45;44;46;53;57;49;55;64;72;67;65;61;-1;No;No;No
755;13;5;9;8;2;17;21;27;25;18;38;31;0;32;43;46;52;55;51;48;61;62;63;67;68;-1;No;No;No
756;11;3;5;13;9;21;18;20;17;23;34;33;0;32;43;49;52;47;46;48;68;67;63;61;70;-1;No;No;No
757;5;13;8;11;6;16;20;29;17;21;34;42;0;41;44;46;54;53;59;55;72;68;74;63;64;-1;No;No;No
758;14;15;9;4;5;17;16;18;29;21;34;42;0;43;41;46;49;59;55;48;62;63;72;68;75;-1;No;No;No
759;8;1;2;7;5;26;20;16;27;28;41;38;0;33;36;50;54;59;46;57;67;65;70;63;71;-1;No;No;No
760;8;15;14;9;7;28;17;20;22;19;37;31;0;44;35;54;60;57;53;55;61;65;75;71;69;-1;No;No;No
761;1;2;7;8;12;30;17;20;23;18;44;39;0;31;40;47;49;56;58;59;72;64;74;63;67;-1;No;No;No
762;8;4;10;14;5;16;18;17;28;25;41;38;0;40;37;57;53;48;49;59;67;68;72;62;64;-1;No;No;No
763;6;8;14;5;1;23;20;21;17;19;43;44;0;38;31;47;50;55;53;48;74;70;73;63;68;-1;No;No;No
764;7;9;3;6;5;16;24;21;25;27;37;41;0;39;42;49;54;53;48;60;70;63;73;72;75;-1;No;No;No
765;3;10;8;2;12;30;28;18;27;16;37;36;0;34;38;51;56;46;49;59;63;69;61;65;74;-1;No;No;No
766;6;12;2;8;5;19;23;26;24;29;37;36;0;35;42;54;48;46;59;52;73;71;65;62;67;-1;No;No;No
767;7;15;2;5;14;17;28;24;20;18;39;38;0;34;32;48;51;53;56;58;71;75;65;68;74;-1;No;No;No
768;7;12;3;1;13;25;27;21;20;16;35;37;0;43;38;46;53;56;59;51;68;61;71;70;65;-1;No;No;No
769;11;4;12;2;1;24;23;30;21;25;42;33;0;40;41;54;57;53;50;46;73;67;66;71;69;-1;No;No;No
770;3;9;10;8;12;20;18;19;25;29;38;41;0;42;43;57;47;54;49;55;73;61;71;65;64;-1;No;No;No
771;8;12;3;2;1;28;23;26;16;17;37;31;0;44;32;58;59;50;56;55;72;71;61;65;69;-1;No;No;No
772;12;14;10;3;9;24;27;25;16;20;36;44;0;37;45;57;53;47;56;51;74;66;71;63;65;-1;No;No;No
773;7;8;10;1;5;19;20;29;26;17;36;44;0;37;42;56;55;54;59;52;62;69;68;61;70;-1;No;No;No
774;8;3;10;2;13;27;24;23;28;25;40;33;0;31;45;47;46;53;54;48;71;74;65;66;73;-1;No;No;No
775;12;14;3;15;1;27;28;25;17;26;31;37;0;32;33;59;56;47;46;57;74;70;63;72;69;-1;No;No;No
776;9;2;4;3;13;27;17;21;30;26;39;45;0;42;40;54;55;56;59;57;62;68;71;64;63;-1;No;No;No
777;14;5;4;11;3;27;19;24;17;25;39;33;0;31;43;52;54;60;50;49;68;62;73;74;64;-1;No;No;No
778;8;7;1;3;2;20;23;24;29;19;45;42;0;41;37;46;54;58;47;57;72;70;68;74;73;-1;No;No;No
779;12;13;6;4;11;27;20;30;16;21;41;43;0;42;32;47;50;46;54;52;70;62;66;72;74;-1;No;No;No
780;5;9;2;11;8;25;30;19;22;27;37;43;0;32;35;47;57;52;56;58;74;61;68;73;75;-1;No;No;No
781;4;14;13;2;12;25;20;28;29;30;41;45;0;37;40;46;47;50;59;49;72;61;65;70;68;-1;No;No;No
782;13;11;1;8;10;27;19;29;17;16;39;41;0;36;34;54;50;52;49;56;69;67;65;62;64;-1;No;No;No
783;14;3;1;6;7;29;23;21;22;18;37;42;0;31;38;47;53;48;54;58;69;68;61;72;67;-1;No;No;No
784;8;12;4;11;7;28;24;17;23;19;39;38;0;45;37;55;59;46;47;50;73;72;70;66;64;-1;No;No;No
785;12;13;10;2;11;29;21;18;27;17;38;37;0;33;34;55;48;47;58;50;73;72;63;64;70;-1;No;No;No
786;3;9;12;8;5;23;26;27;28;21;35;38;0;32;42;58;56;49;47;54;71;63;67;62;75;-1;No;No;No
787;11;7;2;15;10;28;29;16;27;23;42;32;0;39;31;57;46;52;55;58;62;73;61;74;69;-1;No;No;No
788;8;2;5;3;11;25;18;24;28;29;38;33;0;31;35;54;57;60;48;56;74;66;71;64;61;-1;No;No;No
789;4;10;11;3;12;22;25;28;29;20;42;35;0;32;34;48;46;51;52;50;63;74;68;66;64;-1;No;No;No
790;13;11;8;10;4;26;29;20;24;25;45;40;0;42;37;59;52;47;55;51;64;75;70;69;68;-1;No;No;No
791;6;4;13;10;8;25;26;21;24;23;39;33;0;42;31;56;51;50;48;58;65;67;64;61;62;-1;No;No;No
792;12;8;6;9;4;20;23;19;25;27;37;36;0;35;34;57;55;54;58;59;63;68;69;71;61;-1;No;No;No
793;2;11;13;6;15;30;16;21;20;27;43;31;0;32;40;54;49;60;47;58;65;69;74;70;73;-1;No;No;No
794;3;12;7;2;9;18;20;26;16;27;43;37;0;31;42;52;51;60;56;49;67;61;64;65;63;-1;No;No;No
795;9;10;12;1;2;26;29;19;25;23;33;35;0;37;38;46;49;48;54;59;67;62;65;71;72;-1;No;No;No
796;4;2;11;14;9;28;16;21;19;23;39;31;0;32;38;58;55;48;51;56;63;72;69;66;71;-1;No;No;No
797;8;3;11;1;6;19;18;26;28;23;33;37;0;38;44;46;54;58;53;60;74;72;61;65;75;-1;No;No;No
798;4;12;2;14;11;17;21;23;19;26;38;42;0;40;32;50;51;59;60;53;65;72;69;70;61;-1;No;No;No
799;6;5;3;4;7;24;18;23;22;28;43;45;0;38;39;49;55;57;54;59;71;66;61;72;64;-1;No;No;No
800;14;9;13;8;5;16;27;21;19;17;37;45;0;41;44;46;54;58;55;57;63;64;69;62;67;-1;No;No;No
801;5;14;15;6;11;26;28;27;30;22;37;31;0;38;39;58;57;60;46;56;71;75;74;67;65;-1;No;No;No
802;7;14;5;9;2;21;16;18;22;27;41;44;0;42;32;56;59;58;50;52;72;71;67;63;68;-1;No;No;No
803;8;11;1;2;3;27;18;24;23;17;32;36;0;40;44;50;48;47;52;49;67;70;69;75;63;-1;No;No;No
804;10;9;14;2;5;26;29;20;24;17;40;36;0;37;39;51;57;47;46;52;72;64;62;75;69;-1;No;No;No
805;6;13;11;7;8;16;21;28;26;25;42;38;0;34;45;52;54;51;53;57;70;64;74;68;62;-1;No;No;No
806;9;7;10;14;6;16;19;27;28;25;39;42;0;33;38;47;55;52;49;59;70;62;61;63;67;-1;No;No;No
807;6;11;9;12;5;20;23;19;28;25;43;39;0;40;33;47;59;53;55;52;70;62;67;66;72;-1;No;No;No
808;6;13;4;10;11;20;24;29;19;28;42;41;0;43;35;48;54;57;51;50;67;62;69;65;63;-1;No;No;No
809;2;1;6;3;11;20;16;23;26;27;41;43;0;38;42;57;55;56;49;50;74;61;65;73;69;-1;No;No;No
810;11;2;12;4;14;19;23;20;29;21;43;32;0;41;40;56;55;46;54;48;68;64;70;69;72;-1;No;No;No
811;7;12;14;10;2;24;18;16;22;21;36;38;0;32;41;56;48;57;53;58;70;73;62;66;68;-1;No;No;No
812;10;8;1;6;9;19;26;30;21;17;41;36;0;44;33;55;54;48;49;46;62;65;64;71;74;-1;No;No;No
813;6;4;2;9;1;17;18;22;26;21;38;33;0;41;37;53;52;54;56;58;74;64;73;63;72;-1;No;No;No
814;10;9;2;12;1;17;28;29;21;20;40;43;0;38;32;51;53;50;47;46;63;66;71;62;74;-1;No;No;No
815;4;6;14;9;7;22;16;18;19;17;39;33;0;45;34;46;52;51;54;59;62;74;68;72;75;-1;No;No;No
816;1;14;6;5;4;27;29;24;16;22;43;31;0;38;41;49;58;53;50;60;75;63;73;74;67;-1;No;No;No
817;11;13;10;8;3;22;23;17;30;21;42;37;0;35;40;56;57;46;47;58;67;63;65;62;73;-1;No;No;No
818;13;14;8;6;1;28;24;23;20;30;34;31;0;41;36;49;53;52;58;55;64;66;61;67;75;-1;No;No;No
819;9;12;6;2;7;24;29;25;21;20;44;35;0;34;40;51;50;59;46;48;61;66;71;62;73;-1;No;No;No
820;2;5;8;6;14;23;26;16;27;28;36;38;0;41;39;51;59;55;46;52;63;64;69;72;66;-1;No;No;No
821;5;10;12;14;15;21;29;30;26;18;38;45;0;42;39;55;60;52;49;46;69;75;61;70;74;-1;No;No;No
822;11;1;3;8;2;23;27;24;17;30;39;43;0;34;32;46;52;57;58;60;63;61;70;68;64;-1;No;No;No
823;9;13;7;2;12;27;30;20;19;25;39;33;0;31;37;48;47;54;50;49;72;67;64;65;61;-1;No;No;No
824;13;1;14;9;2;20;17;18;28;19;43;35;0;39;32;47;54;52;55;59;65;68;72;73;66;-1;No;No;No
825;8;5;6;13;10;26;24;16;29;30;33;39;0;41;31;57;46;49;48;47;66;65;63;70;74;-1;No;No;No
826;6;3;11;9;1;16;19;18;28;22;42;44;0;40;35;50;48;57;47;52;68;65;74;61;73;-1;No;No;No
827;8;5;12;4;10;28;25;26;21;22;45;40;0;31;44;58;52;54;57;47;72;67;71;63;61;-1;No;No;No
828;4;14;13;2;6;23;28;16;18;24;39;42;0;33;31;49;57;47;50;60;61;68;66;73;69;-1;No;No;No
829;8;6;5;9;11;16;22;25;29;27;32;42;0;39;31;59;53;55;49;56;63;70;67;72;71;-1;No;No;No
830;12;8;4;5;2;20;28;21;24;30;32;35;0;39;41;56;53;50;59;55;68;72;66;64;70;-1;No;No;No
831;15;3;9;6;12;26;28;23;16;27;44;35;0;33;43;60;53;55;57;56;72;73;61;68;66;-1;No;No;No
832;3;1;5;10;4;26;19;21;28;22;42;44;0;41;39;55;50;49;59;58;74;65;72;69;66;-1;No;No;No
833;15;8;11;7;6;19;17;20;24;21;40;31;0;44;43;52;55;49;57;56;63;72;65;66;67;-1;No;No;No
834;7;3;9;6;2;17;23;19;22;27;43;34;0;36;35;55;51;49;58;60;61;65;71;73;63;-1;No;No;No
835;13;5;14;12;8;28;21;18;26;29;45;38;0;39;40;52;48;60;56;58;61;66;62;74;64;-1;No;No;No
836;3;13;2;8;12;29;25;17;21;26;41;42;0;31;44;46;54;55;48;56;65;73;69;67;75;-1;No;No;No
837;10;14;4;7;15;20;17;27;26;19;41;35;0;36;37;49;54;51;46;48;67;75;64;70;65;-1;No;No;No
838;11;3;2;15;4;29;17;18;16;25;33;35;0;32;38;46;49;52;55;53;65;67;61;72;62;-1;No;No;No
839;9;2;11;13;1;16;21;20;28;30;39;44;0;32;41;49;50;47;58;59;69;71;63;75;70;-1;No;No;No
840;12;1;9;7;14;25;28;16;18;24;37;40;0;33;32;48;46;47;49;55;71;66;75;70;73;-1;No;No;No
841;5;12;4;1;13;19;29;26;23;27;37;35;0;40;42;57;54;59;55;56;66;74;72;63;65;-1;No;No;No
842;4;7;3;1;10;16;24;18;29;25;36;32;0;38;35;46;56;55;49;48;72;63;61;71;68;-1;No;No;No
843;1;3;9;8;6;29;19;27;21;17;38;34;0;37;40;51;56;48;54;52;68;65;71;74;62;-1;No;No;No
844;7;4;6;11;1;26;29;19;18;27;36;32;0;39;43;56;52;46;55;49;69;67;61;71;63;-1;No;No;No
845;10;6;3;1;7;20;24;17;30;26;42;41;0;44;38;57;47;54;59;48;69;64;66;65;61;-1;No;No;No
846;11;14;13;8;6;18;20;27;25;22;37;41;0;32;36;58;48;50;59;56;70;74;68;63;65;-1;No;No;No
847;10;11;13;6;5;27;21;20;18;24;37;34;0;35;33;49;51;50;48;54;73;66;63;62;61;-1;No;No;No
848;3;1;8;5;15;16;19;27;20;17;35;40;0;34;38;60;52;49;53;59;64;73;62;71;66;-1;No;No;No
849;9;12;8;14;13;17;25;23;21;26;34;42;0;45;44;52;57;51;50;58;74;73;63;62;67;-1;No;No;No
850;11;13;3;4;5;28;21;16;30;18;35;43;0;40;31;60;57;51;53;50;70;61;69;67;65;-1;No;No;No
851;9;10;6;12;8;19;24;29;16;30;40;31;0;44;39;48;46;52;56;60;61;69;70;67;65;-1;No;No;No
852;13;6;8;9;4;17;25;20;28;23;39;36;0;33;43;60;46;48;53;59;65;72;69;61;64;-1;No;No;No
853;4;7;1;8;6;20;27;24;25;16;39;34;0;44;36;46;57;56;58;49;64;72;73;66;69;-1;No;No;No
854;12;10;9;2;11;29;21;22;23;26;41;43;0;44;37;48;59;58;50;46;61;73;71;74;66;-1;No;No;No
855;8;15;12;4;6;18;21;24;19;27;40;34;0;45;39;47;53;46;50;57;63;75;66;74;73;-1;No;No;No
856;4;10;9;8;3;27;17;16;23;21;31;44;0;41;35;54;47;51;57;53;71;65;62;63;61;-1;No;No;No
857;12;2;5;10;1;21;27;25;20;17;34;38;0;35;36;55;49;50;51;57;69;65;64;75;74;-1;No;No;No
858;13;14;3;12;4;26;28;18;27;20;35;43;0;37;41;47;60;46;57;53;61;66;64;73;65;-1;No;No;No
859;13;15;5;11;14;21;17;18;28;23;35;43;0;37;36;49;57;58;54;48;61;71;69;74;70;-1;No;No;No
860;9;4;13;8;3;27;19;24;22;29;44;31;0;42;39;60;56;53;49;50;71;61;67;64;65;-1;No;No;No
861;11;4;9;13;6;18;30;26;22;23;43;41;0;33;34;46;56;60;49;58;63;61;66;68;74;-1;No;No;No
862;10;9;3;4;15;22;18;30;21;19;35;39;0;37;43;57;58;59;52;50;65;64;66;69;70;-1;No;No;No
863;7;4;2;1;5;17;26;19;23;29;40;43;0;36;38;50;48;55;51;59;67;64;66;70;61;-1;No;No;No
864;3;14;6;15;13;17;22;19;28;23;34;32;0;43;35;46;60;49;48;47;71;66;73;65;63;-1;No;No;No
865;11;6;1;3;7;28;27;30;23;16;31;35;0;38;34;59;53;47;52;56;69;68;62;64;72;-1;No;No;No
866;12;10;5;8;4;22;24;17;21;23;36;32;0;35;37;51;55;57;52;56;67;65;62;61;66;-1;No;No;No
867;3;8;7;10;6;27;20;23;24;19;31;36;0;38;33;48;52;54;56;49;73;61;68;65;71;-1;No;No;No
868;8;14;7;9;10;21;27;16;26;19;39;40;0;45;31;52;48;46;54;47;61;64;69;75;72;-1;No;No;No
869;13;9;14;4;10;21;20;30;26;23;31;42;0;43;37;57;49;54;53;55;73;71;66;63;74;-1;No;No;No
870;9;4;6;3;5;28;26;18;24;27;45;34;0;44;32;53;55;56;58;54;65;66;69;62;73;-1;No;No;No
871;4;1;11;12;14;16;25;20;18;29;44;32;0;43;37;55;51;46;50;54;71;62;61;68;70;-1;No;No;No
872;12;5;10;13;9;20;18;19;25;16;45;34;0;36;37;54;55;59;57;58;68;66;62;74;70;-1;No;No;No
873;1;4;13;2;5;29;25;30;24;28;43;37;0;35;41;57;60;53;54;52;70;63;69;61;65;-1;No;No;No
874;5;2;14;12;3;23;17;27;19;20;44;43;0;41;33;57;58;51;52;47;61;72;68;67;64;-1;No;No;No
875;6;10;15;2;14;25;24;16;21;19;35;32;0;39;37;48;59;51;52;58;62;67;64;61;70;-1;No;No;No
876;9;6;8;14;12;25;21;19;17;16;40;37;0;38;35;52;51;49;56;59;62;68;67;72;66;-1;No;No;No
877;12;4;8;14;7;27;17;18;29;19;39;35;0;41;43;53;56;52;59;48;74;72;67;73;61;-1;No;No;No
878;7;6;1;13;2;23;30;26;24;17;37;31;0;40;42;48;54;46;53;58;62;71;73;74;72;-1;No;No;No
879;9;10;4;7;11;20;27;26;28;23;33;41;0;44;37;47;50;60;49;51;62;69;65;68;74;-1;No;No;No
880;5;9;1;14;12;28;21;24;20;26;36;40;0;41;39;46;48;47;56;59;73;72;74;65;68;-1;No;No;No
881;3;12;9;14;11;30;20;18;17;16;34;32;0;42;38;52;54;58;47;57;62;71;66;63;65;-1;No;No;No
882;3;13;2;15;6;20;16;22;29;28;39;31;0;35;33;55;56;57;50;60;67;63;64;72;68;-1;No;No;No
883;14;13;4;12;3;30;20;27;21;24;39;35;0;45;40;59;53;55;57;51;67;69;74;63;64;-1;No;No;No
884;12;8;11;3;9;19;21;17;22;24;44;39;0;38;32;52;47;48;50;54;73;71;62;72;65;-1;No;No;No
885;3;14;13;9;4;27;25;16;21;22;34;45;0;40;43;54;60;48;52;50;70;66;65;61;69;-1;No;No;No
886;11;13;7;8;9;27;25;26;17;30;45;38;0;35;33;57;58;48;50;49;67;69;74;70;68;-1;No;No;No
887;12;9;3;15;14;29;16;22;19;17;35;34;0;39;32;49;47;52;59;60;72;65;74;62;64;-1;No;No;No
888;3;8;1;11;10;26;30;16;29;21;40;45;0;37;43;56;53;59;50;51;64;67;63;74;73;-1;No;No;No
889;11;9;7;12;2;23;29;18;21;19;40;32;0;39;34;53;49;50;54;58;64;69;71;62;70;-1;No;No;No
890;12;1;3;2;11;30;29;23;24;19;32;36;0;39;43;59;52;47;53;57;67;72;73;63;70;-1;No;No;No
891;5;1;10;6;2;27;19;22;26;25;41;37;0;38;35;51;54;58;50;59;64;67;70;66;61;-1;No;No;No
892;12;9;2;4;5;23;26;20;24;19;36;40;0;42;39;54;51;58;52;55;67;72;73;63;68;-1;No;No;No
893;5;7;9;2;15;27;22;28;17;18;36;39;0;33;37;46;59;48;50;55;70;71;62;73;72;-1;No;No;No
894;11;9;13;2;14;29;19;22;28;21;42;43;0;38;39;48;54;51;50;55;73;65;69;67;64;-1;No;No;No
895;7;13;10;8;5;26;22;16;28;20;34;32;0;41;33;56;54;57;46;59;71;68;74;66;62;-1;No;No;No
896;11;3;9;7;12;18;26;17;21;27;45;43;0;39;41;59;50;48;55;47;67;68;71;64;73;-1;No;No;No
897;5;15;2;13;4;19;27;17;23;24;32;38;0;40;44;48;52;53;49;51;67;61;62;66;64;-1;No;No;No
898;7;10;8;2;3;28;19;26;23;25;37;35;0;42;41;52;53;48;50;57;73;61;67;69;63;-1;No;No;No
899;1;11;8;14;6;25;23;30;18;21;42;34;0;32;35;46;59;49;53;58;67;69;61;70;71;-1;No;No;No
900;13;1;6;15;4;17;16;26;19;28;35;39;0;41;44;46;55;52;50;48;63;69;66;73;68;-1;No;No;No
901;4;3;13;6;8;21;28;20;16;29;41;38;0;45;40;50;48;54;52;57;75;74;73;72;65;-1;No;No;No
902;11;3;5;2;9;17;20;29;18;16;32;40;0;44;37;48;58;52;49;50;70;66;73;72;61;-1;No;No;No
903;8;5;14;12;7;24;22;29;26;19;40;39;0;33;44;53;56;59;52;60;66;70;67;74;65;-1;No;No;No
904;8;12;14;11;13;25;29;23;28;22;31;42;0;35;37;47;54;60;59;46;74;75;61;63;73;-1;No;No;No
905;7;2;9;6;3;17;16;20;27;28;34;31;0;33;42;54;58;48;56;47;70;61;65;72;63;-1;No;No;No
906;2;3;1;15;10;21;16;24;18;17;42;41;0;31;32;55;56;57;51;59;62;61;72;75;71;-1;No;No;No
907;12;7;13;2;1;28;23;21;16;22;45;42;0;33;43;49;58;53;59;52;66;68;72;63;61;-1;No;No;No
908;2;5;13;10;7;25;24;28;23;17;38;43;0;36;31;57;48;54;49;46;68;74;61;64;70;-1;No;No;No
909;15;12;5;6;9;20;24;30;29;19;32;38;0;44;41;50;54;46;58;53;73;70;67;66;65;-1;No;No;No
910;7;3;6;14;8;27;22;23;29;25;39;43;0;40;44;53;57;58;51;47;65;61;72;74;70;-1;No;No;No
911;9;8;12;10;5;17;30;22;21;18;38;43;0;37;41;53;51;47;56;60;71;69;72;63;74;-1;No;No;No
912;15;10;14;13;11;17;26;25;24;23;32;34;0;40;31;55;47;59;57;49;72;64;61;70;67;-1;No;No;No
913;3;5;8;15;11;24;22;26;27;23;37;40;0;43;35;54;51;58;53;55;70;63;68;61;71;-1;No;No;No
914;5;12;4;11;1;17;16;23;18;25;32;45;0;42;31;59;54;55;46;50;66;65;72;62;63;-1;No;No;No
915;12;7;1;2;8;26;20;25;24;19;34;33;0;43;32;46;60;56;51;50;73;68;71;66;69;-1;No;No;No
916;1;5;2;14;3;21;28;22;24;29;34;43;0;40;35;58;54;52;56;53;63;73;72;65;67;-1;No;No;No
917;3;11;7;6;8;19;26;24;22;16;44;36;0;35;33;58;48;57;46;50;71;64;63;66;68;-1;No;No;No
918;10;9;1;6;11;19;18;25;20;28;32;35;0;34;38;52;46;56;55;57;67;66;64;61;69;-1;No;No;No
919;3;12;9;6;1;16;17;20;29;23;35;43;0;44;37;46;47;52;53;57;64;65;68;73;63;-1;No;No;No
920;14;2;4;12;7;18;22;30;16;19;42;43;0;34;33;47;53;52;46;49;64;73;71;75;63;-1;No;No;No
921;1;4;9;11;10;21;26;22;29;24;45;41;0;36;44;53;51;49;46;57;70;66;64;71;62;-1;No;No;No
922;6;7;13;14;11;22;29;28;21;16;37;44;0;43;42;49;54;52;58;59;67;74;62;73;72;-1;No;No;No
923;5;11;13;3;14;17;24;21;23;28;37;33;0;44;38;60;48;47;59;50;64;72;62;66;65;-1;No;No;No
924;3;5;15;8;14;24;20;18;23;29;36;38;0;40;44;52;47;59;49;60;61;64;63;71;70;-1;No;No;No
925;2;7;12;14;6;30;20;25;16;21;40;37;0;38;31;54;59;57;55;52;61;73;65;68;72;-1;No;No;No
926;14;8;5;13;11;18;22;26;19;21;45;41;0;33;35;49;54;52;55;58;66;70;74;75;67;-1;No;No;No
927;5;11;9;10;14;18;26;16;29;27;34;40;0;37;39;56;55;50;47;59;61;69;70;65;68;-1;No;No;No
928;2;8;5;11;6;19;20;21;29;18;37;44;0;38;32;51;60;46;58;56;71;62;65;68;61;-1;No;No;No
929;4;3;8;13;14;28;29;20;30;25;38;35;0;40;43;56;49;47;51;57;63;67;61;62;73;-1;No;No;No
930;11;15;12;8;10;24;30;25;19;16;41;34;0;38;43;53;48;59;46;55;73;74;70;71;66;-1;No;No;No
931;12;14;4;11;9;20;17;23;19;22;42;39;0;40;35;51;55;46;54;48;71;61;75;63;64;-1;No;No;No
932;6;5;3;14;11;20;24;26;23;22;43;38;0;35;42;54;48;57;52;59;65;63;74;75;68;-1;No;No;No
933;12;4;3;5;15;25;27;21;20;23;34;33;0;32;44;55;60;53;50;47;72;63;74;75;66;-1;No;No;No
934;3;6;14;4;9;17;29;28;20;24;42;33;0;34;43;52;47;53;50;59;68;67;69;72;71;-1;No;No;No
935;7;5;11;14;4;24;19;20;17;26;31;39;0;36;40;58;60;50;52;54;68;65;75;70;72;-1;No;No;No
936;6;1;14;7;4;18;21;20;29;19;44;34;0;39;37;60;54;59;48;46;75;68;61;72;66;-1;No;No;No
937;5;14;7;6;4;26;24;21;30;23;34;37;0;44;40;47;48;57;54;56;67;64;74;65;70;-1;No;No;No
938;14;1;10;6;11;26;20;17;30;28;42;32;0;41;34;46;56;48;50;55;64;73;71;68;74;-1;No;No;No
939;11;15;12;4;3;26;19;16;24;29;43;38;0;45;33;46;54;58;53;47;64;65;61;63;66;-1;No;No;No
940;9;7;5;4;6;18;17;22;19;21;43;40;0;44;41;56;59;47;60;55;61;67;68;72;69;-1;No;No;No
941;3;5;14;7;13;22;19;23;26;18;35;43;0;32;42;57;59;49;55;58;63;69;62;73;65;-1;No;No;No
942;8;1;14;2;13;26;23;21;28;22;33;32;0;40;44;50;56;59;54;48;73;62;61;70;74;-1;No;No;No
943;1;8;3;6;14;26;25;21;27;28;37;39;0;31;44;47;58;55;48;51;63;67;65;73;71;-1;No;No;No
944;10;4;6;9;5;24;26;30;27;18;36;42;0;43;32;55;47;51;53;46;62;68;73;69;71;-1;No;No;No
945;9;12;1;11;14;21;23;17;29;19;31;33;0;41;43;46;48;47;56;50;63;62;69;67;64;-1;No;No;No
946;9;5;7;13;14;27;25;16;18;23;34;33;0;39;36;54;56;48;52;59;75;67;70;74;73;-1;No;No;No
947;1;14;13;15;7;24;21;18;27;26;32;31;0;38;39;48;60;49;50;59;63;67;62;65;69;-1;No;No;No
948;1;2;4;10;3;20;22;25;21;27;35;36;0;41;39;47;55;48;52;59;63;61;68;67;72;-1;No;No;No
949;2;12;11;14;9;19;18;27;20;29;42;38;0;40;45;53;47;51;57;49;74;67;69;72;66;-1;No;No;No
950;7;9;5;10;2;20;28;26;18;21;34;40;0;32;39;55;52;58;54;51;66;64;70;68;72;-1;No;No;No
951;1;9;2;14;6;19;21;24;27;22;39;42;0;35;33;56;51;55;52;50;72;70;66;62;69;-1;No;No;No
952;15;4;12;5;10;27;18;19;21;26;31;40;0;32;44;52;51;55;58;56;74;65;64;62;73;-1;No;No;No
953;3;13;11;12;7;27;19;23;25;30;36;33;0;32;35;51;49;48;55;54;71;62;67;73;69;-1;No;No;No
954;3;1;12;6;10;18;27;26;19;29;44;41;0;40;35;60;55;50;56;48;71;61;66;72;74;-1;No;No;No
955;7;6;11;10;5;27;25;24;30;29;31;34;0;38;36;47;54;52;57;60;72;61;64;71;67;-1;No;No;No
956;4;1;9;11;13;28;16;24;25;17;41;43;0;32;42;51;55;46;49;59;61;65;72;71;69;-1;No;No;No
957;6;4;1;15;8;17;20;24;16;22;43;39;0;40;32;55;48;51;52;49;61;67;71;64;73;-1;No;No;No
958;12;13;6;3;7;23;21;16;25;17;41;31;0;43;37;47;48;55;53;57;65;71;62;74;70;-1;No;No;No
959;4;13;6;10;3;21;17;20;22;29;41;37;0;36;45;50;58;48;54;51;65;66;67;62;64;-1;No;No;No
960;8;11;14;10;13;23;17;26;22;25;38;32;0;41;39;58;60;59;57;49;72;71;64;69;68;-1;No;No;No
961;4;13;15;7;12;20;29;22;27;26;42;32;0;45;33;51;46;47;56;60;73;63;69;68;72;-1;No;No;No
962;12;2;5;7;11;24;30;22;27;28;35;40;0;36;39;52;58;49;54;59;62;65;74;72;63;-1;No;No;No
963;10;7;4;8;12;24;18;23;26;25;36;32;0;44;45;50;52;56;47;51;74;71;66;63;75;-1;No;No;No
964;15;1;12;6;8;25;26;27;18;20;40;35;0;39;34;48;50;57;54;49;63;72;74;64;68;-1;No;No;No
965;1;12;7;9;2;30;27;22;25;20;31;39;0;42;38;60;49;50;54;53;62;65;63;75;69;-1;No;No;No
966;14;10;12;1;3;25;23;26;28;29;43;36;0;34;42;51;53;56;59;50;74;64;61;73;71;-1;No;No;No
967;2;5;8;3;11;25;18;20;22;17;38;41;0;34;40;57;47;49;46;54;63;69;75;70;62;-1;No;No;No
968;1;8;7;9;15;28;19;29;24;30;40;44;0;34;36;54;50;47;48;46;72;74;64;69;66;-1;No;No;No
969;15;5;6;4;7;21;28;17;30;27;39;35;0;32;41;51;56;52;59;49;71;68;66;67;65;-1;No;No;No
970;8;14;1;5;6;22;27;24;23;26;31;34;0;36;42;50;56;52;51;57;67;66;72;74;75;-1;No;No;No
971;14;2;4;5;10;17;28;26;20;25;37;32;0;31;42;54;49;46;59;55;67;74;72;64;65;-1;No;No;No
972;3;13;1;7;5;20;25;19;23;16;40;45;0;33;44;58;53;50;57;54;68;70;65;71;66;-1;No;No;No
973;14;12;3;10;7;19;17;24;20;26;43;34;0;42;39;50;48;55;54;52;63;71;68;75;67;-1;No;No;No
974;3;5;15;6;11;27;18;25;23;29;34;43;0;32;40;56;52;46;55;54;66;61;67;70;63;-1;No;No;No
975;3;5;11;2;10;17;24;16;19;21;44;42;0;40;38;49;56;54;50;59;69;74;72;67;63;-1;No;No;No
976;15;8;14;1;7;22;21;16;20;19;32;45;0;42;43;57;47;50;56;46;72;64;66;74;65;-1;No;No;No
977;8;1;12;4;3;17;16;25;22;19;33;35;0;31;43;56;55;52;59;49;64;69;74;62;67;-1;No;No;No
978;10;9;2;8;11;30;24;27;17;21;35;33;0;32;43;47;50;54;57;60;72;64;66;69;65;-1;No;No;No
979;8;7;14;15;10;21;22;26;20;25;34;31;0;37;35;47;57;53;46;49;72;73;70;75;62;-1;No;No;No
980;4;7;10;13;1;25;18;28;21;19;31;32;0;41;39;50;48;59;52;58;61;73;75;64;62;-1;No;No;No
981;11;12;8;1;7;25;18;20;21;29;42;37;0;34;31;58;51;52;56;55;65;71;70;66;72;-1;No;No;No
982;11;13;5;9;1;25;26;24;23;17;33;37;0;44;31;54;51;58;60;50;66;64;61;71;73;-1;No;No;No
983;13;10;1;4;5;18;21;17;26;28;34;44;0;45;42;55;53;52;59;57;64;63;74;65;66;-1;No;No;No
984;11;12;3;8;9;23;22;28;27;25;32;31;0;39;37;55;52;48;57;59;67;64;68;70;63;-1;No;No;No
985;9;4;13;3;14;23;16;26;20;21;41;43;0;40;39;47;48;60;55;56;75;63;69;71;74;-1;No;No;No
986;5;10;2;12;14;29;26;17;19;16;32;31;0;39;41;58;53;54;47;49;62;67;64;68;70;-1;No;No;No
987;5;3;1;11;14;25;19;26;18;16;39;40;0;42;38;50;57;51;49;55;68;70;67;74;61;-1;No;No;No
988;8;6;9;7;12;26;28;19;16;17;44;32;0;33;38;52;54;58;51;55;63;70;61;73;66;-1;No;No;No
989;11;8;14;9;3;19;28;21;26;29;34;32;0;33;40;51;54;55;57;58;74;68;72;66;65;-1;No;No;No
990;3;15;11;14;9;23;24;20;27;18;36;38;0;33;32;51;53;47;60;46;73;65;67;72;62;-1;No;No;No
991;12;4;11;3;2;29;28;24;21;17;39;33;0;37;45;48;59;50;49;51;70;66;64;62;68;-1;No;No;No
992;4;9;8;3;7;22;18;24;26;19;42;36;0;35;44;59;51;47;60;52;73;65;71;66;68;-1;No;No;No
993;5;6;7;10;14;27;29;19;24;28;38;36;0;34;41;49;60;55;52;59;71;74;70;65;67;-1;No;No;No
994;1;13;10;11;4;19;17;16;29;24;40;41;0;45;33;52;54;50;53;47;73;62;74;61;67;-1;No;No;No
995;1;7;11;10;13;26;23;19;20;27;33;45;0;40;39;56;46;60;50;58;72;68;69;64;67;-1;No;No;No
996;7;6;9;1;4;16;24;18;19;27;37;44;0;42;41;57;52;51;56;53;66;72;67;61;64;-1;No;No;No
997;10;14;8;13;7;27;18;21;22;19;44;34;0;35;43;59;58;51;53;46;71;75;70;61;62;-1;No;No;No
998;3;14;12;11;1;18;24;22;21;16;45;38;0;34;43;48;53;47;55;58;69;66;65;74;70;-1;No;No;No
999;10;7;4;15;14;25;21;24;23;16;33;34;0;31;32;46;49;48;51;47;68;69;65;72;74;-1;No;No;No
1000;1;10;4;11;5;19;16;23;17;25;35;31;0;41;38;49;46;47;51;53;67;74;68;70;66;-1;No;No;No
1001;5;4;7;11;15;16;18;25;27;17;43;31;0;32;45;60;46;52;51;54;63;61;66;69;70;-1;No;No;No
1002;8;13;6;3;1;21;19;25;29;16;45;32;0;40;31;55;58;47;59;51;74;73;70;68;67;-1;No;No;No
1003;7;6;10;5;11;16;17;19;27;20;42;43;0;41;32;57;49;53;46;47;68;70;66;61;67;-1;No;No;No
1004;7;8;10;3;11;17;18;30;21;23;35;41;0;36;42;55;54;49;56;51;62;64;66;74;70;-1;No;No;No
1005;15;10;4;5;12;29;25;23;18;20;45;40;0;34;32;47;51;48;50;59;73;71;65;69;61;-1;No;No;No
1006;8;2;9;1;10;16;19;25;23;21;35;34;0;40;42;50;54;47;57;46;67;74;65;70;61;-1;No;No;No
1007;3;8;10;6;15;22;21;20;29;25;36;45;0;32;34;50;48;47;49;57;68;65;69;74;73;-1;No;No;No
1008;2;3;5;7;10;26;19;18;25;28;38;40;0;42;36;47;60;58;57;50;73;65;72;69;68;-1;No;No;No
1009;3;7;11;6;15;25;21;30;22;19;41;42;0;45;38;47;50;53;56;59;71;61;74;65;68;-1;No;No;No
1010;14;6;15;11;1;21;22;25;28;20;35;31;0;42;34;59;54;56;57;46;67;72;69;62;71;-1;No;No;No
1011;3;14;12;8;15;22;21;16;23;19;39;35;0;40;41;59;47;54;58;53;70;71;69;65;68;-1;No;No;No
1012;7;3;1;8;15;24;22;26;23;16;41;39;0;32;33;53;50;55;58;59;64;65;63;71;73;-1;No;No;No
1013;4;2;9;10;5;23;19;28;18;21;41;45;0;35;38;54;49;57;58;47;67;64;63;72;69;-1;No;No;No
1014;5;4;8;1;3;29;28;16;22;26;39;37;0;34;36;60;57;48;55;47;72;71;68;64;63;-1;No;No;No
1015;13;7;9;2;10;23;29;16;19;20;43;39;0;42;31;49;47;59;46;56;61;66;62;73;65;-1;No;No;No
1016;10;8;3;13;5;16;27;17;25;24;34;42;0;33;41;50;49;55;47;58;64;74;71;73;75;-1;No;No;No
1017;9;6;13;10;11;16;28;23;27;21;40;35;0;38;44;54;46;56;51;55;68;62;66;73;63;-1;No;No;No
1018;14;1;8;11;2;29;17;22;20;16;36;38;0;39;40;50;56;47;59;52;68;74;63;61;65;-1;No;No;No
1019;7;11;3;13;2;28;19;20;17;23;39;43;0;41;34;55;49;57;52;56;73;66;68;70;74;-1;No;No;No
1020;1;6;3;8;2;17;22;23;26;20;36;43;0;44;41;56;48;46;59;49;73;68;70;64;74;-1;No;No;No
1021;1;4;10;7;12;21;16;18;29;20;36;34;0;44;42;58;57;47;49;51;74;62;68;65;63;-1;No;No;No
1022;7;11;14;2;15;18;27;26;19;28;39;45;0;42;35;52;56;59;48;57;72;67;70;68;73;-1;No;No;No
1023;1;5;7;10;14;24;18;26;27;30;45;36;0;43;34;52;49;58;46;57;63;73;67;71;68;-1;No;No;No
1024;9;8;11;5;12;29;16;27;17;21;37;39;0;41;43;46;60;50;57;55;67;68;72;73;65;-1;No;No;No
1025;14;6;2;7;3;20;23;21;16;25;38;42;0;41;43;49;53;57;54;52;72;70;62;66;67;-1;No;No;No
1026;3;11;13;7;10;26;22;17;16;24;43;38;0;31;42;52;50;54;49;46;74;66;71;70;63;-1;No;No;No
1027;14;8;12;4;1;23;24;19;20;29;37;40;0;39;44;52;53;51;59;58;61;64;71;69;68;-1;No;No;No
1028;11;8;10;9;14;16;23;28;21;22;36;31;0;35;40;52;56;48;54;60;69;65;71;72;74;-1;No;No;No
1029;6;4;2;10;8;29;17;20;22;16;39;43;0;37;42;58;57;49;56;53;61;62;75;69;68;-1;No;No;No
1030;9;3;6;7;14;20;18;26;27;19;42;44;0;33;31;55;48;58;53;49;65;62;63;74;64;-1;No;No;No
1031;11;9;12;4;7;19;28;22;16;25;32;34;0;35;39;49;46;59;55;58;74;75;70;71;67;-1;No;No;No
1032;1;8;7;12;15;29;30;21;26;24;33;42;0;34;43;53;47;57;58;48;71;68;65;62;61;-1;No;No;No
1033;1;5;3;15;9;28;21;25;19;27;40;34;0;32;41;48;54;59;55;52;62;67;72;66;61;-1;No;No;No
1034;4;6;8;3;1;18;16;26;25;28;43;38;0;45;37;54;47;52;59;51;62;70;61;74;67;-1;No;No;No
1035;1;9;13;5;4;21;27;29;25;28;34;37;0;45;40;53;55;58;47;49;62;68;71;73;65;-1;No;No;No
1036;2;14;9;6;12;17;25;29;26;20;34;42;0;40;45;56;50;52;57;48;67;66;62;65;75;-1;No;No;No
1037;12;11;3;7;13;23;21;16;29;27;33;41;0;37;39;47;52;57;46;49;61;66;67;69;72;-1;No;No;No
1038;5;6;2;3;11;21;23;25;18;28;40;36;0;34;41;52;49;50;48;51;70;65;67;61;71;-1;No;No;No
1039;10;4;14;2;13;21;26;20;24;27;40;44;0;41;31;53;59;49;48;56;71;74;67;69;73;-1;No;No;No
1040;1;9;13;8;11;16;26;21;27;24;34;40;0;36;37;50;56;51;53;58;64;62;67;70;69;-1;No;No;No
1041;7;9;3;11;6;24;21;29;22;20;44;41;0;38;39;56;46;50;51;57;70;62;63;65;72;-1;No;No;No
1042;4;10;9;11;8;20;24;18;23;21;38;33;0;36;34;54;51;49;50;59;65;64;69;70;62;-1;No;No;No
1043;9;7;4;1;14;20;19;18;27;17;35;34;0;42;31;53;54;57;60;49;69;63;68;71;73;-1;No;No;No
1044;10;8;7;13;14;18;26;27;20;29;41;44;0;38;40;51;55;52;49;50;71;70;69;62;61;-1;No;No;No
1045;1;11;6;9;3;21;19;27;25;23;41;38;0;37;33;55;58;51;49;53;67;72;68;66;73;-1;No;No;No
1046;12;15;1;3;10;22;16;29;21;23;38;41;0;35;32;47;49;53;58;56;72;73;67;61;69;-1;No;No;No
1047;9;14;11;12;15;16;17;30;21;25;34;41;0;31;44;55;52;46;56;58;66;65;74;72;69;-1;No;No;No
1048;4;2;7;6;15;28;18;21;27;26;44;37;0;39;32;56;48;53;52;54;71;61;63;65;67;-1;No;No;No
1049;7;13;15;3;4;30;26;21;16;24;33;32;0;43;42;57;51;58;50;53;64;71;63;62;73;-1;No;No;No
1050;14;4;7;15;3;28;25;21;23;17;32;33;0;44;43;55;58;46;52;57;73;75;71;64;65;-1;No;No;No
1051;6;15;14;2;13;22;20;24;27;21;35;43;0;36;42;57;52;53;49;47;74;63;71;65;64;-1;No;No;No
1052;8;7;6;3;10;28;26;19;17;21;32;37;0;38;45;51;47;53;46;57;68;69;62;66;67;-1;No;No;No
1053;3;4;10;11;9;19;28;24;17;22;35;37;0;38;39;49;55;52;59;54;73;65;71;72;66;-1;No;No;No
1054;7;6;8;14;13;27;26;30;23;20;33;41;0;43;37;59;54;58;47;48;74;71;68;65;66;-1;No;No;No
1055;7;2;5;8;12;28;21;18;22;26;44;35;0;34;37;58;57;48;47;50;64;74;65;70;63;-1;No;No;No
1056;12;2;13;3;11;29;24;23;28;18;39;32;0;42;43;49;51;56;54;46;62;67;68;65;70;-1;No;No;No
1057;13;12;11;7;5;27;28;29;24;22;43;44;0;34;37;52;48;57;50;47;62;72;71;68;63;-1;No;No;No
1058;13;11;14;5;8;23;20;29;19;30;31;36;0;40;34;58;48;53;47;46;68;69;61;64;63;-1;No;No;No
1059;15;3;5;11;1;28;24;20;30;21;44;35;0;39;33;47;48;51;46;58;70;73;63;61;64;-1;No;No;No
1060;10;14;9;8;1;23;17;24;27;25;32;35;0;41;33;59;49;55;51;50;72;73;75;61;66;-1;No;No;No
1061;8;3;13;5;1;29;23;16;21;17;44;37;0;34;38;47;56;53;49;51;61;69;74;67;65;-1;No;No;No
1062;13;14;5;1;11;17;27;23;24;30;34;44;0;38;36;46;56;59;53;55;62;71;68;63;66;-1;No;No;No
1063;2;11;6;4;8;29;25;23;18;27;40;37;0;42;39;60;55;58;52;47;65;61;64;66;67;-1;No;No;No
1064;12;1;7;11;2;21;16;17;27;23;41;36;0;43;39;46;48;57;59;60;63;73;65;61;69;-1;No;No;No
1065;2;7;3;12;8;29;27;30;22;23;32;37;0;34;41;57;50;58;52;60;62;66;64;67;73;-1;No;No;No
1066;9;3;7;5;15;20;16;26;25;29;42;44;0;35;37;54;59;56;51;48;69;67;63;65;75;-1;No;No;No
1067;10;9;7;2;5;17;26;16;19;29;34;43;0;39;40;52;47;59;53;54;75;72;65;74;64;-1;No;No;No
1068;5;2;15;9;3;21;27;28;17;18;37;32;0;34;36;52;55;46;51;59;70;65;69;64;62;-1;No;No;No
1069;2;3;11;9;6;18;22;17;29;24;40;35;0;38;45;55;46;60;57;50;61;63;67;73;64;-1;No;No;No
1070;11;14;13;5;6;16;22;30;19;17;41;38;0;32;34;57;59;56;50;52;73;75;65;68;71;-1;No;No;No
1071;14;13;5;7;2;20;29;17;18;24;39;31;0;38;40;51;59;48;52;46;72;67;62;66;63;-1;No;No;No
1072;5;15;1;3;12;28;17;30;18;27;44;34;0;35;32;48;50;54;60;58;73;71;75;74;69;-1;No;No;No
1073;11;1;6;14;12;18;26;28;23;16;38;33;0;45;34;59;57;53;55;52;65;63;73;61;67;-1;No;No;No
1074;15;13;1;6;11;25;18;23;28;17;41;43;0;37;39;55;51;56;49;53;74;71;72;70;69;-1;No;No;No
1075;1;5;10;8;6;30;25;20;23;24;42;33;0;37;40;53;59;47;52;60;65;68;70;62;67;-1;No;No;No
1076;9;8;10;5;6;26;27;23;22;29;34;35;0;43;42;58;57;59;56;48;64;68;63;72;61;-1;No;No;No
1077;12;5;14;2;3;17;18;22;21;30;35;41;0;39;36;49;59;51;57;50;72;61;67;66;63;-1;No;No;No
1078;14;15;7;9;11;21;17;22;29;24;37;43;0;32;36;57;55;54;58;47;62;72;64;63;69;-1;No;No;No
1079;5;14;1;6;10;23;24;20;16;25;32;33;0;41;37;48;57;49;60;51;66;73;71;74;64;-1;No;No;No
1080;3;1;12;13;8;26;16;30;29;25;37;34;0;32;35;49;51;52;58;50;72;62;74;71;65;-1;No;No;No
1081;15;12;8;2;3;20;19;25;23;28;37;41;0;40;34;52;53;58;51;56;72;66;69;71;61;-1;No;No;No
1082;5;4;7;9;14;20;21;29;16;22;33;32;0;41;31;59;55;56;47;48;70;73;66;64;72;-1;No;No;No
1083;14;2;1;4;7;19;28;27;22;23;32;39;0;40;38;48;54;50;52;53;64;67;75;70;69;-1;No;No;No
1084;10;14;3;9;4;25;21;22;27;30;34;41;0;44;40;48;52;55;49;54;66;68;64;73;69;-1;No;No;No
1085;10;5;2;15;9;16;26;29;23;28;45;41;0;35;37;56;50;48;57;55;72;65;66;61;63;-1;No;No;No
1086;8;2;5;9;11;18;22;16;24;26;43;34;0;35;36;47;59;51;46;52;71;67;75;68;69;-1;No;No;No
1087;1;10;7;11;15;19;29;17;23;20;35;31;0;43;34;58;56;47;60;49;71;73;67;65;74;-1;No;No;No
1088;1;6;14;8;12;26;21;17;18;30;42;37;0;40;45;47;50;51;54;60;74;61;72;71;62;-1;No;No;No
1089;10;14;1;11;9;21;18;24;29;22;42;41;0;44;32;50;51;56;53;52;74;70;64;72;69;-1;No;No;No
1090;7;1;6;2;10;21;28;27;16;25;39;37;0;38;31;58;49;48;59;51;72;62;70;67;66;-1;No;No;No
1091;13;8;9;1;11;27;18;24;26;28;34;40;0;43;37;56;49;46;57;55;74;61;64;66;62;-1;No;No;No
1092;10;13;8;9;11;17;20;19;18;16;40;34;0;39;31;48;57;47;58;53;61;70;75;69;68;-1;No;No;No
1093;10;7;3;13;12;23;29;26;18;25;42;32;0;41;33;54;59;50;58;47;65;69;70;73;74;-1;No;No;No
1094;13;6;8;5;7;26;17;27;29;30;32;41;0;33;39;51;47;54;49;55;68;67;62;73;74;-1;No;No;No
1095;2;3;10;11;1;19;25;29;16;30;42;43;0;33;31;47;57;58;53;54;72;62;66;65;61;-1;No;No;No
1096;8;7;9;14;12;16;25;27;28;22;38;40;0;33;35;50;52;58;55;56;74;68;67;65;70;-1;No;No;No
1097;4;1;6;7;11;26;23;20;18;28;34;45;0;38;44;55;58;51;47;50;71;67;68;74;70;-1;No;No;No
1098;15;4;10;8;12;21;17;28;18;26;44;32;0;42;45;59;52;54;53;51;69;64;68;65;62;-1;No;No;No
1099;3;1;12;7;2;16;26;25;27;20;37;35;0;32;34;57;46;52;47;56;66;64;62;74;69;-1;No;No;No
1100;2;10;1;8;6;20;22;16;18;19;35;36;0;34;31;56;59;54;49;58;67;74;63;66;62;-1;No;No;No
1101;3;2;13;5;10;25;26;20;22;17;41;37;0;34;40;48;54;58;59;52;69;72;62;66;70;-1;No;No;No
1102;12;1;8;10;4;27;16;20;22;25;38;40;0;35;33;50;57;54;60;58;65;75;66;73;72;-1;No;No;No
1103;15;3;14;9;2;17;24;18;26;22;45;31;0;44;38;48;56;49;52;59;68;66;70;62;72;-1;No;No;No
1104;15;12;13;9;11;22;18;29;30;21;40;36;0;42;41;58;50;59;55;49;62;71;66;61;67;-1;No;No;No
1105;10;12;9;7;2;19;22;21;23;24;44;42;0;34;41;47;54;52;46;48;74;72;73;62;61;-1;No;No;No
1106;15;10;11;4;13;27;28;22;23;18;36;39;0;40;35;49;58;48;52;56;62;64;68;73;71;-1;No;No;No
1107;4;7;3;8;6;29;16;28;22;25;31;36;0;32;44;59;47;52;53;56;75;70;67;66;72;-1;No;No;No
1108;7;11;9;4;15;18;20;25;24;26;44;32;0;45;41;60;53;49;57;50;63;62;71;72;65;-1;No;No;No
1109;5;13;2;10;11;26;19;27;20;17;41;34;0;36;35;57;53;55;47;54;71;62;61;67;69;-1;No;No;No
1110;12;9;5;1;6;25;20;21;24;30;35;38;0;34;45;58;47;49;53;55;72;63;66;67;62;-1;No;No;No
1111;8;10;9;6;5;18;24;20;21;17;45;41;0;38;34;59;52;53;48;56;71;70;63;61;72;-1;No;No;No
1112;3;13;6;12;10;18;23;26;24;22;39;38;0;34;37;57;59;51;49;52;74;61;65;62;72;-1;No;No;No
1113;3;12;6;2;5;25;18;29;23;26;43;33;0;32;40;57;46;51;50;49;67;66;70;74;72;-1;No;No;No
1114;4;3;7;12;11;22;20;17;29;26;34;33;0;35;41;49;50;56;53;46;68;72;67;70;69;-1;No;No;No
1115;1;13;4;11;9;21;20;29;30;23;38;33;0;37;44;59;52;58;51;56;74;68;73;67;63;-1;No;No;No
1116;10;2;15;14;11;30;17;23;20;16;44;39;0;38;32;55;49;54;59;53;68;69;67;75;74;-1;No;No;No
1117;14;4;13;12;6;20;18;17;25;23;36;45;0;33;44;58;49;50;51;54;65;69;68;66;75;-1;No;No;No
1118;5;6;10;12;14;17;24;26;27;23;37;34;0;40;32;46;55;50;47;52;62;73;61;70;68;-1;No;No;No
1119;14;10;5;1;9;17;29;20;21;28;42;31;0;33;41;51;47;56;55;48;65;67;62;72;61;-1;No;No;No
1120;15;14;13;7;4;18;26;27;21;17;44;43;0;38;37;48;47;52;54;53;64;71;75;74;67;-1;No;No;No
1121;14;7;4;12;10;22;27;28;19;17;41;36;0;43;32;47;58;46;59;57;65;73;72;74;70;-1;No;No;No
1122;14;5;6;15;1;17;19;26;20;25;38;34;0;43;39;48;52;50;60;54;64;68;67;74;63;-1;No;No;No
1123;15;4;2;10;5;19;17;22;21;26;38;31;0;35;32;48;58;60;51;50;62;63;69;66;68;-1;No;No;No
1124;12;1;8;13;14;27;16;19;24;22;32;35;0;43;33;48;47;50;53;56;61;66;64;65;68;-1;No;No;No
1125;14;8;1;13;11;17;19;20;25;21;32;40;0;31;41;53;51;55;49;48;65;68;69;71;63;-1;No;No;No
1126;3;14;7;5;12;25;29;19;17;30;38;44;0;37;42;60;50;56;59;54;68;70;65;74;69;-1;No;No;No
1127;11;9;8;1;5;30;29;16;27;21;42;35;0;33;34;59;49;58;48;51;69;72;61;65;74;-1;No;No;No
1128;15;5;13;11;9;21;23;29;18;24;44;39;0;42;32;58;50;60;59;52;62;63;73;67;65;-1;No;No;No
1129;5;13;15;1;4;17;18;25;19;30;43;33;0;41;34;46;52;48;49;54;75;70;61;62;68;-1;No;No;No
1130;12;1;2;10;11;20;28;25;29;26;37;33;0;31;39;52;49;60;46;57;74;61;65;62;75;-1;No;No;No
1131;8;9;3;1;12;26;18;19;22;24;34;32;0;38;43;53;57;49;47;56;70;72;62;73;67;-1;No;No;No
1132;4;6;5;3;14;18;17;29;26;22;40;33;0;37;41;48;54;51;46;57;68;74;65;66;61;-1;No;No;No
1133;15;14;1;13;5;28;22;21;27;20;39;31;0;41;43;50;51;58;49;57;73;70;66;62;68;-1;No;No;No
1134;7;6;9;11;12;22;17;16;18;19;43;32;0;31;39;58;46;51;56;50;73;65;64;70;66;-1;No;No;No
1135;6;1;9;2;5;18;27;29;24;26;31;34;0;38;42;54;58;53;59;52;67;61;68;65;72;-1;No;No;No
1136;5;6;8;9;13;28;26;25;29;20;40;43;0;33;37;53;48;47;49;56;66;74;65;64;62;-1;No;No;No
1137;7;11;2;8;5;17;22;28;21;19;44;33;0;41;34;49;54;47;57;52;74;61;63;65;71;-1;No;No;No
1138;13;10;11;8;15;28;21;25;22;19;32;39;0;33;45;55;49;57;47;53;65;69;73;66;68;-1;No;No;No
1139;14;4;2;11;15;23;22;21;19;30;34;44;0;31;32;55;60;46;48;58;70;62;72;64;63;-1;No;No;No
1140;13;14;7;1;12;29;26;22;21;18;35;39;0;42;33;51;48;58;52;54;63;65;74;70;64;-1;No;No;No
1141;9;12;13;8;11;16;20;25;18;27;42;35;0;39;32;50;53;48;49;54;75;66;73;68;69;-1;No;No;No
1142;7;4;11;12;1;20;22;27;28;21;40;42;0;35;32;54;51;56;59;47;67;69;63;74;72;-1;No;No;No
1143;1;14;3;8;6;26;28;24;16;23;38;34;0;42;33;58;57;47;49;50;61;68;75;74;69;-1;No;No;No
1144;9;14;6;13;7;27;22;20;21;16;44;33;0;37;34;53;46;48;50;56;61;73;68;62;65;-1;No;No;No
1145;2;11;3;7;6;19;30;28;23;22;42;32;0;41;38;48;51;55;47;49;73;71;68;62;70;-1;No;No;No
1146;3;6;12;5;7;20;25;28;16;18;45;41;0;44;32;52;49;51;59;50;70;69;61;62;71;-1;No;No;No
1147;11;10;6;3;9;24;21;26;30;28;32;41;0;40;34;52;47;59;50;46;61;72;64;70;71;-1;No;No;No
1148;8;10;15;7;4;26;23;22;30;21;37;41;0;32;43;60;51;50;58;56;63;72;71;67;74;-1;No;No;No
1149;13;11;3;2;9;19;28;30;25;21;37;31;0;32;36;49;59;53;57;60;61;62;68;63;71;-1;No;No;No
1150;5;1;6;12;9;18;22;23;24;27;39;40;0;42;37;58;56;48;59;55;65;68;67;72;73;-1;No;No;No
1151;2;11;3;7;1;26;30;18;28;16;38;33;0;43;32;59;48;57;53;46;62;63;66;70;65;-1;No;No;No
1152;10;8;6;1;12;16;25;28;19;29;45;38;0;33;44;47;56;48;57;58;73;71;69;65;74;-1;No;No;No
1153;12;14;15;3;1;19;23;16;21;22;39;40;0;32;45;57;46;49;48;55;73;62;72;66;74;-1;No;No;No
1154;5;1;4;11;7;28;27;22;21;23;38;37;0;33;36;56;55;52;54;57;73;71;65;64;69;-1;No;No;No
1155;2;7;14;12;8;19;27;28;21;25;32;42;0;43;44;47;49;58;55;59;66;68;75;65;67;-1;No;No;No
1156;12;5;1;11;13;16;27;29;26;28;31;38;0;42;34;49;54;48;55;52;61;67;62;71;72;-1;No;No;No
1157;5;3;8;4;14;25;23;18;27;19;37;36;0;42;40;55;59;47;49;46;71;65;72;62;61;-1;No;No;No
1158;6;12;14;9;4;19;26;22;16;17;43;41;0;33;37;54;48;59;52;49;74;63;75;73;70;-1;No;No;No
1159;10;4;15;13;7;19;29;23;26;17;31;32;0;41;36;60;56;53;54;55;74;69;71;65;66;-1;No;No;No
1160;5;9;10;15;12;26;27;22;17;18;33;32;0;41;37;46;51;53;59;49;68;74;67;64;62;-1;No;No;No
1161;10;1;14;12;2;24;25;17;27;29;33;40;0;36;35;58;56;49;52;53;70;61;72;68;71;-1;No;No;No
1162;4;6;14;12;11;28;24;19;17;22;43;37;0;41;35;57;48;46;52;50;61;72;70;71;63;-1;No;No;No
1163;4;2;9;7;5;20;27;24;28;21;31;32;0;35;44;60;59;54;47;53;74;64;71;68;73;-1;No;No;No
1164;13;14;8;1;15;22;26;18;30;21;38;45;0;31;44;50;60;55;58;49;68;70;72;73;62;-1;No;No;No
1165;5;15;11;3;13;23;18;17;24;19;38;32;0;36;31;48;47;51;53;56;74;63;62;75;61;-1;No;No;No
1166;3;5;12;9;7;20;28;25;17;23;35;38;0;31;41;59;48;57;52;58;64;63;74;70;69;-1;No;No;No
1167;3;9;5;12;1;28;30;23;26;27;44;36;0;35;37;57;55;53;49;47;70;73;74;69;72;-1;No;No;No
1168;8;7;10;6;12;20;23;16;29;24;32;35;0;31;42;57;54;55;47;52;62;74;65;69;72;-1;No;No;No
1169;6;5;13;12;9;27;17;20;22;18;38;39;0;34;44;56;58;55;49;50;73;69;62;65;61;-1;No;No;No
1170;10;13;9;7;2;16;30;20;23;17;37;41;0;40;44;50;56;47;46;54;61;63;66;74;73;-1;No;No;No
1171;7;9;14;1;12;16;23;29;24;26;39;31;0;33;37;53;58;46;59;51;74;73;63;61;75;-1;No;No;No
1172;10;9;3;8;11;22;27;18;25;24;45;33;0;37;43;47;55;46;56;54;72;71;63;73;67;-1;No;No;No
1173;14;3;5;10;1;19;23;16;28;25;34;41;0;39;40;51;52;50;60;57;65;69;68;73;64;-1;No;No;No
1174;14;12;11;13;3;17;16;25;30;29;41;35;0;44;32;55;51;49;46;58;75;63;61;70;68;-1;No;No;No
1175;1;9;10;12;13;30;18;27;24;26;36;42;0;37;43;54;46;50;48;52;69;66;63;70;67;-1;No;No;No
1176;9;8;14;13;4;21;25;23;27;24;36;31;0;42;43;59;48;55;53;51;61;63;73;70;65;-1;No;No;No
1177;3;10;6;14;13;16;19;21;20;30;44;38;0;34;37;59;57;51;54;49;67;63;72;71;61;-1;No;No;No
1178;7;6;8;2;10;18;21;25;19;20;33;38;0;39;43;56;50;49;54;55;65;70;63;69;71;-1;No;No;No
1179;5;13;4;10;8;21;24;26;25;29;38;43;0;31;35;54;55;48;49;50;65;74;61;75;68;-1;No;No;No
1180;4;13;10;11;3;17;19;26;28;22;43;32;0;42;33;59;53;48;55;56;65;66;70;64;63;-1;No;No;No
1181;11;1;13;4;7;22;23;29;16;25;39;40;0;33;38;59;56;51;52;55;73;69;70;63;64;-1;No;No;No
1182;10;3;7;1;11;27;21;20;16;28;41;33;0;42;45;54;46;51;57;48;73;69;66;61;63;-1;No;No;No
1183;6;7;4;10;14;23;21;20;25;29;31;35;0;40;34;55;50;52;49;51;69;68;64;70;61;-1;No;No;No
1184;8;3;4;2;5;19;25;30;28;26;38;44;0;33;43;48;46;58;60;53;68;75;63;67;70;-1;No;No;No
1185;14;2;10;6;12;23;19;20;17;29;42;33;0;37;38;52;57;47;59;58;71;66;74;72;67;-1;No;No;No
1186;9;6;10;1;4;27;25;24;23;28;35;40;0;31;44;46;57;47;55;50;70;74;72;66;61;-1;No;No;No
1187;5;3;1;2;8;28;16;24;21;17;31;36;0;32;43;54;47;49;60;58;75;62;69;66;61;-1;No;No;No
1188;5;1;2;10;12;26;20;16;24;28;36;41;0;40;35;50;55;53;57;49;63;70;74;73;64;-1;No;No;No
1189;7;14;6;1;12;26;24;25;16;19;32;38;0;31;41;55;47;49;53;46;66;63;64;61;67;-1;No;No;No
1190;7;12;11;6;3;25;21;23;27;17;32;39;0;34;35;48;50;49;46;52;69;68;65;62;74;-1;No;No;No
1191;5;9;12;13;6;19;18;28;20;17;32;34;0;40;41;59;56;48;52;47;68;62;75;70;73;-1;No;No;No
1192;1;13;9;7;15;18;30;20;26;24;44;35;0;45;39;50;56;60;59;55;62;67;63;66;61;-1;No;No;No
1193;13;7;10;8;5;22;19;27;29;20;35;36;0;43;37;46;55;56;57;49;61;73;72;71;67;-1;No;No;No
1194;2;11;14;13;9;18;26;19;21;25;45;44;0;36;33;58;50;55;53;51;62;63;73;64;65;-1;No;No;No
1195;10;2;6;5;11;25;26;18;29;16;44;42;0;41;31;55;52;56;47;54;67;72;64;73;65;-1;No;No;No
1196;6;4;14;3;12;16;25;22;28;30;36;34;0;43;41;59;56;48;52;51;72;73;64;70;62;-1;No;No;No
1197;6;1;5;11;3;23;18;17;28;22;42;37;0;44;43;53;58;56;55;48;61;73;62;68;75;-1;No;No;No
1198;6;9;1;8;3;28;17;26;21;24;32;41;0;33;39;54;50;53;48;46;73;69;70;61;64;-1;No;No;No
1199;10;2;4;11;3;19;23;21;24;28;38;44;0;32;31;59;46;54;50;47;65;75;66;69;74;-1;No;No;No
1200;2;5;8;10;15;23;25;19;27;26;43;33;0;41;31;55;52;57;48;50;71;70;74;66;69;-1;No;No;No
1201;7;15;11;13;14;18;27;17;23;29;39;44;0;34;37;48;47;55;56;46;71;72;67;75;61;-1;No;No;No
1202;5;7;2;3;11;29;26;17;20;28;42;36;0;39;32;59;47;56;51;54;74;71;72;62;69;-1;No;No;No
1203;5;9;4;10;1;28;29;25;27;26;37;33;0;32;35;50;55;51;47;59;62;73;61;71;68;-1;No;No;No
1204;15;8;10;9;5;26;22;20;21;24;32;37;0;38;42;51;60;50;59;49;74;66;67;70;68;-1;No;No;No
1205;12;4;3;10;5;22;27;30;25;18;44;33;0;42;39;52;48;54;58;53;61;70;62;69;64;-1;No;No;No
1206;1;2;11;12;4;29;21;20;23;16;37;36;0;35;39;49;54;60;50;59;64;62;73;71;69;-1;No;No;No
1207;7;8;1;11;5;24;16;25;23;26;33;44;0;39;41;55;57;56;59;54;67;65;63;66;75;-1;No;No;No
1208;11;1;13;15;7;20;23;16;26;24;34;42;0;33;31;53;57;60;51;47;65;72;73;74;69;-1;No;No;No
1209;13;12;2;4;8;25;28;20;19;17;33;34;0;36;42;59;60;54;48;57;73;67;65;70;72;-1;No;No;No
1210;12;3;7;11;9;20;22;25;19;29;36;43;0;42;33;54;55;57;58;56;66;62;65;61;69;-1;No;No;No
1211;6;14;1;3;7;23;27;21;20;24;36;32;0;38;43;51;57;47;49;46;66;64;62;61;74;-1;No;No;No
1212;11;9;8;5;6;23;25;21;17;24;40;35;0;31;34;46;59;58;56;60;62;66;72;71;67;-1;No;No;No
1213;14;13;8;5;4;28;30;26;19;25;45;41;0;32;34;55;49;48;59;58;68;67;66;69;61;-1;No;No;No
1214;4;3;13;14;5;29;28;22;26;19;32;31;0;42;36;48;57;47;56;53;67;62;65;68;74;-1;No;No;No
1215;3;1;10;2;4;27;26;20;29;17;31;37;0;32;39;47;56;52;50;58;61;74;73;63;66;-1;No;No;No
1216;4;13;11;8;5;17;19;20;28;21;37;43;0;39;34;50;52;49;60;53;68;74;69;67;72;-1;No;No;No
1217;9;1;3;4;10;29;25;27;21;23;41;31;0;45;40;53;54;55;46;59;67;73;68;62;71;-1;No;No;No
1218;6;10;1;13;9;28;16;18;23;22;42;43;0;38;37;58;53;46;48;50;62;72;70;68;64;-1;No;No;No
1219;6;4;1;13;9;27;23;17;20;16;38;36;0;35;41;47;58;49;48;55;68;72;62;65;63;-1;No;No;No
1220;5;15;6;1;7;21;28;20;18;26;39;38;0;32;34;55;57;58;59;53;65;61;69;72;74;-1;No;No;No
1221;5;2;1;12;15;30;27;19;25;28;44;38;0;41;35;49;52;55;60;56;71;63;73;74;65;-1;No;No;No
1222;2;8;12;6;7;27;25;24;17;29;42;35;0;43;32;53;56;46;48;49;74;67;61;72;73;-1;No;No;No
1223;4;8;13;1;6;19;24;29;22;30;39;41;0;42;40;58;55;48;59;46;74;68;72;73;62;-1;No;No;No
1224;7;11;9;1;10;20;21;28;30;27;42;35;0;37;44;60;49;50;48;51;75;74;69;62;73;-1;No;No;No
1225;2;5;7;12;1;19;26;17;28;22;43;42;0;33;37;56;51;52;58;53;62;75;63;74;69;-1;No;No;No
1226;5;11;9;6;10;19;24;27;20;17;33;37;0;39;44;54;55;53;49;48;62;63;75;70;64;-1;No;No;No
1227;15;1;2;6;5;16;19;28;21;24;38;33;0;35;39;50;57;51;54;53;72;73;71;66;62;-1;No;No;No
1228;4;10;6;1;14;16;23;19;30;22;44;34;0;31;36;47;53;51;59;57;73;70;65;72;63;-1;No;No;No
1229;4;5;10;15;12;27;28;29;26;16;43;34;0;38;37;57;53;49;59;54;68;75;73;61;70;-1;No;No;No
1230;13;7;11;9;12;25;26;27;28;18;43;32;0;42;45;47;50;55;57;53;73;63;64;70;65;-1;No;No;No
1231;13;12;4;6;3;19;26;18;23;17;44;37;0;34;40;52;46;60;50;58;72;64;70;75;65;-1;No;No;No
1232;5;9;8;13;3;19;29;16;28;25;37;40;0;33;36;46;57;52;59;53;68;66;70;71;74;-1;No;No;No
1233;12;7;15;11;14;22;23;18;19;17;35;32;0;44;39;54;47;59;51;50;66;65;62;74;68;-1;No;No;No
1234;6;7;2;11;13;22;30;23;27;17;34;45;0;36;41;58;57;52;55;54;68;61;62;71;72;-1;No;No;No
1235;7;13;4;12;6;18;27;23;16;26;41;34;0;40;44;50;51;48;60;58;61;68;72;63;71;-1;No;No;No
1236;13;5;2;8;4;19;25;26;17;28;39;41;0;33;32;46;56;48;57;60;70;62;72;65;66;-1;No;No;No
1237;6;4;9;10;15;22;16;23;20;29;39;37;0;43;33;58;47;52;50;55;70;62;66;68;63;-1;No;No;No
1238;15;14;1;11;2;26;20;23;17;16;31;40;0;32;37;59;51;48;47;49;64;71;62;68;70;-1;No;No;No
1239;13;4;15;1;5;23;25;28;22;19;40;33;0;38;36;47;52;51;50;49;70;69;65;67;71;-1;No;No;No
1240;10;3;8;1;15;19;23;22;25;17;39;31;0;34;40;52;47;51;49;53;69;73;74;68;67;-1;No;No;No
1241;13;9;6;1;8;29;17;25;21;27;42;44;0;32;34;46;56;53;57;49;66;71;67;69;61;-1;No;No;No
1242;12;13;14;6;11;26;16;22;27;18;36;31;0;45;37;58;59;49;48;50;74;75;66;64;65;-1;No;No;No
1243;15;3;5;13;2;18;25;19;27;24;40;33;0;31;43;52;58;51;60;59;75;72;71;68;65;-1;No;No;No
1244;6;13;14;15;10;25;21;28;26;22;36;34;0;45;32;54;57;47;50;46;67;74;62;75;65;-1;No;No;No
1245;10;2;7;6;14;25;21;19;29;18;34;45;0;33;41;59;56;51;49;58;70;69;74;65;71;-1;No;No;No
1246;7;3;14;8;10;23;27;19;28;24;43;33;0;32;35;51;49;52;59;56;62;65;73;69;74;-1;No;No;No
1247;3;12;5;15;9;30;27;21;26;28;38;36;0;34;35;53;49;55;47;52;62;68;67;74;75;-1;No;No;No
1248;7;1;14;15;9;23;20;27;22;16;33;40;0;41;36;53;46;52;60;47;70;72;63;64;71;-1;No;No;No
1249;13;14;3;5;6;30;18;25;23;26;45;36;0;39;33;58;59;49;47;51;71;68;64;73;66;-1;No;No;No
1250;4;7;14;10;2;20;19;23;27;28;43;33;0;44;31;50;55;58;52;49;61;69;70;67;66;-1;No;No;No
1251;7;5;9;13;1;30;25;17;24;23;36;35;0;34;32;57;53;59;54;56;73;67;63;74;72;-1;No;No;No
1252;6;2;8;7;9;25;16;28;19;27;42;44;0;31;33;51;53;48;50;47;72;62;61;74;67;-1;No;No;No
1253;4;5;6;13;8;20;30;21;27;19;44;45;0;33;40;49;54;59;47;51;75;68;69;70;73;-1;No;No;No
1254;7;8;14;4;12;28;17;16;19;25;41;42;0;31;44;59;51;48;46;56;69;68;63;61;66;-1;No;No;No
1255;6;7;10;8;14;28;26;24;30;23;44;45;0;37;34;58;57;54;56;46;64;71;65;74;63;-1;No;No;No
1256;8;2;4;7;10;25;22;28;19;26;33;44;0;35;34;56;48;52;53;47;67;73;66;71;74;-1;No;No;No
1257;13;6;11;3;1;25;18;30;17;21;36;35;0;34;39;47;53;49;54;59;62;71;74;73;64;-1;No;No;No
1258;6;13;3;8;15;29;22;17;30;27;33;37;0;39;34;52;60;47;57;56;71;64;66;72;68;-1;No;No;No
1259;6;13;9;5;12;23;16;22;29;17;34;39;0;36;31;55;50;56;47;53;73;75;74;67;66;-1;No;No;No
1260;11;15;4;6;1;23;26;25;28;21;44;35;0;39;36;50;47;59;58;56;61;73;72;62;70;-1;No;No;No
1261;14;10;4;9;8;24;28;27;19;20;36;31;0;39;42;47;53;48;52;57;73;66;61;69;72;-1;No;No;No
1262;11;12;13;8;2;21;19;30;23;17;41;33;0;34;35;48;57;59;54;50;69;68;73;72;67;-1;No;No;No
1263;10;1;8;13;2;26;23;27;24;29;42;41;0;34;35;52;55;57;46;54;63;64;66;69;61;-1;No;No;No
1264;12;7;2;1;4;25;17;28;19;18;36;37;0;39;32;58;54;47;49;50;70;61;69;63;74;-1;No;No;No
1265;3;14;4;8;10;22;26;27;24;21;37;35;0;38;43;50;54;55;58;57;71;61;66;63;68;-1;No;No;No
1266;10;12;8;11;5;26;21;30;17;16;36;31;0;45;37;58;50;54;57;56;70;67;63;64;68;-1;No;No;No
1267;14;6;3;1;10;25;20;19;23;18;37;42;0;45;41;50;52;55;58;48;71;69;74;72;61;-1;No;No;No
1268;9;2;7;15;13;28;24;18;22;19;40;44;0;33;31;56;47;55;46;54;71;73;62;72;69;-1;No;No;No
1269;10;5;8;4;13;19;23;25;30;17;35;38;0;37;39;50;46;51;58;54;66;74;63;73;70;-1;No;No;No
1270;7;5;14;4;3;20;28;17;21;18;43;38;0;31;35;60;47;56;57;49;61;68;69;72;71;-1;No;No;No
1271;10;11;5;14;7;25;26;22;29;20;39;32;0;40;33;48;54;59;46;57;61;62;65;67;71;-1;No;No;No
1272;10;13;14;3;1;20;26;24;29;18;41;38;0;42;37;56;51;57;49;59;69;68;64;66;62;-1;No;No;No
1273;14;12;3;13;11;16;22;18;28;17;34;39;0;32;37;57;52;46;51;58;61;73;63;62;71;-1;No;No;No
1274;5;8;6;14;13;22;25;21;19;26;34;36;0;35;44;46;50;59;52;54;72;65;70;71;66;-1;No;No;No
1275;6;5;3;14;2;25;17;26;16;28;35;36;0;39;40;47;57;52;50;49;62;63;64;74;67;-1;No;No;No
1276;6;11;13;9;3;23;25;20;28;18;31;38;0;41;45;47;58;54;50;53;64;61;75;74;73;-1;No;No;No
1277;7;14;4;8;5;17;19;22;24;30;42;39;0;44;38;49;48;52;55;59;67;72;71;70;74;-1;No;No;No
1278;5;6;14;4;3;28;23;27;16;22;40;44;0;38;37;50;56;59;49;48;73;74;66;63;61;-1;No;No;No
1279;7;2;4;9;6;16;29;26;19;30;35;31;0;45;40;51;50;52;55;57;64;67;73;69;72;-1;No;No;No
1280;12;6;3;8;2;28;30;24;29;25;39;44;0;45;37;59;47;48;46;54;63;73;72;66;70;-1;No;No;No
1281;1;10;5;7;8;29;16;26;20;22;40;38;0;41;39;48;53;47;58;51;70;75;72;71;64;-1;No;No;No
1282;8;5;14;7;9;16;26;29;18;25;44;37;0;39;41;50;56;57;47;49;63;72;70;69;68;-1;No;No;No
1283;5;11;6;8;13;28;16;18;19;20;40;37;0;35;36;51;58;60;53;46;73;65;69;63;61;-1;No;No;No
1284;11;10;1;2;5;17;19;22;16;23;33;41;0;39;37;51;47;58;49;52;74;71;68;73;62;-1;No;No;No
1285;6;12;14;11;2;28;16;17;18;23;44;35;0;32;34;53;52;50;46;49;72;61;70;63;68;-1;No;No;No
1286;3;9;12;7;14;18;19;24;29;28;36;31;0;33;38;56;47;54;49;55;62;63;69;73;72;-1;No;No;No
1287;5;7;6;8;14;29;20;22;26;21;45;31;0;42;40;60;49;58;46;52;70;65;61;69;66;-1;No;No;No
1288;11;4;2;6;9;24;16;30;18;21;41;45;0;44;33;47;58;52;53;46;72;66;69;75;64;-1;No;No;No
1289;4;10;12;14;3;25;19;16;26;21;35;38;0;43;31;46;53;58;60;49;73;61;64;66;62;-1;No;No;No
1290;1;8;5;12;10;29;16;28;17;18;44;40;0;35;33;58;46;59;57;54;61;74;67;72;69;-1;No;No;No
1291;14;4;6;12;10;21;24;25;17;26;39;43;0;32;36;52;58;55;53;56;61;62;73;66;68;-1;No;No;No
1292;10;6;7;11;5;28;29;24;17;16;43;36;0;35;44;56;47;54;46;50;66;61;63;73;64;-1;No;No;No
1293;3;7;13;11;9;23;26;27;20;18;33;39;0;44;35;53;48;58;46;60;63;66;68;73;74;-1;No;No;No
1294;7;8;6;15;14;25;22;24;28;29;35;44;0;33;34;56;52;58;57;53;69;70;73;62;66;-1;No;No;No
1295;10;6;3;5;7;23;19;18;24;25;38;43;0;45;42;54;55;49;50;59;67;68;61;62;73;-1;No;No;No
1296;9;11;1;13;10;20;25;17;29;23;33;45;0;34;39;59;53;47;55;48;69;62;66;63;73;-1;No;No;No
1297;14;5;3;11;6;24;23;21;28;26;42;39;0;45;35;46;56;53;47;52;69;66;72;73;68;-1;No;No;No
1298;3;10;8;5;7;30;23;27;24;28;31;45;0;38;36;58;55;56;49;47;71;74;64;63;61;-1;No;No;No
1299;5;11;8;10;1;30;22;20;19;23;35;43;0;39;41;59;57;49;48;46;64;61;62;71;70;-1;No;No;No
1300;6;8;2;3;12;23;28;27;24;20;41;33;0;32;39;46;55;49;58;56;61;63;71;64;70;-1;No;No;No
1301;8;2;3;11;13;23;17;25;24;16;35;37;0;33;34;51;52;49;60;53;65;67;73;63;61;-1;No;No;No
1302;6;13;10;11;3;27;21;23;24;29;41;34;0;31;36;46;50;47;59;51;73;72;67;68;70;-1;No;No;No
1303;8;3;9;13;4;20;17;26;30;24;32;37;0;34;41;59;47;48;53;49;74;69;67;64;65;-1;No;No;No
1304;10;7;6;11;2;27;26;30;19;24;37;31;0;38;34;56;50;49;48;46;66;69;63;74;71;-1;No;No;No
1305;9;6;11;12;3;16;27;17;25;24;42;32;0;36;38;60;48;53;55;52;73;71;67;64;68;-1;No;No;No
1306;14;12;6;4;7;27;23;20;19;21;37;43;0;31;42;48;53;59;47;50;62;67;63;73;69;-1;No;No;No
1307;6;14;5;11;3;17;16;29;24;30;32;33;0;44;36;54;50;46;52;56;61;70;75;67;69;-1;No;No;No
1308;8;2;3;7;13;28;27;20;24;16;33;34;0;32;31;51;50;58;60;54;63;67;69;65;66;-1;No;No;No
1309;8;13;10;11;3;22;26;17;16;24;33;38;0;44;37;54;59;56;57;48;61;74;64;73;67;-1;No;No;No
1310;9;14;10;5;11;18;23;30;20;22;38;37;0;43;40;56;53;54;52;55;64;67;69;74;63;-1;No;No;No
1311;8;4;15;11;13;28;20;19;17;24;42;40;0;37;38;46;57;54;48;56;72;67;71;62;63;-1;No;No;No
1312;6;14;2;7;9;18;29;24;20;30;42;34;0;37;41;51;55;52;60;49;66;67;74;63;65;-1;No;No;No
1313;6;7;9;3;10;21;18;26;29;20;38;37;0;41;36;49;46;54;48;60;66;67;64;70;72;-1;No;No;No
1314;6;1;8;14;10;28;21;20;19;27;33;42;0;36;32;54;46;48;50;57;64;70;75;67;71;-1;No;No;No
1315;8;1;13;10;12;27;22;16;30;24;36;37;0;40;32;54;49;56;48;47;61;65;74;73;70;-1;No;No;No
1316;11;6;4;7;2;27;21;29;18;24;36;42;0;34;37;55;57;53;54;50;64;71;65;62;73;-1;No;No;No
1317;6;12;10;11;8;19;20;23;27;18;33;36;0;37;34;51;49;60;59;58;64;69;61;68;67;-1;No;No;No
1318;5;3;10;2;12;30;25;21;16;20;44;33;0;40;36;52;48;49;54;47;71;68;63;66;74;-1;No;No;No
1319;6;3;14;1;10;29;30;17;28;20;41;37;0;44;39;51;47;57;60;53;74;68;73;63;64;-1;No;No;No
1320;4;14;8;9;11;22;27;26;24;18;39;37;0;31;43;51;54;53;48;46;61;74;62;66;70;-1;No;No;No
1321;13;2;7;6;12;24;23;20;19;21;44;40;0;34;36;54;47;49;55;59;69;66;70;63;65;-1;No;No;No
1322;7;11;2;10;8;19;27;17;26;20;43;31;0;32;42;57;48;53;58;54;65;71;68;73;64;-1;No;No;No
1323;11;12;4;1;7;26;18;22;21;17;32;40;0;35;37;60;55;52;50;48;70;69;66;63;65;-1;No;No;No
1324;8;12;10;7;3;26;18;23;19;17;34;31;0;44;40;46;53;50;56;58;67;71;68;70;73;-1;No;No;No
1325;7;13;5;14;1;19;26;21;22;27;39;31;0;34;42;57;49;56;52;48;67;61;74;65;68;-1;No;No;No
1326;14;4;10;7;1;21;20;19;25;28;36;34;0;37;31;58;47;52;56;49;61;74;73;68;62;-1;No;No;No
1327;5;15;13;14;10;26;23;20;16;24;41;43;0;31;37;57;51;54;50;47;69;65;61;72;62;-1;No;No;No
1328;13;11;14;3;15;25;29;28;26;20;36;33;0;38;43;56;52;48;57;47;64;70;63;66;61;-1;No;No;No
1329;1;4;15;10;6;20;19;24;26;29;45;42;0;39;34;59;58;56;54;57;61;68;62;72;69;-1;No;No;No
1330;6;3;11;4;12;20;21;27;22;23;33;38;0;41;32;56;51;48;46;60;65;62;67;63;68;-1;No;No;No
1331;12;10;5;7;9;19;16;25;24;17;33;42;0;31;41;60;58;46;50;57;73;71;69;64;74;-1;No;No;No
1332;15;3;13;2;6;26;18;25;27;20;41;36;0;31;40;47;50;56;54;59;70;73;75;65;63;-1;No;No;No
1333;12;14;10;9;4;29;28;17;16;27;33;39;0;42;40;47;59;52;54;55;75;61;70;73;62;-1;No;No;No
1334;2;3;7;10;13;17;20;18;29;26;37;44;0;43;38;51;48;58;59;55;63;62;71;69;72;-1;No;No;No
1335;11;9;2;13;8;26;28;25;16;18;43;40;0;38;32;53;49;47;54;59;66;69;71;67;75;-1;No;No;No
1336;4;13;6;1;3;30;17;28;24;23;38;41;0;33;42;50;54;59;47;48;68;63;67;71;73;-1;No;No;No
1337;15;5;8;6;2;21;24;22;18;27;34;31;0;33;43;55;59;47;56;49;65;74;68;71;62;-1;No;No;No
1338;6;7;1;13;9;27;26;20;29;28;34;32;0;42;44;54;53;51;56;59;68;70;74;63;61;-1;No;No;No
1339;6;14;15;8;12;27;25;24;23;18;40;39;0;45;35;56;54;58;60;49;67;68;63;61;64;-1;No;No;No
1340;15;14;9;5;7;28;16;27;20;23;31;42;0;36;38;47;57;48;59;46;71;61;73;63;74;-1;No;No;No
1341;14;10;4;5;1;22;16;29;23;24;40;31;0;44;35;54;60;58;47;46;74;68;65;66;61;-1;No;No;No
1342;1;2;9;3;5;19;16;30;23;24;44;31;0;34;38;59;51;54;48;56;71;74;73;65;72;-1;No;No;No
1343;7;12;1;4;14;28;16;19;26;24;42;45;0;33;44;48;53;57;58;54;75;67;68;69;66;-1;No;No;No
1344;6;14;1;5;3;25;28;20;24;21;43;37;0;34;40;54;55;49;57;48;63;66;64;67;65;-1;No;No;No
1345;6;11;5;1;9;24;28;23;20;18;41;31;0;39;40;46;56;52;50;47;64;61;74;70;65;-1;No;No;No
1346;1;12;2;14;4;16;24;26;29;18;37;38;0;36;33;52;57;50;47;53;67;73;74;71;65;-1;No;No;No
1347;6;13;12;9;8;28;20;25;27;18;36;43;0;38;32;46;58;49;55;50;74;61;72;73;65;-1;No;No;No
1348;13;9;10;6;3;21;24;20;16;28;31;41;0;35;34;52;54;48;60;53;73;70;63;61;75;-1;No;No;No
1349;6;2;3;11;1;28;17;27;26;16;32;39;0;40;31;51;56;48;47;57;71;63;61;70;72;-1;No;No;No
1350;1;11;2;7;5;27;18;28;19;30;40;39;0;45;37;56;52;50;48;49;65;67;74;72;71;-1;No;No;No
1351;11;9;8;10;6;24;25;26;20;28;40;44;0;37;32;48;56;60;58;53;72;73;71;70;63;-1;No;No;No
1352;10;13;6;12;3;19;21;27;24;26;35;42;0;43;34;52;48;49;57;51;61;70;74;68;75;-1;No;No;No
1353;12;6;13;14;11;16;29;17;23;25;40;44;0;36;35;46;59;51;56;58;61;62;72;63;74;-1;No;No;No
1354;3;9;14;13;8;19;16;18;17;27;42;43;0;45;36;47;51;57;60;52;64;61;65;73;66;-1;No;No;No
1355;6;14;2;15;9;29;28;20;30;21;37;43;0;32;31;54;56;55;48;49;72;62;69;71;61;-1;No;No;No
1356;1;3;9;14;15;18;20;21;16;26;40;38;0;35;34;54;46;56;53;57;72;70;74;66;61;-1;No;No;No
1357;10;9;2;1;6;24;22;19;21;27;31;33;0;34;44;47;50;53;60;57;74;73;62;65;72;-1;No;No;No
1358;10;8;7;1;5;20;29;25;23;28;31;42;0;41;36;54;50;55;56;57;67;74;63;73;62;-1;No;No;No
1359;5;8;6;9;11;21;18;25;20;26;37;45;0;34;43;52;57;53;58;46;66;67;70;65;62;-1;No;No;No
1360;9;3;8;11;13;29;19;26;24;22;42;34;0;43;33;53;47;58;46;54;64;62;71;69;65;-1;No;No;No
1361;1;14;9;8;11;18;17;26;25;28;37;34;0;39;41;46;56;59;57;55;61;74;69;70;62;-1;No;No;No
1362;6;8;9;2;11;29;19;28;27;24;32;37;0;35;42;57;50;55;54;51;71;66;63;70;67;-1;No;No;No
1363;15;9;6;13;12;28;24;29;23;17;37;41;0;39;40;51;52;47;57;48;72;63;74;71;73;-1;No;No;No
1364;13;2;11;10;8;19;20;22;17;16;31;37;0;41;32;47;55;48;54;46;70;72;74;68;71;-1;No;No;No
1365;15;8;7;9;6;18;29;26;21;19;40;34;0;35;32;54;50;58;55;59;62;73;75;67;74;-1;No;No;No
1366;3;4;2;1;14;23;18;26;24;25;34;44;0;37;43;58;48;46;53;52;74;66;68;62;65;-1;No;No;No
1367;12;8;4;13;1;22;23;28;29;24;37;41;0;43;40;55;51;47;53;54;65;66;74;73;75;-1;No;No;No
1368;1;12;3;8;7;26;30;21;19;24;40;36;0;42;39;50;54;57;59;46;71;63;75;72;62;-1;No;No;No
1369;6;5;13;1;8;29;16;24;18;28;35;32;0;33;38;57;50;54;52;58;67;61;70;63;72;-1;No;No;No
1370;1;12;5;14;6;21;18;20;19;26;41;34;0;39;44;54;53;52;51;59;61;65;71;68;62;-1;No;No;No
1371;10;6;14;5;4;26;18;29;28;17;44;45;0;33;38;50;58;56;52;47;67;64;63;68;73;-1;No;No;No
1372;7;12;5;2;14;26;29;19;24;28;40;34;0;39;38;56;48;50;58;52;70;64;75;72;61;-1;No;No;No
1373;7;5;3;8;14;27;20;25;30;18;31;40;0;36;41;51;50;54;53;46;73;64;67;74;66;-1;No;No;No
1374;15;7;6;1;14;18;16;23;24;20;34;44;0;32;39;58;48;54;56;47;70;62;72;69;67;-1;No;No;No
1375;2;3;5;4;6;19;24;27;25;16;32;41;0;44;39;55;49;51;56;54;69;63;68;66;73;-1;No;No;No
1376;3;4;12;5;7;20;24;23;21;19;34;37;0;40;45;54;52;55;59;50;64;62;66;68;69;-1;No;No;No
1377;15;14;13;12;11;29;18;28;24;17;41;31;0;44;45;51;55;52;48;58;63;73;68;66;64;-1;No;No;No
1378;15;10;13;1;3;25;20;23;30;26;32;40;0;36;37;58;56;47;55;57;70;67;74;66;72;-1;No;No;No
1379;13;15;14;5;11;17;29;21;25;23;35;41;0;31;42;48;55;60;52;47;69;70;65;62;68;-1;No;No;No
1380;5;10;4;15;7;27;23;18;17;24;34;32;0;38;31;54;58;57;49;50;62;68;65;71;66;-1;No;No;No
1381;14;13;3;7;1;29;17;26;25;18;37;38;0;44;39;54;56;46;58;48;71;65;68;62;66;-1;No;No;No
1382;12;11;9;8;4;23;17;19;26;24;41;44;0;40;31;54;52;55;51;46;63;69;65;74;61;-1;No;No;No
1383;7;6;13;9;5;20;27;25;28;18;43;41;0;44;32;52;49;58;60;54;69;72;74;61;73;-1;No;No;No
1384;10;5;2;13;3;17;29;19;24;23;33;36;0;34;31;48;49;58;53;46;74;73;64;66;68;-1;No;No;No
1385;14;5;8;7;9;22;29;21;25;27;35;39;0;40;32;53;55;57;56;51;68;64;61;66;67;-1;No;No;No
1386;7;13;1;6;9;19;26;30;27;22;37;41;0;39;38;46;59;51;58;52;62;72;73;66;69;-1;No;No;No
1387;8;2;1;14;12;27;21;28;18;25;33;41;0;32;40;50;58;51;46;47;69;62;66;71;73;-1;No;No;No
1388;10;12;1;4;3;18;21;25;19;28;45;42;0;38;41;56;46;49;55;54;69;71;63;70;67;-1;No;No;No
1389;6;8;9;7;2;21;19;22;20;18;34;41;0;36;38;48;51;49;58;59;68;67;65;61;72;-1;No;No;No
1390;4;8;5;11;15;28;20;25;23;27;44;43;0;36;39;49;50;52;56;53;68;70;71;61;63;-1;No;No;No
1391;3;5;2;1;8;16;25;17;24;26;39;42;0;38;41;57;47;52;46;56;71;74;73;70;68;-1;No;No;No
1392;9;12;3;4;7;25;29;23;17;22;40;41;0;37;44;54;46;60;49;55;66;65;63;71;69;-1;No;No;No
1393;2;14;3;13;12;23;16;22;27;17;33;41;0;34;43;47;48;51;59;54;73;65;69;68;62;-1;No;No;No
1394;13;9;1;11;15;18;22;19;30;23;41;32;0;37;35;56;49;57;59;50;66;71;70;64;63;-1;No;No;No
1395;8;11;10;9;14;19;25;27;17;18;44;41;0;34;33;48;56;58;57;53;63;62;73;69;70;-1;No;No;No
1396;4;12;14;3;7;22;25;16;19;17;35;33;0;36;32;47;48;51;46;57;66;70;64;61;65;-1;No;No;No
1397;9;5;2;11;1;25;24;27;28;29;43;32;0;40;41;51;57;46;58;53;68;62;74;61;66;-1;No;No;No
1398;14;8;5;3;12;29;23;20;27;25;34;37;0;36;33;54;51;47;48;60;71;61;73;66;68;-1;No;No;No
1399;6;11;3;13;5;17;20;29;25;18;37;36;0;39;38;56;59;55;48;53;71;64;61;63;73;-1;No;No;No
1400;6;10;8;14;3;21;23;25;17;27;38;33;0;42;45;51;54;47;55;60;67;71;63;65;74;-1;No;No;No
1401;9;4;6;2;7;17;23;27;20;29;44;40;0;34;42;51;55;53;58;49;66;70;62;75;64;-1;No;No;No
1402;14;4;13;9;10;27;17;24;22;26;42;39;0;36;43;55;57;59;50;49;72;62;66;64;65;-1;No;No;No
1403;8;1;11;9;12;27;23;26;25;19;42;43;0;40;38;46;47;56;51;54;70;61;72;67;64;-1;No;No;No
1404;4;15;12;11;1;25;16;28;23;29;32;37;0;36;38;55;58;48;46;49;68;71;70;73;72;-1;No;No;No
1405;12;9;15;2;14;23;25;17;18;28;32;33;0;41;43;56;47;51;48;57;66;65;61;64;68;-1;No;No;No
1406;2;4;1;14;13;16;17;26;25;18;41;37;0;44;34;60;58;47;55;48;65;61;74;64;70;-1;No;No;No
1407;9;6;13;14;2;28;21;16;30;23;34;40;0;39;35;56;51;53;48;50;66;69;63;74;64;-1;No;No;No
1408;3;7;13;4;12;22;19;21;17;18;35;36;0;40;41;46;58;54;50;53;70;71;61;62;74;-1;No;No;No
1409;4;2;7;8;5;30;29;25;22;20;38;32;0;35;39;55;59;54;57;48;72;66;71;63;64;-1;No;No;No
1410;13;6;8;14;3;24;19;18;21;22;32;31;0;33;39;51;47;60;59;58;64;75;74;69;62;-1;No;No;No
1411;6;12;8;14;11;19;25;28;29;18;32;34;0;31;33;58;59;48;50;53;62;66;69;67;72;-1;No;No;No
1412;8;3;6;12;13;25;23;19;30;16;45;37;0;38;42;48;52;53;58;59;62;75;65;71;69;-1;No;No;No
1413;7;13;12;9;3;20;19;24;28;22;35;38;0;37;44;59;58;48;52;57;64;70;71;66;62;-1;No;No;No
1414;14;10;1;12;5;26;30;28;20;17;31;35;0;41;36;58;49;51;48;57;62;66;73;69;72;-1;No;No;No
1415;13;3;6;14;10;29;27;17;24;20;41;37;0;43;35;56;53;55;47;48;68;64;63;69;65;-1;No;No;No
1416;4;3;2;8;5;26;18;20;29;21;37;36;0;41;34;52;60;57;51;59;69;73;63;64;72;-1;No;No;No
1417;13;3;4;9;6;17;24;27;21;18;31;32;0;41;43;47;56;57;51;55;63;67;69;64;61;-1;No;No;No
1418;2;7;1;13;14;19;20;24;26;21;37;42;0;35;34;52;58;49;50;54;68;70;69;66;67;-1;No;No;No
1419;8;14;11;9;2;24;20;23;29;25;31;39;0;40;35;58;51;53;48;56;67;62;72;68;73;-1;No;No;No
1420;12;11;9;5;3;24;28;17;19;27;32;40;0;34;41;59;50;52;56;49;66;63;70;62;71;-1;No;No;No
1421;9;5;10;13;1;19;25;21;26;23;40;32;0;34;42;48;53;58;49;51;65;68;74;71;66;-1;No;No;No
1422;5;9;11;6;1;18;25;26;17;27;42;37;0;33;38;52;55;49;54;58;64;73;69;71;68;-1;No;No;No
1423;7;13;11;10;15;29;26;22;19;27;45;43;0;35;39;59;51;57;48;49;73;74;66;71;62;-1;No;No;No
1424;6;15;5;8;11;18;28;21;23;25;40;31;0;39;32;50;54;49;52;55;69;66;64;72;74;-1;No;No;No
1425;3;15;5;13;6;19;18;16;22;20;44;40;0;31;45;54;52;46;51;60;68;66;64;69;65;-1;No;No;No
1426;7;9;2;10;14;17;21;16;26;23;35;37;0;40;33;49;51;48;52;59;68;70;63;69;61;-1;No;No;No
1427;8;14;10;12;6;23;27;25;17;19;37;31;0;44;43;49;56;53;50;48;71;75;62;74;72;-1;No;No;No
1428;12;7;10;9;13;28;17;23;21;20;45;34;0;33;38;54;50;57;49;46;72;74;64;68;61;-1;No;No;No
1429;1;9;12;4;2;25;29;23;19;30;40;44;0;38;41;52;58;49;53;48;73;70;62;64;72;-1;No;No;No
1430;8;13;12;14;9;20;28;26;18;23;34;33;0;35;37;51;47;48;55;49;74;71;64;75;61;-1;No;No;No
1431;4;13;3;6;9;18;17;26;27;16;43;42;0;33;36;48;54;55;51;58;75;64;71;66;63;-1;No;No;No
1432;1;9;11;10;6;29;27;18;16;26;36;42;0;41;45;51;59;53;57;50;72;67;71;63;68;-1;No;No;No
1433;15;6;13;12;9;27;30;19;20;17;38;35;0;39;43;56;51;59;57;58;64;72;70;71;68;-1;No;No;No
1434;9;13;5;8;4;16;20;21;19;18;35;43;0;37;36;51;46;49;55;50;74;68;65;61;69;-1;No;No;No
1435;6;8;9;12;15;20;25;16;22;29;31;33;0;37;41;53;59;55;56;51;72;71;69;74;67;-1;No;No;No
1436;13;8;12;2;7;24;20;26;18;19;32;40;0;31;39;48;55;52;59;46;66;74;62;72;71;-1;No;No;No
1437;11;14;9;8;4;27;20;21;16;29;42;38;0;32;40;56;46;57;51;52;69;67;68;66;72;-1;No;No;No
1438;12;1;8;9;2;21;26;27;23;16;44;41;0;42;39;46;57;47;56;52;62;72;73;67;61;-1;No;No;No
1439;5;3;15;11;9;24;29;17;28;16;35;40;0;41;34;49;47;53;57;50;68;73;65;74;63;-1;No;No;No
1440;5;9;8;11;6;19;21;28;24;22;44;43;0;39;40;59;58;50;47;52;72;66;63;67;64;-1;No;No;No
1441;14;5;10;1;3;28;18;23;26;22;42;45;0;32;41;48;54;57;56;50;74;62;71;72;66;-1;No;No;No
1442;1;11;12;8;7;20;22;27;28;19;40;41;0;38;43;59;60;53;48;52;62;75;63;67;74;-1;No;No;No
1443;4;5;7;14;1;25;18;20;17;27;39;40;0;36;42;52;59;51;46;54;67;72;69;73;64;-1;No;No;No
1444;4;3;1;12;8;18;23;29;27;19;33;36;0;44;41;57;46;55;50;59;70;67;66;72;74;-1;No;No;No
1445;2;4;13;11;12;22;29;19;17;27;37;40;0;41;31;59;58;51;50;48;73;69;63;70;62;-1;No;No;No
1446;13;5;14;1;8;30;17;21;26;20;40;37;0;32;45;48;51;55;59;49;73;63;74;70;69;-1;No;No;No
1447;14;7;10;2;11;26;29;16;27;23;42;41;0;32;39;46;54;58;55;51;70;64;74;72;66;-1;No;No;No
1448;10;1;14;13;4;22;27;19;23;26;33;42;0;34;38;60;50;48;56;59;65;67;71;70;61;-1;No;No;No
1449;11;14;13;12;10;28;22;27;18;24;45;33;0;35;44;59;54;52;58;57;73;74;68;63;66;-1;No;No;No
1450;14;5;7;2;6;19;26;25;17;16;32;41;0;42;31;49;47;55;54;53;67;71;62;73;64;-1;No;No;No
1451;5;1;9;3;14;27;20;19;24;17;41;42;0;37;33;47;48;56;46;55;74;67;70;71;64;-1;No;No;No
1452;9;7;3;14;1;28;26;29;21;27;36;35;0;39;32;49;57;56;50;59;61;68;72;69;71;-1;No;No;No
1453;13;9;14;12;11;28;17;18;20;16;31;40;0;33;32;47;53;55;52;56;66;71;69;65;64;-1;No;No;No
1454;7;5;15;10;3;25;29;21;28;23;31;32;0;44;35;52;48;60;58;55;66;61;71;62;73;-1;No;No;No
1455;11;9;15;3;12;21;23;18;28;19;34;38;0;39;37;57;59;54;50;58;67;64;72;62;66;-1;No;No;No
1456;3;9;8;11;15;18;29;24;16;26;42;32;0;40;45;56;46;60;47;52;75;72;70;68;65;-1;No;No;No
1457;14;5;11;2;10;25;21;20;19;29;34;31;0;33;36;54;57;49;50;58;63;69;68;73;71;-1;No;No;No
1458;9;4;8;10;5;30;22;16;19;18;39;32;0;42;43;46;56;57;59;60;62;65;71;68;73;-1;No;No;No
1459;2;4;14;3;10;30;23;19;24;20;33;35;0;36;32;50;55;52;48;53;73;70;65;63;66;-1;No;No;No
1460;12;11;5;2;10;23;19;29;18;17;42;44;0;37;43;46;47;49;60;55;68;73;71;62;74;-1;No;No;No
1461;7;15;14;2;1;25;18;17;21;19;45;41;0;31;39;58;50;52;49;48;67;62;74;65;72;-1;No;No;No
1462;7;13;3;8;11;21;24;19;20;23;33;42;0;43;34;54;59;56;47;49;70;71;61;65;75;-1;No;No;No
1463;13;10;4;3;5;22;17;29;23;20;36;43;0;40;44;51;54;52;49;58;70;74;69;68;67;-1;No;No;No
1464;14;3;2;6;12;18;23;29;19;30;31;39;0;36;33;59;56;57;55;52;62;68;73;71;63;-1;No;No;No
1465;4;7;5;10;12;26;29;21;23;27;34;40;0;38;42;52;53;47;54;59;65;61;72;66;63;-1;No;No;No
1466;5;8;1;4;12;23;22;16;21;24;43;38;0;31;42;58;53;56;50;54;75;69;66;62;64;-1;No;No;No
1467;9;10;13;4;12;24;29;26;18;22;43;32;0;35;37;46;50;52;55;56;72;68;66;67;69;-1;No;No;No
1468;12;13;5;9;2;19;22;25;26;24;39;33;0;34;40;59;52;51;54;56;68;66;70;62;72;-1;No;No;No
1469;2;13;6;11;4;16;27;22;24;18;32;42;0;34;39;47;55;50;51;59;67;65;68;62;64;-1;No;No;No
1470;9;12;14;6;8;20;26;28;22;17;36;35;0;40;44;57;51;54;49;53;61;63;70;71;65;-1;No;No;No
1471;10;2;14;9;1;27;23;28;21;20;32;37;0;42;39;56;52;46;51;47;66;65;71;74;69;-1;No;No;No
1472;12;11;14;10;8;26;22;21;23;17;38;33;0;41;40;53;50;54;46;48;69;74;72;73;71;-1;No;No;No
1473;11;1;7;10;14;26;29;17;18;20;40;37;0;39;44;49;58;55;52;57;72;67;66;63;73;-1;No;No;No
1474;12;10;7;1;4;30;20;23;21;18;40;39;0;41;45;56;49;52;59;55;65;68;71;63;72;-1;No;No;No
1475;11;6;3;5;8;20;23;25;21;30;44;40;0;34;32;50;60;57;58;48;72;71;66;62;70;-1;No;No;No
1476;8;14;6;7;12;20;25;16;24;29;37;35;0;34;33;49;47;54;60;52;62;72;71;67;64;-1;No;No;No
1477;13;14;10;8;4;21;19;27;26;28;44;32;0;35;39;59;49;52;56;46;62;73;72;75;69;-1;No;No;No
1478;7;4;9;10;2;25;29;21;16;19;39;36;0;44;45;60;56;54;46;58;70;61;71;69;62;-1;No;No;No
1479;9;13;2;8;4;29;30;25;18;27;37;33;0;38;43;46;59;55;49;50;61;67;66;63;72;-1;No;No;No
1480;1;11;7;12;4;22;29;17;16;20;34;40;0;33;35;47;54;51;55;57;74;63;61;72;65;-1;No;No;No
1481;8;3;6;9;4;27;19;17;29;22;31;33;0;35;44;49;48;46;51;60;61;64;73;69;74;-1;No;No;No
1482;1;8;3;15;11;25;26;20;24;27;40;41;0;42;35;57;53;60;49;47;68;65;61;71;64;-1;No;No;No
1483;8;10;7;13;5;25;23;27;20;19;35;32;0;42;34;53;54;47;56;59;75;74;70;66;72;-1;No;No;No
1484;3;15;8;12;5;29;27;30;20;16;31;42;0;36;34;53;49;51;57;47;63;66;69;75;61;-1;No;No;No
1485;7;9;2;11;6;28;30;24;19;25;40;42;0;41;43;46;49;58;56;50;62;63;72;70;61;-1;No;No;No
1486;7;5;6;15;8;18;27;29;21;19;33;43;0;35;31;50;49;57;46;60;61;68;63;72;75;-1;No;No;No
1487;3;5;11;12;6;23;28;17;19;30;34;41;0;42;36;50;58;54;57;52;74;67;62;69;65;-1;No;No;No
1488;6;5;10;7;8;29;19;26;28;16;35;43;0;40;38;48;53;58;55;59;64;70;63;61;72;-1;No;No;No
1489;1;6;3;14;12;29;26;17;18;27;37;38;0;43;36;47;48;49;53;60;73;62;67;72;68;-1;No;No;No
1490;15;6;8;14;10;17;22;19;24;27;39;34;0;44;36;49;46;51;60;59;73;69;65;66;71;-1;No;No;No
1491;5;1;4;13;15;23;25;30;28;24;41;42;0;44;35;60;46;59;58;52;62;63;61;73;70;-1;No;No;No
1492;5;15;12;9;7;18;16;27;20;28;32;33;0;31;34;54;55;50;47;58;67;66;63;75;74;-1;No;No;No
1493;14;8;2;11;12;28;27;26;19;24;45;33;0;41;31;46;56;49;48;59;74;65;70;61;68;-1;No;No;No
1494;2;1;7;8;6;21;18;16;30;22;41;35;0;38;36;58;49;48;59;57;67;68;61;72;64;-1;No;No;No
1495;12;6;11;9;5;28;22;16;29;21;43;40;0;38;33;55;51;52;56;58;72;66;73;61;68;-1;No;No;No
1496;8;7;6;2;15;25;24;30;22;28;37;38;0;41;33;47;48;59;57;46;64;74;62;67;69;-1;No;No;No
1497;3;9;7;14;2;27;28;21;16;19;34;41;0;38;42;57;55;60;52;56;64;68;72;63;70;-1;No;No;No
1498;9;3;4;10;6;21;29;23;17;18;41;39;0;33;37;48;56;60;46;49;71;67;68;72;66;-1;No;No;No
1499;13;2;9;10;3;29;20;27;28;17;34;39;0;41;42;57;55;50;49;51;69;75;63;61;71;-1;No;No;No
1500;6;10;2;3;13;23;19;27;26;20;34;39;0;36;37;49;55;52;51;48;66;68;70;71;73;-1;No;No;No
1501;12;7;11;9;14;23;27;17;20;21;37;44;0;31;36;53;59;58;46;56;68;61;62;75;67;-1;No;No;No
1502;13;4;8;15;5;26;20;24;17;16;43;34;0;44;45;51;55;46;56;52;70;67;69;64;62;-1;No;No;No
1503;10;4;2;12;11;24;29;18;17;27;38;32;0;35;42;57;51;53;58;50;73;67;71;62;64;-1;No;No;No
1504;3;4;7;12;15;29;16;25;27;28;41;37;0;34;38;56;59;51;50;57;62;65;68;67;71;-1;No;No;No
1505;9;2;6;13;11;18;29;24;21;22;42;44;0;35;38;50;55;54;59;58;62;70;61;69;67;-1;No;No;No
1506;10;4;1;3;12;18;20;29;22;27;42;40;0;32;36;56;49;55;47;51;65;70;61;73;67;-1;No;No;No
1507;14;11;5;3;1;17;20;19;28;27;43;45;0;34;31;51;59;47;49;57;62;74;75;67;73;-1;No;No;No
1508;1;3;12;4;11;21;22;25;28;17;36;42;0;37;32;48;51;56;58;53;62;75;72;66;73;-1;No;No;No
1509;1;5;6;9;2;25;28;16;20;24;33;44;0;40;37;52;51;56;48;49;72;75;63;66;62;-1;No;No;No
1510;3;6;1;15;10;29;22;21;16;25;40;42;0;38;33;51;58;53;50;52;68;64;66;67;63;-1;No;No;No
1511;9;3;4;11;6;27;24;29;20;19;36;31;0;43;32;51;55;48;52;49;69;63;73;74;64;-1;No;No;No
1512;7;5;4;12;14;26;22;28;24;16;34;37;0;39;35;56;48;51;60;49;63;71;70;68;69;-1;No;No;No
1513;14;11;10;2;9;19;16;23;20;22;31;41;0;40;44;58;49;46;55;52;69;74;68;62;71;-1;No;No;No
1514;8;9;15;5;4;23;27;22;30;29;37;42;0;36;40;53;59;51;54;49;74;65;63;67;64;-1;No;No;No
1515;8;2;12;11;5;22;24;21;17;18;35;32;0;44;38;58;55;54;53;46;69;73;62;68;65;-1;No;No;No
1516;7;1;14;4;12;18;16;26;21;28;39;43;0;33;32;54;55;58;48;57;65;62;63;69;66;-1;No;No;No
1517;14;11;4;5;2;21;29;25;26;16;36;42;0;37;44;59;55;48;54;52;68;71;73;63;69;-1;No;No;No
1518;10;6;3;4;12;19;18;20;29;30;44;40;0;36;38;57;55;47;59;50;71;70;63;65;73;-1;No;No;No
1519;12;6;1;15;11;27;22;20;16;29;34;36;0;37;33;60;49;48;54;56;69;68;73;65;61;-1;No;No;No
1520;7;4;9;8;1;28;20;27;22;25;43;44;0;34;31;56;47;46;57;55;73;62;65;68;72;-1;No;No;No
1521;13;12;9;4;14;16;17;27;22;23;40;37;0;31;43;53;58;52;57;46;71;64;63;72;66;-1;No;No;No
1522;1;3;10;12;8;21;20;17;18;25;42;38;0;31;35;58;54;52;59;56;64;72;66;61;69;-1;No;No;No
1523;14;4;7;13;11;27;22;20;19;28;31;44;0;45;38;55;46;59;51;54;74;70;69;64;63;-1;No;No;No
1524;6;11;14;3;2;26;22;27;17;25;31;42;0;34;37;47;52;48;58;51;68;63;64;62;66;-1;No;No;No
1525;6;2;9;8;1;27;29;21;16;25;43;42;0;40;41;52;53;54;60;49;68;73;70;64;62;-1;No;No;No
1526;12;11;4;10;3;24;19;28;30;25;38;34;0;44;41;52;47;53;51;55;70;68;62;72;71;-1;No;No;No
1527;11;3;9;13;2;16;20;30;21;27;36;31;0;32;43;48;58;49;56;51;71;72;69;70;63;-1;No;No;No
1528;7;6;4;5;12;26;29;16;19;17;41;39;0;40;38;56;51;57;59;58;67;74;73;68;63;-1;No;No;No
1529;11;9;15;14;3;26;23;16;17;29;33;44;0;36;35;51;47;52;56;55;63;75;65;62;69;-1;No;No;No
1530;12;6;8;1;2;29;25;30;22;27;40;38;0;41;34;54;52;60;57;55;62;73;68;64;67;-1;No;No;No
1531;2;14;3;13;4;28;22;30;26;23;44;31;0;33;45;55;48;60;59;53;70;71;68;74;63;-1;No;No;No
1532;1;6;13;15;8;20;29;24;18;19;36;31;0;39;41;58;57;51;48;59;73;64;68;67;74;-1;No;No;No
1533;4;14;11;10;15;26;29;17;28;19;41;44;0;33;43;53;50;54;56;57;62;67;64;61;71;-1;No;No;No
1534;4;6;9;13;10;18;27;24;16;22;32;44;0;37;35;48;46;56;55;53;67;65;64;62;70;-1;No;No;No
1535;7;8;10;2;9;26;23;18;17;28;43;35;0;36;40;51;59;47;58;54;67;61;74;72;65;-1;No;No;No
1536;13;3;11;12;4;18;21;28;27;16;33;39;0;37;42;55;58;47;48;57;71;62;68;66;73;-1;No;No;No
1537;4;1;3;6;10;28;19;24;26;16;43;44;0;42;37;54;60;56;47;50;61;66;68;73;70;-1;No;No;No
1538;8;14;11;5;4;21;16;17;29;18;43;35;0;34;44;49;51;54;56;58;65;71;75;67;72;-1;No;No;No
1539;12;5;14;4;10;29;23;18;20;26;31;33;0;39;36;53;47;49;46;51;70;61;69;73;67;-1;No;No;No
1540;15;5;14;3;10;26;28;20;27;21;41;40;0;33;36;57;49;58;59;53;64;66;65;63;70;-1;No;No;No
1541;11;7;3;2;8;26;29;30;24;19;41;42;0;32;45;58;53;50;46;48;70;68;61;71;65;-1;No;No;No
1542;10;4;6;14;1;18;20;22;17;19;31;43;0;34;40;48;58;54;56;53;65;68;66;69;72;-1;No;No;No
1543;2;5;13;10;4;19;23;18;26;25;36;45;0;33;31;48;57;47;56;51;69;61;63;65;73;-1;No;No;No
1544;1;2;9;5;12;18;28;29;26;20;40;34;0;31;33;52;54;53;60;48;63;61;73;69;70;-1;No;No;No
1545;2;15;8;14;4;22;24;28;29;30;41;43;0;35;44;54;48;53;55;52;70;72;73;66;65;-1;No;No;No
1546;15;4;13;1;9;25;19;26;17;28;43;32;0;37;31;58;59;56;54;52;69;67;62;63;73;-1;No;No;No
1547;8;7;4;5;3;26;19;16;21;27;34;38;0;32;31;49;52;59;56;51;63;64;69;70;66;-1;No;No;No
1548;5;2;9;6;7;23;24;17;19;16;39;31;0;40;33;49;56;58;50;54;70;62;69;75;71;-1;No;No;No
1549;2;7;10;8;11;17;21;20;27;23;31;40;0;35;38;46;48;49;57;52;64;65;66;68;63;-1;No;No;No
1550;2;10;13;5;3;22;29;16;17;26;40;34;0;31;36;53;50;57;56;58;71;74;61;62;67;-1;No;No;No
1551;1;14;7;11;15;18;22;24;29;27;37;39;0;36;40;55;54;57;46;56;74;64;62;66;73;-1;No;No;No
1552;5;3;7;10;1;16;20;27;22;29;43;32;0;41;34;50;51;47;58;56;66;67;65;73;62;-1;No;No;No
1553;6;11;4;2;1;20;27;21;25;28;39;44;0;35;33;50;48;54;56;46;63;62;65;75;73;-1;No;No;No
1554;8;3;12;6;7;17;16;26;28;27;35;43;0;39;45;55;46;51;57;47;63;68;70;71;72;-1;No;No;No
1555;11;6;5;2;4;24;17;26;18;16;32;40;0;43;33;58;51;48;50;53;69;61;66;63;67;-1;No;No;No
1556;10;4;12;1;8;29;24;27;21;17;39;33;0;40;37;55;58;53;48;52;73;75;69;66;67;-1;No;No;No
1557;1;12;7;15;9;16;24;23;27;29;41;43;0;38;36;52;56;55;50;58;71;74;65;61;72;-1;No;No;No
1558;10;13;6;1;4;20;24;23;27;22;37;38;0;33;31;52;50;58;54;55;66;61;65;67;64;-1;No;No;No
1559;14;13;6;10;3;26;25;27;17;30;33;41;0;31;34;46;51;50;47;54;67;68;73;64;74;-1;No;No;No
1560;2;8;5;10;14;19;26;21;24;20;39;35;0;45;43;47;46;50;57;54;71;68;61;66;65;-1;No;No;No
1561;8;14;3;1;4;27;16;20;29;25;40;39;0;41;34;59;51;55;52;60;71;64;75;70;73;-1;No;No;No
1562;14;11;12;2;6;27;26;24;23;29;37;42;0;33;35;57;58;56;59;47;75;66;72;73;64;-1;No;No;No
1563;5;10;15;7;11;18;16;24;29;22;37;38;0;40;31;46;56;57;49;52;63;61;71;65;70;-1;No;No;No
1564;10;5;15;4;12;18;24;22;28;27;34;44;0;35;32;48;47;50;57;54;65;74;75;64;72;-1;No;No;No
1565;8;9;15;10;12;23;20;16;22;21;37;44;0;34;40;53;49;55;48;47;74;73;66;61;65;-1;No;No;No
1566;6;10;3;14;13;17;18;29;16;22;36;39;0;43;34;59;51;46;56;54;62;67;63;71;66;-1;No;No;No
1567;6;13;4;15;9;16;26;22;25;18;37;32;0;36;43;51;55;49;53;56;63;73;70;72;67;-1;No;No;No
1568;13;14;2;12;3;18;24;28;26;19;45;35;0;39;43;55;50;54;46;59;61;70;68;71;64;-1;No;No;No
1569;2;4;8;7;13;23;26;29;18;22;42;31;0;36;40;47;59;55;57;46;68;74;71;66;69;-1;No;No;No
1570;7;10;2;4;14;17;21;16;22;23;34;37;0;41;39;46;54;52;56;60;70;66;62;68;69;-1;No;No;No
1571;3;4;7;9;1;26;27;16;24;18;31;40;0;32;44;48;59;58;60;51;68;62;73;66;74;-1;No;No;No
1572;3;8;13;14;2;25;24;27;18;21;34;31;0;33;45;48;53;59;56;49;69;73;65;68;63;-1;No;No;No
1573;5;3;6;13;11;22;29;17;27;26;39;36;0;33;35;56;47;59;48;46;72;61;69;66;67;-1;No;No;No
1574;1;11;14;13;6;24;28;23;29;22;39;42;0;31;45;50;56;54;55;59;64;68;73;62;65;-1;No;No;No
1575;13;2;10;12;3;23;18;24;28;26;43;32;0;40;44;55;52;47;58;50;72;70;64;67;73;-1;No;No;No
1576;10;4;9;13;2;25;26;21;19;27;40;45;0;36;32;48;53;50;59;56;66;72;75;70;67;-1;No;No;No
1577;12;13;1;4;6;23;19;29;28;21;39;42;0;36;38;58;50;60;51;54;70;72;65;74;68;-1;No;No;No
1578;2;14;6;8;7;19;27;20;16;18;45;36;0;38;41;56;50;57;54;58;63;66;73;65;74;-1;No;No;No
1579;6;12;10;4;11;17;23;28;24;18;45;31;0;44;32;54;53;51;56;52;64;74;63;70;71;-1;No;No;No
1580;1;13;10;3;11;27;19;16;23;18;39;42;0;40;34;53;47;59;57;55;67;74;72;68;65;-1;No;No;No
1581;14;6;10;11;12;21;22;24;26;17;34;37;0;39;44;51;57;59;52;49;67;61;64;72;66;-1;No;No;No
1582;11;10;5;7;15;25;22;17;18;26;44;43;0;36;31;60;47;55;58;57;66;63;74;71;68;-1;No;No;No
1583;4;11;12;3;15;20;18;26;25;27;44;34;0;32;43;53;57;49;55;52;74;72;71;73;67;-1;No;No;No
1584;7;9;4;3;6;21;29;27;17;16;41;43;0;42;33;59;56;47;46;55;74;72;62;65;68;-1;No;No;No
1585;13;6;5;8;4;29;19;30;26;24;35;36;0;31;32;52;50;53;54;47;67;66;70;69;63;-1;No;No;No
1586;2;8;11;1;7;19;29;17;20;21;42;41;0;33;40;48;59;55;49;50;70;69;63;74;68;-1;No;No;No
1587;10;12;4;5;13;27;21;22;24;19;41;39;0;40;45;49;53;51;59;47;66;70;64;62;71;-1;No;No;No
1588;11;10;13;1;9;29;16;25;21;28;34;42;0;44;36;48;55;60;52;50;68;61;63;69;75;-1;No;No;No
1589;1;12;9;13;3;24;25;22;17;19;42;41;0;35;31;55;49;50;57;59;62;74;70;73;68;-1;No;No;No
1590;12;14;2;8;6;19;23;17;24;20;42;32;0;38;44;57;53;50;51;52;73;72;61;67;69;-1;No;No;No
1591;2;6;7;14;3;23;25;24;21;27;31;41;0;37;44;48;53;55;59;47;63;72;71;68;69;-1;No;No;No
1592;15;5;9;1;3;24;18;22;29;28;42;36;0;31;45;58;47;60;48;56;72;69;64;73;66;-1;No;No;No
1593;9;2;7;4;3;18;16;28;23;26;31;40;0;34;32;54;60;59;57;51;69;63;66;74;62;-1;No;No;No
1594;3;10;14;15;8;19;18;26;21;22;44;34;0;31;38;53;55;46;56;60;61;75;74;65;73;-1;No;No;No
1595;13;12;1;10;6;26;20;27;22;16;38;41;0;34;42;56;57;58;51;55;63;68;67;69;64;-1;No;No;No
1596;1;9;10;8;4;27;20;21;29;19;43;34;0;33;41;50;59;48;53;51;65;63;69;62;68;-1;No;No;No
1597;15;2;6;9;12;18;29;26;24;17;38;41;0;31;43;47;57;49;51;53;73;72;68;67;61;-1;No;No;No
1598;12;1;10;2;9;19;27;21;23;28;34;43;0;38;31;58;46;57;48;59;73;72;74;66;67;-1;No;No;No
1599;13;12;8;10;6;20;22;16;19;29;34;39;0;42;31;56;46;53;54;58;74;75;67;73;69;-1;No;No;No
1600;4;9;14;7;13;25;20;30;19;24;38;36;0;44;39;59;49;57;52;46;62;63;67;69;61;-1;No;No;No
1601;8;13;9;6;14;28;27;29;21;22;33;36;0;44;34;46;55;51;57;54;74;69;64;66;72;-1;No;No;No
1602;14;15;9;7;13;30;24;29;22;21;38;32;0;33;31;57;56;51;52;53;61;73;66;62;70;-1;No;No;No
1603;5;3;8;6;9;27;17;21;20;25;36;44;0;34;31;58;49;53;52;48;73;62;70;68;69;-1;No;No;No
1604;9;10;7;13;8;20;29;23;24;27;35;33;0;38;34;50;51;54;56;58;66;74;67;69;68;-1;No;No;No
1605;4;6;3;2;15;29;19;27;21;30;33;36;0;35;32;47;49;50;48;59;69;67;71;73;74;-1;No;No;No
1606;6;3;1;7;2;25;23;17;18;16;43;31;0;32;38;47;50;48;59;57;74;69;63;68;61;-1;No;No;No
1607;11;2;6;1;4;28;30;23;22;17;41;39;0;37;34;46;56;57;49;47;62;70;71;63;73;-1;No;No;No
1608;1;9;11;7;10;20;25;22;28;29;38;44;0;36;45;58;56;52;54;51;71;63;75;74;69;-1;No;No;No
1609;1;3;9;14;6;19;24;23;17;18;32;40;0;35;39;57;58;56;47;50;71;62;74;63;68;-1;No;No;No
1610;1;6;14;7;2;19;29;18;22;17;34;43;0;45;44;59;47;55;48;46;67;74;62;71;64;-1;No;No;No
1611;13;11;3;4;9;28;29;27;24;26;40;32;0;44;42;57;48;47;59;52;65;69;62;63;73;-1;No;No;No
1612;12;5;10;2;9;25;26;23;21;18;31;37;0;36;44;59;55;48;58;49;61;64;63;62;65;-1;No;No;No
1613;2;1;8;14;13;29;26;22;28;30;33;39;0;32;44;52;59;58;49;57;65;74;61;67;73;-1;No;No;No
1614;2;13;7;3;1;27;18;30;17;20;31;36;0;43;38;47;49;55;57;46;62;67;71;64;74;-1;No;No;No
1615;10;3;14;1;8;22;24;27;26;21;41;45;0;37;33;58;46;53;50;59;72;69;67;74;66;-1;No;No;No
1616;15;4;6;1;13;26;25;22;17;16;32;34;0;38;31;54;58;55;57;51;72;67;75;61;74;-1;No;No;No
1617;10;11;4;2;12;18;19;22;27;26;38;42;0;36;39;48;53;51;57;55;61;68;63;70;73;-1;No;No;No
1618;12;8;14;1;9;19;18;25;27;21;41;32;0;35;42;51;48;56;57;49;66;69;63;65;73;-1;No;No;No
1619;2;9;11;6;13;20;21;24;26;25;37;45;0;33;39;50;46;51;58;54;62;65;74;70;63;-1;No;No;No
1620;10;4;5;3;11;24;19;16;25;21;35;32;0;41;40;46;50;59;47;53;73;65;75;70;71;-1;No;No;No
1621;2;9;3;5;14;19;20;23;27;29;41;44;0;43;39;51;59;50;58;49;65;62;73;67;66;-1;No;No;No
1622;12;9;14;7;1;21;19;16;18;20;34;42;0;40;36;48;59;53;50;58;67;70;65;75;66;-1;No;No;No
1623;14;11;13;12;9;28;24;17;25;26;42;35;0;36;37;56;46;59;49;52;63;75;74;64;73;-1;No;No;No
1624;13;6;5;8;2;26;16;27;23;20;40;43;0;41;34;48;60;58;52;54;74;64;69;61;65;-1;No;No;No
1625;1;12;10;8;14;23;26;16;22;24;44;39;0;36;43;58;49;52;57;54;66;69;68;65;67;-1;No;No;No
1626;8;13;2;4;10;23;28;21;24;19;42;43;0;40;38;49;52;51;54;56;65;64;62;66;61;-1;No;No;No
1627;3;2;9;5;15;20;27;23;26;19;42;43;0;44;35;54;48;56;53;46;75;74;67;72;61;-1;No;No;No
1628;15;7;2;1;10;21;29;22;25;23;44;39;0;36;43;51;55;53;48;57;73;69;71;74;68;-1;No;No;No
1629;13;2;10;11;5;26;24;16;25;17;44;43;0;36;40;57;53;48;49;56;64;71;65;73;69;-1;No;No;No
1630;4;11;10;1;9;23;22;16;24;26;38;34;0;37;45;50;54;51;46;48;74;65;71;64;63;-1;No;No;No
1631;13;10;11;15;14;27;22;18;16;23;39;40;0;44;36;55;59;46;54;50;69;73;62;68;72;-1;No;No;No
1632;15;4;9;11;2;23;22;28;18;25;36;41;0;31;45;47;50;55;49;46;61;67;74;62;70;-1;No;No;No
1633;1;6;12;2;13;29;28;20;22;27;36;41;0;31;37;46;56;51;47;50;68;66;73;64;61;-1;No;No;No
1634;9;4;10;2;11;23;16;17;21;26;33;38;0;41;34;48;56;55;46;60;64;69;68;61;74;-1;No;No;No
1635;6;11;13;1;2;21;23;17;24;30;44;43;0;38;39;52;50;48;57;46;63;67;70;68;62;-1;No;No;No
1636;14;9;10;3;4;22;23;29;25;28;33;37;0;45;36;53;56;52;55;50;68;66;65;61;71;-1;No;No;No
1637;4;11;1;5;8;20;17;25;22;24;39;31;0;38;37;57;48;54;46;58;71;75;74;73;62;-1;No;No;No
1638;7;6;1;5;13;28;24;17;25;22;35;34;0;42;33;50;48;51;59;58;70;61;63;65;75;-1;No;No;No
1639;8;15;5;14;9;16;19;17;29;27;44;42;0;41;40;49;59;55;56;58;66;71;61;69;72;-1;No;No;No
1640;7;14;6;4;1;19;28;20;27;26;45;32;0;31;37;46;57;47;59;48;70;63;73;75;61;-1;No;No;No
1641;2;6;8;5;10;24;20;30;19;21;36;33;0;43;41;54;46;56;52;51;67;70;71;69;64;-1;No;No;No
1642;7;8;9;5;2;18;22;21;20;27;40;37;0;42;33;54;59;56;52;53;67;63;62;65;74;-1;No;No;No
1643;6;10;9;7;3;21;27;24;18;16;38;34;0;40;41;52;51;60;53;59;66;70;65;73;72;-1;No;No;No
1644;6;10;5;1;3;19;27;23;24;29;41;39;0;45;36;49;57;58;48;54;62;70;71;72;64;-1;No;No;No
1645;3;7;6;14;10;30;27;25;29;17;41;39;0;36;38;48;57;55;56;54;69;72;71;73;75;-1;No;No;No
1646;7;1;2;9;3;20;27;29;24;17;37;32;0;36;39;49;55;51;53;54;69;70;61;75;65;-1;No;No;No
1647;6;10;14;9;8;23;24;29;19;26;45;38;0;40;35;60;49;51;56;54;63;73;66;65;61;-1;No;No;No
1648;8;1;12;13;3;16;17;22;20;23;34;39;0;42;37;47;59;48;49;60;64;70;72;71;66;-1;No;No;No
1649;4;10;6;9;13;17;27;16;28;20;32;35;0;41;31;46;58;49;48;55;66;61;73;71;69;-1;No;No;No
1650;12;2;5;1;3;19;29;27;23;28;44;38;0;33;35;52;57;46;55;50;70;67;75;62;64;-1;No;No;No
1651;2;3;1;13;15;19;16;29;26;30;32;42;0;33;38;46;58;51;52;50;64;63;75;61;74;-1;No;No;No
1652;14;1;7;9;2;25;26;27;22;29;35;40;0;43;37;53;46;55;47;52;72;70;63;69;67;-1;No;No;No
1653;11;8;4;6;13;21;18;20;27;29;39;40;0;45;44;46;60;51;55;52;75;64;62;74;73;-1;No;No;No
1654;11;10;4;5;14;26;28;17;25;27;44;43;0;37;38;46;59;54;47;55;72;70;64;61;67;-1;No;No;No
1655;5;8;2;3;1;24;20;23;28;16;38;39;0;43;32;55;53;60;50;52;61;65;73;71;75;-1;No;No;No
1656;3;9;15;4;5;28;25;21;20;18;44;37;0;40;34;52;56;48;46;54;74;64;67;63;61;-1;No;No;No
1657;14;7;10;8;9;18;28;23;29;24;38;40;0;32;39;47;55;59;58;49;69;74;73;65;67;-1;No;No;No
1658;2;10;8;7;9;25;22;16;20;24;33;36;0;44;42;48;49;57;55;51;68;73;71;72;74;-1;No;No;No
1659;8;2;14;9;7;17;29;18;22;27;38;37;0;34;41;56;48;50;53;49;67;63;70;62;72;-1;No;No;No
1660;7;13;8;4;6;22;20;16;21;23;31;45;0;37;41;56;48;52;46;58;74;67;65;71;70;-1;No;No;No
1661;4;1;8;10;5;19;21;25;29;27;31;39;0;40;42;52;58;53;48;49;65;61;66;71;70;-1;No;No;No
1662;3;2;11;4;10;27;28;19;25;20;35;37;0;31;43;58;56;52;49;60;72;67;74;70;62;-1;No;No;No
1663;8;7;6;4;2;20;30;22;26;28;37;35;0;43;31;53;47;59;46;50;70;71;74;69;72;-1;No;No;No
1664;9;11;13;3;2;26;29;25;16;22;39;34;0;33;37;46;53;47;48;51;67;61;73;64;66;-1;No;No;No
1665;4;15;11;2;13;16;19;23;24;26;33;32;0;40;38;58;59;52;49;57;74;61;70;68;72;-1;No;No;No
1666;9;1;8;13;4;27;20;25;18;23;38;40;0;31;39;55;48;49;53;54;70;72;75;66;74;-1;No;No;No
1667;11;1;10;6;4;27;19;21;16;25;36;43;0;34;33;48;56;47;54;55;71;68;65;74;63;-1;No;No;No
1668;2;7;12;1;11;19;29;20;28;25;38;32;0;36;39;56;59;58;55;47;63;61;72;66;64;-1;No;No;No
1669;10;12;11;14;2;26;23;24;17;21;37;38;0;34;33;48;54;53;52;57;71;72;74;75;61;-1;No;No;No
1670;9;7;10;15;13;25;26;18;21;19;35;41;0;40;43;46;51;57;49;50;70;66;62;74;67;-1;No;No;No
1671;15;6;1;14;5;29;21;19;16;28;37;38;0;31;35;59;47;46;60;48;67;66;71;74;63;-1;No;No;No
1672;1;14;8;7;2;16;29;28;23;22;43;37;0;45;38;51;46;57;48;55;65;70;61;64;66;-1;No;No;No
1673;8;2;6;11;7;20;21;25;24;28;37;45;0;32;43;52;50;49;54;56;62;64;63;61;71;-1;No;No;No
1674;6;7;9;8;1;27;20;23;28;25;36;43;0;33;40;58;59;57;49;46;68;74;63;71;61;-1;No;No;No
1675;7;12;11;13;10;21;25;24;23;20;38;40;0;45;41;49;46;59;48;53;64;74;63;68;73;-1;No;No;No
1676;14;10;7;3;9;19;24;29;22;18;45;31;0;34;42;49;57;52;54;51;72;61;65;64;67;-1;No;No;No
1677;5;10;13;6;9;26;18;22;25;27;35;38;0;37;42;49;55;47;54;56;72;68;74;69;67;-1;No;No;No
1678;7;9;14;10;8;28;18;19;25;17;39;33;0;32;37;58;46;57;55;56;64;66;61;65;71;-1;No;No;No
1679;2;11;1;9;15;27;18;19;25;22;35;32;0;34;38;53;52;47;50;46;74;68;62;71;72;-1;No;No;No
1680;7;12;9;6;10;17;19;22;29;25;40;44;0;35;42;49;55;58;53;46;73;64;74;65;71;-1;No;No;No
1681;4;9;12;8;13;24;21;28;29;20;31;44;0;45;42;56;47;59;58;52;73;65;67;63;72;-1;No;No;No
1682;11;8;5;3;13;20;22;21;19;23;34;40;0;32;36;56;55;59;47;58;69;71;67;63;66;-1;No;No;No
1683;11;5;8;7;15;26;25;18;16;23;43;32;0;40;31;57;46;60;48;54;62;70;68;74;73;-1;No;No;No
1684;5;11;2;4;14;28;24;16;19;18;42;32;0;33;36;52;55;50;56;54;73;62;67;65;72;-1;No;No;No
1685;4;10;14;7;5;18;23;20;17;24;32;39;0;37;35;47;52;59;50;60;69;75;68;64;71;-1;No;No;No
1686;11;3;9;13;5;16;30;24;21;18;44;39;0;40;35;57;53;49;52;51;63;72;71;68;74;-1;No;No;No
1687;6;3;13;14;10;16;24;28;19;23;42;31;0;33;43;49;56;53;47;55;64;69;66;62;67;-1;No;No;No
1688;5;10;8;15;13;18;16;21;19;22;45;34;0;32;43;56;52;51;53;46;69;64;61;66;73;-1;No;No;No
1689;4;2;6;5;1;24;19;21;25;18;36;44;0;43;42;50;57;52;58;56;69;73;61;68;64;-1;No;No;No
1690;6;7;9;8;15;19;18;22;29;21;34;41;0;35;42;59;56;48;53;55;72;75;69;61;70;-1;No;No;No
1691;2;7;3;14;12;21;26;19;17;25;43;34;0;33;31;59;46;56;57;49;69;73;62;63;67;-1;No;No;No
1692;6;2;12;10;7;25;29;28;18;30;35;37;0;45;38;56;58;52;46;51;67;71;73;72;64;-1;No;No;No
1693;10;12;14;8;3;27;18;17;28;29;36;39;0;37;40;58;52;48;53;59;63;64;71;70;74;-1;No;No;No
1694;3;14;7;12;6;27;21;24;25;17;32;38;0;35;44;49;48;51;50;58;61;68;73;67;65;-1;No;No;No
1695;15;2;1;10;7;21;27;28;29;23;42;31;0;44;38;48;49;58;57;55;62;66;73;67;65;-1;No;No;No
1696;7;6;15;3;5;22;19;16;18;24;37;32;0;40;36;53;58;48;46;57;74;61;62;64;66;-1;No;No;No
1697;6;4;1;11;3;26;16;23;25;20;37;39;0;43;33;59;57;46;52;54;75;74;68;67;71;-1;No;No;No
1698;1;3;13;8;9;17;22;18;24;30;38;34;0;36;43;56;51;55;49;58;74;69;68;73;71;-1;No;No;No
1699;12;14;13;7;5;18;22;29;20;17;33;32;0;40;44;55;59;50;53;47;62;63;71;61;75;-1;No;No;No
1700;3;6;11;10;14;23;26;18;17;21;36;37;0;35;42;58;47;51;48;46;68;70;63;67;66;-1;No;No;No
1701;1;3;7;2;5;28;24;22;18;17;32;35;0;31;41;57;51;54;53;58;64;67;69;71;70;-1;No;No;No
1702;5;12;1;13;14;17;18;24;21;19;34;35;0;32;42;53;51;49;56;55;74;63;67;66;70;-1;No;No;No
1703;3;6;5;8;15;28;30;18;27;24;32;42;0;43;41;46;56;47;54;50;68;62;74;69;63;-1;No;No;No
1704;3;5;14;2;1;29;26;19;20;24;33;44;0;37;31;50;51;49;59;57;66;70;71;72;69;-1;No;No;No
1705;10;14;2;6;12;26;22;28;20;29;44;42;0;34;38;57;58;60;59;51;63;69;75;74;72;-1;No;No;No
1706;12;2;3;5;14;26;28;17;22;25;40;36;0;37;32;51;60;52;53;46;74;65;71;70;63;-1;No;No;No
1707;6;15;10;14;9;30;26;19;29;24;31;35;0;40;42;50;56;49;59;58;63;68;64;69;66;-1;No;No;No
1708;6;4;9;13;11;29;20;16;28;24;39;43;0;38;32;58;49;46;53;51;68;64;74;72;61;-1;No;No;No
1709;12;14;10;4;1;20;17;27;16;19;35;34;0;43;32;50;58;54;59;49;66;75;72;68;65;-1;No;No;No
1710;1;4;3;12;14;24;29;28;23;19;31;40;0;43;33;52;55;48;47;50;73;69;71;72;70;-1;No;No;No
1711;4;1;8;10;5;25;30;17;18;26;37;32;0;34;38;50;56;48;54;59;68;65;61;74;69;-1;No;No;No
1712;14;2;10;12;4;25;18;28;16;21;43;38;0;41;36;46;55;54;47;56;68;61;65;73;75;-1;No;No;No
1713;2;6;10;9;8;23;17;21;28;19;35;31;0;33;34;51;56;54;57;58;64;67;70;62;74;-1;No;No;No
1714;12;7;11;6;14;29;19;28;27;25;35;44;0;31;42;47;51;57;48;54;63;73;72;74;67;-1;No;No;No
1715;6;10;2;4;8;23;16;21;18;26;39;33;0;43;31;52;48;56;53;47;62;63;74;65;70;-1;No;No;No
1716;10;5;13;2;4;21;22;25;23;20;38;42;0;33;39;47;58;49;48;56;67;63;72;70;74;-1;No;No;No
1717;3;10;14;8;9;27;16;18;19;21;43;31;0;44;35;48;51;55;60;56;68;67;74;69;72;-1;No;No;No
1718;9;10;8;5;1;28;21;29;27;24;37;35;0;44;39;59;46;58;47;52;74;61;67;65;64;-1;No;No;No
1719;2;3;1;6;4;30;24;22;20;29;31;41;0;35;34;50;55;52;53;49;70;68;62;67;61;-1;No;No;No
1720;8;10;1;4;12;25;21;17;16;20;35;32;0;40;38;58;55;50;49;46;70;71;74;67;65;-1;No;No;No
1721;4;10;12;13;14;16;30;29;21;17;32;40;0;38;39;59;49;48;60;47;75;62;64;69;63;-1;No;No;No
1722;14;7;4;13;5;26;27;19;24;25;37;38;0;31;32;52;49;56;58;53;73;64;74;63;66;-1;No;No;No
1723;9;7;13;8;10;24;20;23;18;21;43;37;0;31;32;47;55;51;49;56;67;63;62;70;72;-1;No;No;No
1724;14;3;12;4;11;19;26;28;23;27;32;38;0;39;37;53;54;52;49;46;68;66;69;74;61;-1;No;No;No
1725;5;9;7;10;14;21;28;16;18;29;31;35;0;37;39;52;46;47;53;56;63;71;74;68;64;-1;No;No;No
1726;7;3;14;5;8;17;21;24;30;28;35;36;0;40;43;58;54;57;48;56;71;70;66;74;67;-1;No;No;No
1727;2;3;9;5;10;26;18;25;23;21;44;37;0;32;39;55;47;57;46;49;68;61;63;65;66;-1;No;No;No
1728;6;14;3;7;10;24;23;27;17;19;39;31;0;41;37;58;60;47;46;52;72;67;68;71;70;-1;No;No;No
1729;5;8;1;9;4;16;26;23;27;30;31;37;0;38;36;48;57;51;59;58;61;63;62;71;75;-1;No;No;No
1730;9;5;11;6;7;30;18;20;26;17;44;31;0;38;42;47;51;46;59;57;68;62;70;64;61;-1;No;No;No
1731;12;10;6;2;3;19;23;27;20;24;40;41;0;36;42;48;56;51;59;47;62;66;75;73;61;-1;No;No;No
1732;1;8;7;13;11;17;18;27;16;23;33;39;0;36;31;58;46;57;50;49;73;68;62;72;74;-1;No;No;No
1733;1;13;5;8;14;28;17;25;19;21;35;40;0;31;42;50;56;58;48;52;64;65;67;71;70;-1;No;No;No
1734;14;6;3;13;15;20;29;23;19;24;44;42;0;43;38;48;54;47;56;49;63;65;68;73;66;-1;No;No;No
1735;13;2;12;15;7;28;26;19;25;22;36;44;0;40;39;53;57;59;52;51;69;67;66;61;73;-1;No;No;No
1736;2;12;7;14;15;19;30;28;21;26;39;41;0;37;40;48;50;53;49;52;69;68;66;63;71;-1;No;No;No
1737;1;14;5;4;2;21;23;28;27;24;34;32;0;36;33;53;48;52;50;54;65;74;63;62;64;-1;No;No;No
1738;15;12;1;11;13;28;17;19;27;21;45;37;0;41;38;47;51;58;57;49;69;68;66;71;64;-1;No;No;No
1739;2;4;11;15;12;25;22;24;28;21;42;35;0;36;32;49;57;53;50;56;65;74;69;73;71;-1;No;No;No
1740;10;5;7;3;8;23;22;27;30;29;39;34;0;33;43;48;57;54;55;52;74;62;68;64;69;-1;No;No;No
1741;5;10;4;12;9;22;20;25;16;27;44;32;0;36;31;52;54;57;50;48;62;65;75;68;61;-1;No;No;No
1742;9;4;11;6;5;22;20;19;21;28;33;41;0;43;35;54;47;55;58;56;63;61;71;67;62;-1;No;No;No
1743;7;2;8;3;1;23;21;22;28;19;41;34;0;37;42;54;49;47;60;57;69;67;64;61;65;-1;No;No;No
1744;1;3;15;2;8;16;23;25;28;17;38;37;0;36;43;60;47;48;50;46;69;65;66;61;68;-1;No;No;No
1745;12;4;3;8;11;22;25;16;23;26;38;39;0;37;36;56;47;58;55;52;62;61;65;69;63;-1;No;No;No
1746;8;9;14;5;1;17;30;16;27;21;35;37;0;40;36;52;46;53;55;54;64;70;72;73;74;-1;No;No;No
1747;8;9;13;4;2;22;18;27;16;25;40;37;0;35;44;46;59;47;58;54;66;70;61;65;69;-1;No;No;No
1748;14;3;5;2;8;16;26;20;24;28;32;45;0;41;44;54;55;60;57;46;62;74;69;65;68;-1;No;No;No
1749;7;14;11;9;6;19;18;20;28;26;40;36;0;39;45;60;56;57;52;47;63;67;69;66;74;-1;No;No;No
1750;2;6;7;9;15;16;23;21;29;26;43;36;0;44;42;50;47;59;49;57;74;67;61;72;66;-1;No;No;No
1751;10;3;2;1;13;25;29;20;28;19;41;39;0;38;40;51;60;49;55;48;62;70;64;73;66;-1;No;No;No
1752;5;10;3;14;13;27;24;18;25;20;45;43;0;40;42;52;58;59;56;54;70;61;71;66;67;-1;No;No;No
1753;6;2;10;4;7;21;16;27;26;17;33;35;0;34;45;50;57;55;46;56;75;64;65;61;72;-1;No;No;No
1754;3;12;2;4;6;29;22;24;28;16;33;41;0;38;39;49;46;60;48;50;74;66;65;67;61;-1;No;No;No
1755;4;13;9;2;8;16;25;29;21;26;32;40;0;38;35;54;55;50;52;51;61;65;73;67;66;-1;No;No;No
1756;3;6;10;14;12;26;18;27;23;25;33;34;0;35;31;58;48;49;57;53;61;72;67;64;68;-1;No;No;No
1757;15;9;5;4;1;30;28;25;20;16;42;41;0;43;33;46;59;56;57;50;69;68;67;71;64;-1;No;No;No
1758;15;5;14;2;9;19;18;29;16;21;38;39;0;36;40;52;48;56;58;60;71;74;75;66;63;-1;No;No;No
1759;14;6;2;13;10;29;19;18;24;26;35;42;0;39;33;47;57;58;59;51;75;63;69;74;65;-1;No;No;No
1760;2;9;6;14;4;25;17;26;16;28;31;38;0;36;45;49;58;57;52;46;72;73;67;69;68;-1;No;No;No
1761;13;10;5;4;12;18;16;21;19;27;32;41;0;35;36;54;51;56;57;60;65;71;66;64;67;-1;No;No;No
1762;11;12;10;5;1;25;16;19;23;28;42;34;0;44;32;49;58;55;51;47;71;62;70;65;66;-1;No;No;No
1763;5;8;14;3;13;25;18;28;20;17;37;34;0;36;35;51;48;53;46;50;66;62;72;68;73;-1;No;No;No
1764;4;10;1;13;6;21;22;17;23;29;37;43;0;34;36;58;53;52;54;50;63;73;68;65;62;-1;No;No;No
1765;15;4;5;6;11;20;23;25;28;19;38;32;0;40;42;56;52;47;50;51;65;70;61;64;73;-1;No;No;No
1766;5;9;13;15;8;22;30;17;28;24;37;42;0;35;44;48;47;52;54;49;70;66;68;74;67;-1;No;No;No
1767;3;5;8;1;9;25;17;28;23;30;43;36;0;40;34;55;51;47;46;60;71;70;62;68;69;-1;No;No;No
1768;9;3;10;8;1;19;28;22;25;23;45;36;0;43;38;58;47;59;54;57;69;62;64;61;66;-1;No;No;No
1769;1;11;10;13;8;28;30;20;17;24;32;39;0;44;31;48;54;56;59;58;61;62;67;65;66;-1;No;No;No
1770;13;1;10;12;8;27;26;22;29;20;35;33;0;43;45;58;52;54;60;47;66;73;70;65;72;-1;No;No;No
1771;10;3;2;8;11;29;22;16;19;23;36;32;0;35;44;50;59;54;53;60;66;73;72;74;71;-1;No;No;No
1772;3;11;1;14;12;25;21;20;18;29;37;35;0;34;38;53;58;46;52;56;65;67;71;63;68;-1;No;No;No
1773;8;7;11;6;12;26;25;22;20;18;34;31;0;40;33;54;48;47;51;50;69;72;66;67;73;-1;No;No;No
1774;1;7;4;13;11;25;19;30;26;17;35;34;0;37;45;50;49;52;58;56;75;68;62;74;70;-1;No;No;No
1775;12;11;5;3;2;26;29;27;21;22;37;39;0;32;34;47;58;49;60;55;75;72;66;73;65;-1;No;No;No
1776;8;15;12;1;2;18;25;20;19;29;44;38;0;39;40;57;58;60;46;53;73;74;62;72;71;-1;No;No;No
1777;1;14;4;8;11;22;30;25;29;23;33;32;0;45;37;58;56;49;52;51;71;72;61;70;66;-1;No;No;No
1778;13;4;9;8;14;20;21;24;19;18;34;44;0;37;31;59;50;52;54;60;65;66;71;70;62;-1;No;No;No
1779;5;9;7;6;4;17;22;19;21;29;34;39;0;43;44;59;57;54;51;56;66;72;61;67;70;-1;No;No;No
1780;3;9;12;14;4;25;22;20;24;23;38;43;0;44;36;50;54;52;49;46;67;64;66;61;69;-1;No;No;No
1781;9;14;2;13;15;19;28;27;26;24;36;38;0;40;35;48;56;54;47;58;70;72;71;63;62;-1;No;No;No
1782;8;11;3;14;13;30;26;27;28;25;39;35;0;33;44;48;46;53;51;55;71;64;62;72;69;-1;No;No;No
1783;12;10;3;1;13;29;26;16;28;30;44;42;0;31;34;47;57;59;55;46;72;70;73;67;71;-1;No;No;No
1784;9;1;4;7;12;25;28;26;29;22;40;39;0;36;32;51;47;50;46;54;70;74;63;71;67;-1;No;No;No
1785;1;8;11;3;2;27;16;17;29;26;35;33;0;44;34;50;55;47;51;53;71;63;67;62;73;-1;No;No;No
1786;5;11;13;9;4;29;20;28;25;22;44;34;0;32;42;57;49;46;48;58;70;67;66;71;72;-1;No;No;No
1787;7;14;5;1;2;20;27;26;19;24;36;32;0;39;38;49;58;51;46;56;63;67;64;65;61;-1;No;No;No
1788;1;12;7;14;10;23;19;29;17;22;38;42;0;35;37;51;54;58;48;59;70;62;66;64;68;-1;No;No;No
1789;11;13;14;6;7;18;16;23;21;22;33;38;0;32;39;57;48;52;60;53;63;71;67;74;69;-1;No;No;No
1790;1;7;3;9;2;24;25;28;29;20;42;40;0;44;33;46;47;57;51;58;73;62;61;70;64;-1;No;No;No
1791;9;5;10;7;4;26;17;23;18;21;44;37;0;41;42;55;53;46;50;47;64;62;63;66;68;-1;No;No;No
1792;9;7;3;8;13;28;30;24;21;17;37;41;0;40;36;48;49;53;55;51;61;65;63;62;75;-1;No;No;No
1793;6;14;10;15;2;29;21;18;24;30;39;44;0;43;42;48;49;59;51;56;62;67;73;65;63;-1;No;No;No
1794;6;14;15;2;13;25;17;20;24;21;31;42;0;36;34;46;55;56;49;59;62;64;72;68;67;-1;No;No;No
1795;15;5;10;7;12;22;30;18;17;29;43;41;0;34;31;48;51;58;53;54;61;63;74;72;66;-1;No;No;No
1796;7;10;9;1;14;21;18;29;24;20;44;39;0;38;42;58;59;54;47;56;74;65;73;72;62;-1;No;No;No
1797;2;3;6;9;4;24;28;18;29;26;34;44;0;33;36;51;57;46;48;50;69;72;75;62;61;-1;No;No;No
1798;5;10;11;4;2;26;28;22;29;20;35;33;0;38;34;57;49;50;46;47;62;69;73;72;71;-1;No;No;No
1799;7;14;2;12;5;22;16;17;18;23;44;31;0;41;37;54;56;48;60;57;74;63;69;67;62;-1;No;No;No
1800;11;9;3;4;13;16;18;25;24;28;39;37;0;35;32;53;56;59;51;50;63;64;70;73;68;-1;No;No;No
1801;7;5;13;6;14;20;19;28;17;22;36;38;0;37;40;52;59;47;57;54;71;74;73;63;75;-1;No;No;No
1802;7;9;4;6;10;24;30;25;20;17;43;34;0;44;32;55;53;56;49;48;63;68;64;67;66;-1;No;No;No
1803;7;9;1;5;8;21;22;24;18;16;41;44;0;42;35;47;59;51;57;50;67;74;71;69;65;-1;No;No;No
1804;5;12;9;10;1;21;22;30;29;16;33;40;0;37;44;47;54;59;57;48;74;62;71;68;64;-1;No;No;No
1805;7;12;11;8;1;29;18;28;26;21;37;35;0;39;43;50;58;57;49;48;66;70;63;67;62;-1;No;No;No
1806;10;7;2;12;8;16;27;18;20;29;31;34;0;39;42;54;52;58;57;48;66;61;65;63;70;-1;No;No;No
1807;2;5;7;8;11;27;24;22;18;16;33;44;0;36;42;56;53;51;59;60;69;61;72;63;68;-1;No;No;No
1808;12;9;10;5;7;26;17;22;18;24;37;36;0;31;35;47;54;51;59;53;68;71;65;62;67;-1;No;No;No
1809;7;5;10;11;1;29;20;24;26;23;38;40;0;33;43;49;56;48;59;50;72;68;70;73;64;-1;No;No;No
1810;9;8;3;7;10;17;21;26;27;20;40;39;0;36;38;48;57;52;59;50;67;66;75;63;69;-1;No;No;No
1811;3;1;6;5;13;24;19;26;29;18;37;33;0;43;38;52;51;53;54;58;64;74;62;68;61;-1;No;No;No
1812;9;10;2;6;15;26;28;27;20;23;41;45;0;32;38;57;48;46;54;58;66;62;68;71;74;-1;No;No;No
1813;1;6;13;2;11;23;28;17;25;22;35;45;0;43;37;58;51;55;46;50;71;67;62;61;73;-1;No;No;No
1814;3;12;9;14;13;29;22;24;16;21;34;33;0;32;36;48;47;58;59;55;75;65;69;61;73;-1;No;No;No
1815;5;4;7;6;2;22;21;19;16;20;35;42;0;32;38;60;56;49;47;46;74;68;71;73;65;-1;No;No;No
1816;3;14;9;4;10;20;29;16;26;28;44;34;0;36;31;59;52;54;55;57;71;68;69;73;61;-1;No;No;No
1817;1;6;8;14;5;29;24;17;26;18;32;36;0;34;38;57;53;59;55;47;64;74;65;63;68;-1;No;No;No
1818;9;12;4;3;11;21;20;19;16;27;33;41;0;43;39;53;52;47;54;51;75;70;69;74;66;-1;No;No;No
1819;4;7;2;10;9;20;28;27;26;24;37;31;0;32;34;54;53;48;59;51;75;72;64;62;63;-1;No;No;No
1820;10;11;9;4;7;21;24;30;19;23;32;42;0;38;45;54;58;57;50;46;72;74;61;65;75;-1;No;No;No
1821;9;11;12;5;7;17;24;27;16;28;39;37;0;44;31;46;48;54;51;53;62;69;61;75;74;-1;No;No;No
1822;14;7;13;8;9;18;19;26;16;27;44;32;0;36;38;57;49;48;59;55;74;75;67;64;62;-1;No;No;No
1823;1;7;12;2;4;28;22;20;19;18;40;44;0;38;34;53;54;60;58;46;65;67;74;69;66;-1;No;No;No
1824;14;15;7;3;5;23;22;29;18;17;36;37;0;31;39;48;50;58;49;47;72;66;64;63;73;-1;No;No;No
1825;7;6;5;11;4;18;19;25;20;17;42;36;0;32;35;54;58;55;48;47;65;67;71;63;72;-1;No;No;No
1826;1;2;5;13;4;24;26;25;19;23;32;43;0;39;35;49;56;46;57;48;65;66;62;72;69;-1;No;No;No
1827;15;4;12;8;11;24;22;30;19;17;37;39;0;33;42;57;46;47;55;50;68;74;71;64;69;-1;No;No;No
1828;3;7;13;1;10;30;28;20;19;27;41;33;0;44;35;51;58;53;54;50;75;72;66;61;67;-1;No;No;No
1829;2;1;5;13;12;28;22;24;29;27;35;36;0;41;39;47;51;46;48;55;64;61;63;75;68;-1;No;No;No
1830;1;2;6;9;12;22;18;26;20;17;40;37;0;33;34;46;60;57;53;58;70;71;68;67;69;-1;No;No;No
1831;8;4;5;10;11;19;26;17;18;20;42;32;0;41;45;54;53;46;57;49;73;69;72;71;74;-1;No;No;No
1832;4;3;12;14;1;28;24;16;21;29;33;40;0;43;36;60;56;53;57;48;74;61;73;64;72;-1;No;No;No
1833;3;4;8;11;5;21;28;30;29;24;38;37;0;43;31;50;49;59;55;47;72;66;67;61;73;-1;No;No;No
1834;2;8;10;7;11;18;25;23;20;26;32;41;0;35;33;58;47;46;59;50;71;63;72;68;64;-1;No;No;No
1835;5;6;8;4;3;30;22;20;17;29;32;33;0;39;42;57;48;51;55;60;68;61;70;67;74;-1;No;No;No
1836;11;8;6;7;3;20;24;30;19;25;32;41;0;31;36;46;55;48;51;50;65;69;64;75;66;-1;No;No;No
1837;9;7;8;3;13;16;18;26;25;17;42;31;0;41;35;51;46;54;59;48;63;75;73;64;67;-1;No;No;No
1838;7;11;8;14;5;20;21;29;30;24;40;39;0;35;34;58;57;54;52;56;73;65;70;74;69;-1;No;No;No
1839;14;5;2;11;6;17;19;27;23;16;41;33;0;37;42;49;50;47;56;59;70;71;72;73;65;-1;No;No;No
1840;1;13;6;10;15;17;30;20;22;29;39;37;0;42;41;56;52;53;51;59;69;66;67;62;65;-1;No;No;No
1841;9;4;2;11;6;23;27;26;28;18;33;36;0;40;38;59;60;50;53;56;63;62;69;64;72;-1;No;No;No
1842;12;14;3;6;5;17;21;27;16;28;39;41;0;35;34;52;55;50;49;56;69;65;64;71;63;-1;No;No;No
1843;3;10;15;4;13;18;22;16;25;30;36;39;0;33;31;58;60;47;53;52;74;62;61;68;65;-1;No;No;No
1844;15;13;4;9;3;26;30;18;21;24;44;34;0;35;39;52;57;56;51;50;64;63;69;71;62;-1;No;No;No
1845;12;4;8;10;2;26;19;28;17;20;31;35;0;44;34;60;46;54;56;49;69;72;70;66;64;-1;No;No;No
1846;2;3;11;12;5;19;26;27;21;24;35;39;0;43;45;52;54;48;55;51;66;68;72;70;61;-1;No;No;No
1847;4;6;5;13;15;21;18;30;22;24;35;32;0;44;36;54;52;46;53;55;65;66;62;70;68;-1;No;No;No
1848;7;1;11;5;14;16;24;20;28;19;36;37;0;34;32;50;56;54;49;53;61;70;71;62;69;-1;No;No;No
1849;4;8;14;10;3;24;26;16;22;27;34;39;0;33;45;48;57;54;51;46;67;73;70;64;75;-1;No;No;No
1850;12;1;11;4;5;25;17;23;21;19;36;37;0;45;31;59;50;56;58;49;74;68;71;73;62;-1;No;No;No
1851;9;5;7;2;4;26;22;21;23;18;43;37;0;31;35;59;53;54;60;49;61;69;73;75;74;-1;No;No;No
1852;1;11;5;12;7;23;17;16;22;28;33;44;0;38;34;60;53;54;57;50;64;69;66;68;63;-1;No;No;No
1853;2;15;9;4;1;25;18;19;26;28;40;43;0;33;42;46;49;47;58;56;69;65;61;66;72;-1;No;No;No
1854;4;8;2;13;7;20;18;25;28;22;42;36;0;39;41;55;46;52;51;54;69;63;64;70;61;-1;No;No;No
1855;3;11;6;2;5;26;27;17;28;29;37;33;0;38;42;49;51;56;52;46;70;64;62;68;66;-1;No;No;No
1856;5;14;1;4;13;29;22;28;21;16;39;37;0;35;40;47;48;54;57;51;67;75;74;71;64;-1;No;No;No
1857;13;9;8;2;10;28;29;20;17;18;44;42;0;39;41;56;47;58;48;46;65;67;66;71;63;-1;No;No;No
1858;11;10;3;1;12;25;29;22;28;19;35;38;0;41;43;60;46;49;51;56;67;65;62;72;73;-1;No;No;No
1859;8;13;3;1;9;20;26;29;22;28;40;35;0;37;31;52;49;56;54;47;62;71;74;69;65;-1;No;No;No
1860;13;2;5;4;14;20;29;25;17;23;43;39;0;44;40;57;60;49;55;58;67;68;71;73;62;-1;No;No;No
1861;11;2;9;12;5;21;26;20;27;19;43;39;0;36;41;50;51;54;56;48;75;69;62;68;74;-1;No;No;No
1862;5;15;9;12;13;16;20;22;21;24;42;32;0;37;38;57;55;53;47;54;62;70;64;72;63;-1;No;No;No
1863;5;10;6;7;1;25;29;22;17;27;40;42;0;36;32;46;54;57;59;49;61;63;71;66;68;-1;No;No;No
1864;14;11;13;6;2;17;28;23;26;19;43;45;0;35;39;52;47;49;54;46;71;69;68;72;61;-1;No;No;No
1865;6;15;2;1;11;22;28;20;25;21;40;37;0;32;31;55;47;54;50;57;75;62;63;73;61;-1;No;No;No
1866;9;13;2;4;11;23;27;28;18;19;42;32;0;37;33;47;51;55;57;59;63;73;66;70;68;-1;No;No;No
1867;6;12;15;7;13;27;29;17;24;28;33;35;0;37;41;57;47;51;48;59;68;71;67;66;70;-1;No;No;No
1868;10;5;9;4;2;28;17;21;19;18;43;44;0;40;32;47;50;56;52;53;68;67;66;64;69;-1;No;No;No
1869;10;12;7;8;1;23;29;19;27;25;41;34;0;36;32;51;50;59;49;53;61;70;62;75;67;-1;No;No;No
1870;8;12;14;7;2;16;23;19;20;29;32;36;0;44;35;49;56;60;58;50;70;72;61;63;74;-1;No;No;No
1871;4;9;1;5;2;20;16;18;17;22;39;44;0;36;43;58;51;60;50;49;70;66;74;69;68;-1;No;No;No
1872;5;9;15;14;10;27;21;29;28;26;33;43;0;32;38;51;48;52;59;47;72;67;68;71;70;-1;No;No;No
1873;1;8;2;12;7;17;23;20;16;19;33;37;0;35;41;49;53;47;48;54;61;64;66;74;63;-1;No;No;No
1874;2;9;10;8;1;17;21;25;27;24;33;31;0;37;40;47;57;55;54;56;72;70;63;74;64;-1;No;No;No
1875;15;7;5;1;6;19;29;25;27;30;41;39;0;36;35;56;55;46;53;49;61;73;68;62;65;-1;No;No;No
1876;10;1;4;8;12;18;17;26;27;28;31;43;0;39;37;54;55;50;52;46;75;74;70;63;69;-1;No;No;No
1877;13;6;11;12;14;20;29;18;23;26;44;40;0;35;32;57;53;50;52;46;68;75;73;62;61;-1;No;No;No
1878;6;8;12;5;11;19;18;29;25;27;31;40;0;42;43;53;58;49;46;52;68;75;73;74;71;-1;No;No;No
1879;4;5;9;10;14;19;20;23;29;21;36;42;0;44;39;50;59;48;52;46;64;69;63;66;74;-1;No;No;No
1880;14;7;8;11;3;25;22;30;24;16;44;40;0;42;41;58;46;55;53;57;65;66;74;68;71;-1;No;No;No
1881;9;3;2;14;10;25;19;26;20;30;32;31;0;35;40;60;49;54;59;47;61;66;74;71;72;-1;No;No;No
1882;14;1;4;11;7;26;19;22;25;27;33;42;0;38;36;46;54;57;56;48;71;65;64;68;69;-1;No;No;No
1883;1;4;2;8;9;28;27;17;16;29;37;41;0;40;33;57;58;51;59;56;69;71;62;66;65;-1;No;No;No
1884;2;8;9;7;14;24;23;19;21;16;44;31;0;32;35;52;59;50;47;56;61;67;68;72;75;-1;No;No;No
1885;15;14;10;11;6;23;19;27;28;29;44;36;0;45;42;58;59;60;49;51;68;67;61;72;66;-1;No;No;No
1886;2;9;7;14;15;26;28;22;16;25;38;36;0;37;42;48;56;51;54;50;67;73;71;68;63;-1;No;No;No
1887;7;11;5;3;13;21;28;24;22;26;39;44;0;42;45;53;58;49;50;57;63;66;71;64;62;-1;No;No;No
1888;3;6;15;4;12;19;27;16;17;22;38;33;0;32;41;53;59;48;54;52;70;61;68;69;67;-1;No;No;No
1889;2;10;1;11;12;24;17;29;26;22;40;31;0;36;38;55;54;53;51;57;72;67;61;69;71;-1;No;No;No
1890;7;3;11;12;5;19;29;24;22;16;31;33;0;37;39;54;53;48;47;55;72;67;63;68;62;-1;No;No;No
1891;6;10;7;5;8;19;17;21;26;27;40;42;0;41;31;57;60;46;59;47;64;67;63;75;74;-1;No;No;No
1892;4;11;1;14;7;20;26;22;24;27;38;44;0;39;32;52;58;48;49;53;62;63;70;61;73;-1;No;No;No
1893;9;14;5;10;1;20;17;25;16;28;36;32;0;43;35;48;53;46;54;50;69;65;73;64;74;-1;No;No;No
1894;10;15;14;13;3;22;16;26;23;18;44;40;0;42;38;52;54;58;55;50;61;74;66;65;68;-1;No;No;No
1895;7;12;1;11;3;30;23;26;29;21;41;39;0;42;33;50;57;49;56;55;70;72;74;67;75;-1;No;No;No
1896;5;11;3;6;13;17;21;18;20;29;40;37;0;42;36;60;51;49;55;59;69;66;67;68;74;-1;No;No;No
1897;4;6;2;9;10;18;27;17;19;24;41;42;0;31;32;49;53;57;54;50;73;62;69;65;75;-1;No;No;No
1898;14;3;13;12;8;21;23;27;16;26;43;35;0;37;36;56;54;50;53;46;62;69;67;71;73;-1;No;No;No
1899;10;6;11;3;9;23;27;29;26;18;32;41;0;43;44;57;56;59;58;53;65;68;70;62;74;-1;No;No;No
1900;9;12;8;3;15;25;30;19;18;26;39;41;0;45;37;50;55;60;49;51;62;67;72;63;64;-1;No;No;No
1901;7;14;11;8;12;27;29;28;19;26;45;35;0;37;39;47;59;54;56;46;72;67;73;65;63;-1;No;No;No
1902;13;6;12;7;5;17;28;19;27;23;39;43;0;38;44;55;47;53;48;57;65;72;67;66;73;-1;No;No;No
1903;13;12;14;11;10;27;16;29;22;24;44;41;0;36;32;55;46;57;56;58;73;63;68;72;66;-1;No;No;No
1904;6;11;7;8;13;16;17;20;24;18;38;45;0;33;42;47;59;48;50;55;63;66;68;73;70;-1;No;No;No
1905;11;12;13;1;2;17;27;24;26;23;36;39;0;45;31;50;56;52;47;54;64;68;72;71;65;-1;No;No;No
1906;11;10;15;14;13;27;29;22;28;16;35;42;0;40;33;52;55;47;46;49;64;70;61;69;67;-1;No;No;No
1907;11;7;13;8;3;25;23;20;21;29;34;33;0;32;39;56;59;46;57;51;65;67;64;73;68;-1;No;No;No
1908;3;4;9;6;1;29;28;26;25;17;41;42;0;33;37;54;58;59;53;52;74;64;73;66;63;-1;No;No;No
1909;13;12;9;14;1;29;17;23;16;24;43;42;0;33;31;59;58;55;51;54;71;68;70;63;72;-1;No;No;No
1910;3;8;9;7;1;18;21;29;17;27;44;42;0;41;38;55;51;49;58;47;67;74;61;63;62;-1;No;No;No
1911;4;2;7;10;3;16;18;24;17;22;38;32;0;43;44;47;52;48;50;59;72;64;68;65;62;-1;No;No;No
1912;14;4;8;9;1;18;24;27;20;25;32;31;0;36;35;57;47;48;50;60;73;74;62;63;61;-1;No;No;No
1913;6;12;10;14;5;22;25;24;27;26;33;37;0;39;42;55;48;53;51;60;74;65;62;64;69;-1;No;No;No
1914;6;9;15;5;7;20;29;19;24;25;31;38;0;40;35;47;57;58;50;52;70;74;67;61;71;-1;No;No;No
1915;1;8;6;11;9;22;21;16;28;29;41;43;0;42;37;56;59;52;50;58;74;72;64;66;61;-1;No;No;No
1916;8;6;1;5;4;22;20;28;30;21;37;41;0;35;39;59;53;50;55;56;65;68;66;63;71;-1;No;No;No
1917;15;12;14;11;10;19;24;16;27;22;37;32;0;33;45;51;58;57;52;46;67;62;73;61;66;-1;No;No;No
1918;15;7;4;9;6;25;26;30;29;23;38;33;0;37;34;56;60;46;47;53;71;69;65;64;74;-1;No;No;No
1919;10;14;3;8;2;17;29;21;23;27;33;35;0;34;37;48;52;50;51;49;66;69;64;71;72;-1;No;No;No
1920;7;11;6;5;13;27;17;19;20;16;38;41;0;36;40;56;59;51;47;53;71;66;65;61;69;-1;No;No;No
1921;9;13;1;5;11;19;16;28;27;18;35;33;0;38;37;53;58;48;60;51;71;74;69;75;72;-1;No;No;No
1922;2;15;4;7;6;18;22;17;29;24;45;41;0;38;36;54;52;47;59;49;68;67;72;71;66;-1;No;No;No
1923;8;5;9;14;6;18;17;16;19;29;35;33;0;36;41;52;50;59;57;46;73;63;70;67;68;-1;No;No;No
1924;3;9;5;7;8;18;25;28;24;19;45;40;0;44;37;48;60;55;51;57;72;61;74;64;65;-1;No;No;No
1925;7;12;2;4;8;26;23;20;18;19;39;44;0;35;34;52;51;57;53;50;74;63;65;68;73;-1;No;No;No
1926;4;1;13;11;6;18;21;22;23;28;44;32;0;37;42;49;46;54;52;58;73;68;69;70;66;-1;No;No;No
1927;4;15;5;8;1;22;29;24;16;30;38;39;0;31;45;49;51;55;48;56;75;74;66;72;63;-1;No;No;No
1928;11;8;1;15;4;17;27;26;24;16;44;37;0;33;43;56;47;55;50;48;64;67;68;74;63;-1;No;No;No
1929;2;12;9;5;7;25;22;26;16;24;34;39;0;41;36;55;54;49;48;46;66;74;61;64;73;-1;No;No;No
1930;5;10;6;1;2;24;30;28;22;23;36;45;0;44;32;58;47;46;54;52;62;74;75;63;64;-1;No;No;No
1931;4;5;3;14;7;16;25;26;18;24;38;44;0;32;36;50;47;54;59;49;67;65;63;66;62;-1;No;No;No
1932;11;10;7;4;13;30;21;22;25;24;33;45;0;38;42;55;59;49;57;51;65;74;68;66;73;-1;No;No;No
1933;2;9;4;8;1;27;25;24;28;22;32;31;0;35;36;55;52;59;53;49;62;75;65;67;73;-1;No;No;No
1934;13;6;7;12;10;19;24;26;20;21;42;43;0;35;37;48;47;60;57;56;68;73;62;74;61;-1;No;No;No
1935;2;1;4;10;6;27;25;19;24;21;39;40;0;36;32;50;52;47;58;51;67;74;68;64;71;-1;No;No;No
1936;8;9;12;6;10;21;30;23;22;25;42;33;0;37;41;49;53;59;46;47;61;72;65;70;69;-1;No;No;No
1937;7;11;4;14;6;17;21;26;29;19;41;43;0;42;31;48;47;59;52;54;62;74;67;72;63;-1;No;No;No
1938;1;14;12;3;7;24;20;17;30;26;34;45;0;31;37;55;60;46;51;59;68;72;69;67;63;-1;No;No;No
1939;4;5;8;7;15;29;21;20;28;27;35;31;0;42;33;57;55;58;47;48;63;62;74;68;65;-1;No;No;No
1940;9;11;1;8;7;16;27;24;28;21;33;43;0;38;40;54;47;48;49;58;74;65;61;69;66;-1;No;No;No
1941;4;13;12;8;11;27;17;26;28;20;44;34;0;43;42;55;46;47;56;48;69;62;66;63;67;-1;No;No;No
1942;6;2;7;13;12;16;18;26;23;22;35;44;0;38;34;54;56;59;51;57;62;61;72;66;75;-1;No;No;No
1943;7;3;13;4;10;27;22;23;28;29;41;32;0;31;36;52;47;58;56;50;71;72;67;66;61;-1;No;No;No
1944;8;13;2;11;15;16;27;20;28;29;35;44;0;34;42;56;52;59;57;48;71;69;63;74;67;-1;No;No;No
1945;9;1;13;10;14;17;23;25;24;19;44;34;0;35;32;47;48;58;56;53;61;70;66;68;65;-1;No;No;No
1946;9;4;6;14;1;17;27;28;20;25;33;39;0;41;40;51;54;53;46;49;65;74;72;66;61;-1;No;No;No
1947;9;5;6;12;13;16;26;30;24;25;35;41;0;31;39;55;46;51;48;50;72;70;74;64;69;-1;No;No;No
1948;1;12;2;15;9;27;29;18;17;26;34;44;0;35;39;60;46;51;55;57;74;73;67;64;68;-1;No;No;No
1949;5;11;14;2;4;21;18;25;29;24;37;40;0;43;33;59;51;52;57;46;61;67;74;73;70;-1;No;No;No
1950;1;14;7;3;11;29;24;30;27;22;42;44;0;32;36;52;58;57;48;53;62;74;71;65;64;-1;No;No;No
1951;10;7;11;1;2;27;21;29;17;24;44;36;0;34;39;47;56;49;52;46;65;72;74;68;71;-1;No;No;No
1952;9;12;5;4;6;16;28;25;21;22;35;34;0;39;40;47;46;53;48;52;68;62;71;69;75;-1;No;No;No
1953;10;11;1;8;15;24;18;21;16;30;33;37;0;41;38;52;57;47;58;46;61;62;65;69;74;-1;No;No;No
1954;4;11;9;10;15;20;29;19;30;26;44;36;0;43;37;57;50;58;46;59;72;74;63;70;64;-1;No;No;No
1955;9;10;13;12;4;27;22;25;28;16;35;41;0;38;44;55;59;50;51;48;73;71;67;61;72;-1;No;No;No
1956;4;10;8;2;5;16;22;27;20;19;43;45;0;31;44;54;52;55;57;46;61;63;68;62;75;-1;No;No;No
1957;1;2;15;13;9;27;29;19;21;20;43;38;0;42;40;57;46;59;56;48;74;67;65;73;71;-1;No;No;No
1958;2;8;7;12;6;22;21;17;18;27;40;43;0;37;33;54;56;58;50;60;73;63;62;70;74;-1;No;No;No
1959;6;4;8;5;13;18;16;26;20;30;40;41;0;44;36;50;55;49;52;58;61;72;68;73;75;-1;No;No;No
1960;3;9;11;6;1;21;28;26;18;20;31;38;0;42;33;60;50;55;52;56;75;66;71;65;70;-1;No;No;No
1961;13;11;10;4;15;24;25;17;16;30;37;38;0;33;32;53;52;56;57;58;64;63;69;65;62;-1;No;No;No
1962;12;10;11;8;7;24;19;29;27;30;37;44;0;35;32;54;57;48;47;53;75;71;74;72;68;-1;No;No;No
1963;6;3;8;9;2;24;19;28;25;29;42;33;0;39;38;46;51;54;56;57;72;66;67;73;62;-1;No;No;No
1964;7;2;14;13;4;18;23;21;25;22;38;44;0;33;32;57;46;49;54;58;63;69;73;61;66;-1;No;No;No
1965;12;5;10;13;9;21;16;19;29;25;42;36;0;35;31;58;53;48;52;56;68;74;66;72;69;-1;No;No;No
1966;1;4;8;12;11;25;24;18;22;20;35;37;0;33;31;47;52;57;58;49;61;68;75;71;64;-1;No;No;No
1967;5;14;3;8;11;20;24;19;16;26;41;31;0;38;32;54;56;46;51;53;66;68;63;62;65;-1;No;No;No
1968;4;15;1;7;3;21;16;28;20;23;37;38;0;43;44;60;50;59;51;56;63;64;61;75;74;-1;No;No;No
1969;14;2;11;9;10;20;17;18;22;23;34;31;0;45;42;47;58;49;52;59;72;66;61;62;65;-1;No;No;No
1970;4;14;8;7;9;19;18;28;16;30;40;45;0;34;37;48;58;52;50;60;73;75;67;63;61;-1;No;No;No
1971;3;11;5;8;2;26;24;27;22;30;39;34;0;38;44;46;51;49;52;47;67;65;68;69;61;-1;No;No;No
1972;4;13;11;7;2;24;17;26;21;30;42;33;0;43;38;54;53;49;46;52;72;66;68;73;67;-1;No;No;No
1973;4;6;7;2;12;29;21;24;27;16;36;43;0;34;41;58;54;52;59;60;71;70;73;75;72;-1;No;No;No
1974;8;12;3;10;9;25;16;26;21;19;39;31;0;43;36;55;59;54;50;49;74;71;63;72;62;-1;No;No;No
1975;1;5;8;4;11;29;26;30;16;23;35;41;0;32;39;56;55;46;47;60;72;63;66;62;75;-1;No;No;No
1976;12;10;6;9;4;25;17;21;26;23;35;42;0;44;38;53;46;48;58;50;65;66;70;64;67;-1;No;No;No
1977;9;7;11;6;8;24;20;27;21;25;33;42;0;39;44;53;56;47;46;54;70;72;63;75;62;-1;No;No;No
1978;5;4;2;13;11;28;21;20;25;22;43;32;0;33;31;49;48;54;56;50;65;62;64;74;70;-1;No;No;No
1979;14;13;15;8;7;22;29;28;24;23;39;42;0;40;43;58;50;60;51;47;64;75;71;62;61;-1;No;No;No
1980;14;2;15;7;12;26;24;29;20;19;32;35;0;43;39;59;58;48;57;60;69;67;65;61;63;-1;No;No;No
1981;5;7;6;2;9;24;29;17;26;16;43;39;0;33;42;51;58;56;47;50;67;64;61;68;72;-1;No;No;No
1982;13;12;3;5;14;22;27;16;19;25;35;41;0;44;34;55;57;47;60;59;61;67;72;69;62;-1;No;No;No
1983;11;3;14;7;9;17;24;28;26;20;44;37;0;42;38;57;52;50;58;51;61;68;66;62;69;-1;No;No;No
1984;5;7;2;6;9;22;29;28;23;18;45;39;0;43;34;59;55;58;46;54;67;72;62;64;65;-1;No;No;No
1985;3;11;5;8;4;16;17;19;26;22;32;37;0;43;42;51;50;56;55;49;70;72;68;62;66;-1;No;No;No
1986;13;7;12;8;10;17;30;24;18;26;34;43;0;41;37;57;46;51;52;54;64;65;73;66;63;-1;No;No;No
1987;9;8;11;13;5;18;30;25;28;23;40;45;0;43;41;47;50;49;48;46;72;69;61;71;63;-1;No;No;No
1988;13;14;6;15;11;24;20;18;16;27;38;32;0;44;31;60;57;52;58;54;74;71;62;65;61;-1;No;No;No
1989;2;4;6;3;11;29;25;22;27;28;33;41;0;43;39;59;47;54;57;53;62;74;75;70;71;-1;No;No;No
1990;1;13;6;14;5;24;19;20;25;29;31;33;0;38;40;58;53;52;51;56;75;71;69;68;72;-1;No;No;No
1991;6;1;10;9;4;28;26;17;23;21;39;36;0;42;41;58;48;49;50;46;72;70;62;74;75;-1;No;No;No
1992;10;4;7;3;8;24;27;16;20;18;37;40;0;31;32;58;55;47;46;56;67;70;74;72;71;-1;No;No;No
1993;12;14;11;13;8;24;17;26;23;21;31;37;0;44;32;55;54;51;52;47;64;71;61;74;66;-1;No;No;No
1994;10;15;5;12;11;17;18;24;22;21;41;36;0;39;44;60;50;56;54;51;68;71;75;67;72;-1;No;No;No
1995;8;3;14;10;1;17;29;30;25;23;37;34;0;44;45;48;57;46;53;50;65;63;66;69;74;-1;No;No;No
1996;7;11;13;14;1;18;24;19;17;28;33;41;0;44;38;56;52;54;59;46;71;67;70;72;75;-1;No;No;No
1997;4;6;7;14;2;27;24;23;19;25;37;41;0;33;43;52;55;53;60;50;71;74;67;66;61;-1;No;No;No
1998;9;4;2;5;15;30;28;19;21;25;35;39;0;41;33;60;56;59;47;46;64;69;67;66;72;-1;No;No;No
1999;4;3;2;9;14;20;23;24;22;26;45;43;0;38;37;47;51;59;58;49;66;61;70;75;65;-1;No;No;No
2000;13;14;9;1;4;21;22;25;18;19;43;45;0;38;36;57;55;58;54;46;64;62;72;73;74;-1;No;No;No
2001;9;1;14;2;12;22;16;24;29;20;38;41;0;31;40;51;53;59;57;52;65;68;75;73;64;-1;No;No;No
2002;6;4;10;3;9;18;29;30;17;21;44;37;0;39;31;47;46;48;53;54;65;74;72;64;61;-1;No;No;No
2003;10;11;14;8;2;25;16;19;30;22;31;33;0;45;32;53;56;48;54;58;71;70;65;61;68;-1;No;No;No
2004;5;10;14;3;4;21;19;23;29;16;36;37;0;31;42;48;52;53;51;50;73;74;72;70;69;-1;No;No;No
2005;11;9;3;7;5;26;20;27;17;25;45;43;0;32;34;48;54;51;59;53;71;65;64;72;62;-1;No;No;No
2006;1;12;9;4;15;20;26;16;24;25;37;36;0;34;38;52;49;57;48;46;74;64;69;63;62;-1;No;No;No
2007;4;2;13;5;14;16;29;27;20;19;41;31;0;35;32;56;53;55;50;59;61;65;72;71;73;-1;No;No;No
2008;4;13;3;7;6;23;26;17;21;22;35;41;0;44;34;47;58;50;53;46;61;70;63;64;67;-1;No;No;No
2009;4;3;10;5;7;21;26;29;25;30;39;43;0;41;34;60;53;57;52;48;65;69;62;72;74;-1;No;No;No
2010;10;5;4;13;12;18;21;29;28;27;39;36;0;33;40;50;47;49;55;57;61;62;70;71;72;-1;No;No;No
2011;7;14;11;9;10;27;24;19;21;23;45;44;0;31;32;50;60;49;53;56;63;66;64;71;75;-1;No;No;No
2012;11;6;8;9;12;26;23;30;20;21;36;42;0;34;40;49;59;47;52;50;73;74;66;70;63;-1;No;No;No
2013;11;10;12;14;2;16;22;27;17;19;32;41;0;40;44;54;52;56;55;58;62;75;73;69;72;-1;No;No;No
2014;7;14;10;8;6;23;17;16;21;25;32;31;0;37;42;49;56;57;52;48;74;70;63;69;62;-1;No;No;No
2015;12;6;3;5;2;29;28;18;20;21;32;35;0;43;41;57;60;46;54;48;72;75;73;63;61;-1;No;No;No
2016;8;6;12;14;11;23;25;17;18;28;32;33;0;43;34;56;52;58;51;50;65;75;63;71;73;-1;No;No;No
2017;12;5;2;8;1;21;28;24;22;16;43;38;0;32;39;54;59;56;47;50;63;70;69;67;66;-1;No;No;No
2018;9;2;4;15;13;24;19;18;20;28;31;34;0;33;40;49;50;55;47;57;66;69;72;74;61;-1;No;No;No
2019;8;1;4;6;5;16;19;21;23;18;42;35;0;44;36;51;47;49;52;55;69;61;66;68;71;-1;No;No;No
2020;1;13;8;6;2;26;19;22;16;25;42;36;0;33;37;60;56;52;59;51;65;64;63;71;70;-1;No;No;No
2021;9;8;14;3;6;16;28;19;30;18;38;36;0;32;41;52;48;50;58;54;67;71;66;72;69;-1;No;No;No
2022;10;2;7;1;4;22;27;23;19;30;40;42;0;36;43;56;58;49;57;54;66;61;70;69;62;-1;No;No;No
2023;9;15;1;11;4;19;16;29;22;17;33;35;0;41;40;51;47;60;53;46;61;74;62;68;69;-1;No;No;No
2024;1;4;13;14;11;24;20;17;19;26;40;41;0;36;32;48;52;50;57;53;66;71;68;64;61;-1;No;No;No
2025;5;9;4;14;6;25;27;16;30;23;41;38;0;44;39;58;57;56;55;53;75;65;68;64;71;-1;No;No;No
2026;11;10;12;2;9;23;19;28;22;16;43;35;0;32;31;55;50;56;53;57;67;61;66;65;71;-1;No;No;No
2027;6;8;10;13;14;16;25;30;18;20;34;44;0;41;40;49;52;54;57;56;74;71;70;62;61;-1;No;No;No
2028;9;12;11;3;1;28;26;25;19;16;32;43;0;40;41;50;56;48;49;59;70;67;62;64;65;-1;No;No;No
2029;9;1;4;15;13;18;28;19;20;29;39;33;0;40;38;55;58;50;53;48;64;71;74;68;67;-1;No;No;No
2030;12;7;2;11;6;26;27;19;23;29;42;34;0;36;43;49;52;51;57;56;73;68;64;75;61;-1;No;No;No
2031;5;6;3;9;2;30;19;29;17;18;36;37;0;35;43;46;47;50;48;59;65;72;61;63;64;-1;No;No;No
2032;5;11;12;7;8;29;26;23;19;24;33;44;0;39;43;58;47;59;49;60;67;62;61;74;65;-1;No;No;No
2033;14;6;11;8;2;22;16;18;28;30;32;38;0;40;44;50;60;49;48;54;72;68;74;71;63;-1;No;No;No
2034;14;6;9;10;1;22;17;19;29;24;38;42;0;36;31;60;57;46;52;58;64;69;61;74;73;-1;No;No;No
2035;3;15;8;12;11;30;17;24;19;16;39;33;0;42;43;55;46;47;59;48;65;66;64;63;68;-1;No;No;No
2036;1;11;7;14;5;22;16;25;28;29;39;36;0;31;37;52;51;58;59;49;62;75;72;74;61;-1;No;No;No
2037;1;10;14;4;7;23;16;26;20;27;33;42;0;43;40;46;47;55;49;58;69;67;70;72;64;-1;No;No;No
2038;7;1;3;2;8;24;25;29;27;28;33;32;0;37;42;49;55;53;57;51;65;62;68;66;71;-1;No;No;No
2039;10;2;11;9;14;28;25;16;30;27;36;41;0;40;42;56;46;50;58;57;67;71;64;74;66;-1;No;No;No
2040;10;7;6;11;12;28;21;17;19;26;43;32;0;41;33;53;58;52;50;47;62;70;71;68;75;-1;No;No;No
2041;10;8;5;11;13;30;22;20;19;25;32;38;0;37;40;53;57;46;47;60;65;72;71;74;63;-1;No;No;No
2042;3;11;15;6;9;19;28;29;24;26;41;38;0;33;31;54;56;46;57;51;75;70;69;68;63;-1;No;No;No
2043;5;2;13;7;6;17;26;19;16;20;36;44;0;41;40;51;55;50;57;53;73;67;65;72;64;-1;No;No;No
2044;8;1;5;14;10;20;19;29;26;27;42;37;0;40;34;58;51;57;55;47;68;74;69;67;66;-1;No;No;No
2045;14;5;12;1;13;17;29;27;19;25;35;34;0;32;36;57;55;46;58;50;65;62;61;73;63;-1;No;No;No
2046;12;11;8;5;4;27;29;22;30;19;41;40;0;42;44;52;47;54;57;56;70;75;67;65;68;-1;No;No;No
2047;7;13;6;14;11;28;21;20;24;29;39;32;0;35;31;51;54;53;56;48;68;71;72;65;62;-1;No;No;No
2048;7;10;3;9;5;25;28;16;30;26;34;31;0;33;40;50;60;46;59;57;73;72;70;75;66;-1;No;No;No
2049;10;5;6;8;3;29;23;26;25;20;42;35;0;31;43;57;46;58;49;51;63;68;66;70;72;-1;No;No;No
2050;11;4;6;3;7;23;22;17;27;16;45;42;0;32;44;54;49;57;52;53;63;62;66;74;64;-1;No;No;No
2051;8;11;15;9;3;18;22;29;17;27;32;31;0;43;42;49;46;47;57;59;62;72;68;74;63;-1;No;No;No
2052;14;12;3;1;7;23;17;22;18;27;35;32;0;36;41;58;47;57;55;56;74;75;66;73;63;-1;No;No;No
2053;9;13;12;4;2;18;24;22;19;28;32;44;0;36;40;53;56;54;48;52;72;73;64;70;74;-1;No;No;No
2054;3;8;6;1;7;22;27;30;21;24;35;31;0;43;44;52;53;56;48;60;66;63;68;67;73;-1;No;No;No
2055;4;11;10;14;6;18;24;20;26;19;41;36;0;44;45;59;49;58;56;46;64;67;70;74;68;-1;No;No;No
2056;3;5;13;2;9;20;26;17;27;30;31;32;0;45;36;55;51;53;47;49;72;67;73;65;70;-1;No;No;No
2057;7;2;1;8;13;24;29;22;20;28;42;41;0;34;37;47;48;55;56;57;61;67;63;72;70;-1;No;No;No
2058;8;15;14;10;2;30;23;27;20;29;39;40;0;36;37;46;58;48;53;56;67;62;71;74;66;-1;No;No;No
2059;6;8;14;1;10;23;18;28;16;20;38;32;0;41;35;56;51;58;46;48;69;66;62;73;71;-1;No;No;No
2060;9;14;7;12;1;30;21;26;29;22;34;43;0;42;33;49;48;60;46;50;74;63;68;62;65;-1;No;No;No
2061;11;7;4;2;3;25;18;19;26;29;37;31;0;40;36;46;56;48;51;52;70;69;65;75;74;-1;No;No;No
2062;5;10;6;9;13;29;24;21;18;23;36;45;0;39;33;52;53;58;47;51;67;68;63;65;62;-1;No;No;No
2063;4;9;2;3;15;19;24;21;20;26;31;32;0;36;37;48;59;57;52;49;62;71;72;65;74;-1;No;No;No
2064;1;14;9;10;11;28;25;16;29;22;33;43;0;41;42;60;50;49;57;48;66;69;68;63;61;-1;No;No;No
2065;7;13;8;9;11;18;26;20;21;22;36;39;0;45;35;58;53;55;46;48;75;64;69;70;66;-1;No;No;No
2066;2;3;13;11;4;19;16;23;18;28;35;42;0;34;38;60;54;53;55;52;68;73;72;69;62;-1;No;No;No
2067;3;9;14;1;6;17;27;24;25;18;31;34;0;40;43;47;48;56;53;57;63;72;61;65;75;-1;No;No;No
2068;8;6;14;7;4;21;29;16;18;17;39;32;0;33;38;54;50;58;57;48;64;74;66;63;72;-1;No;No;No
2069;15;5;12;14;8;18;22;30;29;20;41;43;0;36;39;54;46;57;59;58;66;74;63;64;62;-1;No;No;No
2070;11;2;14;3;12;26;29;16;19;18;36;33;0;32;38;46;56;50;47;51;70;71;73;69;75;-1;No;No;No
2071;1;6;8;9;12;19;23;20;29;26;31;38;0;40;37;49;55;51;60;50;62;61;66;64;63;-1;No;No;No
2072;9;7;14;8;2;27;24;16;23;26;32;41;0;44;45;47;46;56;49;52;66;62;63;69;68;-1;No;No;No
2073;11;2;15;10;5;24;29;21;17;16;44;38;0;34;37;59;55;47;49;48;73;62;63;64;66;-1;No;No;No
2074;5;8;14;1;2;24;20;17;27;21;43;41;0;36;35;60;53;52;48;57;74;75;70;71;64;-1;No;No;No
2075;12;5;15;6;3;19;26;22;23;30;45;34;0;37;42;46;55;49;57;51;71;67;73;62;74;-1;No;No;No
2076;8;7;14;6;2;17;19;21;24;18;42;33;0;37;44;52;50;51;49;47;68;70;65;66;61;-1;No;No;No
2077;2;5;9;13;11;19;16;18;27;23;44;39;0;42;34;47;57;52;46;50;67;74;72;68;63;-1;No;No;No
2078;15;8;13;9;5;27;24;23;28;25;40;43;0;37;36;60;55;48;50;54;72;69;61;71;74;-1;No;No;No
2079;4;11;13;5;6;27;19;21;23;24;35;45;0;33;42;49;50;59;56;52;69;67;64;73;72;-1;No;No;No
2080;10;15;11;6;14;26;22;20;25;24;41;44;0;39;37;60;58;47;49;50;68;62;72;73;66;-1;No;No;No
2081;12;8;14;3;15;28;24;22;16;26;36;45;0;31;38;58;48;47;52;59;74;71;73;62;68;-1;No;No;No
2082;5;9;13;6;8;21;27;24;18;20;31;38;0;39;36;48;47;58;52;55;63;66;61;73;71;-1;No;No;No
2083;14;10;5;12;15;18;27;23;29;28;33;34;0;37;38;56;58;57;52;59;69;70;61;66;63;-1;No;No;No
2084;6;14;9;4;12;21;18;17;16;23;37;44;0;45;35;50;48;49;58;55;70;75;62;63;66;-1;No;No;No
2085;7;13;5;9;14;21;19;28;25;16;38;43;0;35;33;49;60;46;57;54;72;68;75;65;64;-1;No;No;No
2086;1;6;3;9;7;17;28;26;18;16;36;41;0;43;31;58;59;54;57;46;68;64;72;61;74;-1;No;No;No
2087;4;9;14;1;2;23;22;29;24;20;34;40;0;37;33;47;50;57;58;46;75;64;66;71;72;-1;No;No;No
2088;10;3;7;1;15;22;20;18;28;19;35;41;0;34;44;50;51;57;56;52;70;68;64;66;73;-1;No;No;No
2089;8;5;7;11;1;20;21;24;23;22;35;40;0;37;39;56;52;57;55;47;62;70;73;71;66;-1;No;No;No
2090;4;13;3;9;5;25;28;19;23;26;38;36;0;41;40;51;56;55;52;50;64;63;74;66;71;-1;No;No;No
2091;2;3;14;10;5;20;16;18;28;22;33;36;0;38;44;54;59;52;56;50;71;69;74;73;66;-1;No;No;No
2092;4;8;6;12;3;16;29;23;25;20;35;41;0;36;38;47;48;58;51;59;65;64;67;74;71;-1;No;No;No
2093;4;11;12;13;6;17;20;22;29;18;31;34;0;38;41;49;48;57;60;58;72;63;61;65;70;-1;No;No;No
2094;12;11;5;9;3;21;29;20;30;19;31;43;0;35;32;52;51;60;56;48;62;73;68;70;61;-1;No;No;No
2095;13;2;3;10;5;22;26;19;28;17;34;33;0;35;39;56;47;54;50;57;72;73;63;71;67;-1;No;No;No
2096;9;5;2;10;12;27;28;20;21;24;33;38;0;39;31;56;53;48;54;59;75;70;74;65;73;-1;No;No;No
2097;8;12;11;7;1;16;28;27;18;21;42;45;0;44;43;56;54;50;59;47;62;64;69;63;75;-1;No;No;No
2098;9;5;6;4;1;23;18;17;29;21;43;31;0;38;35;47;51;48;52;54;75;63;70;73;62;-1;No;No;No
2099;2;5;13;10;11;18;20;16;29;25;37;41;0;35;40;53;54;47;50;51;65;68;71;63;70;-1;No;No;No
2100;4;5;9;1;6;22;19;25;18;17;31;38;0;41;39;53;51;56;60;52;73;66;72;67;71;-1;No;No;No
2101;1;2;3;6;14;29;21;19;27;17;36;31;0;38;44;48;54;53;49;57;63;67;74;70;66;-1;No;No;No
2102;8;9;11;1;2;16;23;25;26;24;37;34;0;39;32;48;58;51;52;46;67;66;73;75;70;-1;No;No;No
2103;6;12;5;9;7;23;20;28;17;18;36;41;0;32;37;57;51;53;52;56;69;65;72;66;67;-1;No;No;No
2104;2;9;15;6;5;16;20;23;30;25;43;38;0;33;40;50;46;48;51;47;69;68;75;67;70;-1;No;No;No
2105;3;8;13;15;2;27;18;24;17;25;35;39;0;45;44;47;48;54;59;52;64;62;74;69;75;-1;No;No;No
2106;10;9;15;1;5;24;19;17;26;22;33;36;0;40;31;52;49;53;47;51;64;61;68;69;67;-1;No;No;No
2107;6;7;5;10;11;25;24;27;23;20;40;33;0;44;42;60;59;52;47;49;63;65;75;69;62;-1;No;No;No
2108;3;1;12;8;5;23;24;19;27;22;32;37;0;42;36;56;59;46;53;54;69;68;73;66;65;-1;No;No;No
2109;11;4;1;3;2;19;25;23;28;20;37;43;0;35;31;48;52;56;46;51;71;64;68;61;65;-1;No;No;No
2110;8;12;10;11;7;17;16;21;24;28;31;37;0;32;34;50;59;55;58;46;65;70;71;64;69;-1;No;No;No
2111;8;13;10;14;11;18;30;22;27;20;37;41;0;43;31;58;50;55;56;51;62;61;68;72;67;-1;No;No;No
2112;8;6;12;7;4;26;25;24;29;28;35;41;0;34;31;54;46;53;60;48;70;69;73;71;64;-1;No;No;No
2113;9;6;5;8;13;26;19;29;27;21;43;38;0;36;42;56;49;59;46;53;63;70;72;71;64;-1;No;No;No
2114;4;14;2;6;9;24;22;17;29;20;44;35;0;37;32;46;51;50;52;54;73;74;67;68;75;-1;No;No;No
2115;5;4;13;2;1;24;20;26;22;29;41;36;0;40;34;48;49;50;46;47;62;74;69;75;71;-1;No;No;No
2116;5;12;8;14;1;16;22;18;17;19;35;40;0;44;32;48;50;47;54;59;62;64;67;70;74;-1;No;No;No
2117;9;7;1;13;2;28;26;18;25;17;45;31;0;42;36;55;53;49;60;48;67;68;73;62;66;-1;No;No;No
2118;12;7;3;8;4;25;19;27;22;29;38;35;0;37;45;54;55;59;50;47;66;75;61;65;73;-1;No;No;No
2119;6;9;5;7;2;27;17;20;30;25;41;44;0;32;43;48;47;46;53;59;65;70;71;63;68;-1;No;No;No
2120;8;15;3;10;11;23;18;22;27;20;33;45;0;42;34;50;55;49;53;59;73;68;70;66;69;-1;No;No;No
2121;14;2;4;12;1;24;25;29;19;16;34;37;0;42;41;53;52;48;50;49;70;74;67;64;69;-1;No;No;No
2122;3;6;11;9;1;16;25;18;22;27;32;35;0;31;42;55;46;54;57;59;61;72;66;69;70;-1;No;No;No
2123;1;11;12;4;9;27;18;21;26;16;43;39;0;34;40;49;48;58;60;51;68;61;64;71;69;-1;No;No;No
2124;8;3;12;4;9;26;23;19;29;24;31;44;0;45;41;54;53;49;52;48;69;66;65;64;62;-1;No;No;No
2125;12;10;9;13;6;29;21;28;18;26;39;44;0;34;32;49;47;50;58;55;70;61;62;63;69;-1;No;No;No
2126;1;8;11;4;12;20;29;16;23;28;43;39;0;42;41;57;52;56;47;53;72;68;67;61;73;-1;No;No;No
2127;4;2;8;3;10;17;19;24;20;27;34;41;0;43;38;53;56;52;60;49;67;62;71;73;70;-1;No;No;No
2128;11;3;12;9;5;20;29;26;21;19;32;42;0;37;33;50;58;49;55;57;63;73;75;62;74;-1;No;No;No
2129;4;11;1;10;8;26;25;29;28;22;39;33;0;34;31;60;48;57;52;58;73;66;63;68;72;-1;No;No;No
2130;1;5;8;13;12;25;19;22;26;20;39;40;0;43;44;55;46;53;59;52;66;69;72;62;67;-1;No;No;No
2131;1;2;13;7;15;16;22;25;18;29;44;43;0;38;36;53;47;50;55;60;68;66;71;73;75;-1;No;No;No
2132;8;5;10;1;6;27;21;16;20;17;42;39;0;32;31;56;51;55;53;50;66;69;70;71;64;-1;No;No;No
2133;6;8;13;7;4;22;24;17;29;19;41;31;0;37;32;53;50;54;58;46;69;65;71;74;64;-1;No;No;No
2134;2;10;14;9;11;23;28;16;29;22;40;31;0;32;43;46;49;56;50;47;66;65;72;68;62;-1;No;No;No
2135;8;6;12;13;5;30;24;26;17;16;43;42;0;31;41;54;57;50;58;51;74;62;61;63;64;-1;No;No;No
2136;11;3;10;13;12;29;20;17;19;21;35;31;0;38;41;56;47;59;49;48;69;65;72;71;64;-1;No;No;No
2137;1;12;7;11;9;19;20;18;17;21;33;41;0;36;35;52;48;53;59;57;73;74;66;69;65;-1;No;No;No
2138;3;4;9;12;1;19;29;28;30;17;33;41;0;45;36;58;55;49;53;50;71;64;67;66;70;-1;No;No;No
2139;7;5;11;1;4;20;19;18;23;21;43;36;0;38;45;56;50;48;52;55;63;70;73;68;62;-1;No;No;No
2140;7;14;6;2;13;19;22;26;23;29;39;36;0;38;43;54;46;50;59;51;70;64;61;69;67;-1;No;No;No
2141;3;8;7;1;5;17;28;24;16;29;33;35;0;34;43;59;58;51;46;57;69;64;62;71;67;-1;No;No;No
2142;4;12;10;5;14;26;30;20;19;22;42;37;0;45;33;57;53;49;46;55;68;62;61;70;66;-1;No;No;No
2143;4;1;13;12;14;27;23;26;16;28;40;31;0;34;36;48;59;58;53;51;61;67;74;62;66;-1;No;No;No
2144;13;7;3;11;2;24;18;22;16;30;44;33;0;39;37;59;48;56;58;50;66;71;64;65;73;-1;No;No;No
2145;4;7;9;5;12;17;16;26;24;28;43;37;0;34;40;52;59;50;47;51;64;63;71;67;68;-1;No;No;No
2146;3;4;6;5;13;19;18;21;23;29;31;34;0;39;33;52;54;47;58;49;74;73;71;72;62;-1;No;No;No
2147;7;3;13;5;6;22;19;21;25;17;36;37;0;40;33;59;58;55;47;56;63;75;67;74;73;-1;No;No;No
2148;8;11;1;9;14;21;28;23;29;26;41;45;0;33;35;59;56;50;57;46;62;70;66;61;72;-1;No;No;No
2149;14;1;3;4;13;19;24;20;26;27;31;32;0;39;37;49;55;54;50;46;67;72;70;65;61;-1;No;No;No
2150;3;11;9;14;8;18;22;16;19;27;45;43;0;41;40;50;46;51;57;60;72;73;75;74;68;-1;No;No;No
2151;5;11;12;14;7;24;28;19;21;17;44;31;0;38;41;49;58;46;48;50;72;69;65;71;64;-1;No;No;No
2152;5;11;6;1;14;20;16;22;26;29;36;45;0;44;38;60;53;47;59;54;70;74;68;71;66;-1;No;No;No
2153;10;1;12;14;8;21;16;25;19;17;34;39;0;43;32;52;46;53;50;47;61;69;64;72;70;-1;No;No;No
2154;12;8;14;2;7;21;17;29;26;27;37;43;0;42;38;48;49;59;47;53;61;73;72;63;69;-1;No;No;No
2155;10;8;2;6;4;30;16;26;28;23;31;43;0;35;34;50;60;58;56;47;63;61;75;73;65;-1;No;No;No
2156;1;7;4;8;9;28;23;17;21;18;39;40;0;43;31;48;52;46;47;54;70;64;68;62;69;-1;No;No;No
2157;11;2;5;9;10;26;17;22;25;18;42;43;0;36;31;58;51;48;49;47;65;70;71;72;75;-1;No;No;No
2158;10;12;8;11;14;25;28;20;16;22;34;39;0;35;43;52;50;57;46;53;73;72;64;63;75;-1;No;No;No
2159;14;13;5;7;9;17;23;27;26;30;39;41;0;34;32;54;59;49;52;57;66;69;71;74;64;-1;No;No;No
2160;12;11;8;14;13;25;22;18;23;27;32;42;0;39;37;56;49;57;55;46;74;67;73;68;63;-1;No;No;No
2161;4;14;7;11;9;27;24;28;21;18;32;31;0;40;33;59;56;55;60;52;75;66;65;73;74;-1;No;No;No
2162;14;11;10;13;3;18;27;30;19;16;43;44;0;31;37;51;46;59;47;56;66;61;71;72;62;-1;No;No;No
2163;9;11;13;8;7;25;17;18;27;24;33;41;0;37;44;54;55;60;46;52;61;64;74;68;72;-1;No;No;No
2164;9;2;14;6;5;20;28;21;17;25;41;35;0;37;43;58;47;56;51;53;65;68;67;71;70;-1;No;No;No
2165;12;8;10;3;7;19;17;24;23;21;33;31;0;37;42;56;49;50;53;55;68;71;66;73;74;-1;No;No;No
2166;11;1;4;3;6;18;19;23;24;21;44;40;0;37;42;55;59;51;53;52;75;73;68;69;61;-1;No;No;No
2167;5;12;8;3;6;18;26;23;27;24;43;35;0;45;40;59;49;56;53;48;73;70;61;72;69;-1;No;No;No
2168;6;13;15;9;8;28;24;27;21;19;33;35;0;38;41;53;46;51;59;54;72;71;69;64;67;-1;No;No;No
2169;2;1;8;14;3;18;29;22;21;17;42;38;0;33;35;58;52;48;54;47;68;66;71;70;74;-1;No;No;No
2170;7;8;1;11;5;26;20;27;21;25;31;34;0;44;43;51;50;59;55;53;66;70;63;64;74;-1;No;No;No
2171;9;2;1;8;13;20;30;28;19;27;44;43;0;32;39;50;59;56;60;48;63;69;62;66;71;-1;No;No;No
2172;12;10;3;5;1;17;22;28;27;26;37;40;0;43;38;46;50;49;48;57;63;62;71;68;66;-1;No;No;No
2173;3;6;4;12;5;17;27;24;19;28;38;35;0;41;37;59;51;56;58;49;64;74;61;73;62;-1;No;No;No
2174;12;2;6;3;14;29;28;21;19;23;36;45;0;35;34;53;49;50;58;52;65;68;66;63;74;-1;No;No;No
2175;2;7;8;13;14;16;17;18;30;25;41;34;0;38;43;54;51;59;58;50;61;62;63;71;64;-1;No;No;No
2176;6;1;4;13;7;19;16;17;30;24;44;43;0;36;41;57;54;50;55;58;64;73;70;71;74;-1;No;No;No
2177;2;3;6;8;10;25;21;22;26;24;38;36;0;41;40;51;48;52;58;57;68;75;69;72;67;-1;No;No;No
2178;6;11;10;7;15;20;26;18;16;27;39;42;0;33;43;47;59;48;50;51;71;62;63;74;72;-1;No;No;No
2179;3;1;6;10;5;19;22;25;20;17;37;33;0;32;44;54;58;46;57;50;73;71;68;62;65;-1;No;No;No
2180;9;10;5;4;2;23;22;29;17;19;38;40;0;39;43;57;53;58;54;46;68;63;64;65;73;-1;No;No;No
2181;5;13;4;11;9;21;30;17;18;27;43;36;0;40;41;59;54;56;48;58;65;61;74;73;64;-1;No;No;No
2182;11;8;5;10;2;19;21;24;22;27;43;42;0;35;37;56;51;54;49;46;67;62;61;66;68;-1;No;No;No
2183;10;2;15;1;6;25;24;21;18;29;33;36;0;35;32;59;48;50;51;47;72;70;67;73;64;-1;No;No;No
2184;8;3;14;13;11;24;21;27;29;30;39;40;0;32;35;53;48;59;51;57;62;71;69;66;70;-1;No;No;No
2185;6;13;8;10;1;27;17;16;21;18;35;31;0;36;39;57;53;50;58;46;74;64;65;66;72;-1;No;No;No
2186;12;3;1;7;8;19;16;25;24;21;41;45;0;33;44;46;48;47;56;57;64;66;70;61;63;-1;No;No;No
2187;3;12;15;10;5;18;29;25;16;22;37;31;0;38;42;57;54;53;59;46;64;69;66;65;73;-1;No;No;No
2188;15;6;12;14;8;24;18;27;28;16;36;33;0;38;37;54;56;52;50;53;70;72;74;61;69;-1;No;No;No
2189;5;10;14;8;1;29;23;26;21;18;31;37;0;43;38;57;49;53;54;51;69;73;74;62;65;-1;No;No;No
2190;3;12;1;10;2;19;28;16;27;17;31;33;0;37;32;55;56;59;46;49;71;72;75;67;74;-1;No;No;No
2191;4;12;1;2;8;16;18;27;24;26;41;32;0;43;45;48;59;50;46;55;63;62;68;65;61;-1;No;No;No
2192;10;4;14;7;9;19;28;23;17;22;35;41;0;34;42;60;48;55;58;53;61;62;65;72;74;-1;No;No;No
2193;3;6;2;11;1;27;21;20;24;16;38;33;0;32;42;56;50;49;55;52;67;68;61;70;62;-1;No;No;No
2194;4;11;2;8;3;22;17;18;19;29;42;37;0;38;39;56;59;50;58;55;68;70;61;62;75;-1;No;No;No
2195;5;2;14;3;6;29;18;26;24;23;41;31;0;44;35;48;57;49;53;50;69;67;63;66;73;-1;No;No;No
2196;1;6;11;12;3;28;21;25;16;23;37;39;0;44;36;54;49;50;58;47;72;64;71;70;66;-1;No;No;No
2197;5;2;11;14;8;26;25;21;19;23;34;37;0;35;41;57;47;50;58;55;64;71;68;70;66;-1;No;No;No
2198;5;12;14;3;9;26;23;28;24;16;44;40;0;42;36;52;50;56;53;59;69;66;72;61;62;-1;No;No;No
2199;6;9;8;10;4;21;18;20;29;28;34;43;0;36;38;53;49;58;54;50;66;74;67;70;72;-1;No;No;No
2200;13;1;14;2;5;18;16;22;20;29;34;31;0;37;38;56;52;54;53;58;70;74;61;71;67;-1;No;No;No
2201;6;7;8;11;14;28;18;19;26;21;33;34;0;41;45;50;49;46;56;47;66;67;71;63;61;-1;No;No;No
2202;5;7;11;10;13;25;21;22;23;16;41;36;0;32;37;55;51;47;56;54;68;74;61;69;73;-1;No;No;No
2203;15;10;3;8;7;27;29;17;21;25;31;32;0;44;39;53;51;50;59;55;69;65;64;71;62;-1;No;No;No
2204;11;12;14;6;5;22;18;27;29;30;41;37;0;44;35;54;60;53;58;46;74;67;63;65;71;-1;No;No;No
2205;5;7;2;15;6;23;28;16;26;18;45;40;0;39;36;52;56;46;51;50;62;61;68;69;74;-1;No;No;No
2206;10;7;4;9;11;24;18;27;29;19;36;39;0;38;33;54;58;49;55;47;61;72;68;67;71;-1;No;No;No
2207;4;13;11;14;7;23;21;20;27;19;37;42;0;43;40;51;55;59;58;56;63;62;72;69;65;-1;No;No;No
2208;6;1;14;2;9;21;19;16;23;26;41;33;0;40;34;48;51;54;55;46;68;62;67;72;63;-1;No;No;No
2209;10;4;8;13;7;23;28;21;29;16;40;37;0;42;39;49;56;58;59;48;63;74;65;70;73;-1;No;No;No
2210;9;3;1;12;11;23;26;30;25;17;41;43;0;44;38;55;49;47;58;48;61;63;68;62;70;-1;No;No;No
2211;6;8;2;7;14;22;17;16;26;18;44;43;0;33;37;50;54;53;55;56;69;63;72;70;73;-1;No;No;No
2212;2;3;4;1;12;22;17;19;26;21;38;37;0;42;43;54;46;60;49;48;70;73;69;74;65;-1;No;No;No
2213;14;9;5;3;8;22;19;24;18;26;36;37;0;31;43;46;47;57;48;54;62;71;63;75;73;-1;No;No;No
2214;2;1;11;9;12;26;29;20;28;30;40;43;0;42;39;59;47;58;48;57;72;75;74;68;63;-1;No;No;No
2215;6;5;15;13;10;18;23;21;26;19;39;41;0;37;43;59;47;53;55;54;69;66;74;71;61;-1;No;No;No
2216;14;9;7;5;1;17;18;24;16;30;40;39;0;37;41;58;51;59;49;52;62;64;67;66;71;-1;No;No;No
2217;4;12;2;3;8;21;25;16;29;26;43;39;0;32;44;59;52;55;51;48;74;73;67;68;71;-1;No;No;No
2218;11;3;6;4;7;18;30;21;19;27;43;37;0;36;40;56;47;53;49;59;74;72;63;68;69;-1;No;No;No
2219;6;4;13;7;14;19;20;25;17;29;36;37;0;43;35;53;52;49;50;57;62;63;70;73;69;-1;No;No;No
2220;12;9;13;7;2;20;29;25;23;27;40;35;0;31;33;56;57;47;52;55;69;64;73;74;61;-1;No;No;No
2221;5;6;11;2;1;26;23;28;25;16;32;39;0;37;35;54;48;46;51;55;72;67;74;70;75;-1;No;No;No
2222;5;3;7;13;10;27;16;21;18;17;34;39;0;43;40;48;57;54;49;52;65;72;67;75;70;-1;No;No;No
2223;7;12;14;8;9;30;27;20;19;29;33;43;0;38;34;47;59;54;57;53;64;70;68;69;62;-1;No;No;No
2224;13;5;10;9;8;21;22;26;25;23;45;32;0;40;42;60;57;47;52;50;70;73;66;61;64;-1;No;No;No
2225;11;12;10;6;5;25;21;28;23;18;36;45;0;42;40;58;54;50;53;56;62;63;65;74;69;-1;No;No;No
2226;15;1;7;11;8;22;20;27;25;19;38;41;0;45;31;48;54;46;49;50;71;69;66;68;61;-1;No;No;No
2227;10;13;7;2;15;26;16;17;23;20;44;41;0;40;43;59;47;48;46;51;72;68;63;65;73;-1;No;No;No
2228;6;12;1;14;2;19;16;24;30;17;43;41;0;44;39;56;51;54;46;48;62;64;69;72;73;-1;No;No;No
2229;12;11;5;2;13;29;24;22;23;28;33;39;0;34;36;57;56;52;51;46;64;68;65;71;69;-1;No;No;No
2230;4;11;5;15;14;18;25;24;22;27;43;37;0;39;40;55;58;48;52;54;68;73;70;71;75;-1;No;No;No
2231;4;2;1;10;8;17;28;29;16;19;32;31;0;33;45;49;51;55;56;50;74;62;69;71;72;-1;No;No;No
2232;8;10;1;5;13;20;24;29;19;27;35;32;0;37;45;53;57;52;50;48;68;71;63;67;61;-1;No;No;No
2233;15;9;2;10;11;20;21;27;18;17;40;39;0;35;36;52;48;60;54;55;67;64;74;68;73;-1;No;No;No
2234;8;5;10;1;3;18;28;27;16;24;31;43;0;33;38;57;56;51;46;49;63;68;69;66;64;-1;No;No;No
2235;5;14;3;1;9;28;17;16;23;29;39;36;0;32;44;58;59;52;48;51;75;69;67;66;71;-1;No;No;No
2236;15;12;10;9;3;27;26;24;20;25;40;37;0;35;42;56;54;53;50;58;62;68;67;71;65;-1;No;No;No
2237;1;4;11;8;10;23;17;26;21;24;44;37;0;33;32;52;48;49;47;51;63;73;68;65;70;-1;No;No;No
2238;6;1;13;3;9;22;17;23;24;16;32;34;0;42;41;50;59;48;56;58;72;64;66;70;63;-1;No;No;No
2239;4;5;10;3;7;17;23;26;28;20;36;31;0;41;44;55;46;59;47;58;74;72;68;67;66;-1;No;No;No
2240;8;11;9;14;15;28;24;18;25;30;37;39;0;38;31;53;52;60;58;51;72;73;71;65;68;-1;No;No;No
2241;6;9;13;8;5;20;23;22;16;28;35;36;0;33;37;51;53;57;48;60;74;71;67;65;64;-1;No;No;No
2242;6;3;10;12;11;20;26;27;23;24;44;34;0;32;35;57;51;46;55;47;62;71;72;73;66;-1;No;No;No
2243;6;4;13;5;11;19;26;25;17;18;31;38;0;42;33;52;58;53;50;46;64;71;67;62;73;-1;No;No;No
2244;10;8;4;11;2;21;24;22;23;16;39;37;0;33;35;54;50;59;53;58;72;61;66;69;63;-1;No;No;No
2245;13;9;11;7;6;30;24;25;16;18;38;45;0;40;39;48;47;54;56;50;69;68;72;70;63;-1;No;No;No
2246;9;10;14;4;5;22;23;28;25;21;41;43;0;38;31;48;57;52;53;59;71;73;69;68;66;-1;No;No;No
2247;3;1;7;6;15;20;25;21;26;29;33;39;0;34;42;56;55;47;49;46;66;64;67;74;61;-1;No;No;No
2248;14;12;3;10;7;24;20;19;22;29;39;44;0;38;35;54;46;51;58;60;66;62;63;67;74;-1;No;No;No
2249;5;7;2;15;11;18;20;19;22;25;37;42;0;35;31;53;57;51;48;58;67;61;63;73;70;-1;No;No;No
2250;12;6;4;3;13;17;26;21;19;25;38;37;0;40;33;52;57;47;59;54;68;66;67;72;74;-1;No;No;No
2251;11;5;12;10;9;29;17;18;22;26;38;40;0;33;37;53;51;55;57;58;61;62;71;66;69;-1;No;No;No
2252;7;3;5;8;11;25;16;29;19;24;41;36;0;31;33;50;60;48;51;47;64;65;70;66;73;-1;No;No;No
2253;15;7;1;12;5;16;27;20;19;25;31;35;0;36;32;51;60;47;59;55;62;64;68;70;72;-1;No;No;No
2254;5;7;6;12;1;21;29;23;28;24;40;37;0;34;42;47;49;54;56;59;65;73;67;70;61;-1;No;No;No
2255;9;4;12;5;10;26;29;16;22;27;43;42;0;40;44;53;46;50;59;56;68;63;64;70;72;-1;No;No;No
2256;9;7;6;2;11;24;29;27;16;21;35;37;0;33;36;59;55;46;56;51;67;73;66;72;69;-1;No;No;No
2257;8;5;12;4;3;30;19;22;26;24;42;34;0;44;37;46;52;54;56;49;63;68;73;62;75;-1;No;No;No
2258;2;11;12;10;3;18;21;28;23;19;31;42;0;39;43;48;47;55;49;56;63;69;66;62;73;-1;No;No;No
2259;11;10;12;8;6;26;24;18;22;23;45;44;0;40;34;55;48;51;49;53;73;70;72;68;69;-1;No;No;No
2260;3;8;9;7;12;19;29;20;26;28;44;39;0;42;43;54;55;52;46;47;68;65;62;63;66;-1;No;No;No
2261;11;1;8;10;5;23;20;28;27;18;42;43;0;35;34;57;58;52;50;55;67;63;71;62;74;-1;No;No;No
2262;1;11;7;9;2;27;22;29;25;16;36;32;0;38;34;47;56;54;55;48;61;73;64;70;72;-1;No;No;No
2263;15;4;14;11;8;29;19;21;27;23;33;34;0;40;31;57;52;51;56;46;61;62;67;66;73;-1;No;No;No
2264;12;7;14;3;6;23;27;17;22;21;39;41;0;38;43;47;53;55;54;57;65;70;71;66;69;-1;No;No;No
2265;3;7;11;8;9;24;22;16;18;21;39;38;0;36;34;49;50;57;46;58;64;72;67;73;75;-1;No;No;No
2266;11;4;8;12;7;18;19;22;25;17;36;34;0;44;45;54;53;50;51;56;64;74;67;63;71;-1;No;No;No
2267;7;2;9;13;14;23;24;18;29;26;39;31;0;32;33;59;46;51;56;57;61;64;68;70;62;-1;No;No;No
2268;4;12;1;15;7;19;28;22;27;16;37;45;0;33;44;54;51;48;49;47;74;63;61;69;67;-1;No;No;No
2269;3;8;10;5;2;23;20;24;27;30;42;41;0;44;40;47;49;59;50;52;62;73;65;70;61;-1;No;No;No
2270;8;2;13;9;14;18;25;20;17;28;38;40;0;42;44;48;58;56;60;47;68;71;72;69;63;-1;No;No;No
2271;5;4;3;9;2;29;24;22;26;19;44;36;0;40;42;49;50;58;56;53;62;61;68;67;70;-1;No;No;No
2272;6;2;5;11;12;20;28;18;27;16;32;31;0;37;34;54;49;48;57;46;66;69;65;63;62;-1;No;No;No
2273;1;11;7;5;3;24;19;16;21;26;40;31;0;36;41;55;52;56;46;54;70;66;69;75;63;-1;No;No;No
2274;14;12;9;11;1;27;20;24;25;16;42;41;0;40;33;58;51;53;47;48;62;68;67;70;64;-1;No;No;No
2275;9;14;11;3;8;25;20;24;18;26;37;33;0;42;36;51;52;46;59;55;66;68;73;72;70;-1;No;No;No
2276;8;12;10;13;11;22;18;29;25;20;34;31;0;37;41;51;52;47;56;60;68;74;64;75;67;-1;No;No;No
2277;15;5;1;12;2;19;27;25;21;28;32;44;0;39;31;47;55;46;50;53;69;65;74;71;73;-1;No;No;No
2278;11;6;3;9;2;28;16;22;25;30;33;38;0;36;40;58;56;57;59;47;72;62;71;61;68;-1;No;No;No
2279;11;13;6;14;5;28;26;25;20;22;38;42;0;36;39;59;52;51;46;49;66;62;64;68;67;-1;No;No;No
2280;11;6;1;5;8;23;22;29;24;21;43;35;0;31;32;46;58;52;56;49;71;65;63;68;67;-1;No;No;No
2281;6;12;7;1;3;18;16;28;22;26;37;44;0;41;34;59;58;54;47;55;65;66;72;62;63;-1;No;No;No
2282;10;9;1;4;14;28;29;18;22;30;37;38;0;35;40;57;51;54;56;59;64;75;67;63;71;-1;No;No;No
2283;3;10;11;6;12;17;26;28;27;20;36;37;0;38;42;54;48;53;49;58;61;66;72;69;63;-1;No;No;No
2284;11;8;2;14;7;22;18;29;21;28;34;42;0;32;43;50;59;58;49;53;72;62;68;61;70;-1;No;No;No
2285;11;7;9;6;14;24;23;26;29;21;45;32;0;31;42;55;58;50;53;56;66;69;64;61;67;-1;No;No;No
2286;4;14;10;2;13;27;16;26;20;24;41;32;0;38;37;56;50;48;58;59;69;68;70;74;75;-1;No;No;No
2287;5;4;6;12;8;19;26;20;16;28;34;42;0;31;43;57;49;52;58;56;68;73;75;67;64;-1;No;No;No
2288;8;4;12;9;1;28;21;16;18;24;36;35;0;31;44;54;58;59;48;47;67;71;66;74;70;-1;No;No;No
2289;7;9;5;1;6;20;16;24;18;25;38;44;0;37;39;57;60;48;47;46;72;74;63;67;66;-1;No;No;No
2290;12;6;2;4;14;23;18;25;28;29;35;39;0;42;37;56;57;53;54;46;68;65;67;72;62;-1;No;No;No
2291;15;4;6;9;2;23;21;24;18;30;42;44;0;35;40;51;48;56;53;58;63;71;66;62;70;-1;No;No;No
2292;14;1;13;6;10;26;29;24;23;25;41;33;0;37;40;58;53;47;57;51;69;61;62;71;64;-1;No;No;No
2293;3;8;10;12;2;28;19;20;17;27;31;33;0;39;37;49;51;60;56;52;62;75;63;64;73;-1;No;No;No
2294;12;9;6;8;11;19;22;21;16;18;37;35;0;36;34;51;60;46;59;54;64;65;68;72;69;-1;No;No;No
2295;5;8;12;1;9;17;18;21;27;24;38;42;0;33;44;57;56;60;51;54;74;61;64;63;72;-1;No;No;No
2296;14;7;11;8;3;28;29;21;25;18;37;36;0;33;35;47;46;56;52;59;68;66;63;72;65;-1;No;No;No
2297;1;4;7;14;13;24;18;26;27;22;40;36;0;34;35;47;50;48;58;59;70;71;66;73;62;-1;No;No;No
2298;12;2;15;1;10;30;21;18;26;23;37;32;0;36;35;59;54;47;52;48;62;70;69;61;65;-1;No;No;No
2299;11;4;12;10;6;28;17;30;18;20;38;39;0;33;37;49;48;51;57;52;61;68;65;72;75;-1;No;No;No
2300;6;1;4;10;2;30;17;28;19;20;34;43;0;38;41;57;52;58;59;54;72;65;61;74;67;-1;No;No;No
2301;8;12;5;14;10;21;29;25;28;19;45;34;0;43;37;50;48;57;59;51;65;67;69;61;66;-1;No;No;No
2302;3;7;14;13;2;25;22;27;29;17;36;44;0;34;41;50;59;60;53;58;63;65;61;70;72;-1;No;No;No
2303;4;11;8;6;7;27;22;21;16;19;39;42;0;44;38;48;50;54;53;58;61;62;69;63;66;-1;No;No;No
2304;10;3;7;2;11;20;19;16;26;17;39;35;0;44;33;54;48;57;52;51;61;69;64;71;75;-1;No;No;No
2305;14;11;8;4;15;19;20;21;26;27;34;31;0;36;41;56;46;55;49;51;64;65;70;72;68;-1;No;No;No
2306;12;13;10;15;7;26;22;27;20;18;36;37;0;42;32;54;56;49;59;57;68;75;66;72;64;-1;No;No;No
2307;3;8;5;11;7;27;19;22;23;26;45;34;0;35;32;59;58;53;46;55;64;68;62;69;72;-1;No;No;No
2308;6;5;11;1;7;28;16;20;30;18;42;38;0;45;33;46;57;55;48;49;61;68;67;64;65;-1;No;No;No
2309;1;7;13;6;2;26;17;29;22;23;33;42;0;37;34;55;58;47;59;56;73;67;68;64;63;-1;No;No;No
2310;8;4;9;12;7;16;19;29;21;24;44;31;0;39;38;56;58;53;47;46;70;71;73;66;62;-1;No;No;No
2311;1;14;15;8;7;22;30;21;26;17;45;33;0;39;42;60;54;59;55;46;63;65;71;64;62;-1;No;No;No
2312;13;15;1;11;14;29;16;20;24;23;37;41;0;33;34;57;56;50;48;54;66;67;72;63;65;-1;No;No;No
2313;1;12;11;10;4;19;22;21;16;23;32;45;0;36;42;50;55;59;56;52;70;61;68;65;66;-1;No;No;No
2314;13;7;15;11;4;29;28;18;27;22;35;36;0;38;32;55;51;53;57;47;64;68;62;61;63;-1;No;No;No
2315;10;9;1;6;2;25;23;20;27;26;39;33;0;40;37;54;56;48;47;52;61;67;64;69;70;-1;No;No;No
2316;13;2;4;6;5;17;26;20;28;21;37;38;0;33;34;48;49;55;50;47;63;75;72;70;74;-1;No;No;No
2317;11;6;7;8;13;20;22;26;16;21;31;38;0;45;36;52;56;48;57;49;61;69;70;64;67;-1;No;No;No
2318;11;6;13;7;14;22;28;26;25;29;32;34;0;37;44;52;57;50;56;54;71;68;66;69;63;-1;No;No;No
2319;10;14;1;13;12;18;22;26;17;16;34;33;0;31;40;48;51;60;54;46;65;68;67;70;72;-1;No;No;No
2320;6;10;12;4;8;20;29;21;17;26;41;35;0;32;37;53;50;54;46;52;66;69;73;72;75;-1;No;No;No
2321;8;9;14;6;13;20;23;19;24;18;39;36;0;35;32;48;59;57;50;60;62;63;70;68;73;-1;No;No;No
2322;12;8;1;14;5;29;25;20;26;24;42;37;0;32;33;46;49;58;51;55;61;72;73;65;63;-1;No;No;No
2323;9;5;13;1;6;17;21;28;25;23;35;32;0;45;40;56;52;59;58;53;64;70;62;67;68;-1;No;No;No
2324;2;14;6;11;15;20;27;23;22;21;39;34;0;31;33;51;46;60;47;54;74;72;66;73;62;-1;No;No;No
2325;2;9;11;15;7;29;23;25;19;21;38;33;0;37;34;54;48;59;56;46;63;61;62;69;70;-1;No;No;No
2326;8;7;3;2;14;21;26;18;24;29;33;31;0;35;37;46;60;53;57;54;67;71;66;70;72;-1;No;No;No
2327;6;3;14;2;9;19;20;23;28;16;35;36;0;42;32;54;51;52;46;59;64;73;74;63;70;-1;No;No;No
2328;1;8;3;14;9;22;23;25;20;27;34;43;0;35;41;46;48;54;59;56;71;72;70;74;63;-1;No;No;No
2329;11;4;5;13;9;16;18;27;26;17;35;41;0;37;43;50;51;53;56;55;71;68;62;63;73;-1;No;No;No
2330;12;10;8;14;3;19;20;29;28;23;44;43;0;39;45;58;53;47;59;50;70;66;64;65;74;-1;No;No;No
2331;6;2;7;11;8;18;24;23;30;26;44;40;0;43;36;50;49;46;53;54;75;71;74;63;62;-1;No;No;No
2332;8;5;15;1;2;18;20;21;16;29;36;37;0;39;34;55;49;53;47;54;70;67;63;73;74;-1;No;No;No
2333;9;8;7;12;14;27;20;16;28;29;38;40;0;44;39;60;54;49;46;55;62;65;72;61;64;-1;No;No;No
2334;15;14;3;7;12;27;28;23;20;21;34;38;0;42;41;54;48;50;49;60;69;74;71;75;66;-1;No;No;No
2335;11;1;4;15;2;29;26;21;20;28;31;45;0;40;43;53;58;46;54;57;73;71;64;70;61;-1;No;No;No
2336;9;3;7;14;15;19;28;25;23;26;39;38;0;40;37;55;51;52;57;58;73;66;74;65;72;-1;No;No;No
2337;2;8;15;13;10;24;22;25;26;18;32;38;0;33;42;58;56;46;57;59;66;65;62;71;67;-1;No;No;No
2338;4;15;7;9;1;23;18;17;20;30;43;35;0;42;32;52;57;47;53;54;64;73;71;61;68;-1;No;No;No
2339;9;13;10;12;5;24;22;23;27;18;40;38;0;37;41;54;55;48;58;46;73;62;74;66;68;-1;No;No;No
2340;4;3;14;10;9;17;19;26;27;25;42;32;0;39;33;58;57;60;59;56;61;69;72;62;64;-1;No;No;No
2341;1;11;3;10;2;24;16;29;30;17;41;34;0;36;37;59;54;58;56;47;67;71;72;70;62;-1;No;No;No
2342;7;10;12;5;8;23;29;19;24;16;44;40;0;45;35;48;54;53;58;60;74;64;68;73;62;-1;No;No;No
2343;13;10;5;15;14;24;29;18;17;16;41;32;0;36;39;54;56;53;59;47;72;65;61;73;62;-1;No;No;No
2344;12;15;3;1;8;17;24;25;23;16;41;44;0;40;34;59;52;50;54;58;73;70;65;74;63;-1;No;No;No
2345;13;10;12;1;14;16;26;23;17;18;32;40;0;36;38;51;53;48;46;54;61;71;66;65;73;-1;No;No;No
2346;2;13;1;8;3;23;18;19;17;30;32;40;0;34;35;47;58;55;57;48;75;66;68;65;70;-1;No;No;No
2347;4;10;11;13;5;28;30;16;24;23;38;39;0;35;42;58;46;55;49;57;68;72;69;64;74;-1;No;No;No
2348;8;11;9;13;14;24;21;28;30;29;39;33;0;41;36;48;49;47;52;58;63;72;65;73;75;-1;No;No;No
2349;8;13;7;12;10;16;21;25;19;26;43;35;0;37;34;52;54;51;57;58;69;73;62;67;61;-1;No;No;No
2350;12;11;15;3;5;23;29;24;25;17;36;42;0;43;33;51;55;53;57;56;67;63;73;68;66;-1;No;No;No
2351;9;3;2;11;14;17;18;28;24;22;38;40;0;42;44;48;57;52;56;58;63;69;61;68;65;-1;No;No;No
2352;11;10;7;8;4;17;23;18;29;26;42;34;0;37;38;59;47;52;50;53;72;74;66;70;67;-1;No;No;No
2353;6;7;9;5;13;20;16;22;28;26;31;32;0;39;40;56;55;54;46;51;64;70;72;65;62;-1;No;No;No
2354;11;13;1;7;2;28;20;18;25;17;42;34;0;35;44;50;47;56;57;52;66;64;73;70;62;-1;No;No;No
2355;10;2;1;5;3;27;28;26;22;23;34;37;0;36;38;58;57;51;59;53;64;75;73;61;67;-1;No;No;No
2356;14;7;9;5;1;24;16;19;23;22;31;39;0;42;40;56;53;59;60;49;68;70;61;66;74;-1;No;No;No
2357;8;1;9;10;14;22;27;20;30;25;41;37;0;45;38;52;51;46;58;53;67;69;66;74;70;-1;No;No;No
2358;11;9;1;5;6;20;18;27;19;21;35;31;0;43;36;46;59;52;55;49;68;70;73;63;67;-1;No;No;No
2359;13;5;6;14;4;17;18;23;22;19;39;33;0;31;36;47;50;55;56;57;67;75;68;63;61;-1;No;No;No
2360;15;14;6;2;4;28;18;29;23;27;36;41;0;34;39;50;58;47;51;53;65;67;68;74;62;-1;No;No;No
2361;12;3;5;9;1;28;18;22;21;24;40;41;0;33;32;50;47;53;51;52;70;72;62;71;75;-1;No;No;No
2362;11;4;1;12;2;25;27;20;28;30;36;35;0;40;42;57;51;52;49;55;68;70;69;65;73;-1;No;No;No
2363;13;14;3;4;9;27;22;29;20;16;41;36;0;32;45;49;51;46;53;57;68;66;71;61;69;-1;No;No;No
2364;5;13;12;15;2;29;20;17;23;16;38;36;0;34;39;46;48;50;56;51;69;63;74;71;73;-1;No;No;No
2365;8;14;11;4;1;27;28;24;29;17;34;43;0;45;32;48;46;54;56;47;75;70;61;71;69;-1;No;No;No
2366;10;11;4;9;7;17;20;19;26;22;37;31;0;44;39;57;51;53;50;58;63;71;68;67;74;-1;No;No;No
2367;7;9;6;3;8;30;26;22;18;20;42;45;0;31;32;54;55;58;56;52;72;67;73;64;66;-1;No;No;No
2368;6;8;1;12;11;23;30;26;29;28;33;35;0;42;43;48;53;58;54;46;68;75;61;74;72;-1;No;No;No
2369;3;7;10;8;15;26;23;19;21;30;42;43;0;40;31;49;60;59;53;48;66;61;70;65;62;-1;No;No;No
2370;14;2;6;12;15;25;28;29;26;18;35;33;0;39;38;49;59;56;47;48;62;64;65;69;63;-1;No;No;No
2371;15;1;8;10;4;24;16;22;17;25;41;45;0;36;42;56;54;50;48;46;64;71;74;69;65;-1;No;No;No
2372;8;9;6;1;2;25;27;20;21;17;38;41;0;32;36;51;57;55;56;48;63;73;67;62;66;-1;No;No;No
2373;12;14;7;15;13;26;17;27;24;20;32;38;0;34;40;49;46;50;52;51;68;64;71;66;70;-1;No;No;No
2374;13;11;6;8;2;29;21;30;17;19;36;39;0;44;37;49;50;57;59;54;62;67;65;69;71;-1;No;No;No
2375;6;12;5;10;4;18;16;21;17;25;42;37;0;34;33;59;46;58;47;57;71;64;62;65;72;-1;No;No;No
2376;9;14;4;1;2;24;27;26;29;22;40;34;0;37;42;56;55;52;51;58;71;64;65;69;70;-1;No;No;No
2377;8;12;3;13;7;25;24;17;23;19;33;31;0;34;38;50;59;52;55;47;65;70;64;61;74;-1;No;No;No
2378;10;4;1;12;7;20;21;25;19;22;34;38;0;44;31;54;50;55;47;57;72;71;68;65;61;-1;No;No;No
2379;12;8;9;6;10;20;25;16;17;19;41;38;0;37;33;53;49;54;47;58;72;74;73;75;62;-1;No;No;No
2380;9;5;1;8;3;17;18;20;21;22;32;33;0;45;35;58;51;56;53;48;68;66;73;70;72;-1;No;No;No
2381;10;9;11;7;4;27;19;17;25;23;41;32;0;35;33;58;56;55;53;59;62;72;71;67;61;-1;No;No;No
2382;3;1;5;11;4;29;19;20;24;25;35;32;0;39;40;52;54;56;59;58;66;62;67;65;70;-1;No;No;No
2383;6;8;1;13;12;26;17;25;16;21;39;38;0;34;40;52;59;51;46;49;64;75;71;73;72;-1;No;No;No
2384;1;11;6;3;7;18;22;25;20;27;43;42;0;32;31;59;55;52;58;46;62;61;73;67;70;-1;No;No;No
2385;8;9;2;13;4;26;27;16;25;29;36;33;0;37;40;46;55;48;50;59;69;64;68;70;65;-1;No;No;No
2386;2;5;4;13;3;18;17;25;24;16;35;34;0;44;43;54;57;59;49;51;73;67;66;61;70;-1;No;No;No
2387;4;8;3;1;7;22;16;27;17;26;44;33;0;42;38;47;54;50;59;46;73;65;70;69;71;-1;No;No;No
2388;7;2;13;1;12;22;27;24;25;19;35;37;0;36;42;55;49;52;48;57;63;65;69;73;67;-1;No;No;No
2389;4;3;1;14;10;21;19;23;24;16;38;43;0;42;31;60;47;53;52;55;72;71;68;62;63;-1;No;No;No
2390;12;7;8;5;9;25;19;16;26;22;37;34;0;44;32;50;57;46;54;59;61;72;64;67;68;-1;No;No;No
2391;5;2;6;3;1;20;26;23;27;29;40;41;0;34;37;50;52;59;53;51;71;75;72;67;74;-1;No;No;No
2392;8;5;7;2;4;26;24;22;29;16;34;37;0;39;38;59;52;49;57;58;71;65;74;69;66;-1;No;No;No
2393;7;12;2;8;4;16;20;28;17;27;39;40;0;44;31;48;53;54;50;57;62;73;61;70;69;-1;No;No;No
2394;13;8;4;3;5;20;28;24;21;22;38;40;0;34;31;52;59;50;46;56;66;65;71;68;72;-1;No;No;No
2395;5;10;13;1;12;26;17;24;28;22;36;32;0;40;39;49;46;56;48;59;62;65;66;70;71;-1;No;No;No
2396;6;4;2;14;8;27;28;22;17;19;31;32;0;42;41;55;51;56;60;58;62;67;73;68;69;-1;No;No;No
2397;13;6;10;8;7;23;19;21;18;24;31;35;0;38;36;46;54;56;57;53;74;63;67;69;64;-1;No;No;No
2398;5;10;1;7;14;26;28;19;29;27;31;38;0;40;35;46;56;49;48;53;61;67;62;69;72;-1;No;No;No
2399;15;5;14;11;7;16;18;28;25;21;31;36;0;40;41;59;55;53;50;51;68;69;67;62;63;-1;No;No;No
2400;5;12;15;10;1;26;29;21;28;17;44;39;0;32;41;51;48;49;50;56;67;62;68;61;63;-1;No;No;No
2401;7;8;5;3;1;19;27;21;23;26;42;40;0;31;45;46;59;55;56;57;75;61;72;69;73;-1;No;No;No
2402;4;11;8;2;14;26;21;30;25;22;33;40;0;34;44;55;53;47;46;48;66;67;65;75;63;-1;No;No;No
2403;14;6;9;4;2;18;24;29;20;21;32;39;0;31;37;49;50;52;57;58;62;61;74;64;71;-1;No;No;No
2404;10;11;9;5;6;23;19;30;20;24;41;34;0;36;40;53;58;54;47;51;72;63;61;69;64;-1;No;No;No
2405;13;10;8;12;14;25;20;24;22;16;36;32;0;43;34;55;54;50;52;56;69;73;74;67;64;-1;No;No;No
2406;8;12;4;2;1;18;23;28;30;17;45;40;0;31;41;48;52;55;47;59;70;65;64;71;63;-1;No;No;No
2407;2;9;12;14;13;29;21;23;22;28;42;37;0;43;41;48;57;51;52;60;69;62;68;75;67;-1;No;No;No
2408;3;4;11;7;1;19;27;26;30;18;36;35;0;31;39;59;51;49;58;56;73;66;62;61;68;-1;No;No;No
2409;15;6;9;14;5;28;24;21;27;20;36;38;0;35;40;49;56;48;47;58;69;74;71;68;64;-1;No;No;No
2410;1;14;10;5;13;22;18;21;17;19;39;35;0;45;31;48;47;59;56;60;67;70;66;73;65;-1;No;No;No
2411;14;4;10;8;11;18;30;16;26;19;34;31;0;44;39;56;47;57;49;51;62;68;63;67;70;-1;No;No;No
2412;2;6;3;8;1;18;24;28;29;19;32;42;0;34;40;54;49;47;55;46;69;61;67;65;64;-1;No;No;No
2413;11;9;10;12;8;18;21;16;17;19;37;41;0;34;42;57;59;55;58;47;64;65;61;73;68;-1;No;No;No
2414;12;11;4;10;9;21;29;23;25;28;39;44;0;35;32;49;55;59;58;51;72;73;70;64;62;-1;No;No;No
2415;10;4;14;13;11;20;17;26;21;16;32;45;0;33;35;58;48;53;49;55;68;69;70;63;74;-1;No;No;No
2416;2;10;6;14;8;17;19;18;23;29;43;31;0;33;41;47;51;50;53;56;64;63;74;69;66;-1;No;No;No
2417;10;12;8;5;11;26;24;28;22;29;34;41;0;43;31;50;51;49;53;52;62;66;61;75;65;-1;No;No;No
2418;11;10;2;3;14;26;18;27;23;29;38;34;0;42;32;58;55;48;56;49;67;62;69;70;71;-1;No;No;No
2419;9;8;2;6;15;17;30;23;20;29;42;36;0;35;37;59;48;54;51;47;72;63;62;75;69;-1;No;No;No
2420;1;9;2;6;3;16;17;23;26;24;36;45;0;44;34;50;47;60;55;54;69;71;62;66;74;-1;No;No;No
2421;7;4;11;13;5;28;29;21;27;30;36;31;0;44;32;60;56;47;59;58;73;64;65;66;63;-1;No;No;No
2422;13;4;15;3;12;16;27;26;19;28;31;44;0;36;38;48;57;50;54;52;73;62;69;71;68;-1;No;No;No
2423;12;11;8;13;9;18;17;26;27;24;36;41;0;33;43;49;56;54;53;59;63;62;75;66;69;-1;No;No;No
2424;13;15;6;11;7;21;16;29;17;22;33;32;0;39;40;53;55;54;58;51;71;65;73;72;69;-1;No;No;No
2425;10;13;12;5;3;16;28;24;21;18;36;41;0;44;33;57;46;56;54;53;63;75;72;62;73;-1;No;No;No
2426;10;14;11;15;12;30;27;25;23;28;41;39;0;40;31;58;54;55;50;48;71;65;62;64;63;-1;No;No;No
2427;2;7;6;10;9;29;19;22;16;21;37;42;0;31;43;59;48;57;49;52;69;75;64;71;61;-1;No;No;No
2428;13;1;11;3;12;21;30;26;25;23;32;33;0;35;38;53;50;56;58;60;65;61;67;62;71;-1;No;No;No
2429;3;8;9;2;13;22;20;21;30;28;36;32;0;35;31;57;59;54;52;49;74;64;62;65;61;-1;No;No;No
2430;4;12;14;13;5;27;25;21;18;29;37;32;0;36;34;57;53;59;47;56;74;68;69;61;70;-1;No;No;No
2431;1;9;11;5;8;23;20;26;28;24;34;43;0;35;38;53;47;46;59;55;74;63;70;72;68;-1;No;No;No
2432;7;11;3;13;9;17;19;21;25;20;43;33;0;41;32;58;48;59;60;54;74;63;73;62;69;-1;No;No;No
2433;13;4;6;5;10;25;22;23;29;16;39;37;0;35;45;59;58;52;54;47;72;62;73;65;67;-1;No;No;No
2434;8;7;13;2;3;29;19;22;21;20;43;33;0;31;36;57;60;58;46;47;69;75;72;68;67;-1;No;No;No
2435;7;12;6;2;3;18;25;28;27;23;40;45;0;32;41;48;57;56;52;46;71;74;69;73;66;-1;No;No;No
2436;8;12;9;10;3;29;19;20;25;24;31;37;0;41;44;53;59;58;56;47;62;71;63;61;68;-1;No;No;No
2437;3;14;12;5;8;21;17;23;18;20;41;42;0;33;44;54;56;57;55;50;65;63;69;67;74;-1;No;No;No
2438;2;6;4;13;11;16;18;28;23;24;32;35;0;38;42;48;55;53;54;50;72;70;71;62;64;-1;No;No;No
2439;4;11;6;7;13;17;24;29;20;27;33;45;0;39;37;56;47;46;50;58;74;64;67;62;72;-1;No;No;No
2440;5;11;14;6;7;22;19;17;21;20;41;37;0;40;36;50;52;51;57;58;69;63;71;72;73;-1;No;No;No
2441;12;13;8;11;14;21;16;19;22;17;35;31;0;36;38;46;52;57;54;53;72;71;62;69;68;-1;No;No;No
2442;7;4;9;10;15;26;29;23;16;17;36;31;0;42;39;55;46;56;50;51;68;73;71;72;63;-1;No;No;No
2443;13;11;5;2;1;27;26;23;18;17;40;44;0;41;36;56;60;48;57;54;62;71;75;70;74;-1;No;No;No
2444;5;6;8;13;1;22;17;23;18;16;33;45;0;31;37;53;51;52;47;57;65;63;71;73;69;-1;No;No;No
2445;14;3;6;13;7;19;16;23;24;25;34;40;0;36;42;58;59;53;56;57;73;74;68;72;67;-1;No;No;No
2446;11;8;9;15;10;19;27;24;29;22;40;31;0;33;32;50;54;55;53;58;74;62;64;68;73;-1;No;No;No
2447;2;10;6;7;13;17;27;18;24;25;35;42;0;37;41;47;58;51;59;55;72;74;68;70;69;-1;No;No;No
2448;7;10;5;2;1;17;25;29;30;23;43;40;0;39;42;51;60;47;56;55;75;63;67;64;66;-1;No;No;No
2449;6;15;12;14;10;29;17;22;23;16;32;40;0;42;43;54;51;50;56;52;61;69;74;63;75;-1;No;No;No
2450;2;1;8;9;4;28;30;24;18;23;31;42;0;41;32;56;51;49;47;58;73;61;65;66;62;-1;No;No;No
2451;2;12;9;6;7;25;17;26;29;16;34;42;0;37;33;49;52;56;46;60;63;65;66;68;73;-1;No;No;No
2452;13;10;9;4;7;17;16;27;22;26;38;33;0;43;42;58;57;50;52;49;67;72;75;64;63;-1;No;No;No
2453;4;14;2;5;6;25;19;16;27;28;43;40;0;38;32;53;54;59;52;49;63;65;67;72;68;-1;No;No;No
2454;3;5;8;4;7;24;19;20;18;16;34;42;0;32;41;57;60;56;58;59;73;67;62;63;68;-1;No;No;No
2455;4;15;14;5;13;22;24;27;28;16;38;31;0;45;35;60;47;51;46;57;67;61;72;65;64;-1;No;No;No
2456;13;1;8;12;7;29;16;19;24;25;41;32;0;39;37;51;59;57;56;53;70;65;68;66;61;-1;No;No;No
2457;1;11;2;9;14;19;26;16;29;25;39;31;0;44;38;54;47;46;57;52;66;65;72;69;61;-1;No;No;No
2458;13;10;12;6;11;28;27;29;24;16;41;38;0;35;36;59;49;46;57;48;64;63;70;68;74;-1;No;No;No
2459;4;1;3;13;14;17;19;16;24;28;42;45;0;37;36;54;52;53;57;49;63;64;73;69;61;-1;No;No;No
2460;9;1;7;14;11;17;18;26;19;27;43;39;0;38;32;56;48;54;47;53;63;67;70;64;62;-1;No;No;No
2461;7;4;8;14;2;27;26;25;28;16;41;39;0;37;33;53;56;55;57;52;65;63;62;71;66;-1;No;No;No
2462;5;4;14;8;9;17;19;27;26;16;31;42;0;35;39;59;52;48;49;46;74;65;70;72;63;-1;No;No;No
2463;13;12;14;15;7;18;23;20;26;27;37;43;0;33;32;54;60;59;47;52;61;62;68;69;72;-1;No;No;No
2464;12;8;13;10;2;28;27;22;25;24;34;40;0;42;41;46;54;55;50;49;70;69;72;65;61;-1;No;No;No
2465;7;9;13;5;2;28;19;23;25;17;45;31;0;40;41;58;49;59;55;52;66;67;73;71;62;-1;No;No;No
2466;4;9;7;5;8;27;19;16;22;21;32;33;0;43;40;52;51;59;57;50;65;73;62;74;72;-1;No;No;No
2467;7;9;5;14;1;16;20;23;25;28;38;32;0;39;37;49;51;59;57;50;61;70;69;63;62;-1;No;No;No
2468;8;11;4;15;7;21;24;26;18;16;42;38;0;31;39;50;59;47;54;48;72;73;70;68;66;-1;No;No;No
2469;4;1;2;13;12;26;24;21;17;18;36;40;0;33;42;56;49;47;48;53;66;63;70;62;65;-1;No;No;No
2470;4;3;5;10;9;25;17;20;21;28;43;32;0;37;42;54;58;51;56;47;74;62;65;70;71;-1;No;No;No
2471;4;14;11;9;12;18;26;27;23;22;36;37;0;31;41;55;54;51;49;46;73;65;66;70;63;-1;No;No;No
2472;1;3;11;14;13;19;17;23;16;20;37;43;0;38;31;59;56;57;51;60;61;74;66;73;68;-1;No;No;No
2473;7;14;6;5;13;22;18;20;24;25;31;35;0;40;42;54;48;56;52;51;69;73;70;72;66;-1;No;No;No
2474;11;7;12;5;8;27;29;24;26;21;39;41;0;35;43;52;59;53;51;46;73;61;66;68;70;-1;No;No;No
2475;14;11;8;5;12;19;16;26;23;21;38;40;0;34;36;52;51;54;55;50;61;65;67;68;62;-1;No;No;No
2476;8;4;12;2;3;25;19;22;17;24;36;33;0;42;37;57;47;58;48;46;66;62;61;72;70;-1;No;No;No
2477;11;8;14;12;9;27;28;22;20;18;32;45;0;33;34;58;48;54;59;46;64;63;73;69;72;-1;No;No;No
2478;7;5;13;10;3;26;19;23;28;21;34;43;0;36;45;47;56;54;53;48;69;72;64;67;61;-1;No;No;No
2479;14;7;8;2;13;23;28;22;16;19;34;32;0;44;31;46;51;48;53;52;61;74;63;71;67;-1;No;No;No
2480;7;12;13;11;9;22;25;19;20;18;39;44;0;34;35;50;51;52;60;47;62;63;66;67;74;-1;No;No;No
2481;8;4;10;3;9;28;22;26;24;25;31;35;0;42;32;46;50;47;59;49;63;68;70;73;65;-1;No;No;No
2482;5;4;9;2;7;27;25;26;22;16;32;31;0;44;36;59;51;58;60;49;65;70;61;71;64;-1;No;No;No
2483;8;9;12;11;2;17;30;24;27;16;41;36;0;40;32;53;47;51;49;52;72;68;61;66;64;-1;No;No;No
2484;3;12;6;13;8;18;24;28;21;20;34;31;0;44;41;55;58;49;54;51;71;68;70;63;75;-1;No;No;No
2485;7;12;6;5;1;19;21;18;22;27;40;42;0;39;31;58;59;46;47;54;67;66;75;65;74;-1;No;No;No
2486;7;11;5;14;10;26;23;25;28;21;34;39;0;40;38;55;59;49;54;47;68;67;73;71;66;-1;No;No;No
2487;9;6;2;14;10;24;17;18;25;23;38;33;0;34;45;54;56;50;48;52;65;61;64;71;74;-1;No;No;No
2488;14;3;15;12;7;18;25;29;24;28;35;42;0;31;33;54;51;60;55;53;61;67;75;72;73;-1;No;No;No
2489;3;9;5;10;8;16;27;21;29;30;41;33;0;31;43;47;46;53;54;52;67;70;68;71;64;-1;No;No;No
2490;6;3;5;13;14;30;21;20;27;19;41;36;0;44;34;56;55;49;60;51;73;75;61;67;64;-1;No;No;No
2491;14;6;13;3;12;23;16;29;24;18;33;36;0;38;45;46;54;58;59;52;70;68;74;66;72;-1;No;No;No
2492;3;12;15;7;14;27;21;23;25;24;41;38;0;36;34;55;57;58;53;49;65;71;69;62;61;-1;No;No;No
2493;5;3;2;14;6;16;25;19;24;29;41;34;0;39;36;47;49;52;50;48;68;66;71;64;69;-1;No;No;No
2494;3;7;12;4;13;26;24;28;18;16;39;36;0;31;37;53;49;46;56;60;67;71;72;66;62;-1;No;No;No
2495;1;4;15;3;12;18;16;20;22;17;33;42;0;43;31;53;58;52;55;57;74;65;64;72;75;-1;No;No;No
2496;10;9;15;13;1;24;21;23;29;18;31;34;0;43;42;58;48;49;47;50;69;75;61;64;71;-1;No;No;No
2497;3;8;6;5;4;30;17;19;23;22;33;36;0;40;34;49;58;46;59;48;67;72;68;63;65;-1;No;No;No
2498;4;2;15;11;13;28;19;25;20;23;42;38;0;32;36;58;51;52;50;47;74;61;64;71;70;-1;No;No;No
2499;2;8;14;13;6;17;26;21;25;27;37;32;0;41;39;58;56;53;48;52;69;64;73;70;72;-1;No;No;No
2500;14;3;10;9;4;29;17;20;25;18;33;41;0;45;44;49;58;50;46;47;63;73;74;61;66;-1;No;No;No
2501;2;6;12;1;9;21;19;24;20;29;41;42;0;31;34;47;57;55;46;49;64;63;69;62;73;-1;No;No;No
2502;6;13;3;4;12;22;25;29;23;16;31;38;0;33;32;58;50;54;52;57;64;71;62;72;74;-1;No;No;No
2503;13;10;7;1;12;25;27;23;22;29;45;44;0;32;34;57;47;46;53;56;61;74;71;73;64;-1;No;No;No
2504;15;6;4;10;5;22;26;25;27;16;36;35;0;44;37;59;56;49;55;47;69;64;61;74;73;-1;No;No;No
2505;3;13;1;4;9;18;29;17;22;24;34;42;0;37;44;55;59;58;50;53;63;65;72;66;61;-1;No;No;No
2506;5;13;12;2;6;18;24;28;30;17;44;38;0;36;32;56;53;48;58;49;66;70;74;65;73;-1;No;No;No
2507;8;15;1;9;14;29;24;28;20;22;38;37;0;41;35;56;58;52;53;55;64;74;65;62;72;-1;No;No;No
2508;5;11;4;10;3;28;24;26;22;25;42;39;0;36;40;50;55;52;60;49;63;62;61;65;74;-1;No;No;No
2509;3;15;9;2;14;24;25;22;29;16;37;33;0;36;40;55;53;46;59;56;72;73;67;63;61;-1;No;No;No
2510;4;8;14;3;15;16;22;24;19;23;34;33;0;41;32;54;55;48;49;53;68;67;66;70;73;-1;No;No;No
2511;11;12;5;10;4;16;21;20;17;29;34;45;0;41;31;49;48;52;59;56;69;68;63;61;70;-1;No;No;No
2512;12;13;2;4;5;21;17;28;27;19;40;39;0;42;34;54;52;57;51;58;69;73;75;66;68;-1;No;No;No
2513;1;14;5;7;11;27;28;30;24;17;33;35;0;40;34;58;47;60;57;50;73;67;62;61;74;-1;No;No;No
2514;4;6;14;11;8;20;23;29;18;26;32;43;0;42;35;58;48;54;50;49;66;71;72;69;68;-1;No;No;No
2515;14;4;1;13;3;29;28;16;18;19;32;31;0;42;40;59;53;54;50;46;65;68;71;74;62;-1;No;No;No
2516;5;3;7;9;1;19;17;27;16;22;33;44;0;43;40;57;53;48;55;51;71;74;61;68;63;-1;No;No;No
2517;4;11;5;9;7;20;28;18;21;23;43;42;0;39;31;49;54;53;57;47;67;70;62;73;72;-1;No;No;No
2518;15;14;6;9;4;18;27;28;23;16;38;41;0;35;43;49;54;46;50;56;66;69;73;63;68;-1;No;No;No
2519;14;12;2;11;13;22;18;24;23;19;35;42;0;44;31;46;54;55;53;49;74;65;68;70;61;-1;No;No;No
2520;9;1;12;11;5;26;29;27;22;23;43;36;0;39;33;59;46;58;57;54;62;64;67;70;75;-1;No;No;No
2521;3;8;10;13;4;20;21;24;26;29;37;36;0;35;39;49;59;50;55;53;72;73;67;66;71;-1;No;No;No
2522;1;4;13;5;3;17;22;28;18;26;41;36;0;33;35;50;52;49;54;56;62;68;61;66;72;-1;No;No;No
2523;11;14;7;5;13;28;21;22;27;30;41;42;0;39;36;53;48;46;57;51;71;61;73;67;72;-1;No;No;No
2524;14;6;10;9;7;17;23;22;19;16;31;36;0;33;35;46;57;58;53;48;68;66;74;71;73;-1;No;No;No
2525;12;4;14;1;15;24;21;29;27;18;38;43;0;45;31;48;57;60;58;54;72;66;62;63;73;-1;No;No;No
2526;14;2;15;11;6;25;21;18;17;27;38;43;0;35;40;58;54;46;59;57;66;73;72;62;71;-1;No;No;No
2527;15;2;4;1;6;21;16;26;18;19;32;35;0;41;37;47;46;54;57;55;61;75;62;69;66;-1;No;No;No
2528;14;10;2;3;12;18;27;16;21;23;34;35;0;31;32;48;56;58;47;52;74;71;73;67;70;-1;No;No;No
2529;12;5;15;13;7;26;28;30;23;17;35;38;0;40;34;60;46;57;53;47;68;67;64;65;69;-1;No;No;No
2530;13;11;4;15;14;18;28;19;24;16;36;33;0;41;44;48;54;59;58;52;67;68;61;75;69;-1;No;No;No
2531;7;4;11;15;14;16;29;21;28;22;42;44;0;43;31;52;55;51;53;57;69;66;64;71;63;-1;No;No;No
2532;1;13;10;11;8;29;18;28;24;27;35;31;0;34;39;51;54;56;57;47;73;64;66;63;70;-1;No;No;No
2533;1;13;8;9;14;26;19;16;27;23;34;38;0;37;35;52;48;55;59;57;64;68;70;62;74;-1;No;No;No
2534;14;13;10;9;7;17;19;25;16;27;44;35;0;43;33;49;48;50;52;57;61;75;67;66;62;-1;No;No;No
2535;14;5;2;6;10;16;22;19;17;20;39;38;0;44;33;57;52;49;56;46;63;70;67;74;62;-1;No;No;No
2536;6;14;8;12;2;18;19;27;17;24;37;42;0;36;34;46;59;53;56;54;64;72;62;74;63;-1;No;No;No
2537;12;9;4;14;10;17;21;18;23;29;44;45;0;31;43;52;60;55;49;54;64;66;71;69;61;-1;No;No;No
2538;5;14;1;2;10;17;20;21;19;28;36;41;0;31;37;47;50;58;59;56;61;67;75;74;65;-1;No;No;No
2539;12;4;5;11;2;20;27;28;25;29;39;44;0;43;34;49;56;58;57;51;74;64;66;63;68;-1;No;No;No
2540;5;14;6;1;11;26;28;22;16;29;40;35;0;31;43;56;55;59;52;49;74;73;69;71;68;-1;No;No;No
2541;13;10;6;12;4;22;17;26;18;16;42;35;0;31;41;54;49;51;46;47;74;73;62;69;64;-1;No;No;No
2542;11;5;14;4;1;25;21;28;27;24;32;36;0;42;43;48;56;57;51;50;63;72;62;71;64;-1;No;No;No
2543;3;14;13;9;5;22;20;26;24;17;39;32;0;43;36;52;51;58;54;59;62;71;61;64;69;-1;No;No;No
2544;6;10;4;2;5;28;25;24;22;20;37;32;0;38;44;56;52;57;51;55;73;61;75;69;70;-1;No;No;No
2545;9;8;1;2;7;23;25;17;28;24;33;36;0;32;44;55;52;50;56;60;74;64;67;69;66;-1;No;No;No
2546;9;6;12;5;13;19;24;18;20;27;35;33;0;44;39;58;52;60;55;56;62;69;74;70;64;-1;No;No;No
2547;15;13;4;2;10;17;27;29;23;20;34;35;0;44;42;52;50;57;59;56;75;69;61;72;71;-1;No;No;No
2548;5;7;3;6;11;16;19;22;20;23;32;43;0;34;35;58;54;46;51;50;74;67;66;71;68;-1;No;No;No
2549;7;13;6;1;2;16;25;30;23;19;39;33;0;34;44;49;54;46;57;53;69;72;64;71;62;-1;No;No;No
2550;14;8;9;10;3;17;28;21;19;26;40;32;0;45;36;55;51;57;47;50;73;61;62;71;67;-1;No;No;No
2551;5;3;8;7;4;23;19;16;20;28;35;39;0;37;34;58;49;51;50;52;71;61;63;65;73;-1;No;No;No
2552;14;3;10;8;6;25;22;17;16;29;43;33;0;34;42;51;48;49;56;55;65;67;62;70;64;-1;No;No;No
2553;2;9;8;5;12;24;21;20;22;23;35;39;0;32;34;60;47;52;53;54;66;73;65;69;70;-1;No;No;No
2554;2;12;14;8;7;29;20;23;24;19;31;41;0;35;42;47;48;56;52;57;68;61;71;64;69;-1;No;No;No
2555;6;13;9;4;12;29;21;26;22;16;38;44;0;33;34;50;59;51;60;52;62;67;75;68;66;-1;No;No;No
2556;11;5;4;1;7;28;23;24;16;25;36;33;0;43;41;54;50;60;53;47;66;61;67;63;71;-1;No;No;No
2557;9;2;13;7;12;19;20;22;28;17;32;31;0;44;40;50;53;51;59;55;64;71;74;65;72;-1;No;No;No
2558;8;13;14;12;9;16;25;21;24;27;41;39;0;31;38;49;55;59;54;47;69;62;61;73;66;-1;No;No;No
2559;13;2;10;8;15;18;22;16;27;25;39;33;0;43;41;50;57;54;51;56;72;65;68;74;62;-1;No;No;No
2560;10;8;15;11;13;25;22;18;27;28;41;35;0;39;31;57;48;49;56;54;63;67;70;69;74;-1;No;No;No
2561;5;3;11;4;7;29;23;19;24;20;38;39;0;34;32;50;57;60;46;56;63;65;62;74;72;-1;No;No;No
2562;9;4;5;3;8;16;26;24;23;28;39;35;0;43;41;50;52;51;46;58;61;62;69;64;66;-1;No;No;No
2563;7;13;1;15;14;24;29;19;21;27;39;34;0;31;37;53;59;58;46;52;67;62;65;70;71;-1;No;No;No
2564;8;5;12;14;10;23;26;20;22;19;31;41;0;39;32;47;46;59;51;54;66;74;68;65;64;-1;No;No;No
2565;11;10;8;9;2;24;25;20;22;17;33;36;0;44;40;52;53;60;56;49;66;74;67;62;73;-1;No;No;No
2566;9;2;8;7;1;23;19;21;17;24;37;34;0;41;40;55;48;56;54;47;70;64;69;71;67;-1;No;No;No
2567;14;2;9;10;5;21;20;19;18;25;40;43;0;39;32;51;46;57;56;48;64;61;62;68;69;-1;No;No;No
2568;4;12;8;14;13;28;21;29;17;25;31;32;0;34;43;50;53;51;48;60;64;62;69;66;72;-1;No;No;No
2569;13;14;10;9;6;30;18;29;25;28;31;42;0;36;35;54;48;59;50;55;64;73;62;67;68;-1;No;No;No
2570;4;3;9;13;8;16;23;18;26;17;40;42;0;35;41;50;51;54;60;59;66;75;61;68;63;-1;No;No;No
2571;10;4;1;9;11;28;23;18;30;26;42;40;0;31;44;55;47;58;50;49;63;72;70;66;74;-1;No;No;No
2572;10;4;12;1;9;23;29;17;25;22;35;43;0;33;39;57;60;50;48;51;73;69;68;67;66;-1;No;No;No
2573;13;14;9;3;8;29;17;26;16;28;43;36;0;40;35;51;52;59;50;58;70;66;72;74;61;-1;No;No;No
2574;5;14;8;7;12;25;21;18;17;23;44;43;0;31;33;51;50;48;52;59;61;63;67;74;75;-1;No;No;No
2575;10;3;14;1;7;28;29;21;16;20;42;45;0;43;37;60;47;50;52;49;73;62;71;63;72;-1;No;No;No
2576;5;7;6;13;3;25;23;26;27;19;32;39;0;36;31;51;53;57;54;49;68;73;61;75;65;-1;No;No;No
2577;4;13;11;10;12;20;23;16;19;27;34;32;0;43;31;51;54;47;50;55;71;66;61;68;65;-1;No;No;No
2578;13;3;7;10;14;28;17;23;24;18;34;42;0;31;36;54;57;47;52;58;62;74;65;64;71;-1;No;No;No
2579;12;13;8;11;4;18;16;29;21;20;40;33;0;34;43;52;46;59;53;55;65;67;71;61;73;-1;No;No;No
2580;6;3;9;14;8;23;20;24;22;29;44;40;0;42;35;60;53;56;58;55;74;71;72;73;66;-1;No;No;No
2581;4;9;14;6;11;29;30;28;26;25;34;36;0;35;31;59;50;46;57;54;61;66;63;70;73;-1;No;No;No
2582;3;6;13;7;11;18;21;20;16;29;37;38;0;33;36;53;57;46;58;48;63;74;70;71;68;-1;No;No;No
2583;12;4;1;6;10;23;29;25;18;24;43;38;0;41;42;55;54;59;51;48;63;71;68;64;66;-1;No;No;No
2584;14;8;11;13;10;18;23;24;29;25;35;38;0;33;31;47;50;49;58;52;67;61;71;64;63;-1;No;No;No
2585;6;7;9;14;8;25;23;20;21;24;32;33;0;38;39;47;55;51;56;53;64;61;75;71;74;-1;No;No;No
2586;8;7;1;6;4;18;29;21;26;17;33;42;0;32;39;48;58;46;60;50;70;61;72;64;67;-1;No;No;No
2587;7;2;13;9;8;28;29;23;22;19;37;31;0;44;42;49;56;53;58;50;66;73;68;65;67;-1;No;No;No
2588;13;7;9;4;14;20;19;25;21;28;33;35;0;36;42;58;47;52;59;49;73;62;66;64;67;-1;No;No;No
2589;9;5;2;13;6;24;23;25;29;17;40;37;0;36;32;60;57;58;54;53;72;70;61;73;67;-1;No;No;No
2590;9;12;2;8;3;23;29;26;30;24;42;35;0;34;36;48;46;56;53;49;72;70;69;63;68;-1;No;No;No
2591;13;7;9;10;4;28;16;26;21;19;40;34;0;32;41;51;52;49;59;46;72;68;73;62;65;-1;No;No;No
2592;2;12;1;6;8;18;21;27;29;28;43;34;0;33;38;49;54;52;59;58;62;70;68;71;66;-1;No;No;No
2593;6;14;5;4;3;26;18;17;25;19;43;32;0;41;31;59;56;51;55;49;65;63;73;66;62;-1;No;No;No
2594;1;2;9;3;8;17;22;23;18;30;41;43;0;39;42;47;50;51;54;57;69;61;65;66;70;-1;No;No;No
2595;2;4;7;13;14;26;28;21;16;23;43;42;0;39;41;47;56;49;60;46;73;65;68;64;62;-1;No;No;No
2596;9;7;12;5;4;27;18;26;28;30;31;41;0;45;38;58;52;48;56;54;71;61;67;73;72;-1;No;No;No
2597;1;9;6;4;13;20;28;18;16;21;41;44;0;35;36;48;56;50;49;59;64;69;70;67;65;-1;No;No;No
2598;7;1;10;3;6;26;18;17;25;20;33;31;0;42;37;56;48;50;60;46;67;62;74;73;71;-1;No;No;No
2599;12;14;3;15;13;26;18;27;23;25;34;37;0;35;43;58;51;59;53;50;68;65;62;69;63;-1;No;No;No
2600;5;1;7;4;8;26;19;20;24;28;42;40;0;41;37;59;57;47;52;58;65;63;70;66;73;-1;No;No;No
2601;8;3;7;2;10;18;19;24;27;25;37;41;0;45;38;58;54;50;52;46;63;61;68;70;67;-1;No;No;No
2602;10;4;9;14;6;24;19;18;20;28;39;44;0;38;42;49;50;48;55;53;61;68;66;62;65;-1;No;No;No
2603;8;14;2;15;3;20;24;25;17;16;44;41;0;45;39;51;50;49;48;56;74;64;66;68;73;-1;No;No;No
2604;5;4;9;1;11;17;19;29;27;22;37;39;0;44;45;59;49;52;46;53;67;69;72;65;68;-1;No;No;No
2605;4;11;3;9;12;29;28;22;26;20;37;43;0;31;32;57;58;49;51;54;68;65;64;69;61;-1;No;No;No
2606;13;8;11;3;14;29;17;24;30;21;34;31;0;32;43;48;56;50;54;59;70;65;74;63;71;-1;No;No;No
2607;12;8;3;6;13;25;27;29;18;20;43;36;0;44;37;46;59;49;51;48;61;73;67;63;64;-1;No;No;No
2608;5;14;13;11;3;29;24;20;28;21;40;33;0;37;43;58;48;51;59;46;69;75;74;62;73;-1;No;No;No
2609;14;13;15;1;6;25;17;24;20;27;34;33;0;42;38;56;60;58;49;48;73;70;75;68;62;-1;No;No;No
2610;7;9;3;8;14;28;17;19;22;27;41;39;0;42;36;48;57;60;52;49;64;71;62;72;65;-1;No;No;No
2611;3;5;4;8;11;22;19;17;26;20;43;44;0;35;31;57;58;52;56;50;70;64;61;63;71;-1;No;No;No
2612;1;15;2;5;11;28;29;20;17;22;40;38;0;35;44;53;46;56;54;60;68;62;64;72;73;-1;No;No;No
2613;8;5;11;9;4;20;17;28;21;16;39;44;0;40;42;56;50;60;57;48;62;65;74;61;69;-1;No;No;No
2614;14;11;9;5;10;18;19;23;16;17;36;43;0;38;32;60;47;52;56;51;70;69;75;65;61;-1;No;No;No
2615;3;2;5;9;14;19;17;20;29;25;31;44;0;37;38;59;50;55;57;52;65;72;66;75;68;-1;No;No;No
2616;11;7;5;2;13;24;22;17;23;18;43;34;0;33;44;57;56;60;52;59;72;63;70;68;67;-1;No;No;No
2617;2;7;12;8;10;29;18;22;25;16;35;37;0;32;34;58;52;59;51;53;62;75;72;69;61;-1;No;No;No
2618;4;10;1;12;11;18;26;30;24;23;44;31;0;39;33;48;47;58;56;52;65;64;68;61;66;-1;No;No;No
2619;7;3;10;12;8;23;22;16;25;19;33;34;0;44;39;50;48;53;57;49;70;61;66;71;63;-1;No;No;No
2620;13;5;6;12;1;25;30;16;19;24;39;31;0;37;38;54;59;58;56;50;61;66;68;65;67;-1;No;No;No
2621;13;12;5;6;1;23;30;24;16;19;36;32;0;31;33;47;60;51;46;59;68;69;64;63;71;-1;No;No;No
2622;8;13;1;9;3;16;28;20;21;17;36;40;0;41;43;57;49;55;47;50;69;72;73;62;67;-1;No;No;No
2623;9;7;8;6;10;16;27;19;22;29;43;42;0;35;34;58;46;56;51;52;73;63;66;64;74;-1;No;No;No
2624;10;9;6;7;14;21;30;23;18;19;36;44;0;39;40;60;47;57;53;52;75;62;67;72;69;-1;No;No;No
2625;14;4;8;10;2;24;21;19;20;27;37;41;0;33;45;55;47;48;54;51;63;74;75;62;71;-1;No;No;No
2626;8;14;7;15;9;29;20;25;21;19;34;41;0;42;32;46;48;54;50;57;74;66;70;75;65;-1;No;No;No
2627;4;7;11;9;12;17;20;24;19;29;36;42;0;40;31;57;52;54;55;49;70;69;67;63;68;-1;No;No;No
2628;2;1;12;13;11;27;19;28;20;24;39;40;0;43;32;60;51;47;55;53;64;68;74;66;75;-1;No;No;No
2629;10;5;1;9;13;27;24;19;21;22;43;33;0;40;35;57;50;55;47;60;75;65;66;63;61;-1;No;No;No
2630;10;13;7;15;14;20;24;30;29;17;39;37;0;31;44;53;59;57;49;52;72;67;71;70;63;-1;No;No;No
2631;8;7;4;2;10;19;29;26;28;25;41;43;0;33;34;59;50;57;56;51;65;64;61;68;66;-1;No;No;No
2632;3;11;9;5;14;22;26;19;20;25;38;36;0;34;35;46;55;50;51;56;68;63;72;71;70;-1;No;No;No
2633;10;5;1;14;2;27;18;24;25;16;40;39;0;36;37;57;59;60;47;54;72;73;70;63;66;-1;No;No;No
2634;8;2;11;13;1;26;17;16;25;22;35;45;0;31;44;52;55;57;58;51;68;70;72;64;75;-1;No;No;No
2635;5;12;7;4;9;24;25;16;22;20;39;33;0;41;44;56;57;49;50;52;72;71;68;70;64;-1;No;No;No
2636;11;7;9;10;15;19;27;24;29;20;31;34;0;42;35;56;50;47;55;53;72;74;64;75;67;-1;No;No;No
2637;8;9;14;10;2;23;25;19;24;27;32;33;0;45;43;48;50;57;54;49;70;74;75;62;73;-1;No;No;No
2638;1;3;8;4;6;18;20;28;16;30;33;37;0;41;32;47;48;51;57;52;71;70;66;75;61;-1;No;No;No
2639;14;4;13;5;10;18;19;30;25;26;37;42;0;45;34;59;51;46;55;48;70;63;69;68;65;-1;No;No;No
2640;5;15;7;11;2;28;29;25;24;21;32;35;0;43;40;56;49;51;54;53;63;74;68;70;65;-1;No;No;No
2641;3;12;1;6;2;27;16;21;29;24;33;35;0;39;43;46;49;60;48;55;65;68;67;64;72;-1;No;No;No
2642;13;3;5;10;6;27;18;23;20;26;31;38;0;37;33;58;56;52;49;53;62;67;66;63;72;-1;No;No;No
2643;12;7;4;6;14;20;24;28;19;17;35;41;0;33;39;54;52;47;53;57;64;65;74;72;68;-1;No;No;No
2644;9;13;6;11;4;26;27;23;29;18;40;41;0;38;32;56;51;59;52;53;63;65;68;64;61;-1;No;No;No
2645;14;9;7;13;10;29;28;25;17;16;44;40;0;38;36;52;49;47;55;54;72;68;67;73;69;-1;No;No;No
2646;4;2;13;11;3;27;18;17;16;19;36;44;0;34;38;57;59;53;56;49;63;71;68;72;62;-1;No;No;No
2647;10;7;3;14;12;18;28;16;25;24;35;39;0;31;33;54;50;46;55;48;64;66;75;65;72;-1;No;No;No
2648;3;13;9;10;4;30;22;27;23;28;39;41;0;31;43;52;55;53;54;56;69;72;74;64;66;-1;No;No;No
2649;6;12;13;8;10;21;16;22;27;17;38;45;0;36;37;60;47;46;49;57;71;68;69;70;67;-1;No;No;No
2650;12;3;7;6;1;21;20;27;19;28;33;40;0;36;34;47;54;55;58;57;61;64;73;68;67;-1;No;No;No
2651;5;13;11;3;1;19;25;24;26;16;37;43;0;44;39;58;48;57;51;52;68;65;71;72;66;-1;No;No;No
2652;3;14;13;12;4;18;17;21;19;28;33;39;0;45;32;49;50;52;46;47;68;70;62;73;61;-1;No;No;No
2653;1;10;7;2;4;25;20;28;30;16;37;36;0;33;39;58;56;54;46;60;61;72;65;62;67;-1;No;No;No
2654;10;11;12;13;9;29;16;27;28;18;34;35;0;40;43;51;56;52;60;59;66;64;71;62;65;-1;No;No;No
2655;10;12;9;2;8;27;26;28;17;19;38;32;0;37;39;57;58;55;59;50;62;66;63;74;61;-1;No;No;No
2656;5;9;7;15;14;27;22;30;16;23;37;45;0;43;41;48;52;49;57;55;62;68;71;75;73;-1;No;No;No
2657;8;13;7;12;9;30;22;18;20;28;31;43;0;45;35;58;46;52;49;57;62;68;69;72;71;-1;No;No;No
2658;7;3;8;13;12;26;24;27;29;20;41;31;0;45;42;50;51;49;60;59;63;69;74;68;62;-1;No;No;No
2659;12;3;6;5;1;17;29;24;28;16;40;41;0;36;43;50;56;55;52;53;64;66;62;70;75;-1;No;No;No
2660;2;1;11;7;10;21;29;28;16;19;39;36;0;41;33;57;53;55;60;46;64;63;71;61;74;-1;No;No;No
2661;3;13;11;1;9;18;19;20;29;27;32;43;0;33;36;57;54;49;56;51;73;64;71;70;61;-1;No;No;No
2662;12;10;8;6;1;23;16;29;30;19;40;37;0;35;41;55;57;56;54;50;63;61;72;65;62;-1;No;No;No
2663;5;6;13;2;4;21;25;28;17;20;41;45;0;36;43;54;55;47;53;60;61;75;70;64;74;-1;No;No;No
2664;4;3;15;12;7;19;16;22;18;23;41;39;0;42;38;55;50;56;57;46;67;72;61;70;64;-1;No;No;No
2665;4;14;10;15;12;22;26;20;23;18;32;37;0;42;31;48;51;58;50;57;66;61;70;71;74;-1;No;No;No
2666;1;7;15;3;5;28;29;20;26;16;42;34;0;45;33;57;56;52;49;58;71;67;61;73;75;-1;No;No;No
2667;12;15;13;3;14;26;17;28;20;29;42;43;0;41;31;53;54;51;56;48;65;67;74;61;69;-1;No;No;No
2668;2;7;5;12;15;22;24;26;25;28;44;37;0;41;42;60;56;57;54;55;67;68;65;71;64;-1;No;No;No
2669;11;8;4;10;1;21;18;25;19;20;35;37;0;31;45;54;49;47;57;53;73;71;65;64;63;-1;No;No;No
2670;12;9;3;4;2;29;21;20;22;17;38;33;0;42;45;47;57;55;50;58;63;62;68;74;71;-1;No;No;No
2671;12;14;2;5;13;18;20;26;16;28;45;40;0;36;42;51;55;46;58;50;71;61;73;62;64;-1;No;No;No
2672;15;13;8;6;12;21;28;29;25;30;35;31;0;44;42;47;52;58;55;59;62;65;64;68;73;-1;No;No;No
2673;3;13;5;9;11;22;27;24;18;25;31;38;0;34;35;53;60;56;57;51;66;62;61;69;63;-1;No;No;No
2674;5;7;12;6;4;25;18;17;24;28;36;33;0;45;40;57;47;51;48;52;74;63;67;73;62;-1;No;No;No
2675;5;13;11;14;15;16;17;23;21;20;44;42;0;38;35;47;57;58;49;55;67;72;68;73;66;-1;No;No;No
2676;7;3;5;4;9;17;20;19;18;29;31;35;0;39;44;56;51;59;52;54;66;74;67;63;61;-1;No;No;No
2677;8;2;7;9;11;24;22;18;29;17;39;31;0;42;35;49;46;56;50;57;74;66;73;69;65;-1;No;No;No
2678;8;14;5;2;9;18;26;22;19;21;39;33;0;36;41;48;52;54;57;50;63;62;72;69;70;-1;No;No;No
2679;4;8;2;12;9;21;20;18;16;28;42;35;0;40;38;55;53;59;57;54;69;75;64;70;71;-1;No;No;No
2680;10;3;15;9;8;29;17;22;30;28;32;41;0;42;40;47;52;54;55;48;72;64;66;69;68;-1;No;No;No
2681;6;5;9;12;8;22;16;18;26;27;36;41;0;45;43;46;55;49;54;48;69;64;67;75;74;-1;No;No;No
2682;10;14;13;11;6;20;21;16;27;17;31;43;0;37;36;57;52;50;46;47;72;67;74;65;66;-1;No;No;No
2683;11;6;10;9;2;29;27;23;19;30;44;31;0;33;34;56;52;48;46;47;73;63;68;64;74;-1;No;No;No
2684;13;14;1;2;3;20;16;18;23;27;34;38;0;36;35;47;60;50;57;54;74;62;61;67;66;-1;No;No;No
2685;8;13;10;4;3;21;20;28;17;26;40;37;0;43;34;49;47;54;50;51;65;64;74;67;70;-1;No;No;No
2686;11;1;14;3;6;30;29;26;25;16;34;40;0;42;37;53;48;57;50;59;65;69;64;61;67;-1;No;No;No
2687;1;10;6;12;5;25;20;23;29;30;37;44;0;42;32;52;50;57;51;53;66;73;62;61;70;-1;No;No;No
2688;6;15;10;3;1;19;18;16;27;29;33;44;0;36;32;55;59;46;60;53;75;68;72;67;70;-1;No;No;No
2689;5;11;7;12;9;22;28;17;27;21;37;42;0;40;44;50;46;54;49;55;71;63;62;64;74;-1;No;No;No
2690;14;12;15;4;11;26;18;19;29;27;37;35;0;34;43;56;58;50;60;54;65;71;62;64;66;-1;No;No;No
2691;6;8;7;3;2;22;18;17;25;19;39;33;0;40;38;49;50;57;48;55;66;73;64;69;72;-1;No;No;No
2692;5;11;1;4;12;28;16;26;21;20;34;43;0;31;37;50;59;51;47;60;66;72;75;69;70;-1;No;No;No
2693;7;5;14;6;2;27;21;16;23;24;45;44;0;35;41;59;57;60;54;56;68;69;66;63;61;-1;No;No;No
2694;5;7;11;8;12;30;25;21;29;22;33;31;0;39;36;55;47;50;53;58;63;72;73;61;74;-1;No;No;No
2695;4;2;5;9;12;22;16;26;24;29;44;40;0;37;33;57;56;58;50;51;70;72;67;63;68;-1;No;No;No
2696;10;13;8;3;1;23;30;28;17;20;43;35;0;33;34;46;51;59;55;47;72;68;62;61;65;-1;No;No;No
2697;15;1;13;8;9;19;23;16;21;26;34;35;0;40;36;54;50;52;49;48;64;72;74;62;65;-1;No;No;No
2698;6;14;10;13;4;18;27;16;19;26;39;40;0;33;31;59;57;46;48;52;73;64;71;70;61;-1;No;No;No
2699;3;13;11;10;9;28;30;25;22;16;35;43;0;45;42;48;47;52;53;57;70;63;61;73;72;-1;No;No;No
2700;13;3;7;4;11;30;19;21;29;18;40;34;0;39;33;50;60;48;59;49;71;75;61;65;64;-1;No;No;No
2701;11;13;10;1;8;29;27;18;28;26;45;35;0;41;31;46;48;52;57;56;68;61;71;70;74;-1;No;No;No
2702;14;9;2;4;7;23;18;26;21;27;44;42;0;32;37;58;51;50;57;54;64;70;67;71;75;-1;No;No;No
2703;3;4;7;12;14;19;29;26;23;17;41;42;0;44;32;48;46;58;49;55;72;64;65;62;74;-1;No;No;No
2704;10;7;2;13;9;24;19;26;29;16;37;33;0;42;36;60;58;52;48;59;69;71;66;63;61;-1;No;No;No
2705;2;1;4;5;7;23;21;22;24;25;45;39;0;41;34;53;58;52;48;55;68;61;70;64;69;-1;No;No;No
2706;14;1;15;4;11;18;19;26;17;29;37;38;0;31;34;53;52;54;59;57;66;70;68;62;61;-1;No;No;No
2707;3;8;10;2;15;28;22;20;25;23;36;44;0;32;34;50;53;54;52;59;75;67;62;71;70;-1;No;No;No
2708;9;10;1;13;15;17;20;26;22;21;32;40;0;42;36;60;55;57;50;51;61;63;62;68;65;-1;No;No;No
2709;10;8;14;1;9;17;20;23;16;25;31;34;0;44;42;58;52;48;53;54;75;64;72;70;65;-1;No;No;No
2710;10;6;12;14;7;27;20;29;28;21;31;33;0;42;37;52;49;57;56;48;75;70;66;72;67;-1;No;No;No
2711;7;9;15;11;5;28;23;29;22;18;38;41;0;35;31;52;57;59;48;54;70;61;69;67;72;-1;No;No;No
2712;7;6;3;13;15;24;26;22;25;29;33;36;0;35;41;54;58;59;49;53;61;73;64;72;65;-1;No;No;No
2713;4;2;8;3;11;26;22;19;30;28;41;40;0;34;44;49;55;60;54;56;62;74;72;64;63;-1;No;No;No
2714;13;11;1;10;7;23;30;25;19;18;35;42;0;33;43;51;60;58;49;59;73;68;74;61;69;-1;No;No;No
2715;3;4;12;1;5;17;27;23;25;20;37;35;0;43;34;46;54;53;55;56;75;67;71;64;62;-1;No;No;No
2716;8;14;7;12;4;24;22;29;16;20;38;33;0;43;36;57;58;54;56;59;75;73;64;68;69;-1;No;No;No
2717;8;12;9;3;1;27;18;22;17;28;43;45;0;38;35;46;47;56;58;60;64;75;71;70;69;-1;No;No;No
2718;6;13;9;8;5;28;22;23;21;25;44;35;0;33;34;52;55;50;47;49;62;71;63;64;72;-1;No;No;No
2719;12;14;3;10;5;21;23;25;20;16;37;38;0;43;36;58;47;56;48;55;67;65;69;66;74;-1;No;No;No
2720;10;1;11;9;6;20;22;26;18;23;42;34;0;41;37;46;56;57;49;60;72;68;70;74;69;-1;No;No;No
2721;8;3;12;1;13;16;25;28;29;30;38;44;0;39;40;58;57;49;52;48;63;70;71;68;67;-1;No;No;No
2722;12;1;13;3;6;17;20;29;27;16;34;31;0;40;41;60;51;58;49;52;74;71;64;69;70;-1;No;No;No
2723;9;2;12;11;10;20;19;16;23;21;35;34;0;33;36;57;50;51;55;59;67;70;61;65;74;-1;No;No;No
2724;14;5;8;1;4;17;25;23;16;30;31;45;0;39;32;53;49;52;51;54;61;70;64;62;67;-1;No;No;No
2725;13;7;5;10;8;29;17;24;28;27;43;38;0;42;35;52;47;50;51;49;74;73;66;61;65;-1;No;No;No
2726;14;6;8;13;3;16;20;17;26;19;40;42;0;34;32;48;53;59;56;57;70;66;72;61;64;-1;No;No;No
2727;3;8;14;15;11;23;24;17;25;19;32;36;0;44;31;51;54;49;58;59;69;68;66;63;65;-1;No;No;No
2728;6;4;12;3;15;30;23;17;22;27;43;33;0;37;42;53;54;57;49;47;74;68;67;70;66;-1;No;No;No
2729;8;10;4;3;2;20;21;16;23;18;40;31;0;41;43;57;52;49;46;54;64;67;65;68;72;-1;No;No;No
2730;15;11;7;2;1;19;18;22;25;30;31;45;0;39;33;49;50;48;52;51;66;74;71;70;62;-1;No;No;No
2731;13;10;5;7;2;21;27;19;22;18;40;35;0;41;32;59;51;50;57;60;74;67;70;68;64;-1;No;No;No
2732;13;8;15;6;4;19;18;17;28;20;31;43;0;37;45;56;47;48;55;58;74;68;69;72;67;-1;No;No;No
2733;12;14;11;7;4;22;20;21;29;17;32;34;0;38;36;59;57;54;55;51;70;66;61;68;71;-1;No;No;No
2734;8;7;5;1;9;26;16;29;25;20;40;33;0;36;42;56;60;52;49;57;65;63;70;72;74;-1;No;No;No
2735;12;6;1;3;7;28;18;24;27;21;41;32;0;43;42;54;60;47;46;59;62;73;69;68;66;-1;No;No;No
2736;12;7;2;11;14;27;18;21;23;26;37;31;0;35;34;56;54;60;51;49;73;64;62;67;68;-1;No;No;No
2737;2;9;10;12;11;18;16;19;27;23;43;33;0;34;31;46;59;55;49;48;69;62;68;66;72;-1;No;No;No
2738;7;12;14;3;5;26;19;17;24;18;32;44;0;42;39;55;52;59;57;53;72;63;66;71;74;-1;No;No;No
2739;10;8;15;5;1;18;28;23;24;27;33;32;0;38;42;48;51;53;60;57;71;62;68;73;69;-1;No;No;No
2740;3;2;5;14;15;27;29;24;18;16;45;34;0;35;36;53;57;52;48;47;73;67;61;65;63;-1;No;No;No
2741;10;9;11;8;14;21;28;16;17;23;37;43;0;36;40;54;60;57;51;50;69;70;64;72;73;-1;No;No;No
2742;8;13;3;2;5;28;16;27;19;25;37;40;0;32;44;49;55;56;59;48;63;62;65;73;71;-1;No;No;No
2743;1;4;2;15;8;23;16;24;17;21;31;40;0;43;45;46;58;55;59;57;64;70;65;75;67;-1;No;No;No
2744;5;14;13;3;10;24;29;20;25;16;39;42;0;43;33;54;47;59;55;50;65;69;72;73;66;-1;No;No;No
2745;3;6;5;14;12;18;20;26;24;25;32;37;0;43;38;60;51;55;47;49;64;63;65;70;68;-1;No;No;No
2746;7;2;5;6;11;23;29;17;18;21;42;43;0;37;33;47;50;56;48;60;75;68;67;66;62;-1;No;No;No
2747;1;2;15;4;14;24;16;30;29;22;44;37;0;39;35;58;59;56;46;50;66;74;75;69;73;-1;No;No;No
2748;4;1;12;9;10;26;16;25;30;18;42;32;0;39;37;54;60;59;58;52;66;64;75;71;72;-1;No;No;No
2749;7;6;3;4;12;22;16;27;24;23;31;33;0;43;41;59;56;47;49;54;74;67;62;73;63;-1;No;No;No
2750;1;12;3;13;8;29;16;22;20;24;36;38;0;44;34;56;48;58;54;47;68;72;63;74;67;-1;No;No;No
2751;10;6;1;13;14;16;29;21;17;25;39;38;0;40;44;59;50;47;52;58;69;61;67;70;63;-1;No;No;No
2752;15;4;12;3;5;28;23;25;27;22;42;44;0;35;34;59;52;51;47;50;69;66;68;73;65;-1;No;No;No
2753;1;6;8;11;5;22;27;26;23;25;38;41;0;43;37;53;57;50;47;59;66;65;70;67;62;-1;No;No;No
2754;2;10;4;15;6;30;20;22;24;25;37;34;0;44;40;50;49;55;46;58;70;65;72;74;73;-1;No;No;No
2755;5;11;8;12;4;20;16;25;27;22;43;44;0;37;36;53;58;46;55;48;71;69;67;73;68;-1;No;No;No
2756;10;4;9;2;5;27;29;19;18;24;34;31;0;39;33;52;50;54;59;60;75;64;66;72;61;-1;No;No;No
2757;14;5;6;13;8;23;21;26;30;19;31;34;0;37;33;48;52;57;53;47;71;62;64;75;69;-1;No;No;No
2758;3;14;4;10;15;23;18;29;20;26;41;32;0;43;38;49;52;48;54;57;71;70;61;67;62;-1;No;No;No
2759;12;13;4;1;7;24;25;16;27;29;31;38;0;35;33;54;53;60;50;49;69;66;65;62;73;-1;No;No;No
2760;10;9;8;6;13;22;28;20;25;19;31;32;0;39;38;50;46;55;51;60;73;64;71;63;62;-1;No;No;No
2761;4;9;10;7;15;19;17;22;30;25;32;40;0;43;44;55;59;51;56;49;72;66;73;64;67;-1;No;No;No
2762;11;13;10;9;12;19;16;22;21;28;36;37;0;41;34;46;50;51;57;55;72;67;68;74;71;-1;No;No;No
2763;11;14;3;7;1;28;16;19;23;30;40;32;0;31;33;57;55;53;54;46;68;61;75;73;65;-1;No;No;No
2764;4;6;14;5;12;21;18;25;29;17;40;42;0;33;35;55;52;54;59;56;71;74;65;70;61;-1;No;No;No
2765;4;11;5;2;7;26;24;17;22;20;38;35;0;32;40;52;59;48;58;49;74;71;75;65;68;-1;No;No;No
2766;10;2;3;12;11;27;22;17;18;26;38;32;0;31;34;60;54;56;55;59;74;72;71;61;69;-1;No;No;No
2767;14;13;3;5;7;24;17;21;19;25;35;37;0;34;31;52;56;53;59;49;71;64;61;70;73;-1;No;No;No
2768;6;14;9;4;11;24;28;29;23;16;42;39;0;40;32;53;55;48;51;54;67;69;62;63;71;-1;No;No;No
2769;9;10;12;4;11;16;27;30;18;24;31;39;0;33;42;57;46;59;50;55;62;71;67;72;70;-1;No;No;No
2770;6;11;1;13;7;24;25;20;19;18;41;43;0;35;42;54;58;52;51;60;62;61;63;74;67;-1;No;No;No
2771;14;8;13;7;2;17;24;30;19;27;34;45;0;37;36;52;55;53;47;54;63;64;69;65;71;-1;No;No;No
2772;7;6;10;2;1;29;20;17;26;18;44;33;0;35;37;59;46;50;56;55;67;65;64;72;70;-1;No;No;No
2773;1;9;7;12;8;19;16;29;27;18;34;31;0;33;45;58;53;49;47;55;70;67;64;63;74;-1;No;No;No
2774;7;10;12;3;8;24;28;17;29;26;33;45;0;41;34;53;48;49;47;51;70;69;71;65;67;-1;No;No;No
2775;9;6;7;8;11;27;25;26;30;24;44;37;0;33;31;57;50;52;47;55;65;61;68;74;64;-1;No;No;No
2776;14;15;9;12;13;22;17;19;26;21;37;33;0;45;41;47;52;55;48;46;62;71;69;72;74;-1;No;No;No
2777;15;9;14;10;2;17;23;28;18;27;42;41;0;36;35;58;49;60;47;57;72;75;66;68;73;-1;No;No;No
2778;7;6;5;15;13;28;26;20;23;21;33;37;0;39;41;58;53;60;55;50;63;69;71;65;64;-1;No;No;No
2779;1;9;14;5;6;22;19;25;29;17;43;36;0;33;32;47;58;54;60;49;69;71;63;61;66;-1;No;No;No
2780;4;11;8;5;1;16;30;23;20;28;37;41;0;33;31;51;60;47;50;59;72;62;61;69;63;-1;No;No;No
2781;7;13;9;10;6;25;20;19;17;24;41;31;0;37;35;56;49;46;55;48;61;73;62;63;74;-1;No;No;No
2782;14;3;4;8;10;22;28;18;30;20;43;36;0;33;37;48;52;59;57;54;67;63;61;64;73;-1;No;No;No
2783;9;4;12;2;5;17;19;20;16;24;44;39;0;38;41;52;59;54;47;48;62;67;71;69;74;-1;No;No;No
2784;10;6;7;3;5;18;25;26;22;20;32;39;0;35;40;57;56;52;47;55;63;75;71;69;65;-1;No;No;No
2785;6;11;8;2;5;19;29;22;16;30;43;38;0;45;37;58;53;48;55;59;61;69;73;63;62;-1;No;No;No
2786;9;4;10;6;3;22;29;18;19;30;38;32;0;31;34;58;52;57;51;50;70;66;61;69;68;-1;No;No;No
2787;12;6;8;5;10;20;17;27;26;18;42;33;0;45;35;57;52;50;47;55;68;74;73;75;66;-1;No;No;No
2788;6;7;8;3;15;21;26;20;27;28;44;37;0;39;42;48;58;53;50;55;71;63;66;73;74;-1;No;No;No
2789;8;11;9;1;12;23;18;20;21;17;42;43;0;39;32;53;51;46;60;59;61;65;70;64;71;-1;No;No;No
2790;11;7;1;6;2;30;25;18;19;27;39;45;0;44;33;59;60;55;51;47;75;68;71;64;74;-1;No;No;No
2791;1;11;10;4;3;18;17;25;30;20;37;39;0;33;35;57;56;48;60;46;69;68;65;71;73;-1;No;No;No
2792;12;11;7;8;5;16;24;23;25;27;32;34;0;41;33;56;55;49;50;48;74;64;75;67;65;-1;No;No;No
2793;1;14;7;13;2;19;17;28;26;24;42;41;0;34;43;47;48;54;53;59;68;61;64;70;67;-1;No;No;No
2794;3;2;4;5;10;28;23;21;20;24;39;43;0;40;41;56;55;59;60;47;69;64;75;61;74;-1;No;No;No
2795;5;9;7;13;4;25;19;24;20;21;34;31;0;38;40;58;56;59;48;57;62;70;68;74;71;-1;No;No;No
2796;10;14;12;1;11;29;16;24;25;22;39;37;0;36;33;52;46;54;56;55;66;70;62;67;65;-1;No;No;No
2797;4;8;1;6;2;18;17;19;16;28;41;43;0;45;36;55;53;51;50;49;65;73;61;68;64;-1;No;No;No
2798;2;3;15;12;6;21;24;19;16;30;37;35;0;36;39;52;55;46;53;48;68;73;72;71;67;-1;No;No;No
2799;6;9;3;4;11;19;23;20;28;25;41;33;0;40;42;54;58;56;53;52;65;75;66;69;67;-1;No;No;No
2800;12;2;3;10;14;23;22;27;25;19;36;39;0;40;34;52;57;58;60;48;69;72;64;75;61;-1;No;No;No
2801;2;1;8;15;14;26;22;17;23;20;35;39;0;36;38;55;48;58;54;49;63;72;70;73;68;-1;No;No;No
2802;13;4;10;12;6;17;28;19;29;20;34;45;0;39;43;60;46;50;49;59;72;71;73;65;66;-1;No;No;No
2803;3;14;11;7;10;18;21;25;26;30;41;31;0;33;32;55;50;58;51;57;67;70;65;64;69;-1;No;No;No
2804;13;12;11;4;15;24;29;17;28;20;45;40;0;31;32;50;47;46;60;51;73;62;67;71;63;-1;No;No;No
2805;14;10;15;5;8;26;22;27;21;17;40;33;0;44;36;57;60;52;49;48;73;71;72;64;74;-1;No;No;No
2806;6;4;2;5;1;24;28;20;18;21;45;34;0;33;44;46;54;49;52;50;66;61;64;68;70;-1;No;No;No
2807;15;9;14;11;4;24;28;17;27;21;44;38;0;36;43;54;50;53;52;55;67;65;75;72;68;-1;No;No;No
2808;8;11;7;14;9;18;16;21;23;20;41;33;0;31;34;53;52;55;58;47;70;75;65;66;74;-1;No;No;No
2809;5;4;3;9;8;18;23;19;17;30;44;33;0;42;39;59;55;49;54;46;63;64;72;73;61;-1;No;No;No
2810;5;6;13;2;9;20;23;25;17;16;42;43;0;44;34;58;48;59;53;57;73;65;71;68;67;-1;No;No;No
2811;15;7;3;4;2;18;29;25;17;19;36;38;0;32;39;59;47;60;52;55;61;74;70;73;63;-1;No;No;No
2812;14;12;1;5;3;26;27;19;28;24;41;42;0;38;36;47;60;56;52;49;72;64;62;66;70;-1;No;No;No
2813;13;14;9;6;7;16;24;23;19;26;34;44;0;43;32;50;58;49;53;57;66;71;64;70;73;-1;No;No;No
2814;14;2;3;13;7;23;29;21;27;26;43;32;0;36;31;49;57;56;58;47;70;63;71;62;74;-1;No;No;No
2815;3;14;9;12;13;23;25;21;24;28;35;40;0;36;44;57;51;47;59;49;75;68;67;65;66;-1;No;No;No
2816;4;13;7;6;14;28;25;23;19;20;44;31;0;43;41;53;47;58;50;49;74;69;67;71;62;-1;No;No;No
2817;3;1;10;7;11;18;16;20;25;19;41;40;0;35;39;50;59;48;55;58;68;69;72;63;70;-1;No;No;No
2818;1;6;2;7;13;26;21;20;16;25;42;33;0;45;40;47;54;56;46;50;68;62;67;70;66;-1;No;No;No
2819;6;2;10;1;7;19;27;22;25;17;43;36;0;37;33;53;50;52;55;49;71;66;73;68;69;-1;No;No;No
2820;13;5;1;4;8;22;28;26;20;18;37;36;0;45;42;59;56;50;48;49;70;75;72;71;68;-1;No;No;No
2821;9;8;13;5;1;24;18;23;22;25;35;37;0;42;33;56;50;59;47;52;64;75;74;61;70;-1;No;No;No
2822;5;6;3;10;1;25;28;30;22;29;43;36;0;33;35;54;52;49;58;57;62;61;63;64;67;-1;No;No;No
2823;7;1;4;8;13;20;25;29;26;18;37;41;0;33;44;49;50;46;53;59;66;74;70;68;64;-1;No;No;No
2824;10;5;7;2;9;20;23;21;18;24;33;44;0;32;41;57;50;49;46;54;65;70;69;73;64;-1;No;No;No
2825;1;4;8;13;12;23;25;28;27;26;32;43;0;34;33;59;49;47;51;48;67;73;74;65;66;-1;No;No;No
2826;5;7;3;14;10;21;22;25;26;23;41;43;0;37;40;53;52;50;54;58;61;74;70;72;62;-1;No;No;No
2827;3;5;6;9;2;26;27;25;21;19;34;33;0;35;37;57;50;58;46;52;71;63;61;69;66;-1;No;No;No
2828;7;5;12;10;8;19;16;28;21;29;31;43;0;42;40;57;46;56;49;52;71;64;68;74;69;-1;No;No;No
2829;4;15;10;8;11;27;17;20;23;25;42;38;0;45;31;57;51;46;49;58;66;75;67;61;69;-1;No;No;No
2830;13;6;14;1;8;26;25;22;20;21;32;43;0;31;41;48;57;49;58;47;65;72;67;69;66;-1;No;No;No
2831;4;9;2;14;12;20;19;25;21;23;31;37;0;33;38;54;49;52;47;56;69;63;64;75;71;-1;No;No;No
2832;12;4;9;7;10;17;26;22;18;30;34;33;0;42;37;49;55;47;60;54;65;68;61;72;69;-1;No;No;No
2833;13;14;2;11;4;18;20;21;22;27;33;43;0;36;35;57;58;52;50;49;71;70;69;74;62;-1;No;No;No
2834;8;2;1;10;7;21;22;25;19;20;38;31;0;37;35;57;50;58;47;54;63;69;73;71;70;-1;No;No;No
2835;12;9;7;11;3;20;18;19;28;27;37;41;0;34;32;47;58;51;53;57;64;66;65;63;71;-1;No;No;No
2836;15;3;4;13;11;30;29;28;26;21;37;31;0;43;36;55;49;56;47;57;74;63;71;66;61;-1;No;No;No
2837;4;7;2;9;6;23;28;30;20;16;44;34;0;42;41;54;51;48;59;47;70;71;75;61;69;-1;No;No;No
2838;8;3;2;1;15;24;21;23;28;22;43;38;0;40;32;51;52;56;60;55;69;72;66;63;67;-1;No;No;No
2839;2;11;6;8;9;20;17;27;21;28;41;45;0;39;32;49;53;58;57;60;69;72;73;65;67;-1;No;No;No
2840;4;6;10;5;2;24;21;26;22;23;42;44;0;41;31;53;51;59;49;58;63;68;65;61;64;-1;No;No;No
2841;11;10;6;4;14;25;29;20;16;21;31;34;0;35;41;51;58;52;57;55;74;65;69;71;73;-1;No;No;No
2842;13;3;12;10;7;22;27;28;26;20;39;41;0;38;34;54;50;55;48;46;64;65;72;69;67;-1;No;No;No
2843;6;9;1;5;3;16;29;22;27;23;37;44;0;31;38;58;55;50;48;59;61;71;69;65;66;-1;No;No;No
2844;14;3;8;10;1;26;16;19;24;20;36;34;0;43;32;60;52;59;51;47;63;69;74;66;62;-1;No;No;No
2845;8;5;6;10;12;28;26;21;23;18;33;31;0;35;39;52;50;46;57;54;67;72;64;69;62;-1;No;No;No
2846;15;13;1;2;9;25;19;29;27;18;37;33;0;35;40;46;58;56;53;54;68;74;71;73;67;-1;No;No;No
2847;14;8;4;15;9;19;17;24;28;18;33;37;0;36;31;48;59;57;47;51;74;65;72;61;67;-1;No;No;No
2848;4;13;6;2;9;30;19;23;24;26;43;33;0;31;39;46;55;48;57;58;62;70;61;64;73;-1;No;No;No
2849;9;4;3;14;13;22;25;24;17;26;35;33;0;32;45;57;49;51;50;55;75;73;62;69;71;-1;No;No;No
2850;4;11;1;14;9;28;29;20;18;26;33;36;0;39;38;60;58;53;59;46;64;74;75;66;73;-1;No;No;No
2851;14;1;13;2;10;16;21;26;27;23;43;33;0;32;37;58;53;56;49;55;73;64;65;63;68;-1;No;No;No
2852;9;8;1;7;10;18;17;29;26;20;35;39;0;44;37;49;59;50;48;52;69;65;68;61;73;-1;No;No;No
2853;11;5;4;9;13;18;16;24;17;27;32;44;0;36;39;53;46;55;51;48;63;62;75;70;65;-1;No;No;No
2854;8;5;12;9;6;29;17;16;19;18;45;37;0;32;40;59;51;57;52;53;61;66;72;67;73;-1;No;No;No
2855;15;10;1;11;7;26;28;19;17;21;44;39;0;34;45;56;52;49;55;59;61;74;62;63;69;-1;No;No;No
2856;10;1;3;6;12;27;28;20;24;19;32;43;0;39;31;52;51;56;48;59;71;63;73;67;64;-1;No;No;No
2857;10;7;13;11;9;18;22;21;17;27;39;44;0;41;37;57;59;53;51;56;61;74;63;65;67;-1;No;No;No
2858;12;11;15;8;14;20;27;28;19;25;39;44;0;36;35;57;53;55;46;48;70;74;64;68;67;-1;No;No;No
2859;13;8;11;3;4;22;20;24;28;21;36;37;0;38;32;51;59;58;46;55;74;63;66;69;71;-1;No;No;No
2860;10;11;3;1;9;27;30;16;21;19;44;33;0;31;37;54;51;59;52;49;63;61;70;75;73;-1;No;No;No
2861;7;13;8;14;10;21;18;27;24;22;34;31;0;35;41;48;50;53;59;57;64;67;74;69;62;-1;No;No;No
2862;15;3;1;5;11;19;22;26;24;23;44;31;0;45;36;46;55;50;59;47;67;71;62;74;70;-1;No;No;No
2863;12;11;3;8;1;27;23;19;28;25;39;33;0;37;41;50;58;53;59;56;71;73;72;65;69;-1;No;No;No
2864;3;6;14;4;1;17;29;30;20;23;40;34;0;35;38;46;48;55;49;47;66;62;75;68;74;-1;No;No;No
2865;2;12;1;15;3;20;26;23;29;17;43;39;0;31;44;47;56;50;59;53;72;74;65;64;66;-1;No;No;No
2866;3;13;9;1;12;28;25;23;21;22;45;39;0;41;40;57;55;49;59;53;71;69;63;66;61;-1;No;No;No
2867;12;15;11;6;13;18;16;23;20;28;31;43;0;40;38;51;56;49;46;52;66;65;68;61;69;-1;No;No;No
2868;9;3;11;2;5;22;23;16;29;18;38;34;0;41;33;48;56;55;51;49;72;61;74;69;71;-1;No;No;No
2869;2;12;8;1;4;21;19;26;27;29;43;37;0;35;44;46;51;56;59;58;63;65;69;67;74;-1;No;No;No
2870;7;13;8;11;5;25;28;29;23;30;42;39;0;32;41;59;50;49;53;54;65;73;66;63;69;-1;No;No;No
2871;14;13;8;12;3;17;18;19;24;30;42;38;0;44;32;55;47;59;48;54;63;69;67;74;71;-1;No;No;No
2872;15;1;14;10;8;17;23;24;29;22;36;31;0;40;32;49;60;58;57;56;61;75;74;70;66;-1;No;No;No
2873;12;9;13;5;8;25;20;19;18;29;34;42;0;38;31;47;46;50;55;51;62;65;69;61;68;-1;No;No;No
2874;7;10;12;13;8;22;20;28;24;26;34;32;0;43;35;52;49;54;58;53;68;62;73;67;65;-1;No;No;No
2875;2;13;12;3;4;18;22;24;23;19;45;36;0;43;37;54;50;59;58;49;71;68;61;75;74;-1;No;No;No
2876;8;15;10;4;13;19;27;30;17;29;36;38;0;37;43;52;54;56;60;59;61;65;71;63;70;-1;No;No;No
2877;14;2;8;11;4;20;26;30;22;23;37;43;0;41;42;48;57;55;58;53;64;62;71;72;70;-1;No;No;No
2878;6;10;9;11;7;24;19;28;17;27;32;36;0;33;38;52;59;57;49;48;63;66;64;72;74;-1;No;No;No
2879;15;13;9;1;2;30;27;24;25;23;35;37;0;44;38;48;51;57;50;60;67;68;71;73;75;-1;No;No;No
2880;6;1;12;5;8;19;28;25;17;23;39;33;0;43;36;52;48;47;54;59;74;62;71;75;70;-1;No;No;No
2881;7;9;12;5;1;19;27;21;18;17;32;31;0;36;33;53;55;60;54;48;69;65;64;67;70;-1;No;No;No
2882;5;7;4;11;12;26;19;18;23;22;33;34;0;39;35;47;46;54;56;59;75;67;66;69;61;-1;No;No;No
2883;1;9;14;5;8;19;28;20;29;21;38;43;0;32;39;53;46;59;47;51;75;67;65;66;74;-1;No;No;No
2884;12;6;4;1;8;19;24;26;25;28;38;43;0;44;32;50;53;55;46;51;67;63;68;71;64;-1;No;No;No
2885;13;10;15;9;3;21;19;26;23;28;32;40;0;39;36;53;48;52;57;55;64;72;70;67;65;-1;No;No;No
2886;11;12;5;7;13;22;28;29;27;16;35;38;0;36;40;53;60;47;46;50;66;69;64;70;74;-1;No;No;No
2887;10;1;14;12;13;22;16;27;19;24;43;38;0;45;39;57;58;52;50;53;67;70;73;66;61;-1;No;No;No
2888;3;12;13;2;5;21;16;26;19;30;32;35;0;44;34;53;50;48;54;59;64;69;72;70;68;-1;No;No;No
2889;8;3;1;13;5;24;19;16;30;17;36;43;0;40;44;56;53;54;57;49;69;64;63;62;70;-1;No;No;No
2890;1;14;11;12;9;20;26;16;25;22;40;44;0;41;43;48;59;55;54;49;66;75;71;68;70;-1;No;No;No
2891;13;6;12;7;5;18;30;28;25;21;44;40;0;32;39;53;47;51;57;46;66;71;64;73;62;-1;No;No;No
2892;9;2;1;7;12;26;17;18;28;20;42;35;0;32;34;54;50;59;58;51;68;70;65;73;67;-1;No;No;No
2893;4;5;9;13;11;20;18;24;17;22;38;35;0;45;36;57;48;54;58;51;71;69;72;73;67;-1;No;No;No
2894;4;13;9;7;6;28;23;19;18;16;32;41;0;38;44;55;51;58;47;53;66;68;67;65;72;-1;No;No;No
2895;12;15;4;5;2;24;17;26;20;29;43;38;0;39;44;46;59;56;52;50;70;74;63;67;66;-1;No;No;No
2896;7;10;9;13;11;27;24;21;23;18;32;37;0;35;40;50;51;49;56;48;67;72;73;75;62;-1;No;No;No
2897;3;2;10;11;8;21;25;18;19;17;45;34;0;44;40;58;48;51;60;53;63;74;70;65;67;-1;No;No;No
2898;6;7;1;8;5;24;26;27;25;16;34;45;0;31;33;46;49;50;53;54;66;63;64;71;68;-1;No;No;No
2899;3;13;10;2;1;21;18;25;17;26;34;36;0;44;39;53;54;55;48;50;68;64;73;70;74;-1;No;No;No
2900;8;10;9;11;12;29;24;18;26;17;35;43;0;42;33;49;53;57;50;47;67;73;63;68;71;-1;No;No;No
2901;11;7;4;9;12;18;29;27;24;22;45;42;0;37;33;57;47;46;50;48;71;73;68;62;66;-1;No;No;No
2902;2;3;11;8;13;22;20;23;28;25;35;36;0;39;40;54;48;52;50;58;61;67;66;73;74;-1;No;No;No
2903;9;8;13;5;14;19;21;24;30;17;42;36;0;32;39;51;60;53;49;57;73;65;68;69;62;-1;No;No;No
2904;14;10;12;9;2;29;21;30;25;24;44;36;0;40;31;55;52;58;46;54;62;61;63;65;64;-1;No;No;No
2905;14;10;9;5;7;19;26;23;21;27;40;38;0;34;31;52;58;47;51;54;72;61;70;66;75;-1;No;No;No
2906;8;13;3;7;10;18;23;19;27;26;43;35;0;38;45;58;56;57;53;46;62;75;63;64;73;-1;No;No;No
2907;8;4;1;15;10;30;22;16;23;24;44;41;0;38;40;53;54;59;49;57;63;68;61;70;64;-1;No;No;No
2908;10;6;5;1;14;20;22;19;24;18;40;38;0;32;36;57;48;50;52;58;70;68;61;73;64;-1;No;No;No
2909;14;4;6;11;9;24;30;16;26;29;39;31;0;40;33;47;56;51;48;49;65;75;68;71;64;-1;No;No;No
2910;11;5;10;14;1;19;24;22;23;16;41;40;0;36;43;58;50;56;55;54;65;73;71;68;62;-1;No;No;No
2911;15;5;14;7;9;24;23;17;25;22;35;42;0;37;32;56;55;49;59;48;67;73;72;74;69;-1;No;No;No
2912;5;9;11;12;13;27;20;28;17;24;41;38;0;37;43;53;55;49;58;57;67;75;71;64;65;-1;No;No;No
2913;2;14;13;3;4;17;28;21;18;29;35;39;0;31;45;58;50;56;47;52;73;64;66;71;75;-1;No;No;No
2914;11;13;6;4;14;16;19;21;25;23;41;42;0;37;34;46;47;54;55;60;67;70;61;73;71;-1;No;No;No
2915;10;3;14;4;11;19;21;26;27;17;38;44;0;43;33;54;59;55;48;49;66;71;62;75;61;-1;No;No;No
2916;4;10;3;7;13;23;17;26;29;20;34;41;0;43;42;51;55;47;52;50;63;62;73;72;71;-1;No;No;No
2917;7;10;11;15;13;28;18;26;24;17;33;40;0;43;44;59;51;50;60;52;73;75;64;63;74;-1;No;No;No
2918;15;13;8;2;5;24;29;23;16;30;33;32;0;40;45;50;54;59;49;46;65;73;70;67;66;-1;No;No;No
2919;7;15;13;1;5;19;29;16;26;25;31;41;0;42;33;49;55;59;52;47;61;72;64;66;70;-1;No;No;No
2920;14;12;2;11;7;21;20;28;27;16;40;32;0;37;43;59;52;47;57;51;62;71;64;67;66;-1;No;No;No
2921;15;1;6;3;8;23;20;30;18;24;35;37;0;32;44;49;52;50;59;46;64;65;66;71;69;-1;No;No;No
2922;13;9;11;4;5;20;23;21;24;27;44;34;0;41;38;47;58;48;59;56;70;74;68;65;72;-1;No;No;No
2923;5;9;3;10;13;22;27;30;21;17;34;42;0;38;40;54;47;49;60;52;67;66;71;72;65;-1;No;No;No
2924;14;12;4;2;11;27;25;17;24;29;33;35;0;34;41;56;57;50;54;46;69;73;64;74;70;-1;No;No;No
2925;11;12;4;3;9;27;22;25;24;20;36;44;0;32;42;54;55;47;57;49;73;70;66;72;64;-1;No;No;No
2926;6;3;7;13;1;25;18;28;16;19;44;42;0;43;37;55;54;59;60;48;70;72;73;65;68;-1;No;No;No
2927;13;7;15;2;5;28;25;17;22;26;39;33;0;41;31;49;50;47;57;58;71;64;68;67;63;-1;No;No;No
2928;8;11;6;2;4;24;17;22;19;20;35;37;0;40;43;56;47;59;53;58;64;65;69;74;73;-1;No;No;No
2929;4;3;6;2;10;18;17;28;22;27;39;32;0;35;33;54;60;50;48;55;71;66;64;75;68;-1;No;No;No
2930;10;11;6;4;7;17;29;30;19;16;36;43;0;33;42;49;51;47;55;60;64;73;71;61;69;-1;No;No;No
2931;6;4;9;3;13;29;22;18;21;16;44;45;0;32;41;50;58;48;56;49;66;62;73;74;65;-1;No;No;No
2932;6;3;13;11;7;25;19;30;23;22;39;44;0;32;36;52;56;59;57;51;61;65;70;75;69;-1;No;No;No
2933;5;3;11;1;12;29;18;26;30;25;31;40;0;41;35;49;46;47;59;60;63;74;62;64;72;-1;No;No;No
2934;10;8;1;15;13;30;23;25;24;17;34;38;0;40;41;57;46;58;52;60;72;63;67;70;62;-1;No;No;No
2935;6;4;1;9;10;24;16;20;21;19;40;43;0;39;38;58;56;55;60;48;69;74;67;72;62;-1;No;No;No
2936;4;12;14;13;5;16;20;26;19;28;40;33;0;37;32;55;51;49;54;53;75;70;61;74;69;-1;No;No;No
2937;13;3;12;10;6;23;28;22;21;19;40;38;0;39;36;59;58;46;52;50;63;65;64;66;62;-1;No;No;No
2938;11;14;2;13;6;17;18;26;27;25;34;42;0;36;44;54;51;60;48;57;67;64;73;70;66;-1;No;No;No
2939;5;14;13;1;4;18;27;21;22;17;42;43;0;31;44;49;48;53;47;56;68;73;70;65;72;-1;No;No;No
2940;4;12;14;10;2;27;16;28;25;21;36;45;0;42;39;52;46;55;57;54;73;67;63;71;74;-1;No;No;No
2941;9;3;14;13;11;16;21;19;27;22;36;38;0;43;41;55;46;57;50;48;67;62;63;66;65;-1;No;No;No
2942;9;12;13;5;8;20;16;27;29;26;41;37;0;33;38;50;57;48;55;52;75;62;69;61;70;-1;No;No;No
2943;6;10;7;15;3;29;21;26;27;25;41;31;0;43;36;57;52;59;46;54;65;72;71;67;64;-1;No;No;No
2944;6;12;7;13;9;17;29;23;22;25;35;34;0;40;43;54;49;51;47;46;62;69;72;66;71;-1;No;No;No
2945;5;3;7;13;2;19;26;20;27;22;40;35;0;45;36;48;46;53;59;49;69;73;71;64;68;-1;No;No;No
2946;15;10;4;6;13;18;16;17;27;19;39;34;0;35;41;54;49;58;53;56;68;65;72;70;61;-1;No;No;No
2947;6;4;9;10;5;20;22;26;27;21;42;41;0;44;32;46;56;53;58;51;72;61;75;63;67;-1;No;No;No
2948;13;3;8;12;7;23;26;25;18;30;45;31;0;38;32;46;54;59;52;49;64;70;66;67;69;-1;No;No;No
2949;12;6;15;4;8;25;22;16;30;17;38;33;0;43;41;50;48;47;46;59;63;66;68;70;64;-1;No;No;No
2950;9;12;4;14;11;24;19;27;21;20;45;35;0;43;41;49;48;56;53;50;75;62;67;65;68;-1;No;No;No
2951;13;9;7;10;15;27;23;26;24;29;35;44;0;37;41;53;54;57;58;55;74;75;67;71;73;-1;No;No;No
2952;15;3;10;1;12;29;24;25;23;16;34;44;0;35;37;48;52;58;47;55;75;73;69;62;74;-1;No;No;No
2953;8;3;7;14;12;25;19;20;22;28;31;33;0;37;35;49;57;53;48;56;75;69;66;61;63;-1;No;No;No
2954;14;11;12;13;8;26;25;21;20;18;42;38;0;31;44;52;59;55;48;51;73;66;62;72;70;-1;No;No;No
2955;13;12;1;8;2;20;17;29;22;16;36;42;0;35;44;55;58;46;57;56;69;64;63;73;65;-1;No;No;No
2956;4;9;14;6;11;27;25;29;23;18;34;40;0;36;35;58;53;48;52;51;63;71;73;67;66;-1;No;No;No
2957;11;4;6;9;10;18;19;27;28;20;31;42;0;32;35;55;51;57;47;49;61;73;66;69;64;-1;No;No;No
2958;14;12;5;11;1;28;23;19;29;30;34;35;0;33;39;50;58;59;49;60;64;71;62;69;73;-1;No;No;No
2959;13;14;12;6;8;22;16;19;25;30;37;31;0;43;39;46;56;49;52;55;68;61;75;71;67;-1;No;No;No
2960;11;6;8;10;14;22;23;17;19;16;34;42;0;36;35;54;46;53;60;51;61;70;74;62;72;-1;No;No;No
2961;6;5;9;8;12;17;20;29;26;16;33;39;0;37;45;50;56;51;57;53;63;67;72;64;68;-1;No;No;No
2962;13;3;5;10;12;18;24;21;28;27;31;43;0;38;36;54;57;58;46;51;67;71;72;68;64;-1;No;No;No
2963;12;9;3;1;7;20;17;23;18;26;34;43;0;37;40;50;58;48;54;46;66;63;72;73;67;-1;No;No;No
2964;7;11;12;1;8;17;19;16;18;23;32;35;0;42;38;56;52;50;54;51;70;65;63;68;71;-1;No;No;No
2965;8;10;7;1;9;27;19;30;16;21;43;32;0;45;44;56;57;47;58;54;62;71;72;67;64;-1;No;No;No
2966;2;8;4;5;7;30;20;27;19;17;37;35;0;33;38;56;57;55;47;50;68;69;65;75;71;-1;No;No;No
2967;10;7;9;5;3;25;26;29;24;20;31;34;0;36;43;55;54;50;57;58;73;74;61;69;72;-1;No;No;No
2968;10;13;11;7;5;28;22;18;19;29;43;35;0;42;41;52;57;53;50;55;62;68;65;63;67;-1;No;No;No
2969;1;10;6;2;9;27;25;23;29;16;41;34;0;43;31;56;47;55;60;59;65;67;64;74;70;-1;No;No;No
2970;13;5;8;2;7;27;26;17;21;23;43;44;0;34;41;47;53;50;54;48;73;69;68;75;62;-1;No;No;No
2971;3;10;2;9;6;30;21;20;28;24;32;44;0;38;35;53;56;58;46;54;69;63;67;74;66;-1;No;No;No
2972;14;1;13;3;12;26;28;29;19;18;40;33;0;42;35;46;58;56;54;50;69;62;74;73;68;-1;No;No;No
2973;14;4;5;15;7;24;29;25;18;17;31;39;0;38;37;50;48;49;53;59;66;74;64;68;67;-1;No;No;No
2974;6;11;1;8;3;28;22;19;20;30;41;36;0;39;45;57;53;48;60;58;63;65;64;66;68;-1;No;No;No
2975;12;2;7;3;9;19;22;23;17;27;34;45;0;44;39;46;50;57;47;48;69;66;71;67;74;-1;No;No;No
2976;4;9;12;8;6;25;16;23;18;27;44;43;0;33;34;46;53;49;57;60;64;72;65;70;66;-1;No;No;No
2977;2;8;14;9;13;17;27;22;20;26;37;35;0;41;34;51;52;57;48;47;63;73;65;75;64;-1;No;No;No
2978;4;2;13;3;8;18;20;17;26;23;37;33;0;43;38;60;48;46;55;56;73;72;67;64;70;-1;No;No;No
2979;9;11;3;8;7;25;20;27;24;17;38;42;0;41;32;48;51;52;56;55;70;69;65;64;68;-1;No;No;No
2980;12;11;14;3;8;22;18;26;20;16;32;31;0;40;38;59;52;51;46;58;68;61;69;63;73;-1;No;No;No
2981;5;6;1;11;7;22;18;17;23;25;34;39;0;36;32;54;57;59;53;51;72;64;71;61;68;-1;No;No;No
2982;11;1;4;7;2;18;20;23;27;29;34;43;0;40;45;50;60;52;57;56;65;73;66;74;69;-1;No;No;No
2983;7;11;4;15;3;24;26;19;17;29;41;35;0;34;40;52;60;53;51;49;64;73;71;62;70;-1;No;No;No
2984;7;10;14;1;3;29;21;22;17;27;41;33;0;36;40;48;56;58;47;53;70;69;73;62;74;-1;No;No;No
2985;6;11;4;10;5;16;25;26;24;21;43;37;0;31;33;47;52;50;48;58;65;68;71;61;62;-1;No;No;No
2986;3;6;9;10;2;25;29;27;17;18;41;42;0;44;33;52;48;53;59;58;69;74;62;64;75;-1;No;No;No
2987;12;7;13;10;5;26;19;20;23;17;40;32;0;41;38;48;49;56;59;47;63;74;68;69;64;-1;No;No;No
2988;12;8;5;11;10;25;29;24;21;27;37;35;0;43;39;54;52;56;60;48;61;68;72;69;75;-1;No;No;No
2989;15;5;13;7;1;18;24;25;19;21;41;40;0;38;42;52;53;54;57;48;64;65;67;73;68;-1;No;No;No
2990;8;4;10;13;7;21;29;16;19;20;42;31;0;33;36;52;51;49;59;53;66;74;72;64;71;-1;No;No;No
2991;2;5;8;9;13;19;23;22;18;24;33;39;0;42;43;53;49;59;46;57;73;68;71;72;62;-1;No;No;No
2992;9;14;6;13;4;19;25;27;16;17;34;35;0;37;44;57;60;56;58;51;70;72;64;73;63;-1;No;No;No
2993;1;10;2;4;14;22;26;20;28;29;45;35;0;32;34;46;53;50;51;47;70;63;61;64;62;-1;No;No;No
2994;4;2;5;8;12;21;25;18;20;23;33;34;0;38;35;53;56;57;60;52;73;71;65;72;69;-1;No;No;No
2995;14;9;11;8;15;24;26;29;19;17;35;41;0;42;33;50;59;47;49;58;66;64;62;72;70;-1;No;No;No
2996;11;2;9;12;6;19;29;22;28;24;42;31;0;41;40;51;57;56;49;47;74;65;72;71;63;-1;No;No;No
2997;3;12;8;14;9;25;20;27;17;24;34;41;0;39;33;50;47;54;57;46;70;73;66;64;68;-1;No;No;No
2998;15;2;3;11;10;18;30;21;28;24;35;33;0;34;36;53;59;56;54;49;64;67;74;62;68;-1;No;No;No
2999;11;12;8;7;13;19;29;22;28;16;41;35;0;43;44;57;55;60;58;51;73;66;74;65;67;-1;No;No;No
3000;11;4;10;8;7;20;23;26;16;24;37;35;0;43;41;59;50;48;47;57;71;67;61;69;64;-1;No;No;No
3001;6;2;15;13;8;20;28;25;26;29;41;37;0;43;39;49;58;46;48;52;67;66;62;64;70;-1;No;No;No
3002;3;7;14;9;2;27;24;18;26;25;32;40;0;45;43;50;46;56;49;52;64;67;74;61;62;-1;No;No;No
3003;9;3;4;11;12;24;26;25;28;21;31;45;0;34;36;47;52;57;54;59;64;65;63;68;70;-1;No;No;No
3004;9;8;11;14;13;25;19;27;21;22;33;31;0;37;36;53;51;49;58;46;67;65;66;73;74;-1;No;No;No
3005;14;6;12;11;15;23;19;28;16;20;37;40;0;39;36;46;50;54;55;56;63;74;73;65;62;-1;No;No;No
3006;7;6;12;5;2;21;25;23;30;24;41;33;0;39;35;55;53;59;48;52;71;74;67;65;72;-1;No;No;No
3007;10;4;2;15;12;30;24;25;21;29;35;31;0;41;45;48;49;46;57;51;65;71;64;67;62;-1;No;No;No
3008;4;7;9;6;2;25;23;22;28;29;34;43;0;40;32;46;57;58;47;50;73;68;72;61;64;-1;No;No;No
3009;6;8;2;1;3;27;25;19;29;22;38;34;0;43;36;46;52;55;51;59;64;71;70;63;75;-1;No;No;No
3010;14;11;6;4;9;22;25;27;21;23;44;42;0;36;37;55;57;58;56;49;68;71;70;61;72;-1;No;No;No
3011;7;14;10;1;2;24;21;28;23;29;41;44;0;40;45;53;48;50;56;52;62;66;73;67;74;-1;No;No;No
3012;4;11;8;9;2;25;18;24;29;26;35;37;0;33;43;49;52;59;55;50;71;63;62;66;74;-1;No;No;No
3013;14;7;1;12;11;18;20;21;29;27;37;40;0;44;36;58;50;46;59;56;74;64;75;71;72;-1;No;No;No
3014;13;1;7;6;5;27;22;28;20;26;38;32;0;36;42;46;53;50;57;51;70;69;68;61;63;-1;No;No;No
3015;12;13;5;11;1;30;26;18;22;25;39;41;0;38;40;57;47;52;56;53;74;68;67;71;69;-1;No;No;No
3016;2;11;7;6;13;16;19;26;23;18;42;41;0;32;37;54;50;46;58;52;71;64;66;63;75;-1;No;No;No
3017;5;8;7;10;12;20;25;16;27;21;39;32;0;37;42;56;59;52;54;55;72;75;67;68;64;-1;No;No;No
3018;2;8;10;11;7;17;24;16;25;28;36;33;0;41;40;59;58;55;48;60;72;67;71;70;65;-1;No;No;No
3019;7;10;1;6;14;17;30;26;21;16;39;36;0;43;34;59;54;52;51;46;64;73;67;62;70;-1;No;No;No
3020;9;13;8;2;1;22;21;28;23;20;36;33;0;44;37;49;52;58;60;57;69;61;65;72;62;-1;No;No;No
3021;13;2;7;6;3;19;18;26;24;27;43;36;0;39;35;50;54;51;60;47;72;62;69;64;65;-1;No;No;No
3022;8;9;13;5;1;29;20;18;21;28;34;41;0;35;32;51;57;56;52;47;70;62;65;63;73;-1;No;No;No
3023;10;12;2;6;5;19;20;18;21;17;39;38;0;37;36;51;47;58;50;57;66;61;65;73;71;-1;No;No;No
3024;14;1;8;9;3;27;18;17;29;19;37;33;0;31;39;50;53;48;46;54;65;62;70;66;67;-1;No;No;No
3025;5;12;8;3;4;26;28;25;19;20;36;45;0;37;41;58;50;55;47;54;72;69;70;71;73;-1;No;No;No
3026;14;2;12;5;13;29;26;17;19;23;44;32;0;42;33;52;48;47;57;46;75;62;69;72;70;-1;No;No;No
3027;11;5;2;9;7;21;17;20;25;29;38;39;0;37;45;58;53;55;48;50;67;68;73;74;64;-1;No;No;No
3028;11;5;1;14;4;21;19;28;29;18;36;45;0;37;32;54;60;58;49;51;67;63;73;64;71;-1;No;No;No
3029;1;13;9;12;4;26;27;18;30;24;39;41;0;37;34;55;54;59;47;53;67;69;70;65;63;-1;No;No;No
3030;12;3;9;7;11;29;25;27;19;20;42;40;0;32;43;53;50;49;59;47;62;64;75;66;61;-1;No;No;No
3031;2;4;12;3;13;29;25;28;17;19;42;41;0;34;33;53;48;54;49;60;73;67;75;61;74;-1;No;No;No
3032;10;14;5;2;3;28;18;17;26;24;33;36;0;35;31;57;60;50;58;46;72;61;63;62;64;-1;No;No;No
3033;15;10;1;14;4;20;25;21;22;30;32;41;0;38;34;46;56;59;58;57;67;70;75;71;64;-1;No;No;No
3034;8;4;3;5;11;17;18;23;26;25;34;42;0;31;43;54;46;49;55;57;71;73;61;62;67;-1;No;No;No
3035;4;9;7;11;1;20;24;25;29;28;39;34;0;33;40;51;58;54;46;47;62;66;70;74;72;-1;No;No;No
3036;11;5;4;1;9;27;22;26;17;21;37;35;0;40;31;48;53;57;54;52;63;67;62;66;68;-1;No;No;No
3037;7;4;1;8;15;25;27;28;21;22;43;41;0;36;31;56;48;52;46;57;71;70;72;63;73;-1;No;No;No
3038;12;13;3;7;9;28;18;25;24;30;39;38;0;41;31;60;47;59;52;51;71;67;61;63;73;-1;No;No;No
3039;2;14;6;12;8;25;20;27;29;17;40;44;0;35;32;47;51;58;55;46;62;73;70;71;63;-1;No;No;No
3040;15;13;8;9;1;25;22;24;26;16;38;31;0;34;33;57;50;53;47;60;73;61;67;75;72;-1;No;No;No
3041;10;8;6;3;14;30;25;19;22;23;33;36;0;31;44;57;55;46;52;51;65;71;72;74;62;-1;No;No;No
3042;3;8;15;14;6;20;23;25;24;19;38;44;0;42;33;57;58;55;50;60;71;67;73;65;64;-1;No;No;No
3043;11;12;4;7;2;26;22;16;23;28;31;43;0;33;40;55;53;50;46;48;71;67;72;66;65;-1;No;No;No
3044;6;3;14;9;7;23;20;28;21;16;37;43;0;44;38;49;54;46;59;52;63;62;61;69;64;-1;No;No;No
3045;6;10;1;12;9;16;26;30;18;24;38;35;0;39;37;52;47;54;48;57;72;68;71;63;74;-1;No;No;No
3046;2;11;13;3;12;21;23;29;22;16;44;42;0;33;31;59;55;54;56;48;72;63;73;70;65;-1;No;No;No
3047;8;7;2;13;15;17;29;22;24;18;39;41;0;40;44;50;53;55;58;60;71;64;66;62;72;-1;No;No;No
3048;14;5;10;3;6;27;23;22;18;25;34;35;0;31;41;55;57;47;51;54;62;73;61;64;66;-1;No;No;No
3049;13;6;8;11;10;17;19;16;26;21;31;44;0;42;37;55;49;50;58;56;73;68;61;66;63;-1;No;No;No
3050;5;1;6;10;2;27;28;16;19;26;43;36;0;35;32;47;52;56;51;50;65;64;72;67;62;-1;No;No;No
3051;15;6;5;9;11;21;19;20;25;28;40;36;0;35;45;53;56;58;59;55;68;66;71;62;75;-1;No;No;No
3052;1;14;13;5;12;16;29;23;17;21;31;39;0;40;33;56;53;47;50;54;75;61;68;64;66;-1;No;No;No
3053;2;15;7;10;11;27;22;24;17;20;41;33;0;38;45;58;52;53;50;56;68;71;65;64;70;-1;No;No;No
3054;15;4;12;3;14;29;26;20;17;22;44;42;0;35;39;57;47;51;53;56;66;64;70;67;62;-1;No;No;No
3055;3;11;6;9;8;18;21;26;24;16;34;41;0;32;31;56;46;49;47;57;71;73;66;67;65;-1;No;No;No
3056;2;7;9;8;1;21;23;29;19;18;42;33;0;43;31;50;47;51;59;49;74;61;72;70;71;-1;No;No;No
3057;11;12;10;2;15;25;26;22;30;17;43;39;0;33;44;48;57;46;56;47;69;75;65;71;73;-1;No;No;No
3058;5;15;14;8;6;27;25;16;28;17;37;35;0;43;31;49;56;60;47;55;68;70;62;74;61;-1;No;No;No
3059;6;11;3;5;10;26;19;24;22;27;33;39;0;37;36;48;46;57;52;47;63;73;67;61;68;-1;No;No;No
3060;3;15;13;4;7;26;20;16;19;22;37;39;0;40;41;59;56;55;46;52;66;61;69;68;74;-1;No;No;No
3061;11;12;8;5;15;21;26;23;18;27;37;42;0;40;32;58;59;56;57;50;68;75;71;72;66;-1;No;No;No
3062;2;7;1;10;13;23;16;28;21;17;41;32;0;36;33;54;47;52;51;58;73;65;72;70;61;-1;No;No;No
3063;9;13;12;3;4;22;17;26;25;29;33;42;0;35;45;51;57;52;55;56;68;74;65;72;66;-1;No;No;No
3064;6;11;10;14;2;28;16;27;21;19;39;32;0;33;42;60;48;56;46;57;64;72;61;68;75;-1;No;No;No
3065;5;2;3;6;7;18;28;21;29;23;45;40;0;41;35;50;51;52;54;53;67;74;66;71;61;-1;No;No;No
3066;4;8;5;10;11;30;16;28;24;27;40;35;0;38;36;56;52;46;48;55;73;66;69;67;63;-1;No;No;No
3067;2;3;11;9;5;27;23;22;28;26;41;36;0;32;34;52;46;48;59;60;75;61;65;70;67;-1;No;No;No
3068;4;13;14;11;1;29;20;19;25;22;41;42;0;36;35;58;47;56;46;55;73;64;70;68;74;-1;No;No;No
3069;8;4;5;9;7;18;22;27;30;29;43;40;0;33;44;58;51;47;55;59;65;71;73;63;64;-1;No;No;No
3070;3;6;8;1;5;26;29;30;16;19;32;45;0;31;44;55;60;48;49;58;61;66;73;75;68;-1;No;No;No
3071;12;10;3;6;11;28;25;17;27;22;34;33;0;38;35;55;50;57;59;56;65;74;72;64;71;-1;No;No;No
3072;2;11;13;1;9;24;29;18;16;25;32;37;0;42;39;52;48;53;49;60;66;62;70;73;61;-1;No;No;No
3073;8;7;11;4;13;18;19;20;21;16;37;43;0;32;40;48;57;50;52;53;64;68;62;71;67;-1;No;No;No
3074;8;12;6;14;13;23;27;18;17;21;45;41;0;44;35;60;58;46;59;50;74;68;73;67;64;-1;No;No;No
3075;10;13;6;7;11;21;25;28;16;24;37;43;0;33;41;51;55;59;52;53;67;66;74;70;69;-1;No;No;No
3076;8;4;13;6;7;20;16;27;24;23;33;31;0;38;43;47;50;54;46;51;67;71;62;73;65;-1;No;No;No
3077;1;12;3;14;13;20;25;19;21;24;43;41;0;31;40;49;47;48;59;46;68;65;67;73;72;-1;No;No;No
3078;14;5;8;12;9;25;23;20;24;28;42;44;0;38;37;49;56;46;48;55;64;75;66;63;69;-1;No;No;No
3079;5;14;4;9;8;21;24;28;16;20;45;43;0;44;36;47;48;55;57;53;72;61;73;69;71;-1;No;No;No
3080;6;12;14;9;3;29;30;21;19;18;40;44;0;43;41;57;47;55;52;49;75;69;73;61;65;-1;No;No;No
3081;9;2;11;13;14;26;18;28;21;29;44;32;0;37;39;55;51;60;53;58;68;69;64;71;72;-1;No;No;No
3082;3;11;14;5;10;17;21;25;22;18;39;42;0;33;36;51;57;59;50;52;66;73;69;65;64;-1;No;No;No
3083;10;9;7;15;6;19;24;25;27;16;40;34;0;44;32;48;47;54;51;52;67;71;65;73;68;-1;No;No;No
3084;3;7;1;6;13;28;22;27;20;24;42;38;0;44;45;59;53;51;52;54;71;69;72;73;68;-1;No;No;No
3085;8;6;10;3;7;17;23;30;21;29;38;35;0;33;39;46;55;52;48;54;70;67;62;71;65;-1;No;No;No
3086;8;9;12;14;1;25;16;28;17;21;37;38;0;43;45;54;59;53;57;55;75;67;74;66;68;-1;No;No;No
3087;10;9;7;5;12;24;16;26;21;18;37;41;0;33;44;49;52;54;53;56;71;64;74;63;61;-1;No;No;No
3088;6;2;10;14;7;16;28;27;26;30;43;33;0;35;37;55;47;50;51;54;67;65;64;74;66;-1;No;No;No
3089;13;5;2;12;14;18;21;20;22;23;41;37;0;38;31;58;50;46;47;53;64;63;65;68;67;-1;No;No;No
3090;12;8;7;11;2;18;25;28;26;16;33;39;0;37;34;54;52;46;53;48;72;71;65;63;75;-1;No;No;No
3091;13;12;7;8;3;27;29;30;19;24;43;32;0;45;36;51;53;55;48;49;71;74;64;62;73;-1;No;No;No
3092;4;14;9;7;12;27;18;21;25;30;41;38;0;42;33;48;59;53;60;50;65;67;64;75;63;-1;No;No;No
3093;12;1;10;6;14;27;30;22;29;24;38;42;0;37;40;54;57;49;47;56;64;65;70;72;73;-1;No;No;No
3094;13;14;15;11;10;20;24;19;27;17;43;38;0;39;35;56;52;55;53;60;68;70;64;72;65;-1;No;No;No
3095;2;11;15;10;12;30;22;20;26;29;35;42;0;40;38;55;54;56;52;53;73;65;70;75;71;-1;No;No;No
3096;6;1;8;3;5;23;17;26;28;24;31;37;0;32;44;47;56;49;50;54;73;65;71;69;70;-1;No;No;No
3097;3;13;5;10;1;19;25;21;27;23;36;34;0;39;38;59;50;58;49;47;67;72;75;64;63;-1;No;No;No
3098;3;8;10;1;11;16;28;24;18;17;39;40;0;31;32;57;53;49;50;51;62;63;67;68;64;-1;No;No;No
3099;1;13;12;14;7;30;25;28;23;24;34;44;0;38;32;46;51;49;56;52;64;72;71;63;70;-1;No;No;No
3100;11;5;9;2;15;29;25;22;28;17;43;34;0;45;44;56;49;59;53;54;68;61;72;71;63;-1;No;No;No
3101;14;15;3;13;5;24;25;29;20;16;38;32;0;34;44;50;59;54;49;57;68;62;72;61;74;-1;No;No;No
3102;2;4;5;13;8;18;30;27;22;24;31;34;0;41;37;58;51;60;50;49;62;67;66;74;72;-1;No;No;No
3103;10;8;9;3;11;26;20;24;28;29;40;42;0;43;41;54;53;52;50;55;68;63;71;67;70;-1;No;No;No
3104;6;4;9;11;7;17;16;23;25;20;37;31;0;36;38;58;57;56;52;50;65;73;70;67;66;-1;No;No;No
3105;8;12;13;2;14;22;29;25;26;17;36;37;0;40;35;54;53;49;50;48;69;73;74;61;70;-1;No;No;No
3106;9;10;1;13;2;24;19;17;16;22;45;37;0;42;41;47;46;52;54;48;75;72;71;62;68;-1;No;No;No
3107;8;1;11;6;2;16;18;22;28;17;34;33;0;36;32;51;52;60;54;50;73;71;68;69;70;-1;No;No;No
3108;12;1;8;11;9;22;29;19;27;26;44;35;0;39;31;54;53;47;59;46;61;68;70;65;62;-1;No;No;No
3109;13;7;5;2;14;16;17;26;20;29;31;37;0;40;44;57;47;52;49;58;62;73;66;63;64;-1;No;No;No
3110;12;1;5;8;2;28;17;23;30;16;43;34;0;32;41;58;48;56;57;49;72;70;69;73;67;-1;No;No;No
3111;7;13;2;1;8;16;24;25;26;19;36;32;0;44;40;46;49;54;51;59;68;75;66;72;71;-1;No;No;No
3112;11;6;13;3;2;19;18;17;21;28;36;31;0;32;38;56;47;51;60;50;70;75;73;68;72;-1;No;No;No
3113;9;10;11;12;8;21;25;17;19;24;43;39;0;33;44;46;52;50;59;48;67;66;73;72;62;-1;No;No;No
3114;1;4;14;13;15;29;19;25;18;20;41;42;0;38;35;54;57;49;58;52;66;64;62;69;73;-1;No;No;No
3115;8;13;14;4;15;18;29;22;16;21;41;36;0;38;31;54;49;51;48;58;73;63;64;70;72;-1;No;No;No
3116;7;5;12;1;14;16;18;21;20;26;38;43;0;33;45;51;49;57;52;47;75;64;62;72;71;-1;No;No;No
3117;8;15;3;14;13;23;20;19;22;21;42;35;0;43;34;49;48;59;55;58;71;65;64;73;70;-1;No;No;No
3118;9;4;6;8;11;22;30;26;18;16;45;43;0;41;39;50;58;46;54;53;65;62;70;63;75;-1;No;No;No
3119;8;15;5;12;9;18;22;26;25;29;34;33;0;35;42;53;60;46;56;59;68;72;71;70;69;-1;No;No;No
3120;5;3;7;6;4;17;27;22;20;18;40;42;0;43;33;55;51;50;53;49;70;68;61;66;73;-1;No;No;No
3121;11;3;13;12;4;28;18;21;19;17;39;33;0;32;35;55;48;50;49;54;75;71;68;62;64;-1;No;No;No
3122;8;15;14;3;5;18;30;29;27;25;32;42;0;40;43;57;55;56;48;47;68;67;74;72;70;-1;No;No;No
3123;2;6;14;13;9;19;24;27;20;21;34;45;0;32;39;60;58;59;46;50;65;61;66;69;72;-1;No;No;No
3124;6;4;1;7;8;16;27;30;26;18;38;40;0;36;43;56;46;58;48;59;71;69;72;67;63;-1;No;No;No
3125;10;5;9;14;7;19;26;25;29;22;32;42;0;31;33;52;58;51;56;48;63;74;62;70;72;-1;No;No;No
3126;15;14;8;9;2;22;24;18;23;29;43;40;0;41;33;50;51;53;58;59;75;72;68;65;69;-1;No;No;No
3127;9;7;2;5;10;24;25;17;27;19;34;31;0;32;37;51;48;56;50;46;70;62;68;64;75;-1;No;No;No
3128;4;12;14;13;9;19;29;18;30;22;35;42;0;33;38;54;59;52;57;55;63;69;61;66;62;-1;No;No;No
3129;14;10;15;1;11;17;26;22;24;30;31;36;0;43;40;53;58;49;48;59;62;72;69;63;67;-1;No;No;No
3130;11;13;1;6;12;22;17;21;29;18;41;44;0;37;33;57;51;46;59;55;63;67;64;61;70;-1;No;No;No
3131;4;14;10;12;2;18;22;27;29;16;34;45;0;32;35;47;50;48;60;49;70;66;71;65;61;-1;No;No;No
3132;13;5;12;15;3;29;17;23;19;16;44;39;0;40;31;54;48;51;53;50;72;62;61;74;63;-1;No;No;No
3133;10;14;1;13;6;22;18;28;27;17;42;37;0;36;41;54;51;57;56;50;68;65;69;61;62;-1;No;No;No
3134;12;4;15;2;14;23;28;16;29;24;43;41;0;40;37;51;50;59;46;53;73;71;68;63;70;-1;No;No;No
3135;11;12;2;9;13;27;23;24;20;22;35;40;0;43;39;53;55;54;50;49;68;73;63;72;70;-1;No;No;No
3136;2;14;7;9;10;22;17;21;26;20;41;44;0;38;39;60;54;55;46;56;65;72;75;67;73;-1;No;No;No
3137;3;7;9;1;13;21;16;26;24;28;38;42;0;32;34;46;47;57;56;52;71;65;67;64;75;-1;No;No;No
3138;12;2;7;6;8;16;19;18;21;25;42;44;0;41;34;46;59;50;53;47;71;66;68;61;70;-1;No;No;No
3139;1;11;2;5;4;19;16;26;20;24;42;38;0;36;35;50;55;48;60;52;71;69;65;67;64;-1;No;No;No
3140;1;10;2;9;7;17;22;27;20;21;39;43;0;36;37;55;58;46;52;57;66;68;65;73;72;-1;No;No;No
3141;15;4;10;6;14;23;25;29;16;27;41;39;0;44;37;59;47;52;51;56;75;70;61;72;67;-1;No;No;No
3142;12;5;11;10;2;19;23;22;25;26;39;32;0;36;31;49;51;57;59;52;69;72;67;68;64;-1;No;No;No
3143;3;10;2;5;8;26;18;29;27;19;41;38;0;35;36;56;47;59;49;51;73;71;64;65;62;-1;No;No;No
3144;13;4;6;5;9;29;18;23;16;20;37;44;0;36;31;48;52;58;46;49;70;72;71;69;74;-1;No;No;No
3145;15;14;7;4;10;19;25;28;27;26;44;39;0;40;43;50;51;59;56;52;70;72;67;75;64;-1;No;No;No
3146;11;8;3;14;2;21;25;16;18;26;35;31;0;45;36;58;50;51;56;53;71;69;65;67;72;-1;No;No;No
3147;6;12;7;5;10;18;17;24;23;16;35;42;0;43;33;56;52;58;49;55;70;64;66;72;69;-1;No;No;No
3148;7;6;13;12;9;28;24;16;29;20;35;44;0;43;42;55;48;58;51;56;63;72;69;66;68;-1;No;No;No
3149;11;7;14;6;13;30;16;19;28;20;44;35;0;37;41;49;53;47;54;46;74;63;65;73;68;-1;No;No;No
3150;7;9;11;3;8;19;21;28;16;29;36;41;0;35;34;48;54;58;50;53;63;68;72;67;74;-1;No;No;No
3151;12;13;4;14;10;18;22;24;17;26;41;33;0;44;35;55;59;53;58;56;71;72;69;66;64;-1;No;No;No
3152;4;9;14;11;15;30;26;29;22;17;37;42;0;39;31;59;50;54;48;58;65;70;64;67;72;-1;No;No;No
3153;11;7;2;14;1;23;22;21;17;28;37;31;0;34;42;55;48;54;49;52;67;65;70;74;71;-1;No;No;No
3154;12;3;10;1;9;28;20;17;18;25;38;43;0;37;39;52;46;53;54;50;73;69;61;63;68;-1;No;No;No
3155;14;6;4;5;8;22;19;21;20;30;31;32;0;37;34;52;53;51;58;54;70;69;67;63;74;-1;No;No;No
3156;12;10;7;3;1;29;24;20;18;23;43;38;0;44;33;58;52;47;48;46;74;65;62;64;61;-1;No;No;No
3157;9;3;13;11;4;27;29;25;19;24;38;37;0;33;34;51;50;60;54;49;70;72;73;61;74;-1;No;No;No
3158;2;5;11;6;8;22;28;17;24;26;34;42;0;31;35;55;53;50;59;60;64;74;65;68;66;-1;No;No;No
3159;9;5;10;14;11;30;22;19;20;27;40;34;0;39;35;53;50;58;48;52;64;66;73;62;69;-1;No;No;No
3160;14;6;9;12;7;27;23;24;17;22;39;41;0;32;31;46;51;55;53;59;74;71;63;61;64;-1;No;No;No
3161;13;7;6;8;5;29;22;24;16;18;37;43;0;32;34;56;51;57;50;48;65;68;63;73;75;-1;No;No;No
3162;1;2;7;3;4;25;30;26;20;28;44;35;0;40;36;51;54;46;50;57;68;65;67;71;70;-1;No;No;No
3163;12;9;8;2;6;20;29;26;27;16;37;40;0;44;36;56;60;58;54;47;70;72;62;74;68;-1;No;No;No
3164;8;13;4;1;3;20;25;18;19;17;41;34;0;32;44;55;47;51;49;46;63;61;70;67;68;-1;No;No;No
3165;8;2;10;6;5;23;26;27;20;17;31;45;0;35;37;55;52;56;53;60;63;67;69;72;74;-1;No;No;No
3166;13;10;8;2;3;28;25;17;18;27;44;32;0;36;39;57;49;60;50;51;70;71;66;62;74;-1;No;No;No
3167;13;11;12;5;3;18;17;16;29;27;43;32;0;34;33;56;51;58;54;57;62;69;66;68;73;-1;No;No;No
3168;14;11;10;3;2;21;27;23;20;26;42;33;0;38;36;60;54;52;57;56;71;66;68;73;65;-1;No;No;No
3169;3;15;14;2;5;27;16;30;17;23;31;44;0;41;36;57;49;53;56;54;74;62;75;69;70;-1;No;No;No
3170;15;5;11;14;7;16;21;29;20;18;36;34;0;31;44;57;47;52;58;54;72;62;70;73;64;-1;No;No;No
3171;15;5;10;7;6;24;19;17;27;18;35;34;0;42;38;47;58;48;59;49;68;74;73;63;72;-1;No;No;No
3172;13;12;3;4;6;27;17;25;16;23;36;38;0;33;45;46;52;55;48;57;65;74;62;66;69;-1;No;No;No
3173;11;4;9;14;2;29;22;20;30;24;41;35;0;40;33;49;46;55;59;47;67;72;73;70;61;-1;No;No;No
3174;5;9;3;13;4;24;30;28;16;18;37;32;0;38;35;49;55;56;60;47;72;62;63;65;67;-1;No;No;No
3175;8;1;2;9;14;19;23;25;22;21;43;41;0;42;33;50;58;57;56;54;69;72;68;65;70;-1;No;No;No
3176;13;4;5;2;8;17;22;21;29;16;43;33;0;34;36;56;47;46;54;59;70;62;68;71;74;-1;No;No;No
3177;6;2;4;12;1;28;27;20;22;23;38;41;0;33;44;53;46;58;60;51;67;62;75;68;69;-1;No;No;No
3178;3;14;6;12;11;21;22;20;17;18;31;33;0;40;41;52;56;54;51;46;62;72;64;65;74;-1;No;No;No
3179;15;2;11;8;9;24;22;17;26;27;44;32;0;40;33;54;59;49;46;48;62;63;67;61;75;-1;No;No;No
3180;10;8;5;14;11;27;21;28;23;16;31;35;0;45;44;58;49;59;48;50;71;72;70;67;63;-1;No;No;No
3181;14;1;8;4;15;23;28;25;20;27;44;36;0;31;37;49;54;52;47;53;72;71;67;64;70;-1;No;No;No
3182;14;10;3;7;1;30;18;24;28;27;32;37;0;42;36;47;46;49;55;58;73;64;68;67;72;-1;No;No;No
3183;1;11;13;6;12;19;25;16;28;20;38;44;0;42;34;46;58;55;49;57;67;75;65;68;69;-1;No;No;No
3184;10;9;6;7;14;29;30;22;25;24;42;39;0;32;37;53;57;49;54;48;63;65;69;61;73;-1;No;No;No
3185;4;11;7;6;3;16;24;23;26;25;44;33;0;38;31;48;57;51;47;54;64;73;66;65;61;-1;No;No;No
3186;11;4;8;5;6;28;24;17;16;21;42;39;0;40;37;52;51;50;57;46;63;72;61;74;62;-1;No;No;No
3187;2;13;9;4;12;24;25;26;23;18;42;37;0;34;41;56;51;58;46;52;65;73;69;70;72;-1;No;No;No
3188;12;3;11;7;6;29;17;22;20;23;42;31;0;32;40;49;52;60;54;51;73;62;68;71;63;-1;No;No;No
3189;5;2;6;8;12;18;30;25;19;16;34;33;0;37;44;52;54;50;49;56;71;63;61;67;62;-1;No;No;No
3190;2;5;11;14;4;25;28;29;16;21;33;38;0;41;39;51;46;48;57;56;72;62;64;71;73;-1;No;No;No
3191;5;15;11;9;13;19;30;28;16;26;45;43;0;35;37;50;46;59;54;53;64;72;73;69;71;-1;No;No;No
3192;3;13;6;8;4;26;22;18;19;28;45;41;0;43;38;49;57;58;59;54;69;71;67;62;74;-1;No;No;No
3193;3;15;13;14;12;17;19;26;28;27;33;31;0;43;38;47;55;57;53;51;67;62;63;74;71;-1;No;No;No
3194;14;9;8;1;7;20;25;27;18;26;42;44;0;41;37;48;47;46;57;53;61;65;62;71;69;-1;No;No;No
3195;14;7;2;1;12;29;19;21;20;25;39;43;0;32;31;55;51;57;46;59;70;71;63;67;69;-1;No;No;No
3196;8;11;3;12;13;17;28;22;24;30;41;38;0;31;33;58;46;48;52;49;65;70;67;69;71;-1;No;No;No
3197;2;13;14;7;10;25;28;21;16;23;41;39;0;38;42;53;55;58;49;57;63;72;69;64;70;-1;No;No;No
3198;6;5;8;1;3;19;20;27;16;26;39;41;0;33;38;47;60;57;53;56;66;74;65;71;68;-1;No;No;No
3199;11;4;5;1;14;18;30;26;23;22;38;42;0;35;37;46;50;53;52;51;72;71;66;65;62;-1;No;No;No
3200;12;6;3;14;8;22;18;24;16;21;41;33;0;38;39;53;59;46;51;57;74;69;68;65;64;-1;No;No;No
3201;2;13;9;12;8;20;25;18;28;27;31;36;0;45;37;53;47;54;48;57;72;64;61;63;69;-1;No;No;No
3202;12;9;4;11;1;28;17;26;23;27;32;38;0;42;44;59;55;57;56;46;71;68;64;65;67;-1;No;No;No
3203;12;11;5;3;4;24;30;28;21;27;32;43;0;44;34;55;53;58;49;50;63;61;66;74;73;-1;No;No;No
3204;11;14;1;3;13;25;22;16;27;26;34;45;0;36;42;49;48;50;58;57;70;67;74;72;75;-1;No;No;No
3205;4;2;7;12;5;19;22;23;18;30;32;31;0;38;35;51;46;59;50;49;72;62;74;71;67;-1;No;No;No
3206;6;4;13;8;11;18;28;20;26;29;39;32;0;36;41;57;54;46;47;48;62;70;69;61;67;-1;No;No;No
3207;5;4;2;1;8;26;21;20;29;22;44;38;0;32;42;56;52;54;50;51;63;64;72;62;74;-1;No;No;No
3208;10;6;2;11;14;25;30;27;21;18;38;35;0;44;42;58;56;50;59;52;62;64;67;74;72;-1;No;No;No
3209;3;2;15;8;9;22;27;19;18;25;31;34;0;33;44;49;54;51;57;48;71;64;69;66;74;-1;No;No;No
3210;10;7;5;1;9;21;16;20;19;27;36;40;0;34;32;56;48;51;54;50;69;73;62;61;66;-1;No;No;No
3211;11;12;6;8;1;26;17;16;21;19;41;38;0;42;44;55;53;52;46;54;71;67;68;72;64;-1;No;No;No
3212;9;6;14;7;8;19;24;29;28;16;41;37;0;35;33;51;57;53;55;52;65;75;70;72;71;-1;No;No;No
3213;6;3;8;10;14;19;27;25;22;29;42;32;0;43;36;50;54;53;49;59;61;66;70;65;64;-1;No;No;No
3214;7;6;5;8;14;26;21;22;28;20;42;39;0;32;37;51;55;52;49;47;67;70;74;62;65;-1;No;No;No
3215;15;7;11;2;8;16;28;27;29;21;35;37;0;44;41;48;56;47;55;49;69;74;71;63;70;-1;No;No;No
3216;15;8;5;10;12;27;18;22;25;23;37;38;0;42;31;54;50;51;47;56;68;71;67;63;61;-1;No;No;No
3217;4;10;15;14;12;25;22;29;28;17;41;31;0;40;36;50;60;51;54;55;63;65;71;70;73;-1;No;No;No
3218;9;11;10;8;1;25;22;19;24;27;43;39;0;34;37;49;47;46;56;48;71;67;65;61;73;-1;No;No;No
3219;6;7;15;1;8;24;20;18;30;28;32;36;0;35;41;55;53;50;47;58;61;69;73;64;65;-1;No;No;No
3220;9;3;6;5;14;18;28;22;21;30;31;37;0;32;41;47;54;52;46;50;68;67;74;61;63;-1;No;No;No
3221;7;13;11;10;4;16;28;24;25;27;33;36;0;32;34;52;49;58;47;59;67;73;65;62;61;-1;No;No;No
3222;11;13;14;7;4;19;27;22;16;21;40;37;0;43;45;57;51;53;54;56;66;65;73;69;74;-1;No;No;No
3223;15;12;11;4;14;29;28;23;26;17;41;40;0;34;36;57;53;52;54;48;63;69;64;71;61;-1;No;No;No
3224;7;1;12;5;10;17;27;26;19;29;37;39;0;41;33;46;50;54;47;52;65;62;69;72;71;-1;No;No;No
3225;13;9;11;10;12;16;18;21;22;19;41;31;0;38;36;48;49;46;56;51;62;70;64;61;65;-1;No;No;No
3226;9;13;1;10;11;27;30;21;17;25;32;45;0;44;42;54;51;57;56;59;61;69;75;65;64;-1;No;No;No
3227;2;7;6;10;9;23;21;20;17;29;33;41;0;42;38;53;47;60;52;56;64;72;68;61;70;-1;No;No;No
3228;7;3;14;10;9;22;23;30;19;21;38;37;0;35;31;50;46;58;51;52;74;70;64;75;66;-1;No;No;No
3229;11;8;12;15;13;19;18;29;21;28;35;38;0;40;32;54;58;57;52;59;71;68;69;65;67;-1;No;No;No
3230;2;3;1;5;7;18;24;28;22;23;39;31;0;37;43;50;59;57;49;46;66;61;72;70;68;-1;No;No;No
3231;6;2;5;3;11;16;22;20;19;17;37;38;0;35;44;52;53;57;60;56;63;71;75;67;72;-1;No;No;No
3232;5;13;6;7;9;20;27;18;23;26;39;33;0;41;44;48;49;55;53;54;73;62;74;69;68;-1;No;No;No
3233;1;7;13;12;11;29;24;26;22;20;35;41;0;34;37;46;59;53;54;60;62;65;69;73;75;-1;No;No;No
3234;14;4;6;8;9;26;18;30;19;28;44;39;0;32;34;56;48;47;49;59;64;63;70;72;68;-1;No;No;No
3235;10;9;11;4;6;27;29;18;21;23;33;43;0;38;39;52;49;53;46;55;62;71;74;69;75;-1;No;No;No
3236;3;6;2;5;15;22;24;25;23;27;37;43;0;41;31;49;48;51;58;56;61;71;70;66;65;-1;No;No;No
3237;11;8;9;1;7;28;25;27;24;20;35;32;0;44;43;47;49;46;50;58;74;61;70;64;71;-1;No;No;No
3238;10;1;8;5;2;29;24;20;21;18;31;39;0;36;40;52;51;49;53;59;63;66;70;74;68;-1;No;No;No
3239;13;5;11;1;12;30;27;19;17;20;40;36;0;42;44;57;48;56;58;52;61;69;65;67;70;-1;No;No;No
3240;8;6;4;9;10;24;29;17;27;23;36;41;0;40;43;53;59;57;58;48;63;67;69;62;68;-1;No;No;No
3241;9;2;8;6;11;27;30;17;28;18;41;40;0;36;43;58;54;56;49;60;72;70;66;71;73;-1;No;No;No
3242;14;9;5;11;4;24;28;30;17;23;39;40;0;43;44;49;47;50;56;46;67;71;73;65;74;-1;No;No;No
3243;2;4;1;13;15;16;19;27;21;24;44;31;0;35;42;58;50;48;53;54;61;74;70;66;63;-1;No;No;No
3244;7;13;9;1;3;23;17;24;25;21;43;44;0;33;36;49;59;55;51;52;71;74;68;70;61;-1;No;No;No
3245;3;8;4;11;12;21;25;23;24;29;42;41;0;35;40;47;55;56;58;54;62;66;72;68;71;-1;No;No;No
3246;7;11;14;2;10;16;24;19;22;21;44;40;0;41;37;52;50;47;54;57;68;67;65;63;73;-1;No;No;No
3247;7;15;5;3;8;17;29;25;27;20;40;31;0;35;33;56;57;60;59;49;62;71;64;73;74;-1;No;No;No
3248;14;5;2;12;8;29;25;30;20;26;42;34;0;31;33;55;59;52;46;47;73;72;67;74;68;-1;No;No;No
3249;5;12;6;11;15;19;25;17;22;18;40;43;0;32;35;53;56;57;59;47;68;71;61;72;66;-1;No;No;No
3250;6;5;8;12;2;24;30;25;26;19;40;35;0;33;39;51;47;54;52;55;70;62;63;68;64;-1;No;No;No
3251;14;12;9;2;13;23;26;16;24;17;36;39;0;32;44;56;47;49;53;46;74;61;66;71;68;-1;No;No;No
3252;10;12;5;8;9;29;19;26;17;30;32;40;0;39;31;54;59;46;58;52;67;75;62;63;64;-1;No;No;No
3253;13;7;6;12;10;20;29;24;21;26;45;38;0;32;43;47;57;48;56;59;65;64;69;75;67;-1;No;No;No
3254;7;10;5;12;6;25;21;16;20;24;31;34;0;37;41;51;52;46;49;56;74;73;66;67;70;-1;No;No;No
3255;13;2;3;14;7;19;21;20;25;27;35;44;0;39;31;49;59;53;48;46;69;67;74;66;63;-1;No;No;No
3256;8;9;7;15;4;23;28;17;22;19;43;41;0;34;39;56;47;59;54;51;73;71;69;70;72;-1;No;No;No
3257;8;6;12;13;15;22;29;28;27;17;39;34;0;38;35;53;50;57;54;48;71;68;65;64;73;-1;No;No;No
3258;10;8;13;7;12;29;26;18;21;27;38;44;0;31;34;46;47;48;58;57;63;64;69;67;61;-1;No;No;No
3259;9;10;1;7;15;29;25;16;18;22;42;32;0;35;36;59;53;51;47;58;64;63;74;65;70;-1;No;No;No
3260;1;14;8;9;6;25;24;21;27;23;33;42;0;34;39;52;50;51;56;58;65;73;75;68;72;-1;No;No;No
3261;7;8;10;1;14;22;27;17;16;28;37;34;0;32;39;55;56;54;57;60;63;72;69;66;74;-1;No;No;No
3262;13;8;3;2;14;18;22;29;28;27;33;31;0;35;44;47;46;50;49;53;67;68;61;74;69;-1;No;No;No
3263;13;14;15;12;3;22;25;18;24;20;44;38;0;31;34;51;59;46;53;52;73;70;61;71;64;-1;No;No;No
3264;10;12;14;8;4;18;19;24;29;21;40;42;0;41;36;46;48;59;53;50;71;62;63;73;61;-1;No;No;No
3265;14;9;8;10;1;25;20;24;21;22;31;40;0;43;32;48;57;50;58;46;64;71;69;66;65;-1;No;No;No
3266;11;7;5;14;15;25;28;19;16;27;39;31;0;37;44;46;58;60;50;49;65;72;67;75;71;-1;No;No;No
3267;8;11;12;7;13;26;19;21;29;18;41;31;0;32;42;57;47;46;48;55;73;65;66;75;61;-1;No;No;No
3268;7;1;3;6;14;19;18;27;17;24;33;44;0;31;40;46;59;58;56;50;65;63;66;71;64;-1;No;No;No
3269;3;2;10;6;14;21;18;22;30;25;40;36;0;35;34;47;57;54;46;50;72;66;62;73;70;-1;No;No;No
3270;15;12;6;1;10;18;26;24;21;19;35;38;0;37;43;57;54;58;46;49;63;71;75;61;74;-1;No;No;No
3271;12;3;2;4;8;17;23;20;28;22;37;35;0;39;36;57;49;50;55;47;62;61;72;65;71;-1;No;No;No
3272;4;13;8;14;3;26;29;20;24;23;35;34;0;44;42;57;53;47;59;49;74;68;67;62;61;-1;No;No;No
3273;2;3;8;10;12;21;19;23;30;29;40;34;0;43;31;57;51;47;58;55;61;63;62;65;70;-1;No;No;No
3274;6;2;11;13;4;23;24;18;19;29;38;44;0;35;42;52;58;51;53;46;70;61;65;69;75;-1;No;No;No
3275;13;7;9;4;5;19;24;30;23;27;33;36;0;34;43;55;46;48;60;50;62;64;69;68;73;-1;No;No;No
3276;5;9;2;4;11;22;28;18;27;23;41;35;0;37;34;48;53;58;59;47;71;74;69;66;70;-1;No;No;No
3277;10;2;8;1;4;21;22;30;19;16;42;31;0;34;40;54;47;52;59;48;74;63;61;73;67;-1;No;No;No
3278;15;12;14;6;1;20;23;28;16;21;42;45;0;41;44;54;47;56;60;50;62;72;71;67;73;-1;No;No;No
3279;1;9;15;13;11;28;22;24;27;18;33;43;0;44;37;57;51;58;47;50;73;66;62;67;69;-1;No;No;No
3280;4;13;2;5;3;19;29;17;26;25;39;44;0;35;32;49;54;53;57;47;73;68;62;61;66;-1;No;No;No
3281;2;10;11;4;14;26;17;25;19;18;40;42;0;38;34;59;58;49;47;51;68;67;73;72;70;-1;No;No;No
3282;11;7;12;2;14;16;27;17;24;18;32;40;0;31;35;57;52;56;49;51;74;70;71;63;66;-1;No;No;No
3283;3;5;4;8;12;18;30;28;16;20;37;35;0;42;34;60;46;59;49;57;70;74;66;71;63;-1;No;No;No
3284;6;5;12;15;10;26;28;27;23;18;40;35;0;42;38;59;52;47;56;55;64;65;66;68;72;-1;No;No;No
3285;10;9;3;1;13;29;20;26;17;30;36;39;0;43;33;47;55;58;59;51;66;69;68;75;67;-1;No;No;No
3286;2;8;3;15;12;22;23;18;28;29;41;33;0;43;39;51;53;59;54;46;66;69;72;61;65;-1;No;No;No
3287;4;1;12;7;13;24;20;30;17;16;43;41;0;44;38;49;52;59;60;50;65;69;67;73;70;-1;No;No;No
3288;6;7;8;5;3;28;25;29;17;18;41;40;0;33;31;46;52;55;59;53;69;74;64;63;70;-1;No;No;No
3289;1;13;6;4;14;25;16;29;17;20;34;40;0;42;41;55;50;54;46;52;66;62;68;61;75;-1;No;No;No
3290;15;14;7;11;13;29;22;19;26;24;40;38;0;44;36;47;58;53;46;49;71;67;61;64;66;-1;No;No;No
3291;2;8;14;9;3;19;17;18;28;24;33;35;0;36;42;53;56;51;48;47;61;63;66;67;69;-1;No;No;No
3292;4;1;8;9;6;23;20;25;26;16;34;41;0;32;33;49;47;51;58;56;72;69;65;66;74;-1;No;No;No
3293;13;5;7;14;2;20;30;27;19;29;36;33;0;31;44;51;55;50;49;58;63;61;65;62;67;-1;No;No;No
3294;13;1;14;3;2;20;22;29;25;21;36;42;0;34;33;58;46;51;57;47;68;72;70;71;69;-1;No;No;No
3295;14;4;1;5;7;27;24;25;18;28;33;41;0;42;31;47;54;59;58;50;68;74;65;66;62;-1;No;No;No
3296;15;6;8;12;5;19;23;17;29;24;34;44;0;36;33;57;47;50;46;48;63;70;61;66;73;-1;No;No;No
3297;9;14;3;8;6;19;20;17;24;25;37;43;0;40;38;48;52;57;53;56;67;62;68;73;69;-1;No;No;No
3298;8;13;12;5;2;22;24;18;21;26;38;39;0;32;34;56;47;46;51;53;70;63;67;61;73;-1;No;No;No
3299;4;2;11;10;15;27;26;21;28;16;39;34;0;38;43;47;46;50;60;54;74;71;66;72;65;-1;No;No;No
3300;10;1;4;3;9;24;25;18;22;26;32;44;0;39;31;48;55;49;54;59;69;67;72;64;66;-1;No;No;No
3301;12;2;4;11;3;24;22;26;18;19;41;35;0;42;40;50;57;46;53;58;68;74;65;69;64;-1;No;No;No
3302;2;10;13;3;9;29;16;30;25;28;38;35;0;40;41;48;53;47;58;52;64;67;63;72;71;-1;No;No;No
3303;11;13;10;1;3;23;18;29;25;24;42;44;0;41;36;48;51;57;54;50;64;69;73;68;62;-1;No;No;No
3304;6;2;14;9;4;21;23;29;26;17;33;37;0;32;41;56;52;47;57;54;73;70;65;66;69;-1;No;No;No
3305;3;1;11;13;5;18;19;17;24;28;42;38;0;40;41;57;53;51;60;46;64;74;63;61;71;-1;No;No;No
3306;3;4;2;7;12;22;20;17;26;16;40;39;0;45;34;52;51;50;59;56;69;70;64;72;68;-1;No;No;No
3307;1;13;9;10;7;20;16;22;27;18;31;42;0;43;36;47;59;56;54;46;74;70;66;63;62;-1;No;No;No
3308;5;3;10;9;4;21;26;30;28;16;31;44;0;39;42;50;53;49;57;58;61;64;70;74;68;-1;No;No;No
3309;12;8;7;11;3;17;26;29;27;16;39;38;0;40;32;56;55;47;52;60;62;72;67;61;66;-1;No;No;No
3310;13;7;5;15;10;22;18;16;21;28;34;40;0;36;33;57;46;50;54;56;68;71;65;61;69;-1;No;No;No
3311;4;3;12;6;10;16;27;23;20;22;35;41;0;31;36;49;58;57;50;48;72;74;65;61;67;-1;No;No;No
3312;2;14;13;3;5;22;27;18;16;20;37;32;0;39;34;59;50;53;47;54;65;62;75;70;69;-1;No;No;No
3313;14;10;7;11;4;19;29;27;28;20;37;31;0;38;33;46;51;49;50;55;68;69;65;66;67;-1;No;No;No
3314;10;14;11;9;1;17;19;25;30;21;42;33;0;38;40;51;47;46;59;55;64;67;70;69;66;-1;No;No;No
3315;14;7;11;4;9;22;23;26;28;25;43;32;0;34;35;47;46;56;49;57;65;71;68;63;70;-1;No;No;No
3316;8;9;12;13;10;27;26;30;17;23;41;31;0;43;38;50;54;47;53;48;71;65;68;73;66;-1;No;No;No
3317;1;14;13;7;4;16;18;17;29;19;40;38;0;34;36;52;54;53;47;56;64;66;74;73;65;-1;No;No;No
3318;13;6;7;12;15;17;25;24;26;20;41;31;0;36;38;52;49;46;48;50;66;73;63;62;67;-1;No;No;No
3319;10;11;15;5;8;21;25;26;22;20;43;38;0;36;33;57;59;52;47;46;63;68;66;67;65;-1;No;No;No
3320;5;3;1;4;6;17;19;16;22;21;32;43;0;42;31;55;56;60;48;49;73;71;72;63;75;-1;No;No;No
3321;11;9;2;12;5;16;22;28;19;29;39;37;0;42;41;56;51;46;55;58;69;70;74;71;66;-1;No;No;No
3322;2;5;9;3;12;25;19;29;30;27;38;41;0;42;31;48;55;49;56;52;68;65;62;64;67;-1;No;No;No
3323;4;8;13;10;7;26;27;19;23;20;39;38;0;41;33;52;51;59;49;54;73;72;61;66;65;-1;No;No;No
3324;15;11;10;8;7;22;27;24;25;21;43;37;0;41;31;53;52;49;51;48;74;62;68;70;64;-1;No;No;No
3325;14;1;5;11;2;16;24;26;23;21;33;44;0;32;35;53;55;46;47;50;63;67;65;64;62;-1;No;No;No
3326;14;7;2;11;5;20;19;17;22;23;40;36;0;43;32;60;58;57;55;50;61;72;63;71;73;-1;No;No;No
3327;3;2;7;14;6;25;26;29;28;16;37;42;0;36;31;47;53;48;51;50;75;63;62;70;71;-1;No;No;No
3328;14;2;12;6;3;24;21;23;29;20;31;32;0;35;38;54;56;53;60;47;72;66;74;63;68;-1;No;No;No
3329;2;13;5;10;8;30;16;23;19;29;31;44;0;40;41;51;52;47;55;57;66;67;73;61;74;-1;No;No;No
3330;1;8;11;13;12;17;23;22;25;18;33;40;0;38;41;49;58;50;56;53;65;61;70;64;62;-1;No;No;No
3331;8;1;10;2;11;23;18;27;21;30;44;42;0;31;37;56;46;52;53;57;63;68;72;61;67;-1;No;No;No
3332;10;13;11;6;5;16;28;22;26;20;38;33;0;44;31;48;56;51;59;57;70;61;71;67;66;-1;No;No;No
3333;14;11;12;4;5;17;16;25;20;27;37;38;0;32;34;57;50;54;49;59;71;66;68;73;69;-1;No;No;No
3334;8;2;14;1;5;17;25;19;27;23;42;38;0;44;36;49;47;56;55;59;62;69;74;64;61;-1;No;No;No
3335;3;6;5;14;13;26;17;22;30;27;38;44;0;32;36;51;59;48;52;57;63;61;66;64;75;-1;No;No;No
3336;8;12;5;6;9;21;22;30;18;24;33;32;0;31;40;50;55;54;56;60;72;61;70;75;65;-1;No;No;No
3337;7;13;14;5;8;27;18;20;22;23;36;37;0;41;33;52;55;49;48;47;74;75;62;65;61;-1;No;No;No
3338;7;3;11;8;4;19;20;30;16;27;42;33;0;38;32;48;50;53;51;58;67;73;66;74;63;-1;No;No;No
3339;8;1;10;9;15;30;17;27;24;22;36;40;0;33;38;47;57;52;46;51;69;61;70;64;67;-1;No;No;No
3340;15;10;8;2;13;17;16;22;21;19;39;33;0;38;45;50;53;57;47;51;73;75;69;72;63;-1;No;No;No
3341;11;1;12;10;7;25;28;24;30;19;37;42;0;43;44;54;57;49;53;48;66;67;72;62;69;-1;No;No;No
3342;13;1;7;4;14;19;16;17;22;24;40;41;0;36;44;46;49;59;48;57;71;62;65;64;70;-1;No;No;No
3343;11;14;10;1;3;28;18;19;17;21;42;35;0;44;33;57;48;47;53;49;70;75;65;61;67;-1;No;No;No
3344;14;4;6;9;13;23;24;26;18;17;35;40;0;36;44;49;51;48;56;54;68;66;72;63;61;-1;No;No;No
3345;13;14;11;5;7;24;21;22;19;26;32;44;0;34;33;49;58;53;50;52;70;75;71;62;65;-1;No;No;No
3346;8;10;4;13;12;21;24;30;25;20;36;39;0;33;37;50;49;58;53;55;61;69;65;72;66;-1;No;No;No
3347;10;13;5;9;4;20;27;29;23;25;36;39;0;44;32;50;52;60;51;46;65;71;64;67;73;-1;No;No;No
3348;10;4;11;13;9;23;16;19;25;29;35;32;0;34;37;49;51;58;46;59;72;67;62;75;64;-1;No;No;No
3349;8;12;13;14;1;24;20;28;23;18;38;44;0;40;39;55;58;53;49;57;74;65;68;69;66;-1;No;No;No
3350;3;7;12;11;4;16;20;18;28;19;37;35;0;33;40;49;51;58;59;46;64;63;61;74;70;-1;No;No;No
3351;11;3;12;13;6;28;26;18;22;21;36;32;0;40;44;58;54;46;56;47;61;63;72;68;71;-1;No;No;No
3352;2;13;3;1;8;22;25;18;23;16;38;40;0;41;44;49;56;58;53;55;63;68;61;73;71;-1;No;No;No
3353;5;6;4;8;15;19;23;18;20;24;43;42;0;38;36;57;55;53;58;48;64;74;61;72;73;-1;No;No;No
3354;10;4;14;3;5;20;18;26;30;23;40;37;0;42;36;54;59;52;46;50;63;71;66;67;68;-1;No;No;No
3355;4;11;15;10;2;18;23;29;21;26;37;40;0;44;36;54;56;51;58;50;73;66;70;61;72;-1;No;No;No
3356;14;6;12;2;13;27;24;23;25;26;31;43;0;32;33;55;54;59;58;56;69;61;66;74;70;-1;No;No;No
3357;7;3;11;13;9;30;28;20;27;29;32;41;0;42;43;53;48;54;49;60;66;63;72;65;68;-1;No;No;No
3358;6;12;4;8;10;24;17;25;26;18;44;31;0;42;32;49;52;55;53;54;67;71;65;62;68;-1;No;No;No
3359;14;13;11;9;6;26;23;17;28;18;36;31;0;35;40;57;47;54;59;56;67;66;71;69;68;-1;No;No;No
3360;13;3;4;11;10;26;24;18;21;16;36;35;0;39;37;48;58;50;46;59;65;72;74;70;73;-1;No;No;No
3361;7;13;3;2;10;21;28;24;18;23;32;40;0;35;34;55;57;46;47;60;73;68;67;74;66;-1;No;No;No
3362;13;9;8;12;7;20;27;18;16;24;34;41;0;32;35;56;55;49;47;58;72;73;65;69;64;-1;No;No;No
3363;15;2;12;4;14;16;25;19;24;22;41;35;0;33;40;59;58;49;54;47;74;73;69;62;63;-1;No;No;No
3364;13;14;9;8;6;29;23;19;17;22;39;33;0;42;35;55;57;49;50;51;69;73;66;64;68;-1;No;No;No
3365;13;11;8;5;7;29;28;23;17;24;36;37;0;40;31;49;50;60;51;52;66;68;67;71;62;-1;No;No;No
3366;5;2;8;7;11;21;18;26;24;29;42;34;0;44;40;46;58;59;51;57;74;71;70;73;62;-1;No;No;No
3367;11;14;7;5;10;18;17;27;19;29;31;38;0;39;40;55;53;47;59;46;66;70;75;71;74;-1;No;No;No
3368;4;1;10;6;13;17;19;21;24;18;32;43;0;44;36;46;57;52;59;51;66;75;64;62;72;-1;No;No;No
3369;9;11;6;1;3;29;18;25;19;22;39;37;0;31;43;58;60;55;47;51;67;69;68;65;71;-1;No;No;No
3370;8;2;14;12;6;30;18;17;27;16;32;45;0;44;34;46;49;51;55;57;62;65;71;68;64;-1;No;No;No
3371;11;3;5;12;4;26;19;28;27;24;37;40;0;32;36;51;49;54;50;58;69;68;63;62;71;-1;No;No;No
3372;8;5;15;6;2;21;23;24;27;20;41;32;0;44;36;59;60;46;47;51;66;65;70;67;64;-1;No;No;No
3373;5;9;1;13;4;25;29;16;23;21;43;37;0;35;40;46;50;47;57;56;62;69;61;70;72;-1;No;No;No
3374;14;11;4;9;12;19;23;29;30;20;41;42;0;32;39;57;53;46;48;59;61;62;68;64;71;-1;No;No;No
3375;14;5;13;11;10;25;17;27;23;16;31;34;0;38;39;54;46;52;58;48;69;63;70;71;62;-1;No;No;No
3376;6;1;11;10;9;28;25;23;20;19;38;33;0;43;45;50;54;52;49;56;67;68;65;74;73;-1;No;No;No
3377;1;14;2;11;3;23;24;26;28;21;31;38;0;41;35;49;55;53;50;47;68;70;64;74;73;-1;No;No;No
3378;12;11;4;14;13;21;20;29;22;28;33;41;0;42;36;48;59;46;50;54;70;74;63;69;66;-1;No;No;No
3379;13;2;7;6;8;21;27;25;20;29;31;41;0;33;32;59;46;48;58;51;74;73;66;72;65;-1;No;No;No
3380;3;12;14;4;11;30;20;19;29;21;42;32;0;39;36;57;59;51;49;46;69;71;66;73;68;-1;No;No;No
3381;1;11;5;13;7;25;29;27;21;18;34;44;0;39;40;50;48;51;56;49;70;69;73;68;63;-1;No;No;No
3382;1;9;13;6;14;18;27;24;16;22;40;37;0;43;38;50;56;59;47;49;67;62;73;71;61;-1;No;No;No
3383;9;6;8;15;1;23;29;21;16;28;37;33;0;43;45;59;53;54;47;50;73;67;63;68;72;-1;No;No;No
3384;4;10;6;7;8;19;26;25;28;21;38;31;0;40;44;50;53;59;58;54;72;61;69;74;68;-1;No;No;No
3385;6;7;12;14;10;27;26;16;24;20;39;44;0;36;35;53;51;57;59;50;74;65;72;62;71;-1;No;No;No
3386;6;12;13;8;1;22;16;24;18;28;31;33;0;45;36;54;57;51;49;50;73;61;63;75;74;-1;No;No;No
3387;2;6;10;11;12;25;17;20;28;16;42;34;0;37;31;59;51;54;47;58;73;61;64;70;65;-1;No;No;No
3388;12;10;13;14;4;29;28;21;17;24;44;39;0;32;31;46;52;51;49;53;62;70;68;61;65;-1;No;No;No
3389;11;6;14;4;9;19;26;20;23;25;39;41;0;44;31;57;47;58;59;52;72;70;74;67;62;-1;No;No;No
3390;2;3;12;10;11;20;25;24;16;29;37;41;0;39;33;48;50;57;49;55;66;61;65;70;62;-1;No;No;No
3391;12;11;14;6;9;19;27;18;28;23;45;31;0;37;38;56;47;49;54;55;73;71;68;62;66;-1;No;No;No
3392;2;14;5;15;8;23;16;25;24;20;34;32;0;33;37;56;55;49;60;51;70;69;62;72;74;-1;No;No;No
3393;8;12;1;5;9;22;20;28;16;26;33;36;0;38;39;56;46;59;47;55;65;72;66;62;73;-1;No;No;No
3394;11;12;8;1;2;25;24;16;20;27;33;36;0;31;35;48;49;58;51;55;68;72;61;70;73;-1;No;No;No
3395;10;11;2;7;12;23;25;28;21;26;45;42;0;41;31;58;55;60;52;48;63;66;61;65;68;-1;No;No;No
3396;8;2;9;14;12;27;18;23;17;20;34;33;0;35;32;53;54;47;48;51;74;73;67;71;69;-1;No;No;No
3397;14;8;12;7;13;19;25;29;22;23;39;34;0;36;45;49;51;54;53;56;75;72;66;68;63;-1;No;No;No
3398;7;11;6;14;13;19;24;20;16;28;40;37;0;31;42;51;46;50;49;48;68;66;67;71;64;-1;No;No;No
3399;10;3;5;7;1;27;17;26;25;21;38;41;0;33;32;59;52;54;51;46;64;73;63;71;66;-1;No;No;No
3400;3;5;15;8;12;25;18;24;26;22;39;44;0;42;41;47;50;59;57;56;74;64;72;69;70;-1;No;No;No
3401;5;2;9;15;1;22;21;29;19;23;33;39;0;40;38;54;59;48;58;57;63;69;70;65;61;-1;No;No;No
3402;1;14;4;5;11;22;17;21;20;30;37;44;0;38;31;46;56;48;49;47;63;66;73;62;72;-1;No;No;No
3403;5;13;14;9;8;24;21;30;18;28;42;36;0;34;38;55;46;52;54;57;61;70;64;72;62;-1;No;No;No
3404;7;12;4;9;2;17;19;28;16;26;41;31;0;39;33;57;51;56;59;52;62;67;68;71;63;-1;No;No;No
3405;13;14;11;10;4;25;16;19;23;29;32;36;0;39;43;54;57;49;46;48;72;68;74;73;63;-1;No;No;No
3406;3;6;8;15;11;29;22;16;20;28;42;43;0;39;31;51;57;58;59;49;65;68;64;61;66;-1;No;No;No
3407;3;5;8;11;13;29;18;19;24;23;39;34;0;32;31;60;53;48;49;55;63;74;73;70;72;-1;No;No;No
3408;10;13;2;14;7;22;27;23;17;20;33;34;0;36;41;55;50;49;52;57;62;71;65;73;69;-1;No;No;No
3409;3;11;1;10;2;20;21;26;17;29;40;31;0;39;38;46;52;55;59;49;64;71;61;63;70;-1;No;No;No
3410;13;4;11;5;14;25;16;20;26;19;39;36;0;43;34;51;53;59;56;49;65;70;63;68;71;-1;No;No;No
3411;8;15;12;2;9;18;27;21;26;22;38;41;0;35;42;49;57;48;60;59;67;66;69;64;62;-1;No;No;No
3412;5;8;14;10;1;29;23;19;30;27;34;36;0;43;42;52;53;47;60;57;71;75;66;69;65;-1;No;No;No
3413;7;4;8;15;2;23;22;18;20;28;44;35;0;32;39;49;59;54;50;53;65;70;72;63;68;-1;No;No;No
3414;12;13;3;5;9;20;27;22;26;24;44;37;0;33;42;48;46;52;60;51;73;63;64;66;69;-1;No;No;No
3415;1;9;6;8;10;29;20;24;23;28;37;39;0;40;34;51;48;47;50;46;67;62;70;73;63;-1;No;No;No
3416;10;13;4;3;12;24;29;27;22;28;41;36;0;39;43;54;52;58;50;48;69;68;64;66;73;-1;No;No;No
3417;9;11;3;14;10;27;17;28;30;24;42;44;0;33;35;55;58;59;46;57;75;72;63;68;64;-1;No;No;No
3418;6;12;11;1;9;22;28;26;16;27;41;42;0;32;34;53;47;54;59;55;70;67;61;69;66;-1;No;No;No
3419;10;11;8;13;4;19;16;21;28;23;34;31;0;42;37;60;54;56;51;48;66;67;71;61;73;-1;No;No;No
3420;15;8;10;13;11;23;30;29;20;22;44;32;0;40;41;57;54;50;49;52;73;63;65;74;75;-1;No;No;No
3421;2;4;9;14;3;24;28;27;19;18;34;36;0;39;33;54;53;50;58;56;67;68;62;66;74;-1;No;No;No
3422;9;12;10;1;8;17;18;21;19;16;35;31;0;42;32;58;47;55;53;57;66;74;73;75;63;-1;No;No;No
3423;2;11;8;6;5;25;28;23;20;17;38;39;0;34;37;53;51;47;46;50;74;68;67;75;61;-1;No;No;No
3424;3;9;10;2;8;25;26;27;18;20;33;32;0;37;42;54;47;49;46;59;72;71;68;61;70;-1;No;No;No
3425;10;15;13;11;12;30;24;22;23;29;41;40;0;34;35;51;54;52;46;58;73;68;63;66;74;-1;No;No;No
3426;7;1;4;2;11;23;29;17;26;24;33;45;0;36;41;47;59;57;48;55;68;71;65;70;62;-1;No;No;No
3427;8;10;7;1;13;17;19;20;28;25;43;35;0;37;32;58;47;53;49;51;72;62;67;69;61;-1;No;No;No
3428;8;11;6;2;10;24;25;23;22;20;45;43;0;44;39;56;57;54;59;52;65;61;67;62;72;-1;No;No;No
3429;3;12;1;11;4;24;17;29;16;28;44;41;0;40;33;51;56;59;49;58;68;67;74;65;69;-1;No;No;No
3430;1;2;12;6;10;21;27;17;16;20;41;38;0;32;36;47;53;50;51;56;74;71;67;66;68;-1;No;No;No
3431;4;1;9;10;8;19;23;30;21;22;43;31;0;33;40;54;55;52;57;47;65;71;64;69;66;-1;No;No;No
3432;1;10;8;11;3;22;29;26;27;16;41;36;0;33;35;55;60;57;52;53;70;73;61;68;72;-1;No;No;No
3433;10;7;5;1;12;21;27;17;30;24;45;31;0;40;36;47;50;51;46;48;61;69;62;73;71;-1;No;No;No
3434;4;7;3;13;5;29;20;27;30;21;44;42;0;38;37;51;55;59;56;48;68;62;61;65;64;-1;No;No;No
3435;9;14;4;11;5;28;23;27;22;21;45;33;0;43;44;52;51;49;53;59;68;74;69;61;65;-1;No;No;No
3436;4;8;11;13;12;18;16;20;23;24;32;34;0;38;39;54;56;60;50;47;68;61;69;74;66;-1;No;No;No
3437;4;2;10;13;14;16;30;19;27;23;39;43;0;32;41;58;54;47;49;52;69;63;66;65;62;-1;No;No;No
3438;15;7;5;8;11;17;28;21;25;27;33;34;0;35;32;47;53;49;50;54;63;74;62;66;65;-1;No;No;No
3439;12;14;3;6;2;29;25;20;17;24;39;38;0;41;36;46;48;54;55;56;72;68;70;75;66;-1;No;No;No
3440;3;7;8;1;13;25;16;17;28;23;34;35;0;33;39;47;51;60;46;49;61;71;73;74;63;-1;No;No;No
3441;6;1;7;10;4;21;24;30;28;26;45;36;0;33;40;57;47;54;49;53;70;62;66;65;69;-1;No;No;No
3442;7;11;3;15;13;29;17;25;27;19;42;40;0;37;34;51;49;47;59;48;73;71;68;70;63;-1;No;No;No
3443;1;4;13;3;7;17;22;25;23;18;33;31;0;44;40;59;48;53;49;57;65;63;70;61;67;-1;No;No;No
3444;6;3;14;13;15;24;27;19;16;26;41;37;0;34;39;53;58;57;55;51;75;64;71;72;63;-1;No;No;No
3445;9;11;1;7;8;21;17;19;26;20;35;31;0;45;41;58;46;47;53;52;64;71;69;70;66;-1;No;No;No
3446;9;2;12;13;8;28;29;19;24;25;41;42;0;36;35;49;55;56;59;53;61;72;67;74;73;-1;No;No;No
3447;14;7;12;5;10;22;27;29;18;17;42;31;0;32;40;47;49;48;55;50;70;61;67;64;63;-1;No;No;No
3448;7;8;10;3;12;23;27;28;17;19;32;37;0;34;39;52;47;58;59;49;65;72;74;64;63;-1;No;No;No
3449;1;9;4;11;7;21;25;28;23;17;34;41;0;35;31;57;49;51;48;58;72;71;73;75;70;-1;No;No;No
3450;11;1;15;10;7;22;27;29;17;28;33;44;0;37;39;54;47;56;48;52;68;66;70;65;69;-1;No;No;No
3451;5;2;3;4;15;22;27;29;26;24;40;39;0;42;38;52;55;59;54;49;63;61;73;75;74;-1;No;No;No
3452;4;12;11;1;13;19;25;26;18;23;31;40;0;36;43;58;59;56;47;55;63;72;71;62;66;-1;No;No;No
3453;5;11;14;4;6;29;26;16;28;24;39;43;0;32;35;60;54;56;49;46;74;71;61;75;64;-1;No;No;No
3454;10;1;3;5;12;26;27;24;23;21;45;38;0;35;36;56;55;47;59;51;66;63;61;75;72;-1;No;No;No
3455;2;4;13;8;6;29;23;22;20;16;35;36;0;40;42;56;49;52;46;50;61;62;72;71;70;-1;No;No;No
3456;15;5;3;13;7;26;17;29;24;18;45;43;0;37;40;49;58;50;60;48;67;70;63;61;69;-1;No;No;No
3457;8;5;7;14;3;21;29;18;24;16;36;43;0;34;40;48;58;46;60;47;62;71;63;70;69;-1;No;No;No
3458;7;1;14;3;5;24;18;19;25;22;36;42;0;44;41;53;48;49;55;57;68;61;62;69;66;-1;No;No;No
3459;7;14;2;1;8;25;26;30;16;21;32;34;0;43;38;49;48;55;57;59;73;68;70;62;69;-1;No;No;No
3460;2;7;14;8;15;25;23;22;21;18;43;41;0;42;38;53;47;51;56;49;71;73;64;66;69;-1;No;No;No
3461;4;2;11;1;3;24;22;21;28;27;44;35;0;34;37;54;60;48;50;51;63;71;72;62;65;-1;No;No;No
3462;14;7;4;2;13;23;26;25;21;20;34;40;0;33;42;53;58;59;50;55;74;72;66;71;65;-1;No;No;No
3463;12;3;5;1;8;28;19;24;20;16;32;45;0;39;44;50;60;48;51;54;63;67;61;70;71;-1;No;No;No
3464;10;4;8;3;12;28;30;16;22;17;37;41;0;43;31;52;55;59;48;47;63;64;66;69;68;-1;No;No;No
3465;1;4;8;10;3;21;25;26;18;17;44;38;0;41;39;48;52;55;47;49;74;69;75;62;70;-1;No;No;No
3466;6;2;1;3;9;23;20;26;21;17;43;39;0;41;34;48;59;57;52;51;65;63;70;74;67;-1;No;No;No
3467;6;2;5;1;7;19;23;16;24;17;34;41;0;44;36;58;59;49;51;47;71;70;64;61;67;-1;No;No;No
3468;4;12;15;5;10;18;20;16;24;28;39;36;0;45;42;60;54;48;58;52;74;71;66;63;62;-1;No;No;No
3469;4;3;8;10;14;18;24;28;21;20;39;36;0;41;40;55;46;49;50;51;61;69;68;64;67;-1;No;No;No
3470;7;8;13;4;6;16;18;29;27;25;40;41;0;43;31;47;59;53;49;48;70;64;68;65;67;-1;No;No;No
3471;6;15;2;5;13;16;30;28;18;24;35;37;0;32;36;52;55;59;54;58;71;67;65;66;74;-1;No;No;No
3472;13;10;4;5;12;22;24;28;27;26;36;38;0;40;37;51;54;48;52;57;72;63;62;67;66;-1;No;No;No
3473;13;11;10;9;5;24;26;27;20;29;31;40;0;35;42;48;58;49;53;54;62;66;71;64;70;-1;No;No;No
3474;15;2;13;11;10;19;20;30;21;16;34;31;0;32;41;47;49;46;53;54;74;70;66;72;65;-1;No;No;No
3475;3;15;13;12;2;29;17;18;23;24;42;35;0;31;38;46;50;49;56;57;62;61;69;64;73;-1;No;No;No
3476;8;14;4;10;1;18;24;22;28;19;44;38;0;39;33;47;51;46;58;59;73;68;61;69;62;-1;No;No;No
3477;11;14;5;3;12;21;25;23;19;26;42;33;0;39;35;53;59;47;58;52;65;64;71;72;66;-1;No;No;No
3478;15;3;13;2;5;29;17;21;28;24;42;36;0;34;43;51;58;55;46;56;74;63;62;69;67;-1;No;No;No
3479;5;8;3;7;11;22;29;28;18;17;43;42;0;36;38;48;49;59;47;51;75;71;62;64;69;-1;No;No;No
3480;5;9;14;12;13;29;17;23;24;19;39;34;0;42;41;50;59;48;46;57;71;63;73;75;66;-1;No;No;No
3481;3;5;6;4;1;18;23;27;16;25;34;31;0;32;35;55;47;56;48;60;63;61;73;66;70;-1;No;No;No
3482;4;13;7;11;10;28;16;29;26;24;39;42;0;37;36;49;54;57;56;58;72;62;61;63;69;-1;No;No;No
3483;3;10;5;8;15;18;17;25;16;28;33;40;0;32;43;57;50;56;49;58;72;64;62;63;71;-1;No;No;No
3484;2;3;5;13;12;22;25;23;17;19;44;37;0;35;40;59;53;54;48;52;70;64;61;67;73;-1;No;No;No
3485;4;12;2;11;6;27;29;17;22;19;44;32;0;41;31;53;52;49;50;47;64;61;69;62;68;-1;No;No;No
3486;13;8;9;12;2;30;21;24;27;23;43;33;0;41;37;57;54;50;51;47;65;64;72;71;67;-1;No;No;No
3487;11;5;6;14;4;22;17;27;30;19;31;45;0;40;35;57;49;56;51;48;61;74;70;66;71;-1;No;No;No
3488;9;1;4;8;13;17;28;26;20;29;44;37;0;42;43;53;46;47;58;55;70;75;66;69;71;-1;No;No;No
3489;9;2;1;11;13;30;21;16;27;22;31;39;0;32;37;51;58;48;46;52;72;67;64;69;74;-1;No;No;No
3490;7;10;1;2;5;20;28;27;30;17;33;32;0;35;37;54;55;47;53;57;72;63;69;64;65;-1;No;No;No
3491;5;8;11;9;10;25;19;17;22;20;45;39;0;37;31;50;48;57;47;58;61;63;67;62;70;-1;No;No;No
3492;8;9;4;13;5;16;27;26;29;20;38;32;0;44;39;50;60;46;47;55;72;75;63;73;61;-1;No;No;No
3493;5;11;6;8;2;21;19;27;26;16;34;40;0;32;35;52;56;58;50;57;73;63;74;70;69;-1;No;No;No
3494;2;9;1;13;6;18;30;17;16;27;42;35;0;33;32;58;50;54;59;47;72;68;74;70;67;-1;No;No;No
3495;8;6;13;4;3;19;17;25;16;22;44;32;0;40;37;54;55;47;49;46;74;69;71;75;70;-1;No;No;No
3496;15;1;5;13;9;27;29;26;24;19;36;35;0;40;44;54;56;59;47;50;69;67;61;74;71;-1;No;No;No
3497;14;4;8;5;2;16;23;22;20;19;40;35;0;45;34;56;47;57;52;50;67;70;65;66;63;-1;No;No;No
3498;2;13;11;9;3;26;16;23;27;21;37;42;0;33;36;50;55;58;56;49;67;63;71;64;70;-1;No;No;No
3499;13;10;3;5;6;18;16;24;28;25;42;32;0;35;33;51;58;53;55;50;62;68;74;69;72;-1;No;No;No
3500;2;3;1;15;5;16;18;23;29;27;42;31;0;44;37;57;56;50;49;52;71;63;65;67;70;-1;No;No;No
3501;10;7;4;2;11;17;23;19;27;20;33;42;0;35;41;55;52;48;53;57;67;69;65;63;68;-1;No;No;No
3502;14;12;1;7;15;27;19;17;22;25;35;31;0;41;37;58;48;52;49;56;62;63;66;67;69;-1;No;No;No
3503;6;13;14;8;10;25;28;23;22;27;34;32;0;44;33;57;53;59;58;48;65;73;67;61;72;-1;No;No;No
3504;2;7;8;6;10;25;22;28;27;17;42;34;0;31;43;50;59;54;48;56;69;71;73;66;72;-1;No;No;No
3505;6;2;9;8;1;17;24;29;28;19;43;36;0;38;39;60;56;50;59;58;62;70;64;68;66;-1;No;No;No
3506;12;1;13;2;5;24;17;29;26;25;34;39;0;37;41;53;47;48;46;60;68;73;61;74;67;-1;No;No;No
3507;7;4;11;6;3;23;18;19;28;30;33;43;0;34;42;57;49;52;59;46;66;67;75;61;73;-1;No;No;No
3508;12;14;7;9;2;29;21;30;22;23;43;40;0;42;39;60;49;53;46;47;66;74;71;75;63;-1;No;No;No
3509;6;12;10;7;4;23;28;24;22;20;33;31;0;41;44;59;51;52;58;46;66;70;74;63;71;-1;No;No;No
3510;6;10;8;14;1;23;25;19;20;22;32;42;0;45;34;50;53;48;46;58;63;62;66;71;69;-1;No;No;No
3511;12;1;2;14;7;19;16;23;30;22;36;40;0;39;44;47;57;52;48;55;75;72;61;71;68;-1;No;No;No
3512;13;10;1;5;4;20;17;28;25;30;34;32;0;39;33;52;49;53;50;60;62;72;64;66;61;-1;No;No;No
3513;12;1;11;3;15;30;16;21;22;25;36;44;0;40;38;59;53;60;57;49;69;64;71;62;72;-1;No;No;No
3514;8;9;13;10;4;23;25;18;17;19;31;38;0;33;35;55;48;53;52;54;61;63;74;70;64;-1;No;No;No
3515;4;7;11;12;2;25;30;16;24;23;35;38;0;34;31;50;48;51;47;53;63;69;65;75;67;-1;No;No;No
3516;1;10;8;3;14;19;25;28;24;23;42;31;0;39;45;53;51;56;59;48;68;73;70;74;66;-1;No;No;No
3517;10;11;9;15;14;27;25;21;24;18;31;41;0;43;35;57;49;59;56;47;62;73;74;71;64;-1;No;No;No
3518;5;3;11;8;7;23;25;18;28;19;38;44;0;36;42;52;53;57;50;60;61;67;69;64;62;-1;No;No;No
3519;6;4;10;1;11;29;16;25;19;23;38;35;0;31;34;51;57;59;47;55;70;62;75;63;67;-1;No;No;No
3520;7;5;14;9;1;18;22;29;16;27;32;41;0;44;38;54;53;46;49;57;61;64;70;69;63;-1;No;No;No
3521;4;1;11;3;13;27;24;20;18;21;37;39;0;35;34;48;47;56;53;49;62;68;73;66;67;-1;No;No;No
3522;6;13;8;15;11;20;16;29;19;17;41;42;0;36;44;49;51;53;52;48;63;69;71;68;72;-1;No;No;No
3523;1;7;3;9;14;16;24;20;22;25;36;32;0;45;34;58;53;54;52;47;61;65;69;73;74;-1;No;No;No
3524;5;9;4;14;3;28;18;20;24;25;44;34;0;45;33;52;54;50;51;59;66;65;61;68;62;-1;No;No;No
3525;6;11;13;5;15;16;19;20;28;18;35;38;0;31;32;59;51;56;48;55;62;66;72;75;69;-1;No;No;No
3526;14;9;2;12;8;23;16;26;28;20;31;35;0;33;34;49;50;51;55;57;74;61;65;63;64;-1;No;No;No
3527;11;8;6;12;5;16;20;22;26;23;42;35;0;33;38;48;53;60;57;55;65;66;74;70;63;-1;No;No;No
3528;6;1;8;5;11;19;21;25;27;23;37;43;0;31;44;59;54;50;51;48;75;70;62;66;67;-1;No;No;No
3529;3;13;6;10;11;19;17;21;18;22;32;36;0;38;34;53;58;57;52;60;63;66;65;75;69;-1;No;No;No
3530;10;12;8;5;11;18;25;28;21;27;42;44;0;37;31;51;50;46;58;48;67;63;61;65;68;-1;No;No;No
3531;9;10;8;6;13;28;30;20;22;24;34;40;0;42;33;58;48;60;52;46;72;64;66;65;61;-1;No;No;No
3532;11;13;1;7;2;18;28;20;16;19;40;38;0;37;31;57;58;55;50;49;64;67;68;65;72;-1;No;No;No
3533;8;11;1;5;4;19;24;20;27;18;32;38;0;43;36;58;54;51;56;59;73;66;75;64;72;-1;No;No;No
3534;2;7;5;14;3;21;19;22;23;24;39;45;0;33;40;52;54;60;56;48;66;67;62;61;73;-1;No;No;No
3535;9;11;13;6;1;26;22;20;25;28;44;41;0;42;31;56;57;47;59;51;63;75;71;66;73;-1;No;No;No
3536;2;1;12;3;8;19;22;29;26;21;37;32;0;39;42;51;46;55;53;56;67;65;71;64;62;-1;No;No;No
3537;7;15;4;12;13;21;29;18;28;22;40;34;0;36;44;59;55;53;46;48;64;74;67;63;75;-1;No;No;No
3538;8;12;6;2;13;27;20;25;28;29;42;34;0;38;41;57;48;58;52;55;75;73;68;70;65;-1;No;No;No
3539;4;6;14;7;2;22;19;24;17;25;36;41;0;39;44;49;58;53;60;47;63;72;68;66;71;-1;No;No;No
3540;13;7;12;15;14;21;22;16;23;26;37;40;0;38;36;59;49;51;48;47;66;67;61;68;74;-1;No;No;No
3541;2;1;14;7;13;18;22;25;24;29;36;43;0;34;42;50;47;57;53;55;65;72;70;67;71;-1;No;No;No
3542;6;10;4;13;2;22;25;19;16;21;44;31;0;37;43;49;59;46;48;47;73;67;69;71;66;-1;No;No;No
3543;6;11;15;3;5;26;27;17;20;22;39;44;0;37;38;53;58;49;56;46;72;73;64;65;67;-1;No;No;No
3544;5;12;15;6;3;21;25;29;19;26;37;33;0;42;41;51;52;55;46;53;74;67;61;73;68;-1;No;No;No
3545;8;5;11;7;9;17;29;16;24;22;41;38;0;32;40;54;53;52;50;48;73;71;62;67;65;-1;No;No;No
3546;14;1;11;12;2;24;27;29;20;25;37;36;0;38;40;59;60;49;48;52;65;74;72;69;64;-1;No;No;No
3547;1;14;13;6;12;23;17;18;20;22;41;44;0;39;40;54;47;52;58;48;72;68;66;65;67;-1;No;No;No
3548;9;6;13;15;5;29;25;30;18;28;32;38;0;36;37;56;48;58;57;55;64;75;63;74;70;-1;No;No;No
3549;11;2;14;1;3;25;26;27;20;29;32;43;0;42;34;54;59;48;49;50;61;72;63;75;66;-1;No;No;No
3550;13;11;4;3;14;18;26;21;29;20;35;44;0;42;43;54;59;58;47;50;68;61;63;64;70;-1;No;No;No
3551;11;12;4;13;14;19;25;20;27;24;39;38;0;32;40;58;52;59;54;46;75;61;66;64;69;-1;No;No;No
3552;2;14;7;3;11;29;22;21;26;16;37;38;0;34;33;48;50;54;56;52;64;62;66;72;74;-1;No;No;No
3553;12;4;5;7;15;27;30;18;29;19;44;38;0;33;35;49;54;57;50;59;71;69;65;67;70;-1;No;No;No
3554;13;8;6;10;1;22;19;30;24;26;44;38;0;35;33;57;51;50;46;59;65;73;69;61;63;-1;No;No;No
3555;10;2;11;13;14;22;17;27;29;20;31;42;0;35;38;51;57;50;58;47;75;69;61;72;64;-1;No;No;No
3556;2;6;1;13;8;23;30;16;27;21;31;34;0;42;45;54;47;46;59;56;73;63;74;71;72;-1;No;No;No
3557;6;2;3;4;14;20;29;30;18;22;43;41;0;34;38;47;52;46;56;49;69;70;64;65;67;-1;No;No;No
3558;1;11;6;3;9;18;20;27;26;24;37;44;0;42;32;54;49;57;50;46;70;62;69;72;71;-1;No;No;No
3559;1;15;11;12;14;23;16;20;25;29;31;42;0;34;32;60;50;54;59;47;63;72;74;70;62;-1;No;No;No
3560;4;12;6;10;1;18;28;23;22;24;32;35;0;40;33;49;52;50;55;48;75;69;63;61;70;-1;No;No;No
3561;8;10;6;12;14;17;26;25;18;22;43;33;0;36;40;54;56;48;52;53;70;67;65;61;68;-1;No;No;No
3562;9;10;6;15;12;27;22;19;29;17;42;44;0;36;35;49;57;51;46;56;74;62;67;73;70;-1;No;No;No
3563;12;8;1;10;13;26;17;20;24;27;35;45;0;31;41;48;56;53;59;50;67;64;72;73;61;-1;No;No;No
3564;10;15;14;3;1;16;21;28;19;29;43;44;0;32;33;53;56;46;57;54;75;70;68;72;64;-1;No;No;No
3565;8;5;6;2;15;28;30;25;24;20;31;32;0;36;41;56;50;51;60;57;66;61;65;70;64;-1;No;No;No
3566;4;10;11;13;6;29;23;25;26;17;42;40;0;44;36;59;57;52;55;48;66;73;64;61;69;-1;No;No;No
3567;5;8;12;13;14;23;17;16;27;28;35;44;0;41;40;59;53;52;60;47;64;67;73;63;70;-1;No;No;No
3568;4;9;6;7;8;29;30;25;20;22;32;37;0;43;35;49;50;55;60;51;72;73;70;63;65;-1;No;No;No
3569;1;14;8;5;11;18;25;24;28;29;36;32;0;35;34;49;48;57;59;54;73;64;66;62;75;-1;No;No;No
3570;12;11;6;15;4;30;26;24;25;29;33;35;0;34;45;57;58;56;51;59;63;70;61;69;65;-1;No;No;No
3571;10;2;6;1;5;22;17;23;21;28;32;37;0;35;43;51;53;49;46;52;63;65;61;74;62;-1;No;No;No
3572;3;12;13;5;1;18;17;20;26;25;45;42;0;37;34;53;47;48;51;50;65;74;70;61;71;-1;No;No;No
3573;12;5;1;13;9;18;28;24;26;23;34;32;0;36;35;56;50;51;54;46;71;64;65;74;61;-1;No;No;No
3574;5;11;4;2;1;22;28;27;26;16;37;42;0;41;34;49;50;47;59;55;63;65;68;66;61;-1;No;No;No
3575;7;12;13;1;6;19;18;26;29;20;43;36;0;39;33;49;47;57;59;58;63;70;67;73;62;-1;No;No;No
3576;14;9;10;1;8;18;22;20;28;26;33;43;0;35;40;58;54;49;53;59;63;72;66;65;64;-1;No;No;No
3577;12;11;3;1;14;23;24;28;18;25;41;44;0;42;38;46;51;49;53;59;63;72;64;71;61;-1;No;No;No
3578;2;4;5;6;1;16;18;28;22;29;43;40;0;36;42;55;47;58;53;51;66;65;64;63;71;-1;No;No;No
3579;10;7;12;8;5;19;21;27;17;26;36;32;0;31;41;52;54;59;53;58;64;63;72;61;66;-1;No;No;No
3580;14;13;3;7;12;19;20;23;26;29;33;43;0;44;40;54;59;60;56;48;63;66;73;61;65;-1;No;No;No
3581;6;12;13;5;2;22;19;28;30;25;35;38;0;31;44;60;57;53;55;56;68;65;62;64;66;-1;No;No;No
3582;9;8;11;7;13;26;16;24;28;29;37;43;0;42;33;60;58;54;46;48;68;61;71;66;64;-1;No;No;No
3583;12;11;14;5;4;26;28;27;18;30;37;31;0;44;43;56;51;58;59;52;62;66;70;71;74;-1;No;No;No
3584;2;4;12;11;9;21;26;18;25;17;41;34;0;32;43;55;57;53;52;58;69;63;73;74;62;-1;No;No;No
3585;10;7;9;4;6;29;23;25;16;22;34;33;0;35;37;51;60;50;57;48;74;68;71;67;63;-1;No;No;No
3586;10;4;9;6;1;24;21;27;23;25;37;38;0;34;39;46;47;50;56;52;69;65;67;68;61;-1;No;No;No
3587;4;5;14;2;11;30;29;20;27;17;43;31;0;40;45;54;49;60;47;55;71;67;68;66;73;-1;No;No;No
3588;6;12;5;11;15;20;30;16;25;29;36;41;0;32;37;58;47;60;46;48;71;69;70;74;67;-1;No;No;No
3589;13;2;10;6;4;16;22;28;29;20;43;36;0;34;39;49;50;56;47;55;64;66;63;61;68;-1;No;No;No
3590;3;10;8;11;13;20;17;25;24;29;32;35;0;40;38;54;47;57;49;59;74;72;65;67;66;-1;No;No;No
3591;8;4;11;10;6;17;21;18;19;26;32;44;0;43;37;48;55;49;57;53;62;67;66;68;61;-1;No;No;No
3592;5;7;8;1;13;19;28;27;20;22;35;31;0;40;37;59;51;55;58;50;61;68;72;67;64;-1;No;No;No
3593;11;13;1;15;5;30;25;28;18;29;38;31;0;32;36;52;51;57;55;58;63;65;61;72;70;-1;No;No;No
3594;11;5;8;10;12;17;23;22;16;21;36;42;0;39;33;48;59;58;51;49;73;72;70;65;68;-1;No;No;No
3595;14;7;13;2;9;25;21;16;22;20;40;38;0;43;44;48;51;54;55;59;66;74;73;65;70;-1;No;No;No
3596;3;5;2;9;8;19;27;18;23;26;44;32;0;42;34;50;52;59;58;57;67;63;66;73;75;-1;No;No;No
3597;7;3;2;10;13;28;29;19;24;23;31;34;0;32;36;57;60;58;46;50;71;75;66;61;73;-1;No;No;No
3598;10;5;2;1;14;18;23;16;29;25;32;44;0;38;40;48;52;49;47;57;63;62;67;74;69;-1;No;No;No
3599;15;14;8;7;5;20;22;26;21;18;42;33;0;37;40;47;53;50;59;57;71;72;66;73;75;-1;No;No;No
3600;12;2;11;14;6;17;19;23;24;29;36;35;0;32;44;57;58;51;52;47;75;68;72;64;65;-1;No;No;No
3601;1;3;8;14;11;29;17;28;19;23;42;34;0;43;41;51;48;58;46;55;67;64;71;62;63;-1;No;No;No
3602;12;1;4;6;5;20;19;23;21;29;36;43;0;32;39;49;46;51;52;54;70;66;69;73;67;-1;No;No;No
3603;7;9;12;11;1;17;26;22;29;16;36;39;0;32;44;50;46;49;47;58;67;70;66;65;73;-1;No;No;No
3604;6;3;13;7;10;27;25;23;21;17;39;38;0;44;40;52;51;55;53;48;73;63;71;62;67;-1;No;No;No
3605;2;6;15;14;11;29;18;27;16;21;41;33;0;36;38;46;57;56;54;59;62;73;72;68;63;-1;No;No;No
3606;2;3;7;10;4;24;28;17;26;25;32;35;0;37;36;52;56;47;54;59;61;62;73;75;71;-1;No;No;No
3607;1;2;12;15;5;20;28;16;23;21;40;34;0;32;45;47;56;59;49;55;69;67;64;72;61;-1;No;No;No
3608;6;11;14;13;3;17;23;19;28;29;40;34;0;33;38;57;60;49;46;56;70;73;66;68;69;-1;No;No;No
3609;14;8;6;5;10;19;20;18;27;25;33;35;0;39;37;57;60;49;56;48;70;67;73;63;69;-1;No;No;No
3610;13;9;6;1;12;29;20;28;27;30;34;39;0;44;38;57;54;51;55;46;62;65;66;71;69;-1;No;No;No
3611;12;14;7;11;3;17;26;22;24;18;32;37;0;42;39;57;55;58;49;60;66;65;62;69;67;-1;No;No;No
3612;14;10;13;15;3;26;18;23;29;21;38;41;0;43;39;52;58;47;51;56;75;64;70;71;69;-1;No;No;No
3613;15;11;6;12;8;29;23;26;28;22;37;34;0;41;45;48;51;50;58;55;70;64;73;68;69;-1;No;No;No
3614;1;2;13;9;7;21;16;23;29;17;31;45;0;44;37;52;46;53;55;50;62;73;63;74;72;-1;No;No;No
3615;5;12;2;8;10;22;19;29;25;27;33;41;0;36;34;46;47;55;52;49;75;72;71;74;62;-1;No;No;No
3616;12;3;13;7;4;16;24;26;21;20;38;41;0;43;35;46;49;59;52;58;62;67;72;68;61;-1;No;No;No
3617;2;15;13;7;12;21;28;16;19;17;33;42;0;35;44;53;48;49;54;52;68;63;73;69;62;-1;No;No;No
3618;5;8;1;10;13;18;23;17;22;26;40;44;0;35;33;47;50;48;49;46;64;72;74;62;71;-1;No;No;No
3619;7;8;9;11;13;16;28;24;25;20;43;36;0;44;34;49;48;47;46;51;62;68;69;65;71;-1;No;No;No
3620;9;3;6;7;5;24;18;17;26;16;32;35;0;37;31;57;48;51;55;49;71;66;63;61;62;-1;No;No;No
3621;7;9;8;6;2;19;21;29;30;25;35;33;0;40;37;59;46;56;49;47;64;68;67;61;69;-1;No;No;No
3622;4;3;12;14;7;30;17;24;21;18;44;31;0;34;38;50;57;59;56;54;63;70;61;75;69;-1;No;No;No
3623;4;1;5;3;12;17;20;19;16;29;44;39;0;34;37;58;46;49;47;60;63;61;74;64;70;-1;No;No;No
3624;9;10;5;2;1;20;21;25;17;19;39;44;0;34;32;48;54;52;46;59;65;70;74;67;63;-1;No;No;No
3625;6;13;7;4;1;19;23;26;21;24;38;41;0;44;42;49;59;47;57;55;72;73;68;64;66;-1;No;No;No
3626;4;13;8;10;6;27;17;23;16;30;37;31;0;42;40;49;47;59;58;55;64;70;66;72;73;-1;No;No;No
3627;11;10;8;1;13;19;29;24;21;17;32;44;0;38;31;52;49;56;48;51;70;67;73;65;63;-1;No;No;No
3628;15;2;7;4;1;21;22;27;18;26;34;43;0;39;33;52;59;58;55;46;72;63;67;70;61;-1;No;No;No
3629;15;3;9;5;11;16;25;27;28;26;39;33;0;43;35;58;59;54;50;49;69;74;61;68;71;-1;No;No;No
3630;5;2;14;7;3;20;25;27;18;24;34;36;0;44;32;46;54;50;59;53;74;65;64;73;71;-1;No;No;No
3631;1;5;14;2;4;19;29;28;22;16;36;34;0;40;38;57;59;56;58;52;61;70;71;73;68;-1;No;No;No
3632;3;10;8;11;9;16;18;27;19;21;31;38;0;43;44;56;49;55;52;58;75;65;64;67;70;-1;No;No;No
3633;3;9;2;5;14;17;21;16;28;22;35;34;0;33;39;52;57;47;54;49;67;61;71;69;72;-1;No;No;No
3634;6;7;5;2;11;29;26;27;18;19;35;39;0;33;43;51;52;48;46;47;64;73;68;69;70;-1;No;No;No
3635;8;12;3;2;1;16;21;20;28;22;42;38;0;44;40;47;54;52;48;46;66;73;72;63;74;-1;No;No;No
3636;11;1;10;5;4;17;22;19;23;28;42;44;0;38;37;52;49;46;48;56;64;66;62;72;71;-1;No;No;No
3637;1;2;5;14;7;19;20;26;28;25;43;31;0;32;42;46;54;48;50;51;67;70;66;65;64;-1;No;No;No
3638;6;7;2;5;12;21;22;29;23;28;37;36;0;31;33;55;56;48;58;49;64;68;65;61;74;-1;No;No;No
3639;8;14;9;7;6;28;22;16;27;21;40;38;0;33;39;52;56;47;54;46;69;70;65;61;62;-1;No;No;No
3640;1;5;8;6;11;27;29;24;26;21;32;37;0;36;41;58;56;49;46;57;73;63;64;70;74;-1;No;No;No
3641;9;8;15;7;5;17;26;22;21;23;34;31;0;40;41;49;54;58;55;52;66;71;61;68;63;-1;No;No;No
3642;8;7;6;9;12;23;18;26;24;30;40;33;0;39;44;56;54;57;59;48;66;71;68;70;61;-1;No;No;No
3643;4;6;11;10;13;24;19;21;29;20;38;39;0;40;42;48;51;49;52;59;72;66;74;65;68;-1;No;No;No
3644;6;10;4;12;9;25;16;20;19;18;41;32;0;37;34;46;49;51;55;58;61;72;64;74;73;-1;No;No;No
3645;3;1;9;10;8;17;29;24;25;21;34;39;0;36;42;57;53;51;50;48;61;67;64;62;74;-1;No;No;No
3646;1;14;3;6;7;16;24;19;17;20;41;36;0;45;38;46;53;59;52;50;62;74;68;70;64;-1;No;No;No
3647;6;9;13;12;1;21;19;27;30;22;41;40;0;44;35;47;55;57;59;53;69;72;71;65;64;-1;No;No;No
3648;12;11;14;1;5;20;18;29;26;21;32;31;0;34;41;50;53;58;56;57;62;71;61;66;65;-1;No;No;No
3649;12;10;1;8;11;22;30;25;18;20;39;43;0;36;31;51;59;52;54;46;73;70;69;64;74;-1;No;No;No
3650;5;4;6;10;14;20;28;26;18;16;39;45;0;43;37;52;55;50;54;51;73;72;74;70;63;-1;No;No;No
3651;9;7;1;5;10;28;27;21;20;22;44;42;0;43;34;59;56;51;57;50;63;64;70;73;66;-1;No;No;No
3652;1;14;13;5;2;24;17;16;29;30;45;43;0;36;33;50;48;47;46;54;64;71;70;72;61;-1;No;No;No
3653;7;4;8;11;9;29;18;30;27;25;31;41;0;43;39;47;56;55;48;46;62;67;66;70;71;-1;No;No;No
3654;8;9;10;5;15;20;26;18;22;25;32;42;0;40;33;52;49;53;51;47;62;73;64;70;61;-1;No;No;No
3655;3;10;11;9;15;28;26;22;20;19;32;40;0;34;38;55;57;48;47;58;74;68;64;75;63;-1;No;No;No
3656;6;1;13;12;15;19;30;25;26;18;39;41;0;42;40;55;59;47;51;52;70;68;69;71;64;-1;No;No;No
3657;10;14;6;7;3;16;19;26;23;18;31;33;0;35;32;59;54;57;51;55;67;66;68;65;73;-1;No;No;No
3658;2;12;13;6;9;20;16;21;27;18;41;45;0;42;40;53;54;47;58;52;61;69;67;64;65;-1;No;No;No
3659;8;1;5;7;3;22;26;29;17;24;36;44;0;34;38;54;50;55;46;58;72;68;66;61;73;-1;No;No;No
3660;4;7;8;5;6;24;21;26;18;27;40;39;0;32;44;57;58;56;59;48;71;74;62;73;70;-1;No;No;No
3661;9;13;10;7;6;23;17;24;29;19;43;39;0;35;38;50;51;54;46;56;69;66;64;74;65;-1;No;No;No
3662;8;5;7;15;14;25;27;24;18;22;34;39;0;37;45;52;50;54;53;56;64;71;61;63;70;-1;No;No;No
3663;1;4;9;8;3;19;23;16;29;24;36;42;0;32;40;56;55;51;54;57;70;65;73;74;64;-1;No;No;No
3664;1;8;13;7;6;29;28;27;22;16;37;43;0;31;33;46;55;57;47;56;63;72;66;67;64;-1;No;No;No
3665;5;13;8;1;3;26;21;24;17;29;43;40;0;33;37;51;52;56;55;57;69;75;73;61;64;-1;No;No;No
3666;12;2;10;8;1;27;22;16;29;24;33;41;0;44;32;57;52;49;59;50;64;61;63;62;66;-1;No;No;No
3667;1;9;2;8;4;18;25;19;22;20;38;33;0;35;36;56;52;48;50;57;70;62;72;68;65;-1;No;No;No
3668;4;9;2;10;12;18;20;23;26;27;43;41;0;36;31;56;57;55;51;59;73;68;71;69;63;-1;No;No;No
3669;4;9;2;1;15;18;27;29;21;22;41;37;0;43;42;57;47;48;59;49;66;75;71;64;67;-1;No;No;No
3670;14;5;2;12;15;19;23;20;29;21;45;40;0;35;32;46;53;59;47;49;61;67;66;62;72;-1;No;No;No
3671;1;5;10;7;3;26;19;25;20;16;32;36;0;34;45;59;51;58;53;60;64;73;70;65;69;-1;No;No;No
3672;12;2;1;9;14;26;17;20;29;18;38;41;0;43;35;58;59;47;50;46;74;63;62;68;70;-1;No;No;No
3673;9;4;7;5;6;28;22;21;26;23;38;36;0;37;44;56;53;50;51;57;67;74;70;64;66;-1;No;No;No
3674;13;9;6;4;5;29;17;22;21;23;39;32;0;37;34;49;58;53;55;52;69;62;68;71;67;-1;No;No;No
3675;4;7;2;13;5;21;30;22;19;27;34;35;0;33;36;47;57;49;48;46;70;68;65;74;71;-1;No;No;No
3676;5;1;12;7;8;24;21;27;23;30;42;37;0;34;45;50;51;56;58;55;71;72;73;75;67;-1;No;No;No
3677;3;9;7;8;13;23;29;24;19;27;42;41;0;37;39;48;52;55;46;51;75;64;72;66;61;-1;No;No;No
3678;4;2;1;6;5;28;27;24;29;19;34;39;0;33;44;58;47;52;48;50;66;74;63;62;65;-1;No;No;No
3679;9;6;14;15;5;16;29;19;20;25;36;40;0;43;45;50;49;52;51;55;62;63;61;70;65;-1;No;No;No
3680;11;12;1;6;8;16;25;24;17;19;41;42;0;37;38;53;54;59;50;48;63;70;64;73;65;-1;No;No;No
3681;14;5;15;4;13;19;25;23;27;21;31;45;0;41;32;58;57;48;54;50;70;72;61;63;75;-1;No;No;No
3682;14;5;2;11;13;22;28;18;30;26;42;35;0;36;31;54;52;58;51;49;73;71;74;67;68;-1;No;No;No
3683;5;7;12;11;6;16;27;25;18;26;31;32;0;42;39;49;50;56;51;52;73;71;67;69;61;-1;No;No;No
3684;12;6;11;15;9;28;24;23;18;17;40;33;0;42;44;47;48;46;53;57;61;72;65;62;71;-1;No;No;No
3685;2;12;4;1;11;28;29;27;20;21;44;45;0;32;40;48;49;51;53;59;63;67;69;62;66;-1;No;No;No
3686;12;5;9;10;6;26;29;28;19;18;39;41;0;42;37;56;46;59;52;50;73;74;63;62;72;-1;No;No;No
3687;8;7;2;11;15;25;22;18;23;17;32;41;0;34;42;48;55;46;47;50;66;69;68;71;67;-1;No;No;No
3688;10;12;4;7;3;19;18;17;21;27;32;33;0;43;39;46;56;53;49;59;68;70;73;74;71;-1;No;No;No
3689;6;1;4;3;7;26;22;28;20;16;42;43;0;36;41;50;47;51;59;48;64;75;69;74;61;-1;No;No;No
3690;14;15;7;11;4;16;27;26;29;19;44;41;0;43;39;56;55;48;58;60;67;74;73;72;66;-1;No;No;No
3691;10;5;9;2;4;25;30;22;26;21;43;31;0;41;37;53;56;47;54;50;63;64;67;73;74;-1;No;No;No
3692;6;7;13;11;9;18;28;17;24;29;32;44;0;43;33;48;58;57;52;51;74;71;72;64;63;-1;No;No;No
3693;9;3;2;7;6;29;17;18;23;27;35;42;0;34;32;59;48;53;57;58;74;65;70;73;75;-1;No;No;No
3694;13;11;4;1;9;20;17;21;19;22;32;43;0;37;40;51;58;57;59;46;64;73;68;70;62;-1;No;No;No
3695;4;7;11;10;12;26;27;23;16;20;31;40;0;32;38;58;57;50;49;53;73;69;67;61;71;-1;No;No;No
3696;7;1;12;13;2;21;28;23;27;29;43;40;0;33;42;58;57;55;56;52;73;66;75;74;65;-1;No;No;No
3697;5;10;14;12;1;20;28;17;29;21;33;43;0;37;31;52;55;58;56;46;69;61;71;68;62;-1;No;No;No
3698;12;4;6;13;8;27;16;28;17;21;43;34;0;41;44;46;59;49;54;51;66;61;64;73;68;-1;No;No;No
3699;1;6;12;4;11;28;22;30;26;21;40;42;0;38;33;49;58;53;55;54;69;63;68;72;71;-1;No;No;No
3700;13;10;6;14;3;26;25;20;29;17;43;40;0;31;41;51;55;59;49;50;66;64;70;73;63;-1;No;No;No
3701;2;9;4;10;3;26;16;17;23;18;32;42;0;37;41;52;49;48;59;58;73;72;71;67;62;-1;No;No;No
3702;10;5;4;15;12;23;27;25;21;19;43;32;0;33;40;49;54;50;47;59;67;69;68;61;63;-1;No;No;No
3703;13;4;6;5;11;22;28;23;21;30;36;42;0;37;32;56;59;46;58;47;70;63;69;67;66;-1;No;No;No
3704;2;15;13;7;9;25;26;21;22;23;33;35;0;43;37;60;58;54;55;51;71;75;64;66;74;-1;No;No;No
3705;6;8;11;14;3;27;25;21;17;18;33;38;0;45;39;54;57;46;59;47;68;64;65;73;66;-1;No;No;No
3706;5;8;14;11;1;22;24;25;23;19;39;41;0;42;33;54;59;55;53;52;64;62;74;68;73;-1;No;No;No
3707;15;13;7;6;4;25;28;23;27;29;33;39;0;37;31;57;49;52;46;59;71;69;66;74;73;-1;No;No;No
3708;10;1;6;12;13;29;24;26;19;17;42;39;0;45;37;59;49;50;47;52;70;64;68;65;72;-1;No;No;No
3709;14;13;3;10;9;28;27;21;22;29;37;44;0;32;35;52;58;47;50;57;66;62;65;72;68;-1;No;No;No
3710;14;3;6;1;9;16;26;18;23;17;37;31;0;42;43;46;56;54;57;59;69;64;66;70;61;-1;No;No;No
3711;5;9;11;2;15;19;21;29;17;18;34;38;0;37;42;53;46;52;54;58;70;74;62;61;72;-1;No;No;No
3712;3;11;2;1;12;19;28;20;17;26;36;32;0;35;40;59;48;54;51;52;70;73;61;62;66;-1;No;No;No
3713;4;11;5;1;13;21;19;23;29;24;33;44;0;43;34;59;56;53;46;58;62;71;70;66;65;-1;No;No;No
3714;5;4;11;15;12;24;16;28;20;27;37;31;0;38;42;57;55;46;49;52;64;73;65;70;74;-1;No;No;No
3715;8;12;10;4;13;24;23;20;21;25;38;37;0;36;44;50;51;47;53;60;69;61;67;66;62;-1;No;No;No
3716;1;11;4;12;2;17;21;22;28;20;36;34;0;31;33;49;48;59;51;56;61;62;67;72;65;-1;No;No;No
3717;13;4;6;3;8;30;22;28;26;29;36;40;0;32;34;52;47;50;57;55;61;71;64;65;72;-1;No;No;No
3718;6;15;3;8;14;27;28;22;18;25;41;33;0;36;39;56;51;58;52;53;64;62;74;67;71;-1;No;No;No
3719;2;6;10;7;12;18;19;23;24;22;36;32;0;37;34;56;52;55;59;58;62;68;71;67;63;-1;No;No;No
3720;10;13;8;4;14;19;18;25;28;23;34;44;0;31;45;52;46;54;49;56;72;74;75;68;61;-1;No;No;No
3721;9;12;4;2;13;26;29;30;21;24;38;37;0;45;35;50;57;52;59;47;65;63;67;71;70;-1;No;No;No
3722;10;7;1;2;13;26;20;24;29;27;36;31;0;39;38;50;48;53;54;47;64;74;66;68;72;-1;No;No;No
3723;6;14;1;8;2;21;23;18;28;30;44;41;0;43;34;52;55;56;47;60;71;69;68;66;70;-1;No;No;No
3724;13;7;1;8;11;17;27;23;16;18;31;33;0;32;41;54;47;48;53;56;63;66;64;75;73;-1;No;No;No
3725;3;4;15;10;9;22;17;19;30;27;43;41;0;36;38;52;51;55;53;50;74;71;64;73;61;-1;No;No;No
3726;6;5;14;12;9;28;17;19;20;29;42;35;0;41;32;48;50;47;51;53;65;64;68;63;75;-1;No;No;No
3727;10;14;8;2;11;16;27;30;22;24;36;38;0;42;43;60;46;51;53;54;70;67;61;69;64;-1;No;No;No
3728;8;7;3;5;9;17;18;30;29;21;38;39;0;41;43;54;59;48;51;58;68;73;71;75;70;-1;No;No;No
3729;5;2;1;8;11;23;22;25;29;27;40;37;0;39;34;55;49;54;56;53;63;72;71;70;61;-1;No;No;No
3730;12;5;8;4;1;16;20;27;26;29;34;37;0;40;43;53;47;52;59;55;64;70;66;65;73;-1;No;No;No
3731;8;12;7;2;14;25;17;26;27;24;36;34;0;39;31;59;46;50;57;55;72;70;63;69;61;-1;No;No;No
3732;11;9;13;1;5;26;17;22;27;18;31;45;0;41;44;58;54;49;57;56;66;69;62;71;68;-1;No;No;No
3733;14;4;11;9;5;24;21;22;25;19;31;40;0;37;45;59;57;60;47;54;63;69;74;71;67;-1;No;No;No
3734;3;8;7;13;2;29;25;22;18;27;39;31;0;44;37;58;47;46;49;57;70;69;73;74;67;-1;No;No;No
3735;3;9;1;8;13;25;27;29;18;22;38;44;0;43;34;47;57;51;56;52;64;61;67;66;62;-1;No;No;No
3736;13;2;3;14;15;26;23;25;24;20;43;37;0;42;40;46;49;48;57;51;74;72;75;70;69;-1;No;No;No
3737;7;8;11;3;12;25;17;18;23;24;40;45;0;33;43;50;56;53;54;51;61;62;73;68;74;-1;No;No;No
3738;14;4;5;3;13;21;19;17;20;29;43;37;0;40;35;57;50;48;51;55;62;65;67;72;69;-1;No;No;No
3739;5;1;11;8;7;22;21;18;28;29;34;37;0;43;42;56;46;53;57;48;74;68;61;70;72;-1;No;No;No
3740;12;11;9;2;8;24;28;30;20;19;35;45;0;43;34;50;48;52;53;59;67;73;70;63;66;-1;No;No;No
3741;3;11;10;7;8;27;20;21;16;18;34;35;0;38;43;53;47;58;46;49;63;70;72;61;75;-1;No;No;No
3742;4;8;9;12;5;30;21;19;26;27;44;38;0;35;37;57;47;53;52;50;62;67;64;69;70;-1;No;No;No
3743;3;13;2;14;7;19;27;18;21;24;31;39;0;38;43;49;53;48;50;47;62;64;66;69;61;-1;No;No;No
3744;8;13;12;7;15;20;18;22;16;17;35;38;0;37;36;49;58;55;57;56;70;66;65;75;67;-1;No;No;No
3745;4;2;13;5;12;19;18;17;29;23;35;39;0;44;38;47;54;50;55;46;65;63;62;74;73;-1;No;No;No
3746;2;6;15;5;14;25;22;28;16;18;40;38;0;39;36;58;49;47;57;55;61;64;67;73;66;-1;No;No;No
3747;7;5;3;11;9;27;22;24;19;30;41;34;0;40;35;52;58;54;55;57;73;74;67;64;66;-1;No;No;No
3748;5;2;14;3;15;23;27;18;17;16;33;44;0;37;41;49;54;58;47;51;65;61;72;69;71;-1;No;No;No
3749;1;14;2;8;15;27;28;25;16;23;44;40;0;36;37;50;47;52;48;56;63;73;70;66;67;-1;No;No;No
3750;8;15;5;6;3;22;26;24;17;21;38;43;0;40;32;59;56;50;48;54;61;70;64;67;72;-1;No;No;No
3751;5;11;1;10;9;19;26;20;21;24;36;44;0;41;33;53;50;51;56;49;62;61;69;63;68;-1;No;No;No
3752;4;9;1;12;5;19;29;25;22;16;38;35;0;33;32;50;57;53;52;49;62;69;67;73;71;-1;No;No;No
3753;8;11;10;15;9;29;24;21;22;25;38;45;0;37;31;58;59;48;56;52;70;74;66;71;62;-1;No;No;No
3754;10;12;3;6;14;17;26;24;29;21;35;33;0;39;44;55;57;47;58;49;63;74;66;65;72;-1;No;No;No
3755;6;2;14;3;5;19;17;21;26;18;37;32;0;34;31;56;47;59;60;57;64;68;66;70;63;-1;No;No;No
3756;1;9;6;4;12;23;21;22;30;29;37;39;0;36;41;54;55;58;49;46;62;71;64;65;69;-1;No;No;No
3757;5;7;1;11;12;21;18;23;19;26;36;35;0;33;42;49;60;58;57;48;65;70;74;61;69;-1;No;No;No
3758;3;13;11;15;2;22;28;18;24;17;33;37;0;40;35;58;59;55;53;54;66;68;69;61;65;-1;No;No;No
3759;5;8;13;3;12;27;20;28;24;25;34;39;0;32;43;55;54;49;52;59;62;64;70;73;71;-1;No;No;No
3760;10;9;2;5;6;18;30;19;25;28;39;37;0;36;35;49;57;52;53;46;69;74;68;72;61;-1;No;No;No
3761;9;10;4;11;1;18;17;24;20;16;31;35;0;42;38;50;53;55;59;47;74;75;69;61;62;-1;No;No;No
3762;8;12;1;3;6;22;20;21;26;25;45;40;0;32;39;52;46;55;57;56;62;71;74;66;68;-1;No;No;No
3763;10;6;12;3;14;22;30;23;19;24;42;34;0;36;43;48;53;58;52;59;63;65;64;72;75;-1;No;No;No
3764;5;10;12;2;11;27;23;17;19;26;37;33;0;34;44;54;57;47;59;51;71;65;73;69;70;-1;No;No;No
3765;2;9;13;4;10;28;19;27;20;24;36;39;0;40;31;51;49;50;57;48;66;64;67;71;63;-1;No;No;No
3766;7;14;5;13;1;29;26;25;22;23;44;41;0;40;37;55;53;49;54;46;65;63;62;66;74;-1;No;No;No
3767;7;2;1;6;4;25;24;27;23;18;32;39;0;40;36;51;57;47;50;59;72;64;68;69;70;-1;No;No;No
3768;1;14;9;2;13;21;23;17;25;16;36;39;0;42;34;59;52;55;49;53;68;64;72;71;70;-1;No;No;No
3769;1;12;8;3;9;27;18;17;29;24;41;32;0;38;39;57;54;53;47;49;62;64;61;71;68;-1;No;No;No
3770;9;6;8;10;1;16;27;24;17;21;31;44;0;41;43;52;56;58;49;54;67;73;69;75;64;-1;No;No;No
3771;10;13;12;6;3;27;19;20;18;30;31;39;0;44;34;50;53;54;47;59;61;67;64;63;62;-1;No;No;No
3772;7;13;8;3;6;16;21;19;20;17;33;40;0;42;39;48;54;51;57;55;67;61;71;63;70;-1;No;No;No
3773;6;13;10;5;14;21;28;23;29;17;40;37;0;32;45;59;58;53;51;52;63;64;65;69;68;-1;No;No;No
3774;6;5;2;14;3;16;21;30;27;17;38;45;0;34;37;53;47;54;50;49;73;63;64;66;67;-1;No;No;No
3775;4;3;10;5;12;23;22;17;26;19;32;34;0;40;37;56;46;53;54;50;72;68;70;66;65;-1;No;No;No
3776;11;15;13;3;4;22;21;23;16;19;37;43;0;34;35;49;51;56;59;50;74;67;71;68;65;-1;No;No;No
3777;15;4;11;7;3;24;25;20;17;29;38;41;0;32;35;47;54;59;51;60;74;72;65;75;61;-1;No;No;No
3778;7;12;9;4;15;23;26;16;24;30;42;44;0;39;37;58;59;48;52;60;64;67;72;61;71;-1;No;No;No
3779;11;14;9;12;4;24;28;17;30;27;45;36;0;32;41;50;52;57;55;47;71;62;68;61;65;-1;No;No;No
3780;9;7;5;8;2;25;16;17;21;22;39;42;0;32;40;58;50;48;56;59;69;62;71;67;72;-1;No;No;No
3781;14;1;11;3;15;25;23;20;18;24;42;39;0;32;43;51;54;49;59;50;63;62;73;68;65;-1;No;No;No
3782;11;4;12;13;8;30;27;28;29;22;38;36;0;45;37;56;59;46;58;50;73;74;66;68;62;-1;No;No;No
3783;11;7;3;4;5;18;24;16;26;25;39;41;0;31;43;54;52;57;60;53;73;68;64;71;61;-1;No;No;No
3784;8;6;14;3;1;24;22;28;29;16;37;35;0;42;40;46;52;57;50;49;71;68;70;62;65;-1;No;No;No
3785;12;15;4;13;11;21;25;29;28;24;31;37;0;41;39;52;47;57;53;58;63;70;62;64;65;-1;No;No;No
3786;8;2;13;9;14;17;27;19;21;28;31;38;0;43;34;53;46;56;59;57;69;71;70;61;68;-1;No;No;No
3787;4;6;12;7;1;25;19;20;16;29;32;41;0;36;33;49;54;51;46;53;70;64;68;69;63;-1;No;No;No
3788;13;14;2;15;5;28;22;29;20;27;31;43;0;34;44;46;47;57;55;53;69;61;63;62;67;-1;No;No;No
3789;8;12;5;10;4;22;25;27;16;28;44;35;0;36;38;53;49;52;51;48;62;66;65;74;69;-1;No;No;No
3790;13;6;7;15;8;24;19;16;29;18;38;45;0;42;44;54;56;58;49;57;74;62;68;64;66;-1;No;No;No
3791;8;9;11;12;2;18;30;16;22;25;39;44;0;31;35;52;59;48;49;56;73;66;70;67;68;-1;No;No;No
3792;5;1;10;4;3;18;17;23;26;16;33;32;0;40;39;50;48;46;55;51;61;71;70;72;64;-1;No;No;No
3793;7;1;6;12;5;27;19;25;21;22;35;32;0;41;40;52;58;56;60;49;62;68;72;66;74;-1;No;No;No
3794;6;11;7;14;3;27;29;23;19;24;32;43;0;42;31;51;59;48;55;58;67;64;66;72;73;-1;No;No;No
3795;1;13;3;2;7;21;24;16;23;18;36;33;0;38;31;51;59;52;47;58;69;73;63;72;65;-1;No;No;No
3796;7;5;4;10;13;21;18;20;22;19;42;43;0;35;33;55;50;56;47;46;71;65;64;75;63;-1;No;No;No
3797;14;11;12;13;15;28;20;23;29;24;40;33;0;44;41;58;47;59;48;52;68;64;62;66;70;-1;No;No;No
3798;13;6;8;2;11;18;30;19;22;24;35;36;0;39;34;48;49;46;55;53;64;68;74;70;72;-1;No;No;No
3799;6;2;8;10;13;17;20;16;28;19;36;39;0;41;34;59;50;52;57;53;63;72;71;73;67;-1;No;No;No
3800;15;10;1;2;5;27;24;25;20;26;41;37;0;35;36;59;50;48;58;54;68;69;70;66;72;-1;No;No;No
3801;15;2;10;1;6;17;22;21;20;25;36;33;0;31;44;57;55;51;54;48;64;70;67;61;62;-1;No;No;No
3802;5;11;2;15;12;16;29;23;18;22;38;39;0;31;34;59;47;53;48;58;69;68;63;67;71;-1;No;No;No
3803;2;10;13;6;1;21;23;30;29;28;44;35;0;37;33;60;59;50;56;52;71;64;72;69;73;-1;No;No;No
3804;4;6;11;2;3;19;25;18;22;20;42;45;0;35;41;46;59;49;55;53;72;70;64;61;62;-1;No;No;No
3805;9;2;12;13;4;22;26;23;18;20;38;36;0;33;37;51;57;49;52;50;69;72;71;66;65;-1;No;No;No
3806;10;13;11;9;12;29;23;20;16;25;37;43;0;42;35;48;52;58;49;56;67;71;63;69;74;-1;No;No;No
3807;4;13;12;2;7;30;20;26;25;24;42;37;0;32;44;50;54;55;53;47;75;73;67;70;64;-1;No;No;No
3808;5;15;14;7;6;24;23;16;20;26;34;42;0;36;44;48;57;58;52;46;73;65;66;68;70;-1;No;No;No
3809;6;3;7;5;8;20;23;29;24;16;32;33;0;35;45;46;51;58;52;47;61;63;66;74;72;-1;No;No;No
3810;11;7;13;10;2;24;27;16;26;29;38;39;0;31;42;49;57;52;53;56;63;66;73;68;71;-1;No;No;No
3811;11;13;3;4;14;21;20;17;28;18;37;41;0;40;38;55;60;59;47;52;73;75;63;65;69;-1;No;No;No
3812;10;13;11;12;1;19;18;16;17;21;38;37;0;42;40;49;47;52;48;58;75;67;74;68;63;-1;No;No;No
3813;1;8;12;13;10;26;23;24;16;27;41;44;0;32;42;46;51;57;50;59;62;63;64;65;68;-1;No;No;No
3814;7;4;14;6;12;28;23;22;19;21;37;40;0;34;41;59;58;53;48;49;61;72;68;62;71;-1;No;No;No
3815;7;13;8;11;4;28;22;18;23;27;36;31;0;40;43;57;46;52;55;54;73;65;74;61;69;-1;No;No;No
3816;3;4;9;2;12;22;16;21;17;26;37;36;0;42;32;57;46;48;59;55;65;70;73;67;68;-1;No;No;No
3817;6;4;13;12;5;25;21;18;30;27;40;43;0;44;33;52;58;48;59;54;69;74;71;66;65;-1;No;No;No
3818;6;2;3;11;8;28;22;24;19;25;31;41;0;39;35;53;54;52;59;48;70;75;65;64;62;-1;No;No;No
3819;6;2;8;4;7;23;20;16;21;18;43;33;0;40;35;58;51;56;52;50;72;61;65;75;66;-1;No;No;No
3820;10;1;4;9;14;29;26;30;23;19;41;39;0;34;38;59;57;51;58;49;63;71;65;64;69;-1;No;No;No
3821;13;2;10;7;12;24;16;30;22;18;33;45;0;32;39;54;56;55;58;47;71;64;65;69;67;-1;No;No;No
3822;2;14;5;11;13;18;22;20;24;28;44;43;0;31;40;51;56;46;49;55;63;72;71;69;73;-1;No;No;No
3823;2;6;4;7;10;17;18;26;25;29;36;34;0;39;35;58;47;48;59;52;75;68;74;71;70;-1;No;No;No
3824;14;11;8;9;6;24;18;30;20;25;33;35;0;36;38;49;55;59;56;53;64;73;68;63;67;-1;No;No;No
3825;13;5;11;12;15;21;16;20;24;30;33;43;0;38;41;46;54;48;55;53;69;67;74;72;75;-1;No;No;No
3826;5;6;13;10;14;23;26;17;27;20;36;33;0;34;40;50;58;57;48;60;68;72;63;67;75;-1;No;No;No
3827;12;11;1;9;3;20;24;26;29;27;43;38;0;44;45;47;46;54;53;52;70;74;69;72;68;-1;No;No;No
3828;3;6;1;14;12;30;18;22;23;19;41;35;0;31;34;49;56;52;55;50;74;71;61;62;63;-1;No;No;No
3829;5;12;4;8;10;27;19;17;23;16;33;43;0;44;35;53;54;59;52;58;63;66;69;70;65;-1;No;No;No
3830;10;2;9;6;8;29;18;22;21;19;41;37;0;35;31;47;56;50;53;57;72;73;66;63;62;-1;No;No;No
3831;10;5;3;14;4;20;16;24;25;17;41;32;0;43;39;47;59;49;50;54;70;73;65;71;67;-1;No;No;No
3832;10;12;7;11;8;18;23;19;16;22;40;42;0;35;37;58;47;54;55;46;65;68;61;72;64;-1;No;No;No
3833;7;2;4;5;1;20;28;17;27;30;41;37;0;40;35;51;52;58;50;57;64;69;75;71;67;-1;No;No;No
3834;11;9;10;4;6;19;26;25;23;20;35;45;0;40;43;47;52;53;46;48;72;61;74;71;67;-1;No;No;No
3835;10;14;8;4;6;30;29;19;26;17;41;32;0;44;36;49;51;48;60;50;69;71;63;61;64;-1;No;No;No
3836;7;10;14;13;8;20;25;17;24;28;38;42;0;40;31;49;46;54;51;53;74;71;62;73;72;-1;No;No;No
3837;1;3;10;14;2;29;27;23;19;18;44;40;0;38;41;53;59;50;49;54;72;62;67;70;65;-1;No;No;No
3838;13;14;10;9;11;25;24;29;17;22;31;39;0;44;43;53;59;49;57;54;70;68;61;74;62;-1;No;No;No
3839;10;2;4;8;15;23;18;30;24;20;40;33;0;37;38;59;55;48;49;53;71;65;62;67;72;-1;No;No;No
3840;13;3;5;6;2;16;23;17;21;27;37;31;0;40;38;51;46;53;48;49;67;72;62;71;65;-1;No;No;No
3841;4;8;2;7;13;27;26;21;23;18;33;36;0;45;43;55;59;57;49;52;74;63;62;70;67;-1;No;No;No
3842;10;12;15;5;2;21;20;26;16;28;43;38;0;44;35;59;49;57;54;53;69;64;73;72;65;-1;No;No;No
3843;5;9;14;15;10;16;21;20;23;17;34;32;0;44;31;53;46;57;60;48;67;61;68;69;70;-1;No;No;No
3844;2;9;7;13;5;27;17;20;21;22;34;32;0;43;40;48;56;59;57;47;71;70;75;73;72;-1;No;No;No
3845;6;12;5;14;4;17;21;18;16;26;36;35;0;32;45;53;60;46;50;47;66;70;74;73;62;-1;No;No;No
3846;4;13;1;3;10;16;26;25;22;18;39;32;0;44;40;46;49;50;56;55;67;62;68;70;71;-1;No;No;No
3847;2;9;1;13;5;26;16;17;28;29;41;37;0;42;43;55;49;54;48;58;72;65;63;62;67;-1;No;No;No
3848;14;9;3;12;4;16;20;28;24;17;31;42;0;39;43;55;54;59;53;57;66;64;73;69;62;-1;No;No;No
3849;11;3;7;12;5;17;19;26;18;22;33;37;0;31;43;47;51;56;55;50;70;61;67;64;62;-1;No;No;No
3850;8;10;6;11;15;22;29;17;25;19;33;32;0;38;35;48;51;57;59;56;62;74;68;65;72;-1;No;No;No
3851;2;6;10;9;5;25;30;19;18;24;42;33;0;32;34;53;51;47;48;54;65;69;72;67;66;-1;No;No;No
3852;4;14;1;8;12;16;24;18;27;23;39;37;0;36;41;47;59;55;49;52;61;71;73;65;63;-1;No;No;No
3853;6;7;10;4;12;26;25;16;29;20;38;33;0;36;34;49;48;59;58;50;74;71;67;64;63;-1;No;No;No
3854;2;7;9;3;11;25;20;19;27;21;35;39;0;40;42;51;53;49;48;56;62;65;73;70;68;-1;No;No;No
3855;5;13;11;12;15;17;29;25;30;27;33;39;0;44;34;52;51;48;59;46;71;72;69;63;70;-1;No;No;No
3856;13;15;12;2;5;18;22;26;16;30;36;44;0;37;31;56;53;48;52;51;66;74;65;70;68;-1;No;No;No
3857;4;11;7;13;6;22;16;24;28;21;40;35;0;41;32;49;55;59;50;46;64;61;74;72;69;-1;No;No;No
3858;2;11;12;8;9;17;19;27;24;21;45;44;0;36;40;58;47;56;51;52;65;67;69;72;64;-1;No;No;No
3859;14;1;9;3;6;25;29;22;23;30;43;41;0;39;40;48;52;46;55;54;61;73;65;74;75;-1;No;No;No
3860;12;5;1;8;4;26;20;25;27;19;43;44;0;45;41;59;48;54;51;57;68;69;74;73;65;-1;No;No;No
3861;13;12;2;14;4;23;28;26;19;21;35;36;0;33;39;48;51;52;46;58;69;66;73;65;63;-1;No;No;No
3862;4;6;11;9;10;26;28;16;18;23;38;32;0;40;35;58;56;50;57;59;75;73;62;64;63;-1;No;No;No
3863;4;5;3;7;9;19;20;25;30;28;39;34;0;42;38;57;56;58;51;50;75;71;64;72;70;-1;No;No;No
3864;3;2;13;9;15;20;19;26;25;18;40;42;0;43;34;57;46;56;54;47;74;67;66;70;68;-1;No;No;No
3865;4;11;9;14;3;20;23;19;24;25;31;41;0;44;34;57;48;47;49;55;72;70;62;64;66;-1;No;No;No
3866;11;14;7;6;13;20;17;27;22;24;40;39;0;43;32;53;46;50;57;59;65;71;64;69;62;-1;No;No;No
3867;5;3;13;4;6;17;18;27;22;25;42;31;0;44;35;46;58;49;48;54;63;64;61;68;73;-1;No;No;No
3868;8;6;9;14;13;19;25;18;29;16;36;43;0;45;34;51;50;53;47;46;65;64;70;73;72;-1;No;No;No
3869;8;5;14;4;13;18;28;17;20;25;35;33;0;32;38;54;47;57;53;55;61;69;64;66;63;-1;No;No;No
3870;1;14;8;7;9;18;28;26;25;17;32;33;0;38;40;60;59;49;55;51;69;71;74;66;68;-1;No;No;No
3871;5;15;10;6;9;27;29;22;21;23;31;36;0;37;43;50;58;53;48;55;73;61;74;67;64;-1;No;No;No
3872;11;14;8;5;6;30;20;22;23;19;32;40;0;42;39;49;55;46;53;48;66;67;72;70;62;-1;No;No;No
3873;10;12;15;11;8;29;22;26;19;28;38;31;0;41;37;51;54;53;58;46;71;65;73;64;74;-1;No;No;No
3874;8;13;14;2;11;23;19;21;22;29;42;38;0;31;41;50;55;46;47;51;63;72;69;74;64;-1;No;No;No
3875;6;1;5;13;14;24;17;22;18;16;35;41;0;39;37;57;59;49;46;51;61;63;62;72;75;-1;No;No;No
3876;1;10;6;13;4;24;19;21;27;26;32;42;0;43;33;54;46;60;58;49;66;68;61;62;69;-1;No;No;No
3877;6;2;9;13;14;21;26;16;18;23;41;35;0;31;43;54;59;55;50;47;72;66;62;64;75;-1;No;No;No
3878;4;12;11;9;10;30;26;19;20;17;43;42;0;32;39;52;48;47;51;55;66;74;65;61;63;-1;No;No;No
3879;1;2;3;15;12;21;23;27;28;25;37;44;0;45;31;47;46;59;57;51;70;62;68;73;63;-1;No;No;No
3880;3;11;8;5;13;27;26;20;24;21;35;44;0;38;42;48;53;57;59;49;62;67;70;69;66;-1;No;No;No
3881;12;9;8;6;4;20;30;23;27;17;32;34;0;33;43;56;57;53;48;49;65;72;69;61;66;-1;No;No;No
3882;9;8;11;12;6;17;26;29;22;24;38;39;0;35;44;50;51;47;55;46;74;62;66;63;65;-1;No;No;No
3883;14;3;15;8;12;25;16;24;21;26;35;40;0;45;32;60;48;50;59;57;64;73;69;66;63;-1;No;No;No
3884;13;8;4;1;2;16;24;18;26;27;34;40;0;42;38;60;50;57;51;58;61;63;64;71;73;-1;No;No;No
3885;14;11;8;7;12;18;25;23;27;29;42;43;0;36;31;53;49;55;47;46;61;71;64;63;70;-1;No;No;No
3886;2;8;9;13;12;25;17;19;30;20;34;38;0;32;37;57;59;47;60;56;66;71;72;63;64;-1;No;No;No
3887;2;14;3;6;13;27;21;29;24;18;38;42;0;31;39;56;46;57;55;59;61;65;72;74;68;-1;No;No;No
3888;9;10;12;6;14;26;22;17;24;23;31;44;0;37;35;53;50;56;48;57;61;72;65;68;74;-1;No;No;No
3889;2;9;12;14;1;28;26;30;19;25;39;42;0;33;36;53;59;48;49;47;73;66;69;64;70;-1;No;No;No
3890;7;12;15;6;13;28;20;25;29;26;42;43;0;38;37;50;52;51;57;47;65;70;75;67;62;-1;No;No;No
3891;7;11;3;10;2;26;20;21;16;24;42;32;0;43;38;51;57;56;52;47;62;61;66;74;73;-1;No;No;No
3892;6;1;9;11;15;21;27;19;17;23;41;38;0;43;40;58;48;53;56;55;73;61;71;75;63;-1;No;No;No
3893;12;4;6;10;13;23;24;16;26;19;41;31;0;32;42;54;46;59;55;58;69;71;70;73;74;-1;No;No;No
3894;3;6;10;14;11;25;30;18;16;29;33;42;0;34;37;56;46;52;51;47;61;70;74;63;65;-1;No;No;No
3895;8;2;4;5;1;28;29;19;26;24;44;38;0;33;34;51;53;58;47;48;70;65;68;63;67;-1;No;No;No
3896;10;5;11;6;3;29;18;17;22;21;33;34;0;37;40;51;55;56;59;57;64;69;67;66;74;-1;No;No;No
3897;12;1;5;14;7;24;23;29;25;28;42;41;0;31;32;49;46;53;54;59;71;65;73;69;61;-1;No;No;No
3898;12;6;4;3;8;28;26;29;27;16;35;39;0;45;38;56;50;48;47;58;73;61;70;62;67;-1;No;No;No
3899;14;9;13;15;12;20;24;25;17;27;36;33;0;41;38;50;55;46;52;48;73;69;74;66;68;-1;No;No;No
3900;5;2;9;10;3;19;16;24;28;25;42;44;0;39;43;46;56;51;48;53;61;63;72;64;67;-1;No;No;No
3901;6;4;12;7;5;29;28;24;22;20;36;34;0;42;32;48;53;59;49;51;62;73;72;68;66;-1;No;No;No
3902;6;8;3;13;15;17;27;24;28;18;38;33;0;32;35;49;52;46;56;54;69;61;62;73;66;-1;No;No;No
3903;13;9;2;7;5;20;21;16;18;30;40;37;0;41;34;56;48;46;58;59;63;71;70;66;65;-1;No;No;No
3904;10;9;14;11;15;20;27;30;19;25;33;38;0;31;36;53;52;46;54;51;64;70;72;63;65;-1;No;No;No
3905;14;1;6;8;12;17;22;21;20;27;36;39;0;43;34;54;52;58;56;50;63;62;73;70;67;-1;No;No;No
3906;5;12;8;4;1;22;26;20;23;18;31;40;0;35;32;58;56;52;51;54;73;61;68;72;63;-1;No;No;No
3907;9;7;13;6;1;29;17;25;18;27;35;45;0;31;34;55;53;50;57;58;66;73;63;70;72;-1;No;No;No
3908;5;14;8;3;4;16;22;23;29;17;36;40;0;32;39;52;47;55;49;48;72;68;70;64;66;-1;No;No;No
3909;9;5;12;13;10;17;23;30;22;27;37;31;0;33;41;56;50;49;52;58;74;69;68;61;72;-1;No;No;No
3910;1;10;3;7;8;16;21;26;25;24;43;42;0;32;31;60;57;58;56;51;65;72;61;74;66;-1;No;No;No
3911;14;12;8;15;5;21;28;25;22;29;42;33;0;44;41;48;49;52;60;55;65;72;63;62;71;-1;No;No;No
3912;13;1;7;12;9;30;29;21;27;20;38;40;0;33;43;47;59;57;46;54;63;67;69;72;68;-1;No;No;No
3913;2;5;10;7;12;27;25;30;21;22;37;32;0;31;42;53;51;52;55;59;68;66;69;67;74;-1;No;No;No
3914;7;15;14;6;8;21;25;17;16;22;38;37;0;31;39;52;53;51;47;50;61;71;70;67;62;-1;No;No;No
3915;15;2;11;14;7;22;21;25;24;26;31;40;0;35;43;59;49;56;48;54;73;69;65;67;74;-1;No;No;No
3916;10;9;5;6;11;24;25;28;20;23;37;34;0;43;33;53;58;56;49;55;71;73;67;68;66;-1;No;No;No
3917;4;11;3;15;10;25;30;18;20;21;32;45;0;35;33;52;59;46;50;54;68;69;72;70;62;-1;No;No;No
3918;14;1;10;4;12;18;27;28;17;22;40;44;0;43;31;56;53;52;49;47;62;71;68;69;61;-1;No;No;No
3919;6;12;3;7;5;22;17;26;20;24;31;37;0;44;34;53;58;57;46;55;69;73;70;62;65;-1;No;No;No
3920;14;7;15;12;13;19;17;28;29;21;42;32;0;44;37;57;54;53;47;59;62;68;73;66;65;-1;No;No;No
3921;2;11;12;13;5;23;18;27;29;21;45;38;0;41;36;58;56;49;47;59;67;62;68;61;65;-1;No;No;No
3922;10;4;8;12;14;24;22;21;18;25;32;40;0;34;35;49;52;55;48;46;70;65;61;74;68;-1;No;No;No
3923;1;6;7;11;15;29;26;16;18;20;39;44;0;45;32;53;58;49;57;55;61;72;70;62;75;-1;No;No;No
3924;1;3;9;10;12;28;22;19;29;23;35;44;0;34;41;57;50;54;55;58;69;63;62;65;66;-1;No;No;No
3925;12;8;9;10;4;16;28;25;22;18;39;38;0;45;44;52;47;49;57;48;61;71;72;69;63;-1;No;No;No
3926;1;12;2;9;13;17;19;23;28;22;41;37;0;44;42;54;50;56;58;46;64;74;67;71;69;-1;No;No;No
3927;6;3;4;13;9;22;20;16;23;26;44;32;0;40;35;47;52;54;48;49;73;71;66;74;61;-1;No;No;No
3928;2;1;15;5;8;18;29;26;17;27;35;39;0;31;42;47;59;50;60;52;65;75;69;71;62;-1;No;No;No
3929;7;4;9;15;2;17;29;24;30;19;36;41;0;42;35;55;49;59;51;58;68;67;71;74;61;-1;No;No;No
3930;3;11;13;6;7;23;26;27;28;20;36;38;0;37;39;49;48;56;58;55;70;61;71;73;72;-1;No;No;No
3931;6;3;9;5;14;25;24;21;22;16;43;34;0;37;38;47;51;53;56;46;73;66;67;64;70;-1;No;No;No
3932;6;15;4;14;8;25;29;20;23;30;34;38;0;39;41;52;49;47;48;57;68;73;64;71;72;-1;No;No;No
3933;4;1;13;7;8;29;19;28;18;27;42;38;0;35;43;51;48;55;52;54;65;73;66;71;62;-1;No;No;No
3934;11;14;4;7;8;18;24;19;26;28;40;39;0;35;42;55;49;52;50;51;62;69;73;65;71;-1;No;No;No
3935;14;13;2;4;6;29;19;21;20;27;32;34;0;45;39;46;48;51;54;56;62;70;66;61;68;-1;No;No;No
3936;5;2;15;12;13;26;21;20;25;17;38;35;0;32;44;52;46;53;56;55;66;67;61;68;63;-1;No;No;No
3937;13;11;12;1;9;19;29;16;25;28;41;34;0;38;43;53;57;47;54;51;66;70;71;74;72;-1;No;No;No
3938;2;4;11;10;6;26;16;18;22;30;41;37;0;38;31;52;57;47;55;56;72;65;69;74;73;-1;No;No;No
3939;14;12;10;15;1;21;28;17;23;24;38;35;0;44;43;56;48;46;60;53;62;66;61;75;70;-1;No;No;No
3940;8;11;7;6;12;18;22;23;21;24;35;36;0;43;42;56;47;48;50;49;73;66;62;68;65;-1;No;No;No
3941;3;12;10;2;13;27;24;23;18;17;31;45;0;40;44;48;57;60;50;58;61;69;66;72;67;-1;No;No;No
3942;14;5;2;9;10;25;16;20;19;22;42;33;0;38;44;52;49;46;59;56;71;72;64;75;61;-1;No;No;No
3943;3;6;9;13;2;28;25;30;22;29;35;37;0;34;42;58;49;48;57;55;65;69;66;73;67;-1;No;No;No
3944;5;12;13;4;10;17;24;22;18;30;32;41;0;37;43;46;53;49;60;54;71;63;73;67;68;-1;No;No;No
3945;5;7;4;6;9;17;22;27;26;28;40;45;0;41;44;50;49;46;51;47;64;68;62;66;61;-1;No;No;No
3946;6;13;11;5;1;29;16;21;27;18;42;34;0;37;31;57;47;55;58;50;68;75;69;66;64;-1;No;No;No
3947;13;6;9;11;1;24;19;26;29;16;35;39;0;43;44;55;49;51;50;46;71;66;69;74;64;-1;No;No;No
3948;4;7;12;5;6;22;18;16;29;23;35;31;0;43;33;59;55;56;48;47;68;62;74;61;63;-1;No;No;No
3949;6;4;12;1;10;22;28;27;24;21;41;31;0;43;34;51;54;53;55;58;64;65;70;61;69;-1;No;No;No
3950;13;7;1;12;8;21;16;27;20;19;39;43;0;45;33;56;46;47;59;58;67;64;70;74;61;-1;No;No;No
3951;12;13;9;15;10;21;23;29;26;27;42;38;0;35;33;50;52;48;54;49;65;64;75;74;69;-1;No;No;No
3952;2;6;5;1;8;29;17;28;20;23;39;38;0;31;33;56;59;47;46;52;66;73;72;69;62;-1;No;No;No
3953;7;6;2;13;11;23;26;19;24;27;38;34;0;41;43;52;60;50;59;47;72;67;61;68;69;-1;No;No;No
3954;8;1;12;6;15;17;21;20;16;30;36;44;0;31;42;54;52;55;50;46;68;64;72;71;74;-1;No;No;No
3955;9;2;3;4;1;24;21;28;25;30;44;33;0;35;36;59;47;58;54;52;74;68;64;65;61;-1;No;No;No
3956;11;3;14;12;2;24;25;22;28;26;41;40;0;44;33;58;51;52;48;49;64;71;69;65;73;-1;No;No;No
3957;8;11;13;14;5;30;16;23;17;18;38;36;0;33;42;52;53;58;49;51;72;62;73;66;65;-1;No;No;No
3958;14;6;10;13;2;20;29;24;16;21;41;40;0;42;32;58;49;59;56;50;70;73;74;72;69;-1;No;No;No
3959;10;7;8;13;9;30;23;20;29;27;36;33;0;38;34;54;57;53;51;49;70;66;64;61;63;-1;No;No;No
3960;9;15;5;8;6;29;22;19;24;23;44;34;0;31;42;49;51;53;50;46;69;66;74;61;67;-1;No;No;No
3961;8;12;7;14;4;18;21;25;16;30;36;37;0;45;38;56;54;49;48;51;63;64;72;67;75;-1;No;No;No
3962;13;5;8;6;9;30;20;18;22;25;40;31;0;42;41;49;53;46;48;54;69;66;74;64;70;-1;No;No;No
3963;5;2;12;1;6;18;17;19;28;26;41;34;0;40;37;56;48;53;52;59;61;65;71;66;67;-1;No;No;No
3964;11;4;14;7;8;23;25;17;20;18;34;40;0;44;33;47;52;59;50;53;74;73;69;64;75;-1;No;No;No
3965;9;3;13;2;4;30;29;27;16;18;38;45;0;36;35;46;52;59;51;56;71;70;68;63;64;-1;No;No;No
3966;11;14;12;5;3;21;26;19;18;23;36;39;0;38;35;56;53;52;46;50;62;68;71;63;74;-1;No;No;No
3967;9;8;12;10;4;27;20;24;18;16;43;33;0;41;44;57;59;51;55;53;67;74;66;70;63;-1;No;No;No
3968;7;6;8;15;1;19;20;17;18;22;32;39;0;45;31;59;54;53;60;51;71;72;70;69;67;-1;No;No;No
3969;1;15;11;8;10;24;19;16;30;25;32;36;0;45;33;46;55;48;57;50;61;74;63;70;73;-1;No;No;No
3970;3;2;13;10;1;21;23;19;17;20;33;35;0;42;41;53;55;50;46;57;68;63;75;70;65;-1;No;No;No
3971;14;4;8;2;13;22;21;19;29;16;36;32;0;31;34;48;51;55;53;46;63;70;74;65;67;-1;No;No;No
3972;10;12;13;1;7;18;26;28;22;25;33;39;0;34;37;56;59;48;52;49;68;75;66;63;67;-1;No;No;No
3973;5;6;3;11;12;19;17;26;18;23;37;40;0;41;33;46;47;59;58;57;69;73;72;68;64;-1;No;No;No
3974;2;11;10;14;3;28;19;16;29;20;32;31;0;39;35;55;49;46;50;56;70;74;66;62;63;-1;No;No;No
3975;1;8;2;6;10;28;17;18;30;24;33;31;0;38;36;52;50;54;49;46;71;75;62;73;72;-1;No;No;No
3976;6;9;11;10;12;20;18;22;29;16;43;42;0;35;41;54;46;59;51;56;67;63;74;68;72;-1;No;No;No
3977;9;5;7;3;13;18;24;23;27;22;39;41;0;32;31;46;57;56;54;59;64;68;71;66;63;-1;No;No;No
3978;8;2;14;3;1;16;22;26;29;17;40;32;0;33;42;55;46;59;56;50;64;66;69;63;72;-1;No;No;No
3979;4;11;10;14;15;16;27;18;26;22;45;32;0;36;34;57;50;60;46;51;74;70;65;72;68;-1;No;No;No
3980;4;6;7;10;5;20;23;21;24;17;31;43;0;40;32;47;53;57;58;52;67;62;74;75;61;-1;No;No;No
3981;12;10;13;3;1;28;27;18;25;30;32;43;0;39;44;51;52;49;54;48;71;66;75;62;74;-1;No;No;No
3982;9;4;12;7;10;24;26;25;16;20;39;33;0;32;37;59;55;57;52;49;67;66;71;64;68;-1;No;No;No
3983;13;15;12;11;9;19;29;24;18;27;31;40;0;44;35;51;46;58;49;60;68;74;61;66;73;-1;No;No;No
3984;13;12;15;6;3;17;23;24;21;25;42;44;0;35;34;51;56;57;59;52;67;61;69;70;72;-1;No;No;No
3985;13;12;9;3;11;18;23;21;24;17;37;36;0;44;40;51;47;49;58;60;65;68;66;74;67;-1;No;No;No
3986;13;15;1;3;11;28;24;19;17;16;34;31;0;33;40;50;58;49;57;46;74;72;67;70;61;-1;No;No;No
3987;3;1;12;10;8;24;22;20;25;19;34;36;0;39;35;47;56;58;51;50;66;67;69;73;74;-1;No;No;No
3988;2;10;6;5;8;22;17;28;23;25;39;36;0;38;43;58;55;46;59;49;70;73;71;69;72;-1;No;No;No
3989;9;3;7;14;10;22;30;21;23;19;44;35;0;42;38;59;55;50;56;58;65;67;69;61;71;-1;No;No;No
3990;3;15;11;9;4;18;16;27;23;26;31;43;0;44;42;58;53;60;50;55;74;75;68;63;71;-1;No;No;No
3991;7;13;9;12;11;16;18;25;29;17;31;38;0;42;40;55;56;47;48;52;62;63;72;71;74;-1;No;No;No
3992;2;9;10;1;15;26;22;18;20;17;35;44;0;41;40;48;58;52;59;49;68;65;74;62;67;-1;No;No;No
3993;4;3;7;13;11;20;22;29;27;23;34;36;0;43;42;50;46;58;51;60;74;71;70;69;62;-1;No;No;No
3994;10;8;13;2;11;23;28;29;27;21;42;37;0;39;35;47;60;49;48;46;62;72;64;74;61;-1;No;No;No
3995;3;9;6;8;13;29;20;21;17;27;35;34;0;36;39;53;57;52;51;55;61;64;67;71;69;-1;No;No;No
3996;13;10;4;2;1;26;27;24;22;21;40;44;0;41;36;49;47;58;48;60;64;66;71;73;74;-1;No;No;No
3997;11;7;10;1;9;26;21;24;28;25;43;34;0;45;35;46;52;54;55;59;65;72;62;66;71;-1;No;No;No
3998;13;6;4;11;8;20;16;27;25;23;45;44;0;34;43;56;50;58;47;60;75;71;62;70;74;-1;No;No;No
3999;6;11;12;1;7;22;21;17;25;19;38;32;0;36;34;47;53;50;59;51;68;63;65;61;66;-1;No;No;No
4000;6;8;9;11;3;19;22;24;29;23;33;32;0;39;40;47;53;57;51;55;74;62;66;61;67;-1;No;No;No
4001;10;13;14;11;3;25;23;29;22;16;41;45;0;44;42;59;53;54;56;47;64;65;73;74;68;0;No;No;No
4002;14;3;5;13;1;21;26;18;29;25;43;31;0;38;32;53;48;59;49;60;61;73;65;63;71;0;No;No;No
4003;5;6;7;10;3;20;29;28;18;30;34;44;0;35;33;52;46;47;57;48;66;74;73;62;67;0;No;No;No
4004;4;14;1;12;10;27;19;22;16;30;37;32;0;31;41;55;51;57;52;60;64;70;72;74;65;0;No;No;No
4005;7;1;15;12;6;27;30;16;19;17;31;44;0;32;42;54;56;46;51;57;73;74;72;63;61;0;No;No;No
4006;3;9;8;6;1;17;16;19;27;20;41;40;0;34;38;52;59;53;57;54;66;72;62;75;74;0;No;No;No
4007;8;12;4;5;14;24;28;16;22;18;41;31;0;40;35;46;57;49;55;48;63;65;71;67;73;0;No;No;No
4008;5;13;8;9;10;21;22;19;17;28;44;40;0;31;45;46;51;50;54;53;62;70;71;67;66;0;No;No;No
4009;9;15;13;14;11;23;18;22;20;27;40;37;0;39;43;46;55;60;58;51;63;66;64;70;65;0;No;No;No
4010;10;3;13;7;4;16;22;19;24;26;33;34;0;39;41;46;57;59;54;49;62;73;68;61;66;0;No;No;No
4011;3;5;4;10;12;26;23;19;21;17;42;32;0;43;45;59;48;52;55;54;70;72;69;62;68;0;No;No;No
4012;10;11;8;7;12;30;24;23;19;21;35;43;0;33;31;49;48;57;54;51;70;74;71;69;61;0;No;No;No
4013;8;6;4;13;2;20;29;27;24;21;43;41;0;32;38;56;57;53;55;50;62;64;67;72;70;0;No;No;No
4014;9;10;6;5;3;30;16;17;23;29;42;32;0;33;31;59;50;52;53;47;62;61;65;71;66;0;No;No;No
4015;2;3;12;10;4;17;19;23;29;27;39;31;0;34;42;54;52;51;59;53;68;61;72;69;65;0;No;No;No
4016;12;10;8;14;3;21;27;19;18;26;31;42;0;32;34;50;58;49;56;54;66;62;70;67;63;0;No;No;No
4017;7;14;13;5;4;25;28;17;29;21;43;35;0;45;44;58;59;55;54;50;71;62;63;70;67;0;No;No;No
4018;10;14;3;11;4;30;20;22;27;25;35;32;0;34;39;47;53;51;56;54;68;65;74;61;69;0;No;No;No
4019;2;10;11;4;3;17;21;19;29;18;41;44;0;38;42;51;52;59;57;50;62;61;72;69;66;0;No;No;No
4020;10;15;6;2;11;17;20;21;29;25;45;37;0;39;33;47;57;50;55;54;70;68;73;67;66;0;No;No;No
4021;2;1;13;11;6;28;21;29;18;27;45;38;0;42;36;53;46;48;51;58;62;66;63;64;71;0;No;No;No
4022;13;5;14;9;10;30;16;28;21;24;44;31;0;37;40;50;59;56;52;48;64;75;69;71;61;0;No;No;No
4023;13;12;14;1;6;18;24;29;28;27;42;33;0;44;39;53;48;59;56;50;65;61;69;62;68;0;No;No;No
4024;9;11;1;4;7;21;16;18;19;25;38;35;0;44;34;47;46;57;54;51;71;74;73;70;69;0;No;No;No
4025;8;12;7;6;3;19;20;16;25;21;39;34;0;37;33;55;57;59;46;60;67;73;71;65;72;0;No;No;No
4026;15;4;12;10;1;16;19;18;28;22;42;34;0;35;36;56;57;59;55;52;67;62;63;72;66;0;No;No;No
4027;14;10;4;6;2;27;19;18;23;29;45;40;0;31;44;47;54;51;58;48;69;70;68;75;61;0;No;No;No
4028;3;9;4;13;1;25;27;20;16;21;36;37;0;39;34;55;47;48;49;57;69;70;73;74;72;0;No;No;No
4029;1;13;8;14;5;29;18;21;25;30;32;34;0;44;35;50;57;56;48;47;74;75;68;71;70;0;No;No;No
4030;3;7;8;15;5;21;17;18;29;28;35;32;0;42;34;49;48;53;54;50;66;69;63;67;75;0;No;No;No
4031;5;9;2;12;4;18;16;23;21;25;41;39;0;40;42;50;51;58;54;55;72;65;73;63;62;0;No;No;No
4032;11;3;2;14;4;28;25;19;24;18;42;39;0;36;33;53;55;46;60;54;71;64;72;73;70;0;No;No;No
4033;8;14;4;6;11;26;22;23;30;18;42;43;0;31;39;59;55;49;52;57;71;74;63;67;70;0;No;No;No
4034;5;6;12;9;2;19;21;29;24;25;34;33;0;42;40;54;46;57;48;50;74;62;65;68;73;0;No;No;No
4035;4;9;1;13;11;16;25;21;27;24;31;35;0;44;38;51;56;54;57;48;63;61;70;73;62;0;No;No;No
4036;7;1;4;3;9;16;20;17;22;26;35;43;0;32;36;58;46;50;54;47;66;73;65;62;61;0;No;No;No
4037;1;13;11;12;2;18;19;21;24;16;39;35;0;40;32;59;58;47;51;53;66;68;61;65;64;0;No;No;No
4038;11;5;4;9;13;21;24;29;30;18;35;38;0;34;33;58;55;53;47;52;68;70;61;74;71;0;No;No;No
4039;14;4;13;8;1;18;29;27;28;17;31;33;0;42;44;49;54;58;52;46;68;66;64;70;65;0;No;No;No
4040;10;2;5;4;14;26;28;17;22;23;40;43;0;42;37;51;48;57;58;52;65;70;71;63;66;0;No;No;No
4041;14;7;4;10;3;19;23;21;28;20;33;37;0;42;36;60;49;46;48;56;63;70;67;65;72;0;No;No;No
4042;8;5;11;4;7;24;20;27;17;25;44;40;0;34;41;58;56;47;46;59;71;70;62;67;66;0;No;No;No
4043;8;9;14;4;11;29;22;25;20;28;43;40;0;32;36;57;56;46;50;52;71;68;64;73;61;0;No;No;No
4044;4;2;14;6;3;30;23;17;24;16;36;35;0;43;32;59;57;53;58;56;63;65;73;67;72;0;No;No;No
4045;13;12;6;8;15;19;29;27;17;24;35;45;0;32;36;59;47;48;52;55;63;72;74;67;65;0;No;No;No
4046;4;2;9;5;10;22;30;27;23;25;31;39;0;45;41;52;48;54;49;58;68;69;74;63;64;0;No;No;No
4047;10;2;6;13;7;29;20;23;24;17;35;32;0;31;43;47;54;53;59;55;62;65;71;73;74;0;No;No;No
4048;14;5;4;10;3;19;26;23;29;27;31;40;0;42;39;56;47;59;51;57;71;70;67;74;65;0;No;No;No
4049;4;1;8;13;9;27;25;19;16;17;41;35;0;37;38;59;48;54;55;53;71;62;70;66;63;0;No;No;No
4050;4;15;12;3;13;26;28;24;29;18;39;36;0;42;33;50;54;48;52;49;73;72;62;64;70;0;No;No;No
4051;9;15;13;1;3;23;22;25;29;17;31;40;0;42;41;57;48;58;49;52;70;63;62;73;67;0;No;No;No
4052;9;12;2;8;10;25;23;24;16;22;43;45;0;31;35;54;56;49;59;60;72;75;70;74;62;0;No;No;No
4053;11;1;12;15;5;27;18;29;24;23;35;41;0;44;40;46;56;59;51;60;74;62;63;70;71;0;No;No;No
4054;2;1;9;6;3;16;23;25;17;21;43;32;0;35;44;56;47;58;46;52;65;61;66;67;72;0;No;No;No
4055;6;5;13;7;9;25;19;18;17;29;38;36;0;42;35;46;50;47;52;56;61;71;65;69;66;0;No;No;No
4056;4;1;11;5;10;25;18;16;17;26;40;42;0;37;44;53;54;59;55;52;64;71;63;72;67;0;No;No;No
4057;5;13;1;10;8;29;21;20;30;19;40;42;0;32;37;50;51;56;48;52;61;71;63;65;64;0;No;No;No
4058;2;9;11;13;7;17;24;21;30;22;40;44;0;31;39;60;55;53;57;50;64;63;66;62;68;0;No;No;No
4059;10;3;2;9;8;26;22;25;23;27;41;40;0;35;37;50;49;55;54;47;69;64;70;61;67;0;No;No;No
4060;12;5;6;1;9;20;23;25;26;24;37;42;0;39;38;54;47;50;55;51;63;68;64;69;61;0;No;No;No
4061;15;6;12;9;4;16;19;22;17;25;35;39;0;43;32;56;53;49;47;59;64;70;61;63;68;0;No;No;No
4062;6;1;14;12;10;25;21;23;22;17;39;38;0;31;36;46;48;59;51;54;66;63;68;70;71;0;No;No;No
4063;14;1;9;6;7;28;20;22;25;21;43;41;0;35;34;50;51;60;46;54;73;64;71;69;72;0;No;No;No
4064;13;1;7;5;14;27;20;29;18;21;37;39;0;33;44;59;49;47;57;50;61;66;70;74;63;0;No;No;No
4065;1;4;13;9;12;23;24;20;25;18;37;32;0;38;39;53;49;56;59;47;69;71;67;65;62;0;No;No;No
4066;10;14;2;8;15;27;21;24;20;22;39;32;0;36;40;48;46;58;53;50;63;66;71;68;73;0;No;No;No
4067;7;3;1;4;14;29;16;26;28;19;42;45;0;32;34;57;56;48;59;46;63;67;61;68;73;0;No;No;No
4068;4;15;10;8;2;25;20;22;23;19;38;33;0;36;41;46;49;54;55;52;75;72;68;71;67;0;No;No;No
4069;6;1;3;13;2;26;23;29;22;28;34;36;0;42;45;49;56;47;46;51;63;62;66;70;64;0;No;No;No
4070;8;10;5;2;11;18;27;20;23;26;40;31;0;44;39;57;52;48;56;60;71;61;72;69;62;0;No;No;No
4071;5;4;15;10;3;19;25;30;16;29;33;35;0;37;31;52;60;50;57;53;73;62;61;67;75;0;No;No;No
4072;8;9;12;4;3;28;27;26;17;20;33;44;0;32;34;57;47;56;49;51;64;70;74;63;72;0;No;No;No
4073;14;2;1;6;7;26;21;29;22;17;42;32;0;36;39;48;51;54;59;56;69;68;66;74;72;0;No;No;No
4074;6;13;9;7;2;19;21;23;18;20;40;43;0;41;39;50;58;57;51;56;65;72;75;69;63;0;No;No;No
4075;9;6;12;3;7;28;22;27;24;19;35;42;0;31;43;51;56;52;50;57;61;73;74;68;65;0;No;No;No
4076;6;15;2;4;11;27;24;19;20;18;41;44;0;43;39;58;52;46;48;56;63;68;66;69;64;0;No;No;No
4077;6;5;12;2;14;23;18;24;20;16;35;42;0;37;41;50;56;59;47;55;63;65;72;64;70;0;No;No;No
4078;14;3;10;8;13;21;27;24;29;25;36;40;0;32;42;46;52;55;58;50;68;67;69;65;66;0;No;No;No
4079;7;13;4;5;3;17;23;22;29;30;42;33;0;36;38;46;53;47;57;55;70;67;71;65;63;0;No;No;No
4080;14;8;2;10;11;22;29;19;30;21;32;33;0;40;31;50;58;52;59;56;68;64;72;74;61;0;No;No;No
4081;13;3;12;10;1;22;20;23;28;18;42;36;0;31;34;50;47;56;58;46;75;61;70;63;73;0;No;No;No
4082;8;2;7;3;5;18;28;20;22;21;44;35;0;32;39;54;55;57;56;59;74;61;73;75;69;0;No;No;No
4083;8;7;1;5;14;24;20;29;26;16;39;32;0;31;36;48;56;47;54;58;67;72;73;63;70;0;No;No;No
4084;12;4;5;7;2;18;22;25;26;23;42;37;0;33;43;51;50;59;46;54;62;69;72;61;74;0;No;No;No
4085;12;11;5;6;14;24;19;26;29;28;44;43;0;31;40;52;46;48;56;59;71;66;62;73;72;0;No;No;No
4086;8;5;12;14;11;26;21;19;16;24;39;42;0;40;34;54;57;55;53;56;65;61;72;71;64;0;No;No;No
4087;1;5;13;3;6;22;28;16;20;24;43;41;0;32;38;55;56;60;51;53;65;71;68;64;63;0;No;No;No
4088;14;8;13;3;7;24;21;27;30;28;44;38;0;33;31;47;55;46;54;58;66;69;72;62;70;0;No;No;No
4089;14;9;8;13;2;28;17;27;19;23;42;32;0;40;31;54;56;50;47;49;72;73;70;69;66;0;No;No;No
4090;6;5;7;8;11;21;16;29;27;26;40;42;0;32;37;53;51;48;52;46;66;64;62;65;73;0;No;No;No
4091;9;13;5;2;1;25;23;30;16;24;39;35;0;38;31;57;53;58;52;46;68;72;67;61;74;0;No;No;No
4092;9;13;8;12;3;30;26;20;24;28;34;41;0;35;39;50;54;56;59;60;64;62;66;61;74;0;No;No;No
4093;11;7;5;9;13;29;22;20;16;23;35;40;0;38;44;50;48;59;53;54;67;66;61;73;65;0;No;No;No
4094;5;4;1;9;8;28;18;17;25;27;32;37;0;35;40;47;51;49;52;58;73;67;65;70;66;0;No;No;No
4095;11;15;3;14;7;29;25;30;20;16;40;35;0;43;33;58;53;46;59;47;66;73;63;64;62;0;No;No;No
4096;14;13;4;6;12;27;17;29;19;18;40;39;0;41;34;59;46;55;60;58;65;68;62;73;70;0;No;No;No
4097;4;13;5;11;3;23;26;27;16;19;35;45;0;44;31;54;46;52;50;58;63;69;67;68;72;0;No;No;No
4098;13;7;9;14;11;20;26;28;27;29;44;40;0;37;35;51;49;57;53;48;67;71;64;70;72;0;No;No;No
4099;4;15;3;5;11;26;24;27;22;25;39;36;0;40;42;48;55;52;57;58;69;72;62;71;75;0;No;No;No
4100;6;4;15;12;5;29;26;23;19;20;33;43;0;31;34;55;57;52;60;51;63;68;72;71;64;0;No;No;No
4101;9;15;14;3;2;16;19;29;24;25;39;42;0;43;41;53;46;49;48;54;71;65;72;70;62;0;No;No;No
4102;12;2;14;4;8;24;19;20;30;22;39;34;0;43;37;46;55;52;53;49;67;72;69;68;73;0;No;No;No
4103;9;3;13;6;5;24;22;23;30;25;34;33;0;44;35;46;47;51;56;49;70;73;65;63;69;0;No;No;No
4104;14;2;6;13;1;26;24;23;17;28;33;45;0;42;37;57;59;47;51;55;70;71;67;73;64;0;No;No;No
4105;12;13;11;6;2;16;21;25;17;22;41;43;0;40;35;54;53;46;52;56;74;62;73;66;64;0;No;No;No
4106;2;9;15;7;5;26;18;19;25;16;45;41;0;42;35;53;52;55;48;54;66;68;64;62;71;0;No;No;No
4107;1;12;10;3;2;19;29;30;22;20;40;45;0;38;44;60;49;54;58;46;68;72;65;66;71;0;No;No;No
4108;4;10;12;8;11;21;16;20;27;18;36;41;0;40;31;58;59;48;46;56;67;70;64;61;63;0;No;No;No
4109;15;4;5;8;1;28;29;24;27;22;40;31;0;38;45;51;53;55;60;47;65;68;62;75;69;0;No;No;No
4110;6;7;2;8;3;16;18;25;23;29;41;31;0;32;40;56;47;51;58;59;66;71;63;69;67;0;No;No;No
4111;11;9;3;10;5;17;21;18;28;16;34;35;0;37;36;46;47;50;49;52;69;65;75;73;74;0;No;No;No
4112;7;2;11;6;13;24;23;18;28;16;42;31;0;43;32;60;53;55;46;59;69;74;66;70;64;0;No;No;No
4113;15;11;8;12;10;20;30;23;26;18;41;35;0;33;31;52;59;47;54;49;63;74;62;67;72;0;No;No;No
4114;5;8;6;13;2;24;27;20;21;30;34;38;0;39;36;46;50;54;51;47;72;67;63;74;62;0;No;No;No
4115;2;11;8;5;15;25;26;23;28;24;34;42;0;43;36;46;55;59;57;48;61;74;69;65;70;0;No;No;No
4116;8;7;13;4;15;16;22;23;17;20;38;41;0;44;42;51;53;54;59;46;62;71;69;68;70;0;No;No;No
4117;7;4;14;9;10;20;16;21;29;22;36;42;0;38;40;51;55;57;58;47;71;73;63;72;74;0;No;No;No
4118;6;9;12;7;2;26;19;20;28;30;35;41;0;42;32;50;47;58;54;48;66;72;71;73;69;0;No;No;No
4119;4;2;7;9;11;19;16;25;26;28;41;39;0;31;43;49;56;58;51;54;63;67;62;72;75;0;No;No;No
4120;8;9;4;6;3;29;23;20;28;17;32;43;0;33;45;58;51;53;57;59;63;70;67;74;69;0;No;No;No
4121;3;10;2;14;8;17;25;22;27;30;34;39;0;42;45;47;53;52;50;59;62;70;61;67;68;0;No;No;No
4122;1;11;2;5;13;28;19;27;21;18;35;33;0;39;36;49;58;59;52;51;68;67;65;69;70;0;No;No;No
4123;3;11;1;10;2;26;29;27;20;25;38;39;0;42;40;51;58;52;47;53;69;61;64;68;65;0;No;No;No
4124;1;12;4;13;14;19;17;25;30;16;37;36;0;41;38;51;58;47;56;57;68;69;65;66;62;0;No;No;No
4125;13;14;4;12;11;25;24;19;20;17;36;37;0;43;41;58;48;46;51;49;63;65;74;64;66;0;No;No;No
4126;5;8;7;9;11;27;20;25;18;26;32;39;0;35;41;50;51;58;54;59;72;71;66;65;74;0;No;No;No
4127;6;14;11;13;12;26;18;21;28;17;39;36;0;38;43;56;46;58;48;53;73;74;70;63;68;0;No;No;No
4128;11;2;13;5;1;20;30;25;18;26;39;32;0;40;43;50;56;48;46;55;73;68;66;69;62;0;No;No;No
4129;5;11;14;2;6;28;23;21;18;19;41;32;0;43;37;58;50;48;46;47;73;61;74;71;69;0;No;No;No
4130;9;13;14;6;3;19;18;22;29;27;43;33;0;42;31;55;48;53;47;49;74;69;66;67;75;0;No;No;No
4131;8;11;13;15;3;25;16;21;18;22;32;34;0;39;43;46;48;52;51;55;74;73;64;69;67;0;No;No;No
4132;12;5;4;11;13;16;25;21;18;24;40;42;0;33;36;56;51;49;55;54;72;73;67;68;70;0;No;No;No
4133;6;3;1;10;5;18;21;25;20;26;31;33;0;32;37;59;51;56;60;46;65;61;63;64;75;0;No;No;No
4134;8;3;4;7;6;19;18;27;25;21;43;31;0;33;41;51;58;50;59;53;64;66;70;67;71;0;No;No;No
4135;4;11;6;1;2;23;16;19;26;24;38;31;0;42;32;60;53;50;58;54;61;71;70;69;66;0;No;No;No
4136;10;1;13;5;6;29;26;27;22;18;31;36;0;32;44;49;58;56;57;52;69;75;61;66;74;0;No;No;No
4137;6;13;3;11;15;27;19;24;22;28;36;43;0;31;37;49;47;46;56;53;70;66;67;63;73;0;No;No;No
4138;1;11;14;9;3;29;20;30;16;22;45;39;0;38;36;48;60;46;49;53;69;63;73;66;71;0;No;No;No
4139;9;4;12;13;14;17;22;28;25;30;44;39;0;38;31;46;56;50;49;59;72;71;73;68;62;0;No;No;No
4140;10;12;2;8;13;24;27;30;22;25;43;34;0;42;44;51;52;55;47;57;72;70;61;62;68;0;No;No;No
4141;8;1;10;3;7;26;17;29;28;20;38;36;0;31;37;46;58;51;59;53;66;74;73;67;69;0;No;No;No
4142;10;1;8;2;15;20;17;28;29;22;39;36;0;37;41;47;53;58;55;57;68;67;72;64;69;0;No;No;No
4143;6;2;3;15;4;18;29;20;21;30;38;42;0;34;40;56;51;47;52;58;61;62;67;64;74;0;No;No;No
4144;2;12;3;6;11;25;18;17;28;22;33;38;0;32;41;48;47;55;46;49;68;69;64;66;71;0;No;No;No
4145;9;8;2;1;4;28;17;27;25;23;40;35;0;37;45;59;53;51;56;58;63;74;67;66;69;0;No;No;No
4146;8;13;9;14;11;22;17;19;18;27;39;31;0;40;38;57;50;59;47;51;64;62;71;68;73;0;No;No;No
4147;5;4;7;12;6;21;28;24;17;18;42;36;0;41;34;56;47;51;57;58;74;71;61;64;73;0;No;No;No
4148;13;15;4;9;10;28;19;29;21;18;35;43;0;39;41;54;60;48;57;52;73;62;70;61;65;0;No;No;No
4149;12;4;1;9;15;29;28;21;20;26;41;38;0;44;39;48;52;49;57;58;74;66;67;61;72;0;No;No;No
4150;3;13;5;7;1;17;26;23;21;16;34;39;0;35;42;53;51;57;59;58;69;64;67;63;72;0;No;No;No
4151;14;1;3;2;7;27;19;29;24;26;45;39;0;34;32;52;53;51;54;57;67;72;64;62;69;0;No;No;No
4152;6;8;13;10;9;27;17;20;18;28;42;33;0;35;32;58;59;54;55;49;74;73;71;66;69;0;No;No;No
4153;6;3;1;2;10;22;28;16;24;17;42;39;0;45;41;56;57;53;47;52;73;65;62;69;63;0;No;No;No
4154;9;4;8;15;1;27;23;17;26;24;44;32;0;37;40;55;47;51;48;59;73;71;63;61;62;0;No;No;No
4155;14;5;11;2;12;18;19;27;25;16;34;41;0;37;44;48;50;51;46;52;72;61;64;75;70;0;No;No;No
4156;2;13;3;1;11;19;18;29;26;23;33;41;0;44;34;47;57;50;56;59;67;66;74;62;63;0;No;No;No
4157;5;4;13;2;8;27;28;29;17;25;36;41;0;37;40;50;57;60;53;58;65;64;70;67;62;0;No;No;No
4158;14;10;1;9;12;29;22;19;18;23;44;32;0;35;39;46;59;58;51;55;72;69;65;62;74;0;No;No;No
4159;8;5;7;9;3;19;25;23;20;24;35;34;0;39;38;55;57;59;48;58;73;74;75;67;61;0;No;No;No
4160;5;3;10;9;11;30;27;21;29;17;38;44;0;40;31;52;56;54;51;58;70;68;65;63;69;0;No;No;No
4161;6;1;4;10;14;29;17;27;28;21;35;43;0;36;39;51;57;55;59;50;66;74;69;65;62;0;No;No;No
4162;8;7;14;4;12;26;23;28;18;17;37;43;0;41;32;52;57;47;59;54;67;72;70;61;66;0;No;No;No
4163;10;13;9;5;11;26;27;29;23;17;38;44;0;35;36;46;52;56;59;49;73;62;68;63;69;0;No;No;No
4164;9;10;4;3;14;18;24;17;19;16;36;34;0;33;32;49;57;56;46;53;69;75;74;66;65;0;No;No;No
4165;13;11;7;3;10;27;23;29;17;18;44;32;0;34;31;60;47;48;53;57;68;73;70;67;71;0;No;No;No
4166;9;3;14;15;1;22;25;16;23;21;43;35;0;40;39;47;56;50;52;57;71;64;70;75;72;0;No;No;No
4167;5;3;13;10;4;20;24;16;17;29;34;38;0;43;36;47;50;58;49;59;64;61;63;66;72;0;No;No;No
4168;13;6;11;9;4;23;21;22;20;18;34;39;0;31;37;60;46;54;52;48;73;65;61;69;71;0;No;No;No
4169;11;3;9;6;2;25;28;20;27;22;36;45;0;44;42;53;55;56;59;48;68;75;63;70;69;0;No;No;No
4170;13;6;3;7;12;24;26;22;17;16;32;38;0;41;34;57;46;59;58;56;74;61;66;63;64;0;No;No;No
4171;9;7;1;6;11;30;24;27;26;23;34;41;0;37;42;47;46;59;54;56;62;69;72;68;73;0;No;No;No
4172;14;2;1;13;3;25;30;21;27;23;34;40;0;38;35;58;56;59;53;57;68;74;70;61;71;0;No;No;No
4173;1;3;11;8;7;22;20;27;24;29;41;35;0;31;34;55;46;57;56;58;66;75;67;69;61;0;No;No;No
4174;1;2;7;5;10;23;25;19;16;21;31;38;0;44;34;52;50;53;48;59;66;65;64;73;75;0;No;No;No
4175;4;10;1;9;13;24;30;28;27;16;33;36;0;34;37;51;59;57;55;60;68;62;75;69;64;0;No;No;No
4176;12;4;9;11;8;26;19;18;29;28;32;45;0;37;35;46;55;51;59;56;62;66;71;64;72;0;No;No;No
4177;8;12;9;14;11;21;29;18;24;28;33;41;0;40;43;53;52;56;51;47;62;70;64;65;69;0;No;No;No
4178;8;9;11;6;13;18;26;16;29;20;32;33;0;38;34;48;51;52;59;57;64;72;66;61;70;0;No;No;No
4179;12;14;11;10;9;24;17;18;21;28;34;38;0;35;36;46;56;58;54;47;61;74;69;63;72;0;No;No;No
4180;7;10;8;11;3;20;24;19;26;16;40;44;0;42;39;48;56;57;49;53;66;68;62;72;69;0;No;No;No
4181;13;4;3;9;1;17;22;21;27;24;34;40;0;36;38;50;54;49;60;58;68;63;70;69;73;0;No;No;No
4182;6;14;8;3;12;29;26;27;16;28;34;37;0;33;39;51;60;50;47;49;66;71;62;61;68;0;No;No;No
4183;15;5;10;6;13;19;30;25;21;18;42;41;0;38;32;51;56;47;52;53;69;71;68;73;66;0;No;No;No
4184;9;14;7;4;1;17;24;27;19;28;32;44;0;36;39;47;46;52;59;48;69;73;61;63;65;0;No;No;No
4185;5;10;11;8;12;20;22;19;25;28;43;32;0;33;40;48;49;54;58;55;61;66;65;62;69;0;No;No;No
4186;11;15;13;7;2;30;26;18;17;23;32;44;0;38;37;46;54;59;55;56;75;68;61;70;71;0;No;No;No
4187;14;7;11;5;3;25;27;28;20;19;36;43;0;32;35;55;52;54;47;48;65;70;68;64;69;0;No;No;No
4188;7;9;5;1;2;30;29;22;20;28;34;33;0;38;31;57;55;49;48;52;69;74;61;67;66;0;No;No;No
4189;5;8;6;7;10;21;19;18;25;24;31;36;0;41;35;58;52;56;51;55;66;72;74;67;73;0;No;No;No
4190;15;7;10;14;12;17;26;30;16;27;37;41;0;42;35;57;60;53;56;47;74;67;73;70;66;0;No;No;No
4191;10;6;8;7;12;23;30;24;26;25;39;40;0;44;43;58;53;46;48;49;68;71;66;61;69;0;No;No;No
4192;11;12;6;10;1;17;19;24;30;21;39;40;0;43;36;55;58;53;49;52;70;74;66;69;72;0;No;No;No
4193;10;13;14;8;5;24;22;30;21;25;36;31;0;40;32;46;47;50;58;51;61;72;68;67;69;0;No;No;No
4194;14;12;10;15;8;28;16;21;22;26;33;31;0;37;35;47;56;54;46;50;68;72;73;69;66;0;No;No;No
4195;4;3;14;2;5;18;16;27;19;22;36;39;0;41;42;52;59;60;48;51;70;62;66;69;64;0;No;No;No
4196;1;13;14;2;5;21;26;28;22;25;41;42;0;38;36;54;53;48;59;47;71;62;75;63;61;0;No;No;No
4197;5;12;9;2;3;28;24;18;27;29;37;39;0;43;44;51;55;49;48;47;64;62;61;71;65;0;No;No;No
4198;10;12;9;4;6;23;30;26;27;18;37;35;0;45;44;47;52;50;57;49;68;71;72;66;61;0;No;No;No
4199;7;1;8;9;2;16;29;19;26;21;38;34;0;42;32;58;60;51;47;57;64;66;61;69;62;0;No;No;No
4200;9;14;6;13;11;26;18;21;25;22;36;35;0;41;34;50;49;53;58;57;72;67;65;74;66;0;No;No;No
4201;12;11;3;13;14;20;26;27;29;24;37;34;0;32;44;50;47;59;52;49;69;71;64;63;68;0;No;No;No
4202;13;6;10;11;2;30;29;24;17;23;40;37;0;34;43;57;55;59;54;51;69;66;74;72;67;0;No;No;No
4203;12;14;13;9;3;29;16;18;27;20;40;37;0;35;31;55;57;53;51;60;72;64;61;68;62;0;No;No;No
4204;14;7;6;8;4;25;18;21;17;20;39;41;0;45;31;52;48;55;50;49;69;66;70;73;63;0;No;No;No
4205;12;8;3;2;4;22;24;21;26;23;40;36;0;44;31;53;55;49;50;56;71;65;63;74;69;0;No;No;No
4206;10;4;11;12;8;26;28;21;25;22;44;39;0;37;35;52;51;59;60;46;71;68;61;65;63;0;No;No;No
4207;12;5;8;11;4;25;23;29;26;20;43;34;0;31;40;57;56;59;48;49;73;61;69;65;68;0;No;No;No
4208;13;15;11;7;6;19;23;17;22;16;34;31;0;36;38;60;52;46;58;59;67;63;72;73;68;0;No;No;No
4209;7;3;15;13;14;26;21;17;27;20;36;33;0;37;38;46;49;48;50;54;68;61;74;63;64;0;No;No;No
4210;4;10;6;13;12;25;24;23;26;20;41;42;0;34;33;58;59;51;53;55;64;66;75;63;62;0;No;No;No
4211;2;14;4;13;11;16;22;19;18;24;40;42;0;39;37;46;52;49;55;47;73;62;74;68;67;0;No;No;No
4212;13;2;12;15;9;25;19;27;16;17;31;44;0;41;45;49;50;58;46;59;72;73;70;69;65;0;No;No;No
4213;8;4;7;6;15;21;17;27;20;24;36;34;0;43;38;58;48;57;55;49;75;61;65;72;64;0;No;No;No
4214;11;7;4;3;8;23;19;25;16;26;39;35;0;31;41;46;56;57;58;59;64;67;73;74;63;0;No;No;No
4215;12;1;13;2;9;19;27;21;30;16;39;33;0;31;42;51;54;57;48;50;75;74;68;70;63;0;No;No;No
4216;2;12;1;14;7;27;20;17;30;29;44;39;0;32;41;53;50;58;60;55;63;67;73;70;61;0;No;No;No
4217;5;12;4;11;8;30;21;29;23;22;37;34;0;39;35;56;47;50;59;46;72;62;63;69;75;0;No;No;No
4218;10;2;5;8;3;19;26;28;17;25;39;31;0;40;43;57;58;49;47;52;72;68;74;66;69;0;No;No;No
4219;14;9;2;13;15;20;22;24;21;29;31;39;0;43;42;51;57;54;46;49;68;62;71;75;70;0;No;No;No
4220;3;12;8;5;4;26;18;17;23;29;34;41;0;31;43;52;60;57;48;56;61;64;65;67;68;0;No;No;No
4221;12;14;8;1;10;22;21;20;16;18;39;35;0;38;37;54;49;56;55;60;63;74;62;68;70;0;No;No;No
4222;1;14;2;5;12;26;28;16;21;24;45;38;0;40;41;57;50;58;47;56;70;63;61;65;74;0;No;No;No
4223;1;13;2;5;12;28;18;30;21;16;35;43;0;36;42;47;50;46;49;55;73;72;69;68;67;0;No;No;No
4224;14;10;5;8;15;28;19;26;21;17;34;39;0;40;38;59;50;56;48;46;62;61;74;65;64;0;No;No;No
4225;13;1;7;9;2;22;26;23;21;16;42;35;0;40;43;48;53;51;46;49;74;62;72;73;70;0;No;No;No
4226;2;7;9;14;13;28;24;20;27;17;43;44;0;40;31;58;50;47;60;49;61;73;72;65;67;0;No;No;No
4227;7;10;9;4;8;16;22;27;25;23;31;41;0;32;45;58;51;52;56;46;71;70;66;61;65;0;No;No;No
4228;4;2;13;15;12;19;30;25;17;29;38;37;0;45;32;51;57;58;59;47;67;64;63;62;65;0;No;No;No
4229;4;9;13;15;11;17;19;25;20;21;39;35;0;40;34;57;52;53;50;60;64;61;71;69;67;0;No;No;No
4230;12;10;8;6;1;21;19;28;18;26;35;31;0;37;40;50;49;55;56;59;70;62;67;73;65;0;No;No;No
4231;3;8;15;7;6;30;28;19;20;18;42;43;0;34;35;52;53;57;55;50;70;65;73;64;74;0;No;No;No
4232;14;13;2;5;11;22;17;23;16;20;44;37;0;35;31;59;60;56;54;58;72;67;71;74;69;0;No;No;No
4233;6;13;4;2;15;20;28;18;23;29;42;43;0;45;35;52;60;51;50;57;72;71;64;74;61;0;No;No;No
4234;6;10;9;4;12;23;27;20;28;26;39;42;0;38;45;54;49;52;58;47;66;64;67;73;71;0;No;No;No
4235;13;15;9;10;5;18;28;19;25;26;39;40;0;44;42;56;54;58;59;51;75;67;69;74;63;0;No;No;No
4236;9;12;15;14;11;18;23;19;25;30;36;31;0;44;35;48;54;46;47;60;73;63;64;71;69;0;No;No;No
4237;1;7;5;12;15;29;22;30;23;24;36;45;0;34;33;54;57;48;59;52;74;72;64;63;70;0;No;No;No
4238;15;14;11;12;5;22;21;23;16;25;33;43;0;42;44;59;52;56;55;51;65;61;62;73;67;0;No;No;No
4239;4;7;14;9;12;28;18;27;21;23;40;32;0;33;35;50;49;53;58;55;66;73;74;69;61;0;No;No;No
4240;7;6;12;1;5;24;20;18;28;22;37;40;0;44;35;57;47;48;51;54;65;70;62;68;74;0;No;No;No
4241;5;10;12;13;7;21;23;17;25;19;34;40;0;31;44;55;58;46;60;54;66;63;68;70;67;0;No;No;No
4242;1;8;11;14;7;28;29;20;22;16;33;35;0;40;34;48;60;46;56;50;63;67;65;61;72;0;No;No;No
4243;3;13;10;8;14;22;18;26;21;29;33;31;0;34;41;58;51;56;55;47;62;71;61;68;64;0;No;No;No
4244;11;1;15;5;7;18;24;26;17;20;33;36;0;34;37;54;56;49;60;51;69;68;71;64;73;0;No;No;No
4245;3;7;6;14;13;27;25;26;20;23;40;32;0;41;37;54;56;58;48;51;70;61;62;71;73;0;No;No;No
4246;8;14;10;7;12;26;20;21;19;23;35;44;0;31;42;57;58;50;51;49;74;71;68;70;67;0;No;No;No
4247;6;7;12;9;14;27;21;30;26;25;44;43;0;35;39;50;56;52;47;46;69;68;74;63;72;0;No;No;No
4248;6;2;11;14;10;24;28;18;26;23;40;31;0;35;34;51;57;58;50;59;63;74;70;68;69;0;No;No;No
4249;6;3;7;4;5;19;26;29;27;24;42;32;0;41;34;60;48;59;53;51;63;68;65;66;72;0;No;No;No
4250;6;9;7;12;3;26;16;18;25;17;39;36;0;32;40;54;49;58;57;55;73;63;72;62;74;0;No;No;No
4251;3;15;11;8;10;17;16;19;29;25;42;43;0;33;34;49;46;54;48;56;64;65;63;62;70;0;No;No;No
4252;5;2;7;6;4;28;26;18;29;27;39;37;0;42;36;54;58;51;50;49;72;63;66;71;74;0;No;No;No
4253;12;1;7;13;8;17;28;18;23;20;34;35;0;36;40;48;47;49;51;57;62;69;68;63;75;0;No;No;No
4254;7;14;8;2;9;20;26;18;16;29;44;45;0;41;34;53;56;52;54;59;61;72;74;70;62;0;No;No;No
4255;13;7;1;5;4;24;17;21;30;22;39;31;0;42;44;56;57;58;55;46;74;66;73;72;64;0;No;No;No
4256;12;14;13;9;6;23;29;27;17;25;34;38;0;35;42;52;54;59;47;56;69;67;63;68;70;0;No;No;No
4257;8;4;2;10;13;27;18;16;24;20;31;36;0;42;44;52;59;57;50;48;62;71;63;61;72;0;No;No;No
4258;2;3;12;15;5;25;18;17;29;24;31;33;0;34;40;47;54;55;49;50;63;71;64;70;61;0;No;No;No
4259;14;10;8;1;12;24;25;16;21;17;41;37;0;36;42;46;60;53;51;47;63;67;71;74;66;0;No;No;No
4260;1;11;7;5;14;21;18;29;19;22;40;44;0;38;31;51;50;52;56;47;63;62;73;67;70;0;No;No;No
4261;11;13;2;1;7;22;17;25;26;23;37;31;0;40;36;53;50;55;46;56;75;66;70;68;63;0;No;No;No
4262;9;11;7;13;5;16;25;28;24;22;40;32;0;35;34;60;50;56;46;51;64;68;65;62;66;0;No;No;No
4263;11;10;3;14;5;21;23;27;16;19;40;34;0;31;43;55;47;57;51;49;69;66;73;61;65;0;No;No;No
4264;4;7;12;11;15;23;26;18;27;28;39;36;0;38;34;60;54;46;59;47;71;75;65;64;68;0;No;No;No
4265;13;14;8;3;6;27;22;24;20;19;39;35;0;42;37;53;58;52;48;46;72;75;65;64;62;0;No;No;No
4266;5;1;2;9;14;30;23;18;19;29;32;31;0;45;37;54;55;53;56;57;74;70;62;75;71;0;No;No;No
4267;14;10;6;8;3;23;29;22;26;19;40;34;0;31;42;56;58;57;47;50;63;71;64;70;74;0;No;No;No
4268;12;13;15;11;10;18;21;16;20;17;34;36;0;31;41;50;59;48;51;54;70;62;74;64;67;0;No;No;No
4269;13;1;10;6;14;26;25;22;16;18;32;40;0;42;43;46;55;53;49;48;75;61;73;64;65;0;No;No;No
4270;13;5;4;1;8;27;16;29;20;22;35;34;0;43;44;52;54;53;50;51;68;74;70;65;66;0;No;No;No
4271;10;2;4;8;3;26;20;17;29;16;35;45;0;33;32;47;48;54;55;46;73;74;63;68;61;0;No;No;No
4272;2;7;6;12;9;18;24;19;22;20;39;33;0;31;32;52;59;48;53;55;65;69;71;61;70;0;No;No;No
4273;7;12;1;11;6;23;25;27;29;24;31;36;0;32;39;51;59;48;56;53;74;62;71;67;64;0;No;No;No
4274;13;14;12;6;2;20;26;28;25;16;34;33;0;44;38;52;56;55;57;58;71;62;72;65;63;0;No;No;No
4275;1;3;12;7;6;19;26;18;27;23;35;44;0;36;42;57;50;56;48;52;66;74;61;75;62;0;No;No;No
4276;2;13;14;6;1;17;19;20;22;26;31;42;0;33;34;52;58;47;49;51;68;64;70;63;67;0;No;No;No
4277;11;7;5;4;8;22;24;27;19;23;45;42;0;31;32;48;57;47;58;46;64;71;63;66;74;0;No;No;No
4278;4;14;5;8;9;25;24;29;17;19;42;31;0;36;35;47;48;49;56;51;74;70;67;73;72;0;No;No;No
4279;3;11;4;10;1;27;17;16;30;18;37;43;0;36;39;58;56;47;59;57;62;61;70;67;63;0;No;No;No
4280;8;1;4;12;5;16;17;24;27;30;43;39;0;36;41;46;55;59;52;56;73;69;64;63;68;0;No;No;No
4281;6;13;4;2;14;16;25;23;19;20;40;34;0;36;31;60;57;46;47;50;72;69;73;62;67;0;No;No;No
4282;5;3;4;13;11;20;19;29;24;25;42;36;0;33;37;52;54;58;47;48;74;64;73;68;66;0;No;No;No
4283;2;7;3;13;15;18;16;20;24;17;33;38;0;44;39;51;57;59;49;53;74;69;68;71;66;0;No;No;No
4284;5;9;8;13;7;17;25;22;24;28;44;40;0;35;33;60;55;53;51;47;68;65;72;73;66;0;No;No;No
4285;5;10;13;9;6;22;20;25;30;21;45;39;0;40;41;51;53;46;59;48;67;61;72;64;66;0;No;No;No
4286;3;11;5;13;6;22;24;26;21;18;35;42;0;44;33;56;50;47;57;54;74;70;68;64;66;0;No;No;No
4287;15;9;12;14;1;30;26;24;22;29;39;34;0;44;33;59;52;56;57;53;68;61;69;71;67;0;No;No;No
4288;2;7;5;1;3;20;17;21;16;22;44;37;0;41;39;56;58;51;47;59;65;69;66;63;64;0;No;No;No
4289;12;9;11;8;4;20;25;28;19;23;36;44;0;43;34;54;53;58;46;51;65;74;71;75;73;0;No;No;No
4290;5;3;9;12;1;21;26;18;27;19;36;38;0;35;39;56;55;57;49;52;65;70;63;71;64;0;No;No;No
4291;12;4;9;5;10;25;29;27;22;19;42;44;0;35;39;59;56;52;57;50;64;61;67;72;66;0;No;No;No
4292;15;12;5;10;13;21;16;28;22;24;34;35;0;37;43;55;57;52;56;54;61;68;74;64;62;0;No;No;No
4293;4;5;9;3;7;29;20;27;24;16;32;36;0;33;40;48;50;60;59;49;68;65;72;70;67;0;No;No;No
4294;7;5;9;6;10;27;26;24;23;28;38;31;0;34;36;54;51;50;59;48;73;62;66;64;68;0;No;No;No
4295;5;2;6;13;4;28;24;20;27;26;36;43;0;39;41;50;54;47;52;51;70;72;73;74;67;0;No;No;No
4296;7;15;12;14;4;22;27;30;17;16;39;33;0;42;43;47;55;48;46;59;64;63;65;66;68;0;No;No;No
4297;1;8;13;5;9;27;26;19;18;21;36;43;0;40;39;57;50;49;52;58;71;73;68;74;61;0;No;No;No
4298;7;13;9;10;8;21;28;27;19;25;44;39;0;35;37;56;52;46;49;60;72;64;71;62;65;0;No;No;No
4299;7;15;1;13;9;21;29;18;23;28;33;31;0;42;39;46;47;51;56;50;75;68;63;72;70;0;No;No;No
4300;12;10;14;3;8;24;23;25;30;27;33;35;0;32;34;56;57;58;46;52;63;73;66;69;71;0;No;No;No
4301;1;7;9;3;8;28;21;19;24;16;45;43;0;36;32;56;48;60;51;53;69;73;64;61;70;0;No;No;No
4302;9;1;8;13;3;21;19;23;25;20;40;39;0;35;42;53;54;49;55;47;64;68;66;61;62;0;No;No;No
4303;4;12;9;7;3;20;16;26;30;22;31;36;0;32;45;59;52;49;47;58;74;73;63;70;72;0;No;No;No
4304;13;3;8;11;5;28;27;23;16;18;37;36;0;34;33;53;49;50;55;56;71;65;63;69;70;0;No;No;No
4305;4;3;8;1;12;29;23;26;18;20;37;43;0;33;39;48;58;54;56;51;61;72;74;70;66;0;No;No;No
4306;8;9;11;12;6;30;25;16;19;21;44;35;0;43;38;55;50;60;56;58;70;69;72;71;65;0;No;No;No
4307;5;2;6;4;3;16;17;28;20;21;44;41;0;38;45;53;51;52;54;49;74;71;69;73;64;0;No;No;No
4308;1;2;3;8;6;23;30;27;20;26;40;35;0;37;43;53;60;59;55;51;74;71;61;62;63;0;No;No;No
4309;2;7;11;10;1;19;20;16;17;21;32;33;0;38;43;54;50;59;47;49;62;71;75;68;66;0;No;No;No
4310;2;7;13;8;4;16;23;17;28;25;36;37;0;33;40;50;56;46;49;59;66;68;61;69;71;0;No;No;No
4311;11;8;7;1;14;21;29;22;27;25;42;43;0;44;40;50;54;46;60;59;68;67;63;66;72;0;No;No;No
4312;10;11;1;9;2;24;17;16;21;18;33;42;0;36;34;48;60;54;57;49;74;65;64;67;71;0;No;No;No
4313;10;2;3;4;11;20;24;22;28;19;43;42;0;36;35;47;55;58;56;60;68;67;63;73;72;0;No;No;No
4314;15;8;1;3;11;19;25;18;29;26;45;36;0;41;43;55;48;54;46;51;74;65;72;64;63;0;No;No;No
4315;2;4;1;9;10;19;23;16;27;26;34;32;0;33;40;52;57;53;59;55;69;73;61;65;67;0;No;No;No
4316;8;13;9;3;5;24;16;22;23;25;32;41;0;33;43;53;55;52;56;59;68;67;71;74;72;0;No;No;No
4317;8;2;6;4;11;17;25;21;27;24;42;43;0;38;34;50;53;52;46;58;74;62;72;63;65;0;No;No;No
4318;1;2;8;12;4;20;29;27;26;19;33;38;0;43;44;52;57;51;49;47;63;61;67;71;74;0;No;No;No
4319;12;8;14;6;11;26;27;21;25;24;32;42;0;33;44;53;50;48;51;56;65;62;70;63;66;0;No;No;No
4320;9;13;7;6;5;25;16;28;26;27;32;39;0;38;43;55;53;50;58;51;72;61;74;69;73;0;No;No;No
4321;14;7;8;11;12;16;26;23;29;28;42;44;0;38;39;49;58;53;55;51;73;63;72;66;65;0;No;No;No
4322;10;2;4;1;15;19;27;18;26;25;38;39;0;40;31;53;48;46;56;55;62;71;61;73;63;0;No;No;No
4323;5;12;2;7;8;28;29;21;20;18;33;39;0;40;45;57;51;58;53;60;65;64;66;67;70;0;No;No;No
4324;12;10;9;6;2;16;22;27;28;19;33;31;0;37;34;50;55;59;49;47;67;70;62;73;74;0;No;No;No
4325;1;4;10;6;8;21;27;23;19;20;31;41;0;39;32;50;58;56;47;52;69;66;70;74;75;0;No;No;No
4326;12;8;6;13;1;18;24;21;17;27;42;33;0;44;34;49;47;50;52;58;63;67;61;70;68;0;No;No;No
4327;15;1;14;6;7;28;29;21;22;25;35;43;0;31;41;55;54;59;47;51;68;72;75;62;64;0;No;No;No
4328;6;11;14;1;10;21;27;26;25;18;31;37;0;40;43;53;56;51;48;49;74;65;64;69;63;0;No;No;No
4329;4;1;11;8;5;22;23;29;16;30;35;39;0;31;43;55;49;56;47;57;69;73;71;74;61;0;No;No;No
4330;5;15;6;4;3;19;25;21;17;22;37;42;0;40;34;56;54;53;59;51;70;68;72;66;67;0;No;No;No
4331;1;14;5;6;8;18;25;21;22;17;32;40;0;41;34;46;51;50;52;53;75;70;64;66;69;0;No;No;No
4332;6;10;3;2;7;21;19;29;25;16;42;43;0;33;44;51;56;55;53;49;71;68;61;69;66;0;No;No;No
4333;13;11;3;8;1;28;25;26;24;17;40;31;0;41;39;48;54;57;55;49;74;63;66;64;71;0;No;No;No
4334;6;7;9;8;1;23;17;28;16;25;31;38;0;33;36;49;56;57;52;46;64;75;69;71;61;0;No;No;No
4335;7;14;15;8;4;16;21;29;23;25;37;44;0;39;42;51;60;56;58;55;68;61;74;67;71;0;No;No;No
4336;9;8;12;5;10;20;22;27;24;16;37;44;0;40;43;53;51;58;47;49;71;61;68;74;69;0;No;No;No
4337;14;11;6;3;7;17;21;23;29;18;34;37;0;38;42;47;46;59;55;49;71;62;61;68;72;0;No;No;No
4338;11;4;2;9;12;25;28;24;22;21;31;39;0;42;43;47;53;48;59;50;67;66;65;71;69;0;No;No;No
4339;11;1;8;14;13;26;21;29;18;28;41;39;0;44;38;56;55;53;49;57;62;70;61;66;74;0;No;No;No
4340;14;4;15;7;2;21;16;22;19;27;35;36;0;42;32;59;53;54;47;55;62;63;67;73;70;0;No;No;No
4341;10;12;8;5;9;25;17;28;19;30;31;35;0;43;37;54;56;58;49;47;68;65;74;72;67;0;No;No;No
4342;10;1;4;7;14;30;18;16;21;29;43;42;0;33;36;50;47;48;52;55;66;63;62;72;67;0;No;No;No
4343;2;11;9;14;1;25;20;23;22;18;32;45;0;43;39;47;49;50;51;46;69;63;64;75;68;0;No;No;No
4344;8;4;14;3;13;19;28;18;27;21;31;33;0;36;44;55;57;54;56;46;72;61;73;71;68;0;No;No;No
4345;13;10;5;9;6;28;22;23;27;19;43;39;0;35;45;47;56;59;51;48;67;68;74;72;65;0;No;No;No
4346;4;15;9;6;12;16;25;21;24;18;42;33;0;35;32;47;49;54;59;57;61;69;64;74;65;0;No;No;No
4347;1;15;6;12;3;18;28;30;22;16;43;38;0;42;33;47;50;48;53;59;61;66;72;73;65;0;No;No;No
4348;4;9;2;6;10;29;16;22;27;28;44;39;0;42;40;55;50;52;59;58;66;73;67;68;61;0;No;No;No
4349;10;6;5;4;11;29;17;27;24;25;39;44;0;33;31;51;52;47;54;55;74;63;70;69;61;0;No;No;No
4350;11;9;5;12;1;26;25;17;29;23;42;32;0;36;44;52;56;47;55;53;71;74;72;73;66;0;No;No;No
4351;4;14;9;15;10;23;28;17;18;25;39;33;0;45;44;46;59;57;54;49;66;69;72;64;65;0;No;No;No
4352;6;10;2;4;8;19;18;25;29;24;38;33;0;42;34;58;48;50;56;54;62;68;72;75;70;0;No;No;No
4353;11;9;6;15;4;16;29;21;22;19;31;32;0;33;43;48;50;56;59;54;65;70;63;67;68;0;No;No;No
4354;5;4;15;13;11;17;26;30;24;27;34;41;0;35;44;57;47;51;50;49;68;70;73;61;64;0;No;No;No
4355;5;3;8;11;1;17;29;22;19;26;32;31;0;38;43;57;49;50;46;53;66;62;71;73;72;0;No;No;No
4356;10;1;12;4;15;18;27;19;24;29;35;34;0;31;41;60;50;52;58;47;68;63;75;70;74;0;No;No;No
4357;9;5;6;1;2;23;24;19;16;27;40;33;0;36;35;51;50;48;58;57;67;74;65;71;73;0;No;No;No
4358;7;10;2;14;8;21;18;26;24;22;43;39;0;41;38;51;52;48;46;59;71;64;69;73;66;0;No;No;No
4359;8;7;12;11;3;22;19;25;24;27;33;38;0;42;44;47;57;59;51;46;72;73;74;62;68;0;No;No;No
4360;13;3;12;1;9;25;27;17;23;21;42;43;0;37;38;60;52;48;47;58;64;71;70;73;66;0;No;No;No
4361;1;6;4;14;8;21;20;29;25;17;37;31;0;33;40;49;50;60;46;55;70;66;65;68;69;0;No;No;No
4362;12;11;14;6;9;18;23;19;16;26;43;33;0;38;37;53;56;50;55;54;68;72;61;74;66;0;No;No;No
4363;9;3;10;2;14;19;20;28;24;16;35;34;0;43;38;53;52;50;58;48;72;71;62;69;61;0;No;No;No
4364;15;10;3;14;8;17;21;28;16;27;31;43;0;35;33;59;53;57;54;50;62;64;72;71;65;0;No;No;No
4365;5;7;10;8;3;17;28;23;26;27;34;32;0;37;38;46;49;47;57;54;63;71;73;72;68;0;No;No;No
4366;8;10;13;6;14;24;29;28;27;23;39;32;0;40;41;53;57;59;58;47;66;72;67;73;65;0;No;No;No
4367;3;14;4;13;8;23;19;29;21;25;38;45;0;32;36;51;47;60;50;59;69;66;63;72;61;0;No;No;No
4368;13;7;2;8;5;18;17;21;19;23;42;32;0;35;38;59;49;50;52;58;70;62;75;66;73;0;No;No;No
4369;8;10;2;12;9;25;21;27;20;29;44;41;0;39;33;60;59;48;56;51;71;70;65;68;73;0;No;No;No
4370;1;2;15;10;9;29;18;25;16;23;34;32;0;45;42;57;47;49;51;50;73;75;63;65;70;0;No;No;No
4371;4;10;12;3;6;22;25;21;29;30;39;43;0;32;45;59;55;52;47;58;72;67;75;68;70;0;No;No;No
4372;4;3;1;6;13;25;16;22;23;21;37;40;0;45;34;51;50;46;56;47;61;62;66;64;63;0;No;No;No
4373;2;9;7;13;6;17;28;27;30;29;35;33;0;39;43;58;56;52;53;47;66;70;68;67;74;0;No;No;No
4374;12;4;6;8;11;30;26;27;23;21;32;44;0;36;37;54;47;55;46;50;73;64;74;72;70;0;No;No;No
4375;14;3;6;2;5;26;23;17;20;19;31;40;0;37;36;48;51;50;49;59;65;67;61;64;68;0;No;No;No
4376;2;13;12;9;7;19;20;23;16;18;35;34;0;43;44;49;50;52;54;58;67;74;66;71;72;0;No;No;No
4377;6;10;15;3;14;26;23;21;22;16;44;42;0;39;34;58;49;57;48;51;73;68;64;67;70;0;No;No;No
4378;8;14;11;5;13;18;29;23;30;22;38;32;0;33;41;57;58;46;53;48;72;61;68;67;73;0;No;No;No
4379;3;14;12;10;2;22;28;21;17;29;34;40;0;37;36;47;50;57;49;54;67;63;64;71;69;0;No;No;No
4380;7;9;13;10;6;18;17;25;20;19;38;40;0;35;43;58;47;48;51;46;62;70;72;71;66;0;No;No;No
4381;10;1;8;14;12;19;18;20;25;16;38;42;0;43;36;48;60;51;46;54;75;67;70;74;62;0;No;No;No
4382;7;13;9;8;12;17;26;18;21;29;32;34;0;39;36;52;57;50;51;54;61;71;68;70;72;0;No;No;No
4383;14;1;9;6;4;25;23;21;27;18;38;41;0;33;32;58;51;52;56;55;67;61;72;75;69;0;No;No;No
4384;14;10;13;3;1;27;28;16;29;25;44;41;0;34;37;53;54;59;49;52;72;67;62;71;70;0;No;No;No
4385;7;5;2;12;9;23;19;17;18;25;36;31;0;40;33;47;52;50;46;56;70;74;68;67;63;0;No;No;No
4386;14;7;15;4;13;30;17;25;28;16;31;42;0;40;32;56;54;53;52;57;66;62;63;75;64;0;No;No;No
4387;1;7;9;14;5;25;24;20;28;26;32;39;0;34;33;55;51;54;58;49;63;67;72;64;75;0;No;No;No
4388;10;14;4;7;3;26;22;28;18;24;42;39;0;41;38;53;56;48;57;59;65;73;72;62;64;0;No;No;No
4389;4;10;13;2;3;25;27;20;28;17;38;43;0;31;40;46;47;57;52;59;62;66;69;72;75;0;No;No;No
4390;4;7;9;14;5;26;24;27;20;21;38;33;0;36;44;52;46;56;50;55;64;73;71;69;70;0;No;No;No
4391;3;8;2;1;14;21;20;29;26;27;39;37;0;41;31;54;59;49;53;50;64;62;65;67;70;0;No;No;No
4392;9;3;14;2;11;18;20;28;27;17;32;44;0;37;45;58;55;50;46;49;63;64;72;62;61;0;No;No;No
4393;8;4;3;13;6;26;23;29;20;27;31;38;0;44;32;52;50;46;58;54;67;62;72;63;71;0;No;No;No
4394;5;4;6;9;7;16;21;23;27;20;35;43;0;36;38;47;50;46;53;58;75;73;71;70;66;0;No;No;No
4395;11;2;14;13;12;27;24;30;23;17;45;34;0;33;31;49;51;56;55;50;65;73;66;72;67;0;No;No;No
4396;8;3;5;4;10;28;21;27;29;30;34;45;0;39;36;55;54;56;50;52;67;69;72;62;64;0;No;No;No
4397;9;13;6;3;7;22;29;19;18;23;34;45;0;31;41;59;49;56;51;54;71;61;69;70;73;0;No;No;No
4398;14;2;10;6;12;17;21;24;16;25;31;34;0;33;44;56;52;51;53;58;63;71;62;68;75;0;No;No;No
4399;7;4;14;13;11;18;25;29;24;23;44;41;0;39;38;46;50;47;52;59;62;73;64;74;68;0;No;No;No
4400;4;12;15;3;5;16;24;26;28;17;31;34;0;40;39;60;46;55;51;53;72;69;71;75;68;0;No;No;No
4401;4;2;3;14;7;19;29;16;30;22;31;45;0;35;43;60;53;58;51;57;70;63;67;71;68;0;No;No;No
4402;14;11;15;1;4;30;19;21;27;20;44;32;0;36;43;53;48;59;47;58;67;65;72;64;74;0;No;No;No
4403;9;1;4;13;6;20;25;17;28;23;32;42;0;37;41;50;59;47;60;49;68;66;65;71;61;0;No;No;No
4404;1;4;10;3;8;21;24;23;17;30;35;31;0;33;40;59;47;52;48;50;62;61;66;67;74;0;No;No;No
4405;14;10;4;2;5;23;20;16;26;28;45;41;0;38;39;57;55;49;48;50;71;64;74;68;66;0;No;No;No
4406;8;13;7;1;5;22;26;20;19;27;34;39;0;36;41;59;48;51;60;50;63;62;65;61;72;0;No;No;No
4407;10;11;15;6;5;19;17;29;28;16;34;42;0;36;43;48;54;55;59;60;67;63;72;66;71;0;No;No;No
4408;8;10;4;3;6;24;19;18;25;29;41;37;0;36;43;59;47;54;60;53;64;65;72;69;68;0;No;No;No
4409;7;3;12;10;11;25;17;27;22;24;32;44;0;37;34;54;50;52;47;57;73;61;74;64;72;0;No;No;No
4410;15;13;5;6;4;27;25;23;19;29;34;31;0;43;42;50;59;56;58;53;68;73;67;71;70;0;No;No;No
4411;1;5;8;15;11;19;25;27;26;17;42;44;0;41;37;49;58;52;48;59;65;73;62;63;66;0;No;No;No
4412;9;1;13;7;2;27;23;20;16;25;39;42;0;37;41;48;53;50;52;56;61;65;69;75;74;0;No;No;No
4413;12;8;9;2;5;27;26;30;16;23;39;34;0;41;40;51;47;53;54;59;71;66;72;67;68;0;No;No;No
4414;13;3;9;7;6;23;18;26;19;24;37;31;0;39;43;54;46;58;50;53;62;71;66;73;67;0;No;No;No
4415;4;13;15;2;14;24;23;22;27;26;35;42;0;40;44;59;49;56;50;57;72;74;67;63;64;0;No;No;No
4416;6;9;1;13;10;19;18;23;20;21;40;42;0;38;33;53;49;46;50;60;66;63;71;69;73;0;No;No;No
4417;2;13;7;3;5;27;23;26;28;16;38;40;0;33;37;48;52;60;56;49;73;75;72;71;64;0;No;No;No
4418;11;5;2;7;8;27;19;29;17;30;35;42;0;38;32;54;55;47;50;53;71;75;73;70;66;0;No;No;No
4419;5;10;12;9;4;20;16;21;26;19;44;32;0;31;40;46;52;58;51;56;74;71;73;70;63;0;No;No;No
4420;13;9;2;11;7;17;28;23;19;21;38;40;0;44;32;48;57;58;53;60;64;61;65;68;71;0;No;No;No
4421;2;3;6;1;8;29;16;25;23;27;38;32;0;36;39;48;59;53;52;46;69;61;71;72;66;0;No;No;No
4422;5;9;15;4;12;17;16;27;20;26;39;40;0;34;41;49;56;55;47;53;65;74;69;72;67;0;No;No;No
4423;14;5;6;10;7;27;20;17;30;16;38;43;0;35;31;53;57;52;54;49;64;65;63;71;67;0;No;No;No
4424;5;8;10;2;9;28;22;23;21;26;36;40;0;43;45;52;57;46;50;53;71;74;69;62;72;0;No;No;No
4425;6;14;8;7;9;26;21;17;23;22;43;35;0;38;34;51;56;48;59;46;62;61;68;70;65;0;No;No;No
4426;5;14;11;4;15;16;17;24;25;26;31;42;0;43;37;58;59;54;52;51;68;70;73;72;65;0;No;No;No
4427;10;3;6;5;11;21;28;27;25;24;31;42;0;39;40;54;60;50;53;48;67;74;62;65;66;0;No;No;No
4428;7;11;12;2;4;24;25;23;28;26;32;43;0;37;34;46;58;50;59;49;66;68;63;70;64;0;No;No;No
4429;12;11;1;15;7;24;20;29;18;26;39;37;0;36;44;57;50;56;60;52;73;72;70;68;64;0;No;No;No
4430;5;7;8;13;9;18;29;23;30;27;36;37;0;39;41;57;54;47;51;59;63;72;66;62;74;0;No;No;No
4431;6;11;3;15;1;27;22;19;29;18;42;44;0;31;34;53;59;54;58;50;63;61;66;74;67;0;No;No;No
4432;13;15;4;11;6;29;25;28;22;19;32;45;0;41;31;47;60;58;49;52;63;70;62;65;61;0;No;No;No
4433;9;5;15;14;8;16;26;24;28;18;32;31;0;35;41;48;52;55;49;56;66;74;69;65;64;0;No;No;No
4434;3;7;6;13;11;24;23;29;16;18;34;43;0;37;39;49;46;59;48;54;65;61;69;74;68;0;No;No;No
4435;10;9;6;14;3;28;16;21;30;24;43;36;0;41;33;56;55;58;46;59;65;72;70;73;62;0;No;No;No
4436;13;9;7;4;12;18;24;23;22;19;34;42;0;31;39;54;48;49;50;52;72;74;61;66;65;0;No;No;No
4437;13;14;7;10;9;28;20;29;25;19;35;38;0;32;42;47;59;48;46;57;62;65;61;66;73;0;No;No;No
4438;1;8;6;4;12;28;21;30;18;26;38;42;0;39;44;48;56;57;54;58;71;67;70;65;63;0;No;No;No
4439;4;2;12;11;13;26;30;27;18;22;31;38;0;35;32;60;52;53;54;55;69;61;68;62;63;0;No;No;No
4440;14;12;11;7;13;18;26;28;22;27;41;33;0;31;39;54;52;56;50;58;62;69;71;72;66;0;No;No;No
4441;5;1;10;2;14;20;29;16;28;18;40;33;0;43;45;48;58;50;55;47;74;72;66;63;62;0;No;No;No
4442;14;11;6;2;5;20;18;22;23;25;43;31;0;44;32;52;49;47;46;59;74;66;61;70;67;0;No;No;No
4443;12;15;4;13;3;18;27;22;19;28;33;39;0;43;44;59;56;58;51;55;75;74;73;64;69;0;No;No;No
4444;2;8;14;11;15;29;30;28;27;21;33;35;0;42;43;58;59;50;53;54;66;65;73;62;68;0;No;No;No
4445;8;1;14;7;4;29;21;22;20;19;42;34;0;35;43;53;46;55;48;54;63;66;71;62;75;0;No;No;No
4446;15;5;4;7;14;19;26;28;23;24;32;34;0;40;36;48;47;53;57;54;71;69;62;61;64;0;No;No;No
4447;4;5;10;2;12;22;25;23;24;27;38;35;0;41;42;48;59;58;49;46;69;70;65;74;73;0;No;No;No
4448;5;1;7;9;4;27;24;25;26;17;43;34;0;42;38;58;49;57;47;53;72;73;74;68;64;0;No;No;No
4449;7;10;11;6;14;18;30;24;19;17;41;36;0;43;31;57;50;52;48;58;72;73;67;64;68;0;No;No;No
4450;13;10;3;12;9;19;21;20;25;16;38;31;0;42;34;47;54;51;48;50;74;61;69;70;63;0;No;No;No
4451;1;5;12;11;2;17;28;29;18;25;39;44;0;42;40;55;52;50;53;49;74;63;62;61;71;0;No;No;No
4452;13;4;11;5;2;19;18;20;24;28;37;38;0;33;31;52;46;47;51;59;68;62;74;61;75;0;No;No;No
4453;4;13;1;14;2;17;19;20;16;25;41;38;0;34;31;60;59;55;52;58;73;65;75;62;66;0;No;No;No
4454;9;8;10;4;2;20;18;28;23;17;45;31;0;39;33;60;58;52;53;47;68;74;71;72;65;0;No;No;No
4455;8;14;7;12;6;21;29;22;27;20;35;36;0;32;44;54;56;48;51;49;69;72;71;75;62;0;No;No;No
4456;13;12;3;11;6;26;29;27;30;18;34;38;0;44;45;46;58;47;53;50;67;71;61;74;62;0;No;No;No
4457;9;2;15;3;8;29;21;24;25;26;36;44;0;35;43;60;49;52;46;55;61;67;64;69;68;0;No;No;No
4458;9;3;14;1;10;25;21;27;24;16;35;43;0;32;40;57;48;58;53;47;61;70;63;68;65;0;No;No;No
4459;8;2;7;3;11;19;16;30;20;28;41;34;0;42;38;58;57;50;54;49;72;74;68;61;73;0;No;No;No
4460;10;15;3;14;1;22;29;23;20;25;32;45;0;42;41;56;51;58;49;53;75;70;71;72;66;0;No;No;No
4461;13;10;11;14;2;29;26;21;28;22;32;40;0;34;42;54;51;52;56;47;62;63;61;75;64;0;No;No;No
4462;13;9;6;7;5;18;26;19;29;16;45;44;0;37;33;47;57;50;56;58;66;62;68;69;64;0;No;No;No
4463;7;8;11;1;15;24;17;26;27;21;39;32;0;40;38;58;55;46;57;60;71;74;68;66;62;0;No;No;No
4464;8;10;3;12;13;26;16;21;29;19;37;42;0;43;39;56;48;59;58;51;67;70;64;62;72;0;No;No;No
4465;9;12;6;13;2;28;26;19;23;29;31;36;0;42;37;55;51;48;56;50;64;69;70;74;75;0;No;No;No
4466;14;12;9;3;4;27;17;23;25;30;37;31;0;33;44;59;52;50;55;58;64;63;66;69;72;0;No;No;No
4467;8;15;4;9;11;23;18;27;22;28;40;41;0;42;34;50;47;57;58;55;63;74;66;73;64;0;No;No;No
4468;12;9;14;8;13;28;22;26;27;29;32;37;0;34;42;56;54;58;55;53;61;71;64;68;62;0;No;No;No
4469;8;9;15;5;11;22;26;28;27;17;37;33;0;44;39;54;55;49;51;57;74;73;66;71;70;0;No;No;No
4470;7;5;13;8;9;20;16;25;23;27;34;33;0;35;42;55;49;50;59;48;63;68;65;61;74;0;No;No;No
4471;9;6;5;14;7;21;27;16;24;17;41;35;0;33;34;53;54;49;57;48;63;73;67;71;61;0;No;No;No
4472;7;11;4;12;8;19;24;18;22;28;32;41;0;37;38;46;50;54;58;49;64;70;68;75;67;0;No;No;No
4473;5;4;10;14;3;27;24;17;25;22;45;36;0;42;35;53;55;50;54;49;64;66;61;74;69;0;No;No;No
4474;7;8;3;13;5;19;28;18;29;16;39;36;0;40;42;59;57;53;46;58;74;70;62;71;65;0;No;No;No
4475;2;6;11;10;12;24;18;25;27;20;33;42;0;37;34;53;58;52;56;47;74;69;72;65;70;0;No;No;No
4476;13;9;11;10;14;28;23;20;18;17;44;38;0;37;32;53;51;46;54;58;62;73;70;65;68;0;No;No;No
4477;9;6;3;14;12;21;17;25;18;24;37;33;0;42;41;48;54;50;56;46;69;61;62;68;72;0;No;No;No
4478;3;7;4;1;10;17;24;26;21;18;39;33;0;34;35;48;55;46;56;59;66;64;61;65;69;0;No;No;No
4479;4;9;8;14;15;20;19;25;28;21;40;37;0;38;41;46;52;49;56;55;72;67;64;61;68;0;No;No;No
4480;3;9;13;8;7;16;29;30;28;19;35;39;0;42;44;58;59;48;60;53;63;74;69;71;65;0;No;No;No
4481;12;5;7;9;2;29;20;24;19;30;34;44;0;33;42;47;54;59;57;53;63;66;74;64;75;0;No;No;No
4482;5;4;8;3;14;28;18;21;25;19;35;37;0;32;43;47;49;48;52;46;67;68;61;72;71;0;No;No;No
4483;13;11;10;15;6;18;25;26;21;24;32;39;0;36;38;50;48;51;55;52;69;68;72;64;67;0;No;No;No
4484;2;4;14;13;6;18;21;26;28;16;41;43;0;33;35;53;51;49;54;46;65;74;63;69;68;0;No;No;No
4485;10;3;8;9;7;16;29;17;19;18;36;34;0;45;38;58;47;56;55;57;71;67;69;61;73;0;No;No;No
4486;9;1;14;5;3;24;19;30;20;16;40;36;0;32;34;58;52;50;51;49;70;65;75;73;61;0;No;No;No
4487;13;4;12;15;14;26;20;23;18;29;36;39;0;34;41;47;52;58;55;57;68;70;62;65;63;0;No;No;No
4488;7;11;5;1;4;29;22;30;18;23;42;32;0;40;34;48;47;46;50;52;73;66;63;68;74;0;No;No;No
4489;5;10;3;1;2;30;24;28;27;19;38;43;0;39;35;53;48;55;50;51;74;69;65;66;62;0;No;No;No
4490;8;13;12;7;10;18;24;23;17;19;44;38;0;39;45;48;57;53;47;55;63;70;61;71;66;0;No;No;No
4491;15;4;11;5;1;25;21;24;30;29;42;40;0;43;41;56;49;48;55;60;73;75;66;69;71;0;No;No;No
4492;6;8;11;2;1;19;18;23;27;28;34;44;0;36;43;56;49;55;53;50;63;65;61;73;64;0;No;No;No
4493;5;2;11;9;10;22;30;24;25;18;31;33;0;45;35;47;51;48;59;54;71;64;63;61;69;0;No;No;No
4494;11;6;9;2;4;17;30;16;20;21;32;37;0;41;35;57;51;53;56;59;67;72;71;75;61;0;No;No;No
4495;2;7;3;5;10;22;27;24;29;23;40;38;0;32;39;51;52;47;50;49;62;75;72;61;70;0;No;No;No
4496;10;3;7;14;8;19;23;17;27;26;41;43;0;40;36;58;47;48;52;57;73;68;62;61;72;0;No;No;No
4497;10;5;7;13;1;21;16;30;25;20;43;37;0;32;33;55;51;58;48;46;72;66;64;75;71;0;No;No;No
4498;8;5;11;4;1;23;24;22;21;18;32;37;0;38;35;48;49;47;46;53;64;74;63;65;67;0;No;No;No
4499;10;11;13;8;5;29;30;24;27;28;40;39;0;38;45;58;56;48;51;57;65;64;72;63;69;0;No;No;No
4500;6;12;8;14;11;17;29;22;27;24;45;43;0;39;34;50;47;53;49;60;62;74;65;61;63;0;No;No;No
4501;12;6;15;8;5;26;21;19;28;29;33;43;0;39;41;58;51;53;57;47;72;63;62;73;69;0;No;No;No
4502;9;14;3;6;4;22;25;27;29;18;37;40;0;42;33;51;53;50;54;56;68;67;64;70;62;0;No;No;No
4503;10;15;9;12;6;30;21;25;22;19;41;34;0;38;42;49;46;55;60;51;66;72;64;69;71;0;No;No;No
4504;5;9;3;7;4;28;19;18;22;25;31;37;0;34;41;56;55;53;50;59;75;66;61;74;67;0;No;No;No
4505;11;3;7;8;14;24;23;21;26;17;45;31;0;36;34;56;57;50;54;58;70;66;68;67;61;0;No;No;No
4506;14;10;7;9;6;27;19;26;16;25;35;38;0;42;43;46;56;54;57;49;61;73;74;71;62;0;No;No;No
4507;2;12;8;13;14;25;24;20;29;21;32;42;0;43;31;52;54;49;55;57;63;65;73;67;64;0;No;No;No
4508;8;9;4;6;14;27;16;21;26;22;42;32;0;31;39;57;53;51;55;46;69;72;74;68;66;0;No;No;No
4509;1;7;2;4;9;29;22;24;17;16;43;33;0;38;44;60;48;57;52;49;65;68;71;69;67;0;No;No;No
4510;5;8;6;9;14;24;29;17;18;25;33;34;0;35;42;49;50;55;52;57;62;61;69;74;75;0;No;No;No
4511;3;6;10;2;5;23;21;29;26;22;37;43;0;40;45;47;46;53;60;57;63;67;74;69;66;0;No;No;No
4512;7;2;10;13;6;24;17;23;22;16;41;33;0;43;32;50;60;46;58;49;64;72;73;75;66;0;No;No;No
4513;6;13;5;4;2;29;16;17;18;28;41;32;0;33;38;50;52;51;56;47;72;74;62;70;75;0;No;No;No
4514;6;10;4;12;2;16;18;23;28;29;43;39;0;38;33;60;46;54;49;56;61;69;67;74;70;0;No;No;No
4515;6;2;12;7;5;24;22;27;26;16;39;38;0;35;42;47;57;60;46;51;67;64;71;74;65;0;No;No;No
4516;14;13;2;4;12;27;16;22;18;25;36;35;0;34;38;59;49;54;58;55;65;74;67;72;64;0;No;No;No
4517;2;9;6;7;1;19;16;22;27;29;34;31;0;37;41;47;50;54;55;49;68;65;66;62;67;0;No;No;No
4518;12;3;7;4;2;26;29;17;23;19;40;43;0;33;37;60;53;46;58;54;62;64;75;68;67;0;No;No;No
4519;8;3;1;12;13;29;26;17;25;19;39;33;0;38;44;58;46;50;47;51;73;65;71;74;72;0;No;No;No
4520;11;1;9;14;6;19;20;26;18;29;31;42;0;32;41;53;58;56;50;47;65;63;67;61;68;0;No;No;No
4521;11;8;3;1;13;30;17;22;20;21;38;40;0;43;44;51;58;53;56;52;63;64;69;66;71;0;No;No;No
4522;15;3;2;8;13;22;25;16;20;29;36;32;0;38;40;58;60;59;52;49;74;65;73;68;69;0;No;No;No
4523;5;14;7;1;13;25;27;26;24;23;39;40;0;44;42;58;52;53;47;60;66;71;73;64;61;0;No;No;No
4524;8;9;5;6;4;18;20;19;25;23;34;31;0;44;37;47;48;51;59;55;73;63;71;65;66;0;No;No;No
4525;12;3;7;1;2;17;20;28;19;22;41;36;0;33;40;56;58;51;60;52;63;73;67;70;62;0;No;No;No
4526;8;10;13;12;7;23;21;30;29;27;37;35;0;43;41;56;57;59;46;60;67;63;65;66;61;0;No;No;No
4527;7;2;15;4;10;25;29;23;26;19;34;45;0;33;40;46;52;55;56;50;67;64;70;65;73;0;No;No;No
4528;8;7;14;9;10;20;19;24;29;25;34;42;0;31;44;54;47;46;55;52;69;66;71;61;67;0;No;No;No
4529;12;5;6;7;1;19;22;24;23;21;41;35;0;32;39;55;53;50;47;56;75;68;64;63;73;0;No;No;No
4530;1;7;9;5;6;27;17;19;28;24;39;37;0;41;40;57;55;52;56;48;69;67;64;72;74;0;No;No;No
4531;12;3;10;15;6;28;19;29;30;26;41;44;0;42;40;51;47;55;48;52;69;74;64;65;70;0;No;No;No
4532;1;14;3;12;4;28;20;25;21;26;45;31;0;33;40;53;54;49;57;51;68;63;66;69;61;0;No;No;No
4533;14;8;11;4;2;18;27;20;22;23;42;38;0;36;41;48;47;52;49;46;68;65;64;73;63;0;No;No;No
4534;8;15;3;2;9;26;22;30;24;17;43;38;0;39;32;57;55;46;50;54;61;62;63;72;70;0;No;No;No
4535;12;7;6;5;9;17;24;26;20;28;42;35;0;44;37;57;56;55;47;52;65;71;68;73;61;0;No;No;No
4536;5;2;3;9;6;25;23;18;21;29;39;44;0;43;37;51;46;57;59;48;66;61;75;64;73;0;No;No;No
4537;10;1;15;3;6;28;18;17;20;30;42;36;0;35;41;59;52;56;57;55;70;63;75;64;67;0;No;No;No
4538;12;3;2;11;1;23;16;25;24;20;37;44;0;38;45;57;51;48;54;59;70;64;71;66;65;0;No;No;No
4539;13;6;8;10;4;17;21;25;22;16;39;42;0;32;37;52;53;55;49;58;68;62;64;71;61;0;No;No;No
4540;12;2;7;11;6;27;17;28;23;26;42;38;0;34;43;49;60;51;48;55;62;67;63;71;64;0;No;No;No
4541;13;4;11;2;6;16;19;21;23;24;40;45;0;37;43;52;48;49;59;47;61;71;75;70;67;0;No;No;No
4542;12;14;8;2;4;29;21;23;22;28;42;41;0;38;32;46;51;52;56;55;75;74;64;67;68;0;No;No;No
4543;10;11;5;12;8;17;25;29;28;24;40;45;0;32;38;53;52;48;58;56;62;65;64;70;66;0;No;No;No
4544;2;10;3;1;9;17;23;28;19;29;34;39;0;31;33;57;48;54;59;52;71;62;75;61;73;0;No;No;No
4545;13;12;10;14;8;20;28;23;26;24;36;40;0;34;41;54;46;57;47;60;66;72;74;63;73;0;No;No;No
4546;8;12;3;9;4;29;16;22;20;18;37;32;0;43;41;52;54;47;46;56;63;72;69;74;62;0;No;No;No
4547;1;7;6;5;14;16;29;24;19;27;34;39;0;35;32;50;48;55;60;53;61;67;71;65;73;0;No;No;No
4548;9;2;14;12;8;19;26;20;28;30;42;40;0;35;44;55;59;50;46;58;62;70;69;71;63;0;No;No;No
4549;2;11;13;8;7;18;17;29;23;21;39;38;0;35;44;57;59;46;49;53;74;70;73;72;64;0;No;No;No
4550;8;6;14;13;7;21;20;24;30;25;41;44;0;36;39;55;47;52;51;50;71;63;64;72;61;0;No;No;No
4551;5;3;12;13;4;20;29;26;30;17;37;39;0;43;38;57;59;50;52;47;73;74;75;70;64;0;No;No;No
4552;6;14;8;10;9;18;23;28;16;29;33;31;0;38;41;53;58;47;48;52;67;68;61;64;65;0;No;No;No
4553;15;14;1;10;6;29;22;27;24;17;37;38;0;39;40;49;55;57;58;54;72;74;67;69;63;0;No;No;No
4554;7;4;9;12;10;24;18;17;20;21;42;43;0;44;31;48;47;50;52;54;66;67;61;70;64;0;No;No;No
4555;6;2;10;15;7;29;19;18;30;27;31;32;0;36;38;51;50;47;46;58;72;74;70;63;75;0;No;No;No
4556;3;10;12;14;1;29;25;21;17;24;42;39;0;43;35;47;57;52;49;60;65;73;62;67;69;0;No;No;No
4557;11;3;7;10;1;25;21;17;29;22;40;35;0;31;39;50;58;56;60;55;72;68;67;71;74;0;No;No;No
4558;1;3;9;6;13;19;16;18;30;20;42;43;0;39;32;57;52;58;55;50;63;71;67;69;66;0;No;No;No
4559;12;3;9;4;10;19;16;18;22;24;33;34;0;37;42;48;46;52;59;54;65;68;63;75;66;0;No;No;No
4560;13;2;6;4;10;26;24;17;16;19;43;39;0;34;31;59;56;58;47;57;67;66;61;71;65;0;No;No;No
4561;9;7;15;1;11;24;23;22;29;27;36;32;0;43;40;56;47;58;49;51;71;61;65;66;69;0;No;No;No
4562;14;6;9;2;1;18;20;23;25;21;38;41;0;42;33;48;46;52;59;53;68;65;74;63;69;0;No;No;No
4563;10;1;13;9;5;24;17;26;29;25;43;31;0;44;34;54;50;49;46;47;75;73;64;61;71;0;No;No;No
4564;9;6;10;4;14;23;17;22;19;16;35;33;0;31;39;46;59;51;53;56;64;69;71;65;68;0;No;No;No
4565;14;13;15;9;5;17;21;26;24;29;33;37;0;31;44;46;50;48;55;52;72;61;69;68;62;0;No;No;No
4566;2;5;9;12;1;18;16;25;17;29;37;32;0;40;31;47;59;54;52;48;64;68;66;71;62;0;No;No;No
4567;9;4;2;1;11;23;17;28;26;19;40;33;0;35;37;47;57;48;46;53;66;72;69;75;70;0;No;No;No
4568;14;12;10;11;13;24;21;29;18;25;36;43;0;33;32;46;50;51;48;58;74;62;70;65;63;0;No;No;No
4569;11;1;7;4;5;25;26;20;22;27;42;34;0;36;33;55;56;47;57;48;65;64;61;71;67;0;No;No;No
4570;6;9;10;2;14;27;18;29;23;22;43;31;0;33;41;54;57;49;48;53;61;68;63;62;74;0;No;No;No
4571;7;11;6;9;10;30;18;23;21;27;40;44;0;33;41;52;51;48;57;47;65;63;70;73;68;0;No;No;No
4572;14;11;4;1;5;23;20;28;25;16;44;40;0;33;41;49;59;58;50;54;73;61;65;62;68;0;No;No;No
4573;15;11;12;7;3;25;23;28;29;21;31;43;0;34;45;50;60;58;59;54;61;65;75;71;74;0;No;No;No
4574;9;2;10;5;4;28;16;25;26;20;42;45;0;43;39;57;52;55;50;49;69;68;63;66;67;0;No;No;No
4575;3;12;10;2;9;21;20;23;25;26;42;41;0;33;34;46;56;54;53;49;70;67;66;64;61;0;No;No;No
4576;9;6;8;5;2;18;16;28;20;27;36;39;0;37;40;48;47;51;57;56;62;73;72;71;75;0;No;No;No
4577;13;3;2;4;1;22;25;23;24;26;36;44;0;35;42;55;54;49;51;47;70;65;67;72;61;0;No;No;No
4578;6;15;12;1;10;24;26;16;22;21;36;41;0;37;42;46;56;53;57;58;73;65;68;63;75;0;No;No;No
4579;11;1;10;8;14;24;30;18;17;23;32;40;0;33;42;47;55;46;59;58;73;70;74;65;72;0;No;No;No
4580;4;10;15;5;14;16;19;17;23;21;36;35;0;43;31;48;47;58;57;56;67;63;70;74;69;0;No;No;No
4581;3;5;9;2;7;18;20;28;21;23;37;39;0;31;41;55;60;56;59;46;74;62;61;63;71;0;No;No;No
4582;2;3;8;11;6;21;16;28;20;19;32;43;0;36;41;49;54;57;53;46;70;71;68;67;62;0;No;No;No
4583;1;6;9;3;13;22;21;16;20;26;37;42;0;41;32;46;50;55;52;49;65;75;62;63;66;0;No;No;No
4584;1;6;4;14;11;23;26;25;27;20;33;38;0;36;40;59;55;56;46;58;67;75;62;66;70;0;No;No;No
4585;9;4;15;13;2;25;19;27;24;28;34;33;0;40;35;53;46;47;54;60;74;71;65;63;72;0;No;No;No
4586;9;4;8;12;10;22;19;27;24;26;43;41;0;33;31;56;57;48;47;52;66;70;62;68;69;0;No;No;No
4587;6;15;2;5;9;25;20;16;24;28;44;37;0;36;43;54;59;60;56;46;63;64;74;61;62;0;No;No;No
4588;10;8;1;3;14;16;30;18;24;26;36;37;0;32;35;46;56;53;58;57;62;70;61;67;74;0;No;No;No
4589;12;9;10;15;8;21;18;29;16;17;36;37;0;39;35;46;52;48;49;50;71;69;73;65;74;0;No;No;No
4590;9;8;5;6;15;20;28;18;21;27;35;33;0;44;39;46;48;53;50;55;70;64;63;68;62;0;No;No;No
4591;2;8;11;7;14;22;29;18;25;16;44;33;0;43;32;58;53;60;57;56;62;61;64;73;71;0;No;No;No
4592;6;10;5;3;1;29;24;27;20;17;40;37;0;32;45;59;49;58;60;55;66;68;62;65;74;0;No;No;No
4593;5;4;14;6;8;17;22;29;27;23;43;31;0;37;42;54;52;53;50;59;65;67;70;74;71;0;No;No;No
4594;14;5;11;4;3;19;21;18;22;29;36;33;0;40;31;53;56;50;54;47;74;71;69;65;73;0;No;No;No
4595;13;4;7;12;3;28;29;20;16;25;41;40;0;38;34;56;46;52;49;47;68;69;71;62;73;0;No;No;No
4596;9;10;6;7;12;28;26;27;17;18;32;44;0;43;38;51;60;50;48;52;65;63;71;68;74;0;No;No;No
4597;8;3;9;10;6;19;24;28;29;17;42;35;0;34;33;52;50;60;48;58;66;72;68;71;70;0;No;No;No
4598;12;10;3;6;1;23;27;20;16;17;41;44;0;36;33;55;54;53;48;50;67;72;75;62;68;0;No;No;No
4599;14;6;3;5;4;27;21;18;29;28;44;36;0;35;41;48;47;51;49;58;70;74;71;66;61;0;No;No;No
4600;6;15;14;12;3;22;24;27;16;28;31;43;0;44;37;49;50;59;48;57;68;63;71;74;70;0;No;No;No
4601;4;9;14;6;1;28;22;19;30;25;37;42;0;35;41;59;48;53;55;54;61;71;75;68;69;0;No;No;No
4602;13;8;10;3;7;22;30;21;17;16;34;43;0;37;33;49;57;56;55;53;72;65;70;63;61;0;No;No;No
4603;12;8;6;13;5;28;19;29;17;16;33;37;0;34;43;49;53;58;51;47;63;70;74;61;64;0;No;No;No
4604;10;4;6;8;9;22;25;26;21;27;44;31;0;40;32;49;57;54;53;52;63;66;61;75;65;0;No;No;No
4605;6;10;14;13;7;29;18;17;27;26;40;35;0;38;43;46;55;51;54;47;65;61;63;70;67;0;No;No;No
4606;14;8;7;5;10;16;28;20;17;25;44;42;0;37;36;49;54;46;55;59;74;68;69;72;71;0;No;No;No
4607;2;8;13;7;9;19;25;17;20;24;42;32;0;45;37;50;51;46;48;57;75;61;63;64;72;0;No;No;No
4608;14;1;4;10;3;27;26;17;23;29;41;37;0;43;36;52;60;58;53;49;66;65;73;72;61;0;No;No;No
4609;6;3;10;13;12;19;24;22;29;23;42;41;0;44;40;55;49;59;48;60;63;71;64;67;72;0;No;No;No
4610;6;15;7;4;5;18;19;20;24;22;39;43;0;40;31;57;54;46;55;49;71;66;65;69;74;0;No;No;No
4611;9;15;14;12;2;30;22;27;21;23;35;41;0;39;33;52;54;49;50;58;73;68;70;67;64;0;No;No;No
4612;7;9;14;4;3;16;24;17;21;29;35;41;0;31;44;54;48;52;55;51;72;67;75;63;68;0;No;No;No
4613;11;5;3;10;4;27;29;17;20;26;36;31;0;39;34;55;53;50;58;52;63;66;71;65;72;0;No;No;No
4614;10;7;9;5;1;17;18;21;16;20;34;41;0;31;38;54;56;53;58;57;61;64;69;67;71;0;No;No;No
4615;8;14;3;13;5;16;19;20;29;28;39;34;0;45;42;51;57;48;54;52;63;70;72;67;66;0;No;No;No
4616;11;8;6;15;3;21;26;22;28;18;39;35;0;32;43;59;49;53;48;54;62;72;64;68;63;0;No;No;No
4617;4;6;13;7;5;16;17;18;24;27;44;31;0;42;40;55;52;51;54;47;67;64;73;68;63;0;No;No;No
4618;12;5;8;10;6;29;17;18;25;16;39;41;0;40;33;49;55;52;50;59;61;73;68;70;67;0;No;No;No
4619;9;11;2;14;10;20;24;27;16;17;33;36;0;39;44;51;48;52;54;58;64;71;65;61;70;0;No;No;No
4620;5;2;11;12;9;19;20;23;17;22;33;40;0;41;39;50;53;55;59;51;64;66;70;71;61;0;No;No;No
4621;13;6;9;14;8;17;24;23;25;26;44;42;0;34;33;54;46;59;55;49;66;63;69;71;61;0;No;No;No
4622;9;7;12;8;10;18;26;16;23;21;45;34;0;37;32;46;54;50;58;48;73;69;68;74;65;0;No;No;No
4623;5;6;13;8;2;16;20;22;28;19;43;34;0;42;36;58;55;56;51;57;66;74;67;68;70;0;No;No;No
4624;7;6;1;3;5;17;20;26;22;16;39;33;0;35;43;51;49;48;59;57;71;65;70;64;75;0;No;No;No
4625;4;1;8;12;6;19;16;17;29;24;42;39;0;41;33;57;58;54;49;53;70;63;71;61;72;0;No;No;No
4626;9;10;4;15;3;20;19;29;21;16;43;34;0;45;37;57;60;59;52;58;65;71;62;63;64;0;No;No;No
4627;8;7;14;9;11;24;21;23;16;19;34;41;0;38;44;47;50;60;49;58;72;67;70;71;66;0;No;No;No
4628;1;9;7;2;11;24;27;19;23;16;40;35;0;36;33;59;56;48;54;50;65;66;62;73;72;0;No;No;No
4629;2;7;4;14;6;25;29;16;30;19;34;35;0;31;41;47;55;49;59;54;71;65;68;67;73;0;No;No;No
4630;7;12;14;2;11;24;22;16;23;20;36;32;0;44;40;55;57;49;56;47;72;62;71;63;67;0;No;No;No
4631;2;8;6;9;14;23;29;22;21;16;41;32;0;36;33;54;52;50;56;48;71;74;65;63;67;0;No;No;No
4632;8;15;13;2;3;19;17;18;30;26;38;43;0;39;32;54;58;47;51;53;69;73;61;63;66;0;No;No;No
4633;7;9;5;2;12;28;17;30;19;20;32;40;0;37;43;47;51;53;57;48;70;75;61;69;71;0;No;No;No
4634;4;9;6;8;12;20;17;25;16;23;39;38;0;32;31;47;52;55;50;53;64;71;61;70;67;0;No;No;No
4635;5;2;10;14;7;17;16;21;27;28;41;45;0;34;43;51;53;50;57;48;68;70;65;72;73;0;No;No;No
4636;11;14;6;12;7;21;16;19;24;22;39;41;0;40;34;57;50;49;59;48;61;70;74;66;64;0;No;No;No
4637;3;1;5;12;15;19;24;16;30;25;39;40;0;36;42;49;48;58;50;47;74;64;72;67;70;0;No;No;No
4638;2;13;1;3;4;24;29;25;23;20;43;41;0;38;37;53;59;48;46;56;62;68;75;63;64;0;No;No;No
4639;14;6;13;9;10;25;28;18;29;16;35;42;0;38;33;49;46;52;54;58;64;65;66;72;67;0;No;No;No
4640;2;4;12;5;7;27;28;16;29;17;32;40;0;38;34;55;48;47;57;56;73;65;74;68;66;0;No;No;No
4641;12;15;7;5;6;17;24;20;29;27;31;45;0;39;35;59;52;47;50;48;74;66;62;67;69;0;No;No;No
4642;14;6;1;12;13;16;29;25;24;28;33;44;0;43;34;50;56;48;52;51;71;67;70;73;69;0;No;No;No
4643;12;9;10;6;7;16;24;29;26;19;42;32;0;40;44;57;56;51;55;46;61;63;71;70;75;0;No;No;No
4644;2;10;4;7;6;23;20;22;29;19;36;31;0;40;39;55;49;57;47;54;74;61;70;65;72;0;No;No;No
4645;14;6;1;8;11;22;27;21;16;28;37;39;0;34;36;56;51;47;53;48;71;68;62;74;75;0;No;No;No
4646;13;11;14;12;3;16;30;24;26;18;40;32;0;38;42;50;46;59;57;54;68;70;67;75;64;0;No;No;No
4647;5;2;3;10;6;26;28;25;16;17;44;38;0;43;32;47;56;46;53;54;66;68;70;67;64;0;No;No;No
4648;14;13;15;11;2;20;27;18;29;21;36;43;0;39;35;48;55;52;46;51;62;64;68;72;75;0;No;No;No
4649;7;13;1;9;4;19;17;24;25;22;34;45;0;33;43;54;56;49;60;58;65;74;63;70;69;0;No;No;No
4650;9;2;1;3;10;27;24;21;20;16;35;33;0;36;32;51;56;57;49;50;68;65;73;61;69;0;No;No;No
4651;10;8;14;4;11;24;16;18;19;22;45;43;0;40;35;50;53;58;51;54;62;71;69;74;72;0;No;No;No
4652;12;6;7;3;14;18;23;29;16;25;31;32;0;43;44;49;55;51;59;57;74;73;62;71;72;0;No;No;No
4653;12;11;4;13;2;26;24;23;22;25;31;43;0;38;35;47;52;51;58;48;70;68;75;63;71;0;No;No;No
4654;3;4;15;11;7;17;19;30;21;27;41;36;0;37;31;48;59;53;51;57;69;75;62;73;67;0;No;No;No
4655;7;11;14;8;9;30;27;18;26;19;45;31;0;44;38;59;47;55;54;52;67;63;72;66;68;0;No;No;No
4656;11;14;6;5;9;21;19;23;17;20;35;31;0;32;34;57;50;59;48;52;75;73;66;71;72;0;No;No;No
4657;1;10;7;5;8;28;17;30;20;21;45;33;0;37;32;52;54;50;46;53;73;68;75;62;64;0;No;No;No
4658;8;10;4;12;13;24;26;19;29;28;38;32;0;42;43;51;53;46;58;47;67;68;73;65;72;0;No;No;No
4659;9;3;11;2;14;28;17;29;24;20;40;44;0;33;45;52;50;54;57;56;67;64;70;63;71;0;No;No;No
4660;8;4;7;10;13;20;27;26;17;22;32;44;0;34;39;53;52;54;56;50;68;75;70;63;65;0;No;No;No
4661;7;14;1;2;3;18;22;19;16;17;31;39;0;36;34;52;46;59;54;53;73;69;68;63;75;0;No;No;No
4662;13;10;11;6;7;17;27;18;22;29;39;43;0;42;32;49;48;53;54;59;72;74;75;68;71;0;No;No;No
4663;14;8;4;9;7;22;17;30;26;29;39;44;0;41;40;52;48;46;53;47;63;68;62;71;64;0;No;No;No
4664;7;15;12;2;5;18;21;19;25;17;45;42;0;38;36;58;59;51;54;46;61;71;75;63;65;0;No;No;No
4665;12;4;8;2;9;29;19;16;22;28;31;43;0;32;41;50;58;51;52;49;74;72;63;69;62;0;No;No;No
4666;7;15;11;8;13;28;20;16;21;26;31;44;0;32;34;54;59;48;50;58;72;69;64;71;63;0;No;No;No
4667;3;11;1;14;7;21;20;24;27;28;33;43;0;40;35;58;53;50;56;46;74;70;75;67;63;0;No;No;No
4668;6;15;3;13;14;29;16;20;21;26;39;38;0;37;41;46;49;47;55;56;65;68;69;73;64;0;No;No;No
4669;6;13;3;7;9;16;22;18;19;26;44;31;0;40;37;53;56;47;57;48;75;64;62;74;68;0;No;No;No
4670;5;10;12;7;4;22;20;16;29;26;37;43;0;44;36;58;47;54;46;49;70;66;73;74;75;0;No;No;No
4671;6;9;14;4;5;25;18;30;20;29;40;37;0;31;39;53;48;58;57;49;68;61;67;62;74;0;No;No;No
4672;2;12;5;9;14;26;25;17;23;19;38;37;0;31;36;56;57;51;46;48;68;74;65;71;66;0;No;No;No
4673;5;2;12;13;1;28;17;22;19;21;38;40;0;31;34;51;48;49;52;53;71;64;67;68;72;0;No;No;No
4674;6;1;9;7;5;17;26;25;27;24;43;41;0;39;36;57;51;48;52;59;65;61;74;71;70;0;No;No;No
4675;3;10;6;13;1;18;21;28;25;19;38;34;0;44;41;47;52;58;59;60;67;71;68;73;70;0;No;No;No
4676;13;5;9;12;6;22;17;21;23;25;31;45;0;35;41;56;49;46;52;54;65;61;62;63;72;0;No;No;No
4677;5;8;14;7;13;29;16;21;17;26;31;33;0;37;38;55;57;60;48;47;70;74;71;65;61;0;No;No;No
4678;7;6;10;11;13;28;19;22;29;16;39;31;0;43;41;49;50;46;52;60;63;70;64;71;69;0;No;No;No
4679;8;11;5;2;9;18;26;27;30;16;44;36;0;32;35;56;46;58;59;51;64;74;69;62;65;0;No;No;No
4680;3;14;6;12;7;23;21;17;29;20;38;43;0;34;44;58;51;48;49;52;64;73;71;63;75;0;No;No;No
4681;13;4;6;3;2;17;25;16;21;20;39;32;0;43;36;56;53;51;59;50;70;71;75;66;69;0;No;No;No
4682;8;15;1;3;14;22;23;21;28;20;35;33;0;36;31;46;52;59;57;49;75;62;69;72;65;0;No;No;No
4683;11;3;12;6;9;27;30;29;25;23;39;43;0;37;34;49;51;46;59;50;64;74;71;62;66;0;No;No;No
4684;4;14;1;5;7;24;20;22;29;28;36;35;0;41;43;47;56;52;59;49;69;72;67;65;73;0;No;No;No
4685;13;14;5;10;7;23;19;20;21;17;36;43;0;33;42;57;52;51;54;50;61;66;64;63;70;0;No;No;No
4686;2;13;12;14;1;17;16;20;19;24;44;31;0;35;42;47;57;50;48;54;69;66;75;73;61;0;No;No;No
4687;2;9;12;8;1;24;28;27;16;18;42;39;0;35;38;56;53;51;59;48;71;70;64;65;73;0;No;No;No
4688;14;3;11;2;4;16;19;17;23;26;36;38;0;40;35;52;50;46;49;48;71;73;69;64;67;0;No;No;No
4689;5;14;6;3;4;26;29;25;28;17;39;36;0;43;38;56;46;53;58;55;61;65;75;73;72;0;No;No;No
4690;4;12;6;10;11;26;27;16;28;30;31;43;0;41;36;52;46;55;57;48;68;74;66;73;71;0;No;No;No
4691;7;4;12;13;10;30;20;27;25;26;40;37;0;32;41;46;58;47;48;51;73;61;75;70;72;0;No;No;No
4692;14;7;12;6;1;25;30;18;22;16;34;41;0;39;31;53;46;48;47;58;66;74;71;72;69;0;No;No;No
4693;10;7;12;4;1;28;22;19;20;21;34;43;0;40;37;53;60;48;49;57;64;68;75;72;62;0;No;No;No
4694;14;9;5;10;13;19;21;26;23;30;44;37;0;38;42;56;55;49;53;51;72;69;67;71;64;0;No;No;No
4695;14;6;1;10;12;27;28;18;17;20;31;39;0;37;41;56;55;51;58;54;64;67;70;72;69;0;No;No;No
4696;5;9;13;12;10;28;24;22;18;16;31;38;0;37;36;54;48;46;53;56;64;63;75;71;65;0;No;No;No
4697;7;8;4;13;9;22;29;27;20;28;33;32;0;41;34;56;58;49;59;50;73;64;62;74;61;0;No;No;No
4698;6;3;4;9;5;26;22;18;27;25;32;36;0;42;35;57;51;50;53;59;72;69;65;61;62;0;No;No;No
4699;6;13;11;3;9;17;29;26;27;20;34;31;0;42;44;56;58;59;47;57;67;71;74;72;73;0;No;No;No
4700;4;11;3;9;7;20;25;26;17;27;36;43;0;40;45;50;59;49;55;58;70;63;62;72;69;0;No;No;No
4701;13;8;3;4;10;20;24;16;26;22;38;44;0;40;33;59;54;49;55;50;70;68;75;74;73;0;No;No;No
4702;4;7;1;10;8;25;18;21;17;26;42;43;0;39;44;58;55;46;57;53;63;67;72;69;68;0;No;No;No
4703;4;5;11;14;2;26;24;20;22;21;31;44;0;40;39;55;49;60;48;56;66;74;68;65;67;0;No;No;No
4704;5;1;7;14;8;26;29;22;23;18;36;38;0;40;39;52;49;50;54;48;62;67;74;75;61;0;No;No;No
4705;3;4;5;10;11;27;25;18;20;19;42;37;0;40;39;48;51;54;49;52;67;62;64;65;74;0;No;No;No
4706;3;10;6;5;8;20;27;28;18;24;39;40;0;41;32;56;49;58;55;59;65;61;71;62;70;0;No;No;No
4707;8;2;3;5;7;26;18;23;17;19;43;35;0;42;44;53;50;51;46;57;69;65;71;66;61;0;No;No;No
4708;4;3;7;11;1;22;28;29;18;27;31;40;0;37;38;59;57;52;51;46;73;64;70;67;74;0;No;No;No
4709;12;4;2;8;3;26;16;24;20;25;38;40;0;41;32;53;46;58;54;49;69;68;70;72;74;0;No;No;No
4710;1;10;14;12;3;17;19;28;25;22;35;45;0;36;44;54;57;47;56;53;67;61;64;71;65;0;No;No;No
4711;14;9;2;10;12;16;22;18;27;25;40;43;0;45;36;49;56;50;46;58;74;71;63;70;65;0;No;No;No
4712;11;5;9;2;12;16;23;27;17;30;43;44;0;33;31;50;55;52;58;53;71;73;72;70;65;0;No;No;No
4713;13;9;1;15;4;23;28;30;19;24;32;36;0;35;34;58;59;48;56;52;71;74;66;68;61;0;No;No;No
4714;7;4;1;13;8;17;30;27;25;22;43;42;0;31;38;48;47;58;49;50;64;61;62;73;72;0;No;No;No
4715;12;7;6;10;1;20;21;16;26;23;41;33;0;38;37;52;55;60;53;57;64;72;68;71;63;0;No;No;No
4716;6;7;2;11;9;19;17;16;30;27;36;45;0;32;40;60;47;53;56;59;67;66;61;75;65;0;No;No;No
4717;6;9;4;15;2;23;17;27;22;18;33;45;0;43;34;50;59;52;56;49;68;63;64;65;70;0;No;No;No
4718;2;3;9;11;14;29;20;26;23;16;35;45;0;36;44;54;60;58;48;46;61;67;69;64;70;0;No;No;No
4719;7;11;10;3;9;26;29;20;23;25;36;41;0;40;43;55;54;47;52;57;71;63;72;65;64;0;No;No;No
4720;11;9;1;2;12;25;24;20;17;21;33;31;0;43;37;49;55;46;58;54;73;62;64;74;61;0;No;No;No
4721;5;3;11;13;4;18;29;19;27;28;32;37;0;38;44;48;58;47;50;54;70;73;71;64;61;0;No;No;No
4722;6;11;1;12;10;26;28;22;30;16;41;33;0;43;37;51;57;49;52;48;72;63;67;73;68;0;No;No;No
4723;9;5;3;1;6;18;23;20;28;25;42;45;0;38;36;47;53;55;57;56;66;61;69;74;75;0;No;No;No
4724;14;8;13;11;3;29;19;27;17;20;42;37;0;41;44;58;51;50;49;55;66;74;61;68;67;0;No;No;No
4725;7;13;11;4;5;18;24;17;30;27;35;32;0;43;44;47;54;46;53;59;65;74;61;70;72;0;No;No;No
4726;11;14;6;9;7;30;22;28;19;24;44;35;0;37;38;48;58;49;52;57;62;64;66;61;75;0;No;No;No
4727;1;3;4;2;14;18;16;19;26;24;33;38;0;44;35;56;46;51;50;49;68;66;62;74;64;0;No;No;No
4728;13;4;10;9;11;16;23;27;29;25;31;39;0;35;37;47;49;55;59;51;69;62;61;64;68;0;No;No;No
4729;4;2;7;14;9;18;28;27;16;24;31;40;0;34;43;47;56;60;59;57;68;63;65;64;70;0;No;No;No
4730;11;9;2;3;1;19;25;29;17;22;41;34;0;42;39;52;56;46;60;54;69;75;74;68;65;0;No;No;No
4731;7;10;3;13;11;17;20;23;27;16;34;42;0;44;43;58;46;51;57;50;70;61;65;73;64;0;No;No;No
4732;7;6;11;14;15;20;19;16;21;28;44;36;0;41;40;53;55;50;47;51;72;71;61;73;66;0;No;No;No
4733;4;7;14;13;1;19;21;22;27;28;36;40;0;41;33;56;49;57;52;47;70;73;67;64;63;0;No;No;No
4734;1;6;13;14;2;29;22;26;16;21;34;37;0;39;38;48;52;49;59;56;62;75;69;72;68;0;No;No;No
4735;12;11;15;1;4;29;20;18;28;26;43;32;0;36;40;53;57;48;54;47;69;67;75;68;62;0;No;No;No
4736;14;6;7;3;12;19;26;23;16;29;32;41;0;43;36;46;49;47;57;56;64;61;65;69;67;0;No;No;No
4737;5;7;1;10;6;20;21;24;22;23;39;43;0;34;32;59;54;46;57;50;70;66;62;67;68;0;No;No;No
4738;5;13;8;2;4;24;26;17;22;20;32;41;0;36;38;49;52;57;59;46;66;62;69;68;75;0;No;No;No
4739;8;10;4;11;3;20;23;17;22;19;35;40;0;43;31;50;54;60;59;48;71;69;64;74;68;0;No;No;No
4740;7;9;13;2;8;27;25;24;29;20;33;35;0;45;31;46;58;50;56;57;64;70;62;61;66;0;No;No;No
4741;12;8;14;3;1;30;16;24;26;19;31;32;0;33;40;47;58;56;52;50;71;69;73;75;72;0;No;No;No
4742;2;1;12;15;8;28;19;27;16;18;36;41;0;42;37;46;59;54;51;58;73;67;71;61;64;0;No;No;No
4743;1;4;14;7;2;30;17;25;26;21;32;43;0;42;41;48;51;60;59;49;74;72;68;63;70;0;No;No;No
4744;1;3;15;2;12;17;16;19;27;26;38;32;0;34;31;53;47;52;60;56;69;62;67;73;61;0;No;No;No
4745;11;6;12;7;13;22;20;21;24;28;44;42;0;31;38;47;53;57;58;60;67;61;73;72;70;0;No;No;No
4746;8;5;10;6;4;16;24;22;28;17;37;40;0;41;34;57;49;50;52;58;67;68;73;69;72;0;No;No;No
4747;3;1;6;8;11;28;27;29;25;17;35;33;0;39;37;54;59;58;52;47;65;63;66;62;69;0;No;No;No
4748;8;2;7;6;11;25;19;23;21;20;33;38;0;37;32;57;58;59;56;50;72;61;65;68;64;0;No;No;No
4749;9;4;13;8;2;25;18;24;22;23;39;37;0;43;44;48;55;56;52;50;61;68;63;75;70;0;No;No;No
4750;5;2;6;9;11;29;30;28;17;20;38;40;0;42;34;54;51;57;46;49;63;73;69;61;71;0;No;No;No
4751;13;14;1;9;5;20;19;21;28;27;43;36;0;38;45;57;49;53;55;48;74;70;69;73;72;0;No;No;No
4752;7;14;8;3;9;27;18;30;25;28;35;42;0;38;33;55;59;53;58;46;63;64;75;69;61;0;No;No;No
4753;6;11;14;4;3;27;16;19;17;18;32;43;0;44;33;54;47;46;53;50;73;72;71;67;75;0;No;No;No
4754;13;3;11;10;1;28;29;23;17;26;35;45;0;36;43;55;57;48;53;56;63;74;64;62;66;0;No;No;No
4755;12;14;15;2;1;17;24;26;22;16;39;32;0;35;40;48;49;51;53;59;75;62;73;64;74;0;No;No;No
4756;13;8;3;12;7;25;23;28;19;20;31;44;0;42;32;55;48;58;49;53;69;67;62;64;71;0;No;No;No
4757;1;8;3;4;15;26;21;24;25;17;40;34;0;39;41;52;56;49;50;47;72;65;66;62;61;0;No;No;No
4758;6;10;8;13;4;18;21;17;28;26;34;36;0;35;32;56;59;47;53;52;65;63;67;71;74;0;No;No;No
4759;14;6;2;4;7;17;28;22;27;30;42;34;0;38;35;55;57;53;51;60;62;74;71;72;61;0;No;No;No
4760;11;1;8;2;14;29;24;21;16;27;38;34;0;31;35;46;58;56;57;53;64;71;69;72;67;0;No;No;No
4761;13;7;4;14;15;29;24;26;28;25;33;35;0;32;37;53;49;59;47;48;62;61;64;70;75;0;No;No;No
4762;10;3;6;12;9;21;16;27;29;23;39;44;0;35;37;49;58;47;48;55;61;68;65;71;73;0;No;No;No
4763;3;14;11;1;5;21;25;23;27;29;35;44;0;34;37;57;51;54;50;55;71;68;64;74;69;0;No;No;No
4764;11;13;12;4;3;18;21;22;17;29;42;45;0;40;32;49;56;48;50;47;62;74;69;64;72;0;No;No;No
4765;13;7;3;8;14;25;21;29;22;19;45;33;0;32;40;51;55;49;52;57;73;71;67;69;65;0;No;No;No
4766;4;1;6;5;12;18;25;17;27;21;45;35;0;42;33;50;51;48;57;59;71;72;62;67;64;0;No;No;No
4767;11;15;1;12;9;26;21;27;17;23;35;39;0;41;44;48;58;49;54;47;70;69;73;61;64;0;No;No;No
4768;10;4;6;8;11;17;22;25;20;27;32;45;0;38;35;59;57;46;53;51;68;73;74;66;69;0;No;No;No
4769;10;9;6;15;7;16;25;29;22;30;44;39;0;42;41;57;48;53;50;51;68;74;62;64;67;0;No;No;No
4770;6;10;2;14;15;20;19;21;27;16;42;35;0;43;44;48;59;55;47;57;73;61;71;65;70;0;No;No;No
4771;5;9;13;14;2;29;20;21;28;18;32;44;0;41;39;57;59;52;50;51;70;72;71;69;62;0;No;No;No
4772;9;8;3;10;5;17;24;29;20;27;44;37;0;34;41;52;47;53;59;58;71;69;67;66;63;0;No;No;No
4773;10;1;5;4;9;25;16;30;27;20;41;45;0;33;42;48;47;53;54;56;69;70;62;61;65;0;No;No;No
4774;12;10;9;5;11;20;29;30;23;22;34;41;0;39;31;48;53;58;50;56;62;67;61;70;69;0;No;No;No
4775;2;12;11;7;5;20;22;25;26;16;35;32;0;37;43;50;56;48;60;46;62;75;64;68;72;0;No;No;No
4776;7;6;12;11;14;16;20;24;27;29;35;32;0;41;37;56;50;49;52;58;69;67;68;63;64;0;No;No;No
4777;9;4;12;7;8;18;29;28;25;23;32;41;0;33;37;55;57;46;47;52;61;69;70;62;67;0;No;No;No
4778;7;2;1;13;14;28;17;22;18;27;44;40;0;35;32;54;55;60;53;56;71;68;65;74;69;0;No;No;No
4779;7;3;11;1;8;22;21;23;28;30;33;42;0;37;45;59;52;48;55;58;66;64;72;69;61;0;No;No;No
4780;12;4;3;2;11;21;30;29;20;17;34;38;0;35;37;58;54;48;49;51;72;66;74;73;62;0;No;No;No
4781;1;12;13;3;15;27;22;16;28;18;42;35;0;45;34;50;46;57;51;53;73;70;75;62;67;0;No;No;No
4782;6;9;1;4;14;18;23;21;24;28;36;44;0;31;34;51;47;46;53;48;73;67;72;71;64;0;No;No;No
4783;1;15;10;5;8;16;20;18;27;17;36;43;0;42;31;52;47;48;55;46;65;71;62;68;69;0;No;No;No
4784;10;8;7;6;2;23;18;24;19;22;43;37;0;36;33;47;54;59;51;56;64;75;66;69;70;0;No;No;No
4785;14;3;15;11;6;23;17;21;27;19;35;32;0;41;42;59;48;50;54;53;72;68;74;75;61;0;No;No;No
4786;8;11;12;2;10;21;19;27;28;23;31;42;0;34;35;59;51;56;55;46;61;65;74;68;72;0;No;No;No
4787;11;5;15;6;4;26;16;27;29;25;41;39;0;32;42;52;59;46;49;58;61;72;66;67;71;0;No;No;No
4788;2;8;12;10;13;25;21;27;28;24;39;42;0;31;34;56;58;55;47;60;69;64;62;67;65;0;No;No;No
4789;2;15;11;9;12;18;25;26;27;16;33;37;0;42;38;55;59;52;46;57;61;65;71;74;75;0;No;No;No
4790;4;6;5;14;13;17;23;24;25;16;37;36;0;40;31;53;56;52;59;60;62;67;70;68;64;0;No;No;No
4791;1;10;13;4;11;29;25;23;18;22;44;35;0;43;41;47;56;55;50;57;73;71;75;74;64;0;No;No;No
4792;6;12;5;1;9;30;19;22;25;23;35;32;0;37;34;59;53;56;55;46;67;63;64;62;72;0;No;No;No
4793;7;9;6;1;8;19;25;21;16;18;44;37;0;33;42;54;46;58;47;56;66;64;70;67;65;0;No;No;No
4794;4;12;7;11;8;25;19;22;28;23;40;31;0;36;41;59;47;46;50;56;71;62;72;63;73;0;No;No;No
4795;8;6;7;4;3;25;29;18;17;22;35;31;0;39;37;56;57;46;48;51;71;67;69;72;70;0;No;No;No
4796;12;11;2;5;1;20;18;23;22;21;38;42;0;45;37;47;56;52;50;60;72;70;69;63;68;0;No;No;No
4797;5;15;13;14;9;28;21;19;25;18;32;34;0;35;43;59;58;56;48;54;67;62;68;61;74;0;No;No;No
4798;10;15;2;1;6;18;17;29;25;27;32;35;0;31;43;55;54;53;60;48;62;72;71;75;73;0;No;No;No
4799;1;5;9;4;6;16;25;28;26;30;39;37;0;33;35;47;46;55;56;52;71;70;61;73;69;0;No;No;No
4800;5;15;10;13;3;18;24;19;16;17;40;43;0;41;33;54;60;56;46;59;72;61;68;62;69;0;No;No;No
4801;6;15;8;10;13;17;21;28;22;24;35;33;0;40;31;52;50;60;48;57;72;70;73;66;63;0;No;No;No
4802;7;12;9;2;6;23;20;17;19;27;41;44;0;43;45;59;58;57;52;47;71;70;63;73;62;0;No;No;No
4803;5;7;4;2;1;26;23;21;19;22;40;37;0;42;31;54;49;48;47;60;68;69;72;61;66;0;No;No;No
4804;8;10;7;9;1;24;16;26;28;20;35;38;0;41;37;48;50;52;47;49;68;69;63;72;61;0;No;No;No
4805;4;9;6;3;14;22;23;25;29;16;41;37;0;39;36;49;51;48;56;53;66;61;72;71;70;0;No;No;No
4806;7;15;6;14;13;29;22;17;19;28;40;35;0;39;43;52;53;47;54;57;71;70;73;61;72;0;No;No;No
4807;3;10;5;7;1;19;30;20;29;17;37;32;0;39;35;59;60;55;46;47;71;72;70;68;74;0;No;No;No
4808;2;11;4;6;8;20;23;24;27;28;31;33;0;34;35;59;51;54;53;46;75;69;62;66;61;0;No;No;No
4809;4;6;3;10;8;22;20;16;18;17;40;34;0;44;33;59;55;56;58;48;64;62;67;70;68;0;No;No;No
4810;1;5;10;11;13;26;24;27;21;20;43;40;0;36;44;48;46;52;58;51;74;71;75;65;73;0;No;No;No
4811;14;4;2;11;10;25;17;23;18;27;39;43;0;36;34;51;60;50;54;56;67;63;73;61;65;0;No;No;No
4812;6;7;12;5;14;22;27;21;17;29;31;35;0;32;33;53;46;49;54;60;63;65;61;74;71;0;No;No;No
4813;3;11;14;15;1;28;16;24;20;19;33;39;0;40;35;50;48;52;49;59;71;63;73;64;69;0;No;No;No
4814;9;4;8;1;11;16;17;23;24;27;44;34;0;33;40;58;55;53;57;48;61;72;74;66;71;0;No;No;No
4815;2;8;9;13;4;21;25;20;19;24;42;34;0;35;45;57;46;48;52;49;75;62;67;73;63;0;No;No;No
4816;14;7;1;15;8;22;26;20;27;29;42;33;0;38;36;50;58;47;59;49;74;71;75;63;72;0;No;No;No
4817;12;6;8;13;3;26;25;21;18;20;34;35;0;38;42;60;47;58;53;52;62;70;74;61;69;0;No;No;No
4818;8;4;7;13;3;21;16;22;20;27;39;40;0;44;33;50;54;52;56;46;66;64;71;73;68;0;No;No;No
4819;11;8;6;3;1;21;28;25;27;29;40;39;0;43;33;47;50;48;59;56;63;61;71;67;75;0;No;No;No
4820;9;7;12;14;4;19;25;27;29;30;43;32;0;42;37;52;48;50;46;59;73;71;72;70;68;0;No;No;No
4821;4;12;14;9;11;25;29;20;22;26;33;44;0;41;35;54;50;60;46;48;62;63;69;75;64;0;No;No;No
4822;15;1;12;6;9;28;27;29;24;16;36;44;0;40;31;46;58;60;59;53;73;61;66;70;69;0;No;No;No
4823;13;10;3;14;11;23;29;28;18;19;33;40;0;42;35;54;52;55;58;56;61;67;74;64;75;0;No;No;No
4824;3;12;9;11;2;26;16;19;18;17;44;41;0;33;37;56;52;53;55;47;61;71;63;68;62;0;No;No;No
4825;3;1;11;9;13;19;29;27;22;17;33;38;0;34;43;60;50;53;57;46;71;65;70;75;68;0;No;No;No
4826;7;6;1;9;15;24;25;27;22;29;42;31;0;37;38;53;46;58;49;51;66;75;64;73;67;0;No;No;No
4827;12;1;6;5;9;25;28;21;23;24;45;38;0;36;42;47;57;58;56;55;66;74;61;62;70;0;No;No;No
4828;12;2;3;1;7;26;20;16;29;28;38;39;0;44;41;46;60;49;57;55;71;62;75;69;70;0;No;No;No
4829;14;7;2;9;5;23;17;29;19;30;44;33;0;34;43;51;46;58;48;47;70;66;72;69;64;0;No;No;No
4830;8;3;2;1;10;19;17;29;22;21;34;41;0;40;37;59;46;53;49;50;74;69;71;66;72;0;No;No;No
4831;4;9;5;8;2;24;17;16;19;18;44;33;0;40;37;59;56;54;49;55;65;73;68;62;75;0;No;No;No
4832;3;14;5;10;8;24;30;27;29;19;33;37;0;40;38;52;51;59;54;60;61;74;69;71;72;0;No;No;No
4833;14;3;13;5;8;24;23;28;21;16;34;41;0;40;37;60;47;56;50;46;61;66;68;67;72;0;No;No;No
4834;13;5;9;7;14;19;29;21;18;20;41;33;0;44;32;51;59;47;58;52;65;67;61;64;68;0;No;No;No
4835;6;13;1;2;9;16;24;20;23;29;39;44;0;32;41;46;49;60;57;52;62;64;75;73;74;0;No;No;No
4836;7;1;12;2;4;27;23;17;22;18;39;33;0;36;34;46;47;56;55;48;71;70;73;62;74;0;No;No;No
4837;5;2;10;14;12;22;18;17;30;25;33;38;0;34;37;57;56;49;46;48;70;73;68;62;74;0;No;No;No
4838;4;5;10;6;12;24;27;17;19;23;37;36;0;35;38;57;59;56;49;46;65;69;67;73;75;0;No;No;No
4839;9;8;11;6;2;23;26;16;17;30;32;40;0;39;35;53;46;57;59;56;65;67;66;73;75;0;No;No;No
4840;5;3;8;13;12;22;17;21;25;16;38;36;0;33;39;49;54;46;55;57;70;61;65;66;73;0;No;No;No
4841;7;5;9;12;1;30;25;20;24;18;31;32;0;33;35;55;59;53;56;51;71;62;70;74;67;0;No;No;No
4842;13;14;8;2;7;23;28;19;29;26;34;37;0;42;41;56;50;46;51;57;67;69;75;72;65;0;No;No;No
4843;1;14;10;2;12;16;21;27;20;24;38;39;0;43;32;54;49;51;47;55;68;75;62;74;71;0;No;No;No
4844;2;14;11;8;13;27;24;23;17;29;35;34;0;32;41;59;49;46;60;48;73;72;61;63;68;0;No;No;No
4845;4;2;5;6;12;21;22;20;16;23;37;41;0;45;40;48;56;57;58;53;62;61;71;72;74;0;No;No;No
4846;14;7;4;6;3;28;19;25;18;16;33;41;0;31;42;53;55;56;48;51;61;70;73;66;62;0;No;No;No
4847;10;12;9;2;15;18;19;28;17;22;31;34;0;33;43;47;48;54;55;50;69;62;70;66;67;0;No;No;No
4848;10;14;13;4;8;28;16;29;23;18;39;44;0;42;34;54;46;48;53;59;64;62;72;63;71;0;No;No;No
4849;7;3;5;12;14;20;17;29;28;18;40;35;0;43;41;56;48;53;59;54;62;67;65;66;63;0;No;No;No
4850;12;10;8;13;5;21;19;29;28;20;42;33;0;37;35;54;59;52;56;46;67;64;75;70;63;0;No;No;No
4851;1;6;11;15;5;17;29;30;18;16;43;38;0;44;35;54;55;47;56;52;62;71;72;66;73;0;No;No;No
4852;12;5;1;13;7;26;24;18;28;17;43;31;0;32;35;49;47;52;58;46;63;72;65;68;61;0;No;No;No
4853;8;5;2;10;15;21;25;26;28;20;32;34;0;44;40;54;55;48;56;57;75;63;72;68;66;0;No;No;No
4854;7;4;11;12;9;26;24;23;16;21;40;32;0;36;39;51;49;56;59;57;70;61;71;69;73;0;No;No;No
4855;11;12;9;3;14;23;20;27;21;24;42;35;0;36;44;48;59;54;51;57;62;72;65;66;70;0;No;No;No
4856;2;9;6;11;8;25;20;28;29;27;34;38;0;33;39;51;53;49;58;60;69;70;63;61;72;0;No;No;No
4857;10;8;11;15;2;25;16;20;26;23;40;34;0;37;41;55;57;46;51;52;70;71;67;63;61;0;No;No;No
4858;15;2;3;1;9;22;20;27;25;18;38;41;0;44;42;53;59;48;54;56;71;75;64;63;68;0;No;No;No
4859;6;2;7;4;13;21;29;30;23;27;39;36;0;37;42;58;56;59;60;48;67;72;71;61;69;0;No;No;No
4860;12;10;14;6;13;27;25;30;17;26;31;43;0;34;45;55;52;58;51;56;61;75;65;64;68;0;No;No;No
4861;15;7;5;11;2;29;24;25;20;16;32;37;0;40;44;52;46;56;47;58;67;75;64;69;63;0;No;No;No
4862;1;10;8;13;14;20;17;30;16;25;34;31;0;37;44;58;56;46;53;59;64;63;68;74;69;0;No;No;No
4863;8;11;7;12;3;25;26;18;22;24;34;41;0;33;37;56;48;58;47;52;74;67;64;68;66;0;No;No;No
4864;13;12;11;4;8;22;26;20;29;19;41;42;0;38;32;55;50;58;59;46;71;64;61;70;65;0;No;No;No
4865;7;11;3;1;8;22;16;26;25;29;33;45;0;42;44;49;59;47;46;50;65;64;71;63;68;0;No;No;No
4866;13;12;3;7;9;22;17;26;27;25;38;35;0;33;31;49;56;51;59;58;64;73;74;71;72;0;No;No;No
4867;14;3;12;9;11;16;23;24;22;28;31;33;0;32;44;56;51;46;58;57;62;68;71;74;70;0;No;No;No
4868;4;7;12;5;11;20;22;30;16;19;38;35;0;40;39;49;51;46;54;47;65;67;66;64;72;0;No;No;No
4869;15;6;3;9;14;23;16;22;17;19;31;38;0;41;33;50;55;49;51;53;72;71;65;64;68;0;No;No;No
4870;9;14;11;2;13;24;16;26;28;18;44;32;0;37;42;58;53;54;48;49;70;66;72;63;68;0;No;No;No
4871;12;1;10;14;5;18;19;23;26;24;35;36;0;42;31;59;47;50;46;51;63;61;68;73;74;0;No;No;No
4872;4;15;7;14;5;21;18;17;25;27;41;36;0;43;32;48;58;54;56;55;68;67;64;72;70;0;No;No;No
4873;12;2;9;4;13;21;18;24;17;26;36;44;0;39;41;53;46;49;56;48;64;63;70;66;71;0;No;No;No
4874;11;8;7;12;6;24;29;16;19;17;39;38;0;32;42;57;54;56;52;50;64;72;73;67;69;0;No;No;No
4875;6;1;10;8;12;25;16;19;29;26;39;41;0;36;44;57;59;46;54;55;73;67;72;74;65;0;No;No;No
4876;13;8;14;7;6;20;26;16;25;19;39;36;0;42;43;47;54;59;50;51;71;68;73;65;67;0;No;No;No
4877;1;14;15;12;6;19;24;26;23;27;41;32;0;36;35;47;56;60;59;48;65;75;70;72;67;0;No;No;No
4878;4;8;14;7;11;16;25;20;29;24;41;31;0;43;37;55;51;56;57;53;63;71;61;66;64;0;No;No;No
4879;10;1;12;13;5;20;21;22;17;23;33;44;0;40;35;48;51;46;52;49;69;67;64;62;73;0;No;No;No
4880;10;1;12;14;11;25;19;22;29;20;40;36;0;44;43;53;54;46;52;51;65;69;62;71;67;0;No;No;No
4881;7;14;1;11;3;24;19;29;25;21;38;43;0;37;40;46;49;53;56;51;62;71;66;74;69;0;No;No;No
4882;4;15;10;12;2;23;19;29;25;27;43;38;0;32;44;47;46;53;56;59;74;67;75;62;65;0;No;No;No
4883;3;2;6;11;7;25;19;16;27;30;38;40;0;44;33;56;58;53;59;47;73;61;69;70;66;0;No;No;No
4884;13;6;9;3;1;20;23;25;24;19;40;35;0;33;38;46;58;55;52;50;65;64;68;75;71;0;No;No;No
4885;12;3;11;4;15;22;18;25;26;27;36;43;0;32;31;55;48;50;52;58;68;69;63;73;72;0;No;No;No
4886;15;12;9;1;2;19;23;27;25;18;43;39;0;44;35;55;51;59;60;48;73;62;61;69;68;0;No;No;No
4887;7;4;13;2;12;16;26;28;22;21;43;32;0;35;37;49;50;47;51;52;63;67;69;75;64;0;No;No;No
4888;12;14;11;7;1;19;28;17;25;21;35;38;0;44;41;46;52;53;51;55;75;61;73;68;64;0;No;No;No
4889;1;9;15;11;14;20;24;26;28;22;35;32;0;33;45;46;58;51;50;60;66;62;74;67;70;0;No;No;No
4890;4;14;8;1;3;24;22;30;27;26;39;43;0;32;38;56;55;51;59;53;73;63;67;70;74;0;No;No;No
4891;8;7;1;5;4;21;29;19;18;25;38;44;0;42;43;52;59;47;57;54;69;70;66;72;73;0;No;No;No
4892;15;9;1;4;5;21;26;23;20;17;42;35;0;38;31;51;53;55;52;50;66;63;61;69;67;0;No;No;No
4893;10;13;9;12;6;19;21;18;16;26;42;32;0;37;43;53;60;58;54;55;73;67;61;64;70;0;No;No;No
4894;3;14;12;9;2;18;27;29;16;26;33;44;0;32;45;49;55;58;46;59;71;72;75;63;74;0;No;No;No
4895;4;14;12;9;7;19;17;25;23;28;39;31;0;45;44;49;58;50;48;51;67;75;71;70;74;0;No;No;No
4896;8;9;3;7;10;23;26;28;16;21;41;34;0;38;36;47;48;58;54;59;62;68;67;72;64;0;No;No;No
4897;1;12;9;10;11;21;17;19;16;23;36;43;0;40;42;46;57;49;50;55;71;69;75;72;67;0;No;No;No
4898;4;2;8;5;1;25;17;23;28;19;33;44;0;36;32;49;46;54;55;48;64;65;63;67;75;0;No;No;No
4899;3;15;10;4;12;16;22;17;27;29;34;35;0;36;45;49;57;55;54;53;70;68;72;75;64;0;No;No;No
4900;4;14;10;9;3;17;20;25;27;18;35;36;0;32;37;58;59;49;55;56;70;67;72;64;62;0;No;No;No
4901;2;10;13;9;11;23;21;19;29;27;32;42;0;37;33;55;50;56;60;47;68;65;70;73;66;0;No;No;No
4902;8;2;1;7;3;16;28;20;27;22;36;44;0;35;43;48;47;55;51;46;63;65;67;61;70;0;No;No;No
4903;8;6;15;14;1;17;21;23;19;29;41;33;0;40;34;47;48;49;51;46;65;73;69;71;68;0;No;No;No
4904;14;8;1;7;11;24;30;26;18;17;38;40;0;32;42;52;46;55;57;49;69;61;68;65;72;0;No;No;No
4905;2;6;12;10;11;17;24;23;22;29;33;43;0;39;42;53;52;56;46;50;64;67;62;61;68;0;No;No;No
4906;3;2;5;4;12;18;23;19;22;24;34;40;0;37;33;47;54;46;49;53;72;68;63;71;62;0;No;No;No
4907;1;12;4;11;13;19;28;20;21;29;34;38;0;41;33;56;55;54;48;46;69;68;74;75;72;0;No;No;No
4908;11;3;15;14;7;17;26;28;20;27;42;44;0;34;38;57;46;58;59;54;62;69;61;68;65;0;No;No;No
4909;2;4;8;9;15;30;22;25;17;23;43;44;0;31;38;58;51;49;48;50;70;73;68;71;62;0;No;No;No
4910;2;6;11;9;7;17;29;24;27;25;41;35;0;39;45;59;50;48;47;49;65;67;62;69;70;0;No;No;No
4911;11;3;8;5;13;18;22;20;26;17;34;31;0;33;37;47;54;59;58;50;67;62;73;71;65;0;No;No;No
4912;6;3;7;1;9;26;29;17;28;20;45;37;0;44;31;52;50;49;53;59;61;64;68;65;74;0;No;No;No
4913;11;1;7;6;2;23;22;17;16;27;35;44;0;40;43;54;55;50;57;58;61;68;64;62;75;0;No;No;No
4914;2;15;10;13;12;23;29;16;19;24;36;35;0;41;42;59;57;52;48;49;65;64;63;61;74;0;No;No;No
4915;6;11;5;12;10;24;28;23;16;21;38;41;0;44;39;55;60;59;47;50;66;67;68;62;71;0;No;No;No
4916;7;14;1;13;12;19;24;26;22;29;36;40;0;32;41;49;50;52;46;57;66;65;61;74;69;0;No;No;No
4917;2;11;6;14;5;24;21;26;27;17;34;40;0;44;45;52;57;58;59;49;62;68;70;63;75;0;No;No;No
4918;14;11;15;6;4;29;17;28;23;26;44;31;0;40;39;53;55;58;50;56;62;74;68;65;64;0;No;No;No
4919;2;5;13;3;6;20;17;23;27;22;40;32;0;31;38;47;52;56;49;58;65;61;66;71;64;0;No;No;No
4920;12;13;5;3;9;23;19;21;17;28;44;43;0;37;33;51;46;53;52;49;64;69;66;73;63;0;No;No;No
4921;1;2;9;3;10;20;19;17;30;22;41;33;0;31;40;50;46;54;49;57;73;64;70;62;66;0;No;No;No
4922;2;13;15;14;7;16;29;23;17;20;42;41;0;40;34;52;53;54;51;55;65;62;64;72;69;0;No;No;No
4923;14;9;11;3;10;18;24;26;30;16;45;33;0;38;43;59;52;55;47;49;64;68;62;75;71;0;No;No;No
4924;3;4;9;1;14;27;17;21;25;30;38;37;0;36;40;58;54;46;52;57;62;68;61;63;73;0;No;No;No
4925;8;12;4;3;1;22;25;18;30;16;39;44;0;43;42;47;54;59;55;46;71;73;62;65;69;0;No;No;No
4926;6;4;1;9;2;20;27;23;24;29;41;37;0;40;32;49;55;53;50;51;73;64;69;74;75;0;No;No;No
4927;10;1;3;2;8;23;21;17;16;20;41;35;0;31;32;57;47;50;56;59;65;62;74;66;67;0;No;No;No
4928;6;1;4;3;5;20;23;28;29;16;38;37;0;32;42;50;49;54;48;46;63;69;68;67;62;0;No;No;No
4929;11;3;13;2;4;26;28;17;30;22;39;31;0;38;36;58;56;49;46;52;72;64;63;61;67;0;No;No;No
4930;2;9;6;12;7;20;16;21;29;27;43;31;0;41;34;56;53;50;51;48;62;74;64;71;68;0;No;No;No
4931;6;13;12;11;7;21;30;25;28;19;34;35;0;45;38;59;60;52;50;47;74;68;67;66;65;0;No;No;No
4932;7;10;1;11;14;22;26;25;27;19;35;45;0;41;34;46;48;50;47;57;64;74;65;66;70;0;No;No;No
4933;4;13;11;9;10;19;16;26;25;21;38;31;0;39;33;54;58;52;50;57;65;62;73;67;68;0;No;No;No
4934;1;3;5;7;6;17;27;20;19;28;41;34;0;38;36;56;57;52;60;48;66;71;73;63;75;0;No;No;No
4935;5;4;2;14;9;29;26;21;17;23;44;36;0;37;39;59;46;57;49;55;70;63;68;65;72;0;No;No;No
4936;10;13;14;15;12;23;19;26;27;18;43;44;0;38;31;54;47;52;57;58;62;63;74;61;73;0;No;No;No
4937;5;6;15;2;7;18;27;22;26;19;44;33;0;37;40;48;52;56;54;46;73;65;68;61;64;0;No;No;No
4938;8;11;9;4;2;22;24;19;21;16;31;35;0;40;34;55;58;47;46;57;67;71;63;70;64;0;No;No;No
4939;3;2;5;1;11;29;17;21;16;30;38;31;0;37;41;46;53;49;51;48;74;75;73;62;66;0;No;No;No
4940;11;8;3;6;7;16;20;30;29;24;35;43;0;38;40;57;53;52;58;48;70;66;65;73;74;0;No;No;No
4941;8;5;9;4;7;27;18;24;22;20;35;34;0;43;42;57;47;58;54;46;63;62;71;74;64;0;No;No;No
4942;14;2;13;3;8;29;26;23;18;16;41;37;0;32;44;47;60;54;56;57;72;69;70;71;63;0;No;No;No
4943;12;7;6;11;15;22;20;23;21;25;39;44;0;36;33;60;49;58;51;47;68;75;65;62;61;0;No;No;No
4944;10;6;11;12;7;20;22;16;24;29;34;36;0;33;39;57;55;56;59;46;64;70;68;66;73;0;No;No;No
4945;13;3;10;8;14;30;21;25;16;20;39;32;0;45;33;52;59;57;51;49;65;68;70;66;63;0;No;No;No
4946;14;6;3;5;12;26;23;20;29;30;39;44;0;32;43;57;51;53;56;50;74;63;68;62;69;0;No;No;No
4947;1;8;11;10;3;25;21;16;23;24;38;43;0;37;40;51;50;60;58;56;73;72;61;62;74;0;No;No;No
4948;2;8;7;12;5;21;29;26;19;23;31;45;0;41;38;55;47;56;50;46;64;61;74;69;68;0;No;No;No
4949;14;7;1;10;15;18;30;28;19;24;32;40;0;34;38;57;47;54;53;46;66;63;64;67;71;0;No;No;No
4950;1;4;8;7;14;17;25;20;28;29;33;40;0;38;42;46;48;47;56;59;69;67;71;68;65;0;No;No;No
4951;11;14;4;6;12;20;24;26;18;23;36;40;0;45;41;54;49;57;51;48;62;72;68;61;69;0;No;No;No
4952;10;9;12;14;4;24;26;27;25;19;40;43;0;39;44;52;58;48;53;56;71;69;64;72;62;0;No;No;No
4953;8;10;4;12;3;20;23;24;29;18;39;37;0;41;32;47;51;46;48;54;74;62;63;64;69;0;No;No;No
4954;15;2;12;5;1;26;25;18;17;20;42;35;0;43;41;55;51;59;47;52;70;74;64;61;69;0;No;No;No
4955;3;2;1;12;10;17;26;27;22;16;31;35;0;34;43;54;53;59;58;57;73;75;66;70;63;0;No;No;No
4956;3;13;7;9;14;20;25;16;24;30;36;40;0;33;34;49;59;48;58;50;64;61;75;68;72;0;No;No;No
4957;13;14;9;1;2;22;19;27;18;28;39;40;0;31;33;59;53;57;47;49;66;69;70;64;67;0;No;No;No
4958;13;12;4;11;9;20;25;28;18;17;44;35;0;32;43;60;48;49;56;47;65;62;66;68;69;0;No;No;No
4959;13;7;14;6;15;30;21;27;22;25;33;37;0;41;35;48;59;49;57;55;67;75;66;70;73;0;No;No;No
4960;3;1;12;11;13;28;18;23;27;16;39;35;0;43;41;50;47;58;60;48;67;73;64;74;70;0;No;No;No
4961;8;4;14;12;10;24;26;23;21;17;44;42;0;45;43;56;60;53;46;51;62;65;73;70;74;0;No;No;No
4962;3;11;6;13;7;26;24;22;18;17;42;33;0;37;44;53;47;48;56;52;66;68;72;69;61;0;No;No;No
4963;11;7;10;3;1;17;28;21;23;19;43;34;0;36;37;53;54;51;57;55;74;62;68;61;70;0;No;No;No
4964;3;6;13;8;9;18;21;28;29;20;41;44;0;38;35;48;58;56;54;49;61;74;63;72;70;0;No;No;No
4965;11;6;8;5;4;20;18;26;29;27;44;42;0;38;33;46;47;49;59;60;66;69;67;72;68;0;No;No;No
4966;1;14;2;13;5;21;18;27;23;29;43;39;0;38;45;48;50;58;52;59;68;67;64;66;65;0;No;No;No
4967;13;9;5;7;1;18;17;21;29;23;37;45;0;35;40;50;58;52;47;48;64;61;71;62;65;0;No;No;No
4968;9;12;8;1;2;18;29;16;23;20;37;44;0;31;43;47;49;46;48;50;68;64;61;70;75;0;No;No;No
4969;6;5;1;13;11;19;16;24;17;29;33;43;0;32;42;52;57;47;56;54;65;64;66;74;62;0;No;No;No
4970;9;6;1;3;10;24;19;20;22;27;37;40;0;34;36;55;58;49;50;60;62;67;68;71;65;0;No;No;No
4971;4;1;14;3;5;22;17;23;24;30;40;43;0;38;32;50;52;56;51;48;75;62;71;61;70;0;No;No;No
4972;2;4;3;12;7;19;27;20;16;29;31;42;0;37;35;49;51;60;50;48;70;73;65;75;61;0;No;No;No
4973;1;3;12;9;14;21;29;16;25;23;43;39;0;33;41;59;60;46;52;56;70;65;68;71;62;0;No;No;No
4974;14;4;8;6;1;19;18;16;26;23;33;40;0;32;42;55;49;53;56;52;69;65;74;72;61;0;No;No;No
4975;14;3;9;4;11;25;27;20;29;30;35;32;0;39;36;53;58;46;56;47;66;73;69;65;67;0;No;No;No
4976;14;10;8;1;6;23;27;22;18;25;33;38;0;35;36;47;60;49;50;54;73;75;63;70;68;0;No;No;No
4977;8;10;6;14;5;18;24;17;19;30;39;31;0;35;34;49;57;59;53;47;69;63;65;75;70;0;No;No;No
4978;13;9;3;12;8;17;29;27;18;22;43;35;0;42;40;50;49;57;47;52;69;65;63;74;70;0;No;No;No
4979;11;7;5;3;12;23;25;19;16;22;38;42;0;37;32;48;52;46;57;55;64;70;61;71;75;0;No;No;No
4980;2;7;13;1;12;26;23;25;16;21;39;32;0;43;36;52;47;55;59;46;62;65;74;67;71;0;No;No;No
4981;8;3;2;13;4;18;17;23;29;28;33;38;0;41;42;53;51;58;52;59;63;64;73;68;66;0;No;No;No
4982;10;2;9;1;5;25;20;27;21;30;37;44;0;40;36;55;60;51;49;58;62;63;75;71;72;0;No;No;No
4983;2;12;14;8;6;23;28;25;29;21;33;32;0;42;34;59;47;56;55;48;62;66;63;64;72;0;No;No;No
4984;14;10;4;15;11;17;26;16;23;22;34;40;0;33;44;55;51;47;53;46;70;68;61;69;71;0;No;No;No
4985;6;13;10;7;3;16;29;18;17;25;44;31;0;36;38;57;52;46;59;60;66;67;73;71;70;0;No;No;No
4986;12;2;3;13;1;26;19;17;27;29;38;44;0;39;41;50;58;48;59;51;62;74;65;73;70;0;No;No;No
4987;4;8;3;7;11;24;21;26;29;27;34;39;0;42;32;57;54;58;56;47;62;67;69;72;63;0;No;No;No
4988;12;8;10;15;1;23;18;19;27;22;40;33;0;32;45;54;52;50;47;59;65;74;67;71;69;0;No;No;No
4989;2;3;10;8;11;26;28;19;18;17;41;35;0;37;32;57;51;46;59;53;67;69;73;70;66;0;No;No;No
4990;4;14;7;12;5;19;23;25;30;17;40;34;0;41;31;55;51;50;57;47;74;61;66;69;63;0;No;No;No
4991;14;10;4;2;7;27;16;20;17;25;34;42;0;45;35;47;59;53;57;56;66;75;67;63;70;0;No;No;No
4992;2;6;5;10;9;30;25;26;23;27;39;40;0;45;43;48;55;53;58;56;74;70;72;67;73;0;No;No;No
4993;6;1;8;3;12;28;25;16;26;24;41;39;0;44;34;46;58;55;47;52;63;64;67;75;61;0;No;No;No
4994;7;6;5;9;4;20;22;26;16;25;31;41;0;34;40;58;57;55;51;52;71;61;63;67;62;0;No;No;No
4995;9;11;7;12;5;24;17;30;16;29;45;35;0;31;32;46;55;60;58;57;71;73;64;65;66;0;No;No;No
4996;8;4;10;9;1;29;24;22;21;19;40;41;0;31;34;51;49;48;50;52;71;72;68;65;73;0;No;No;No
4997;6;5;15;8;12;27;24;17;26;25;37;42;0;32;38;59;46;50;53;54;73;67;64;69;71;0;No;No;No
4998;10;5;8;4;11;22;27;19;28;29;37;41;0;36;38;57;60;50;52;49;70;67;69;65;62;0;No;No;No
4999;12;6;5;1;4;20;22;25;23;26;41;35;0;44;39;56;48;52;54;47;66;71;75;72;65;0;No;No;No
5000;1;13;14;12;5;21;28;26;18;25;32;35;0;36;37;55;51;47;46;52;62;65;61;73;63;0;No;No;No
5001;7;10;8;15;11;22;23;16;28;21;34;41;0;36;44;58;55;47;49;56;72;71;70;73;61;0;No;No;No
5002;7;6;9;3;14;18;19;16;29;17;39;40;0;32;43;56;51;48;52;49;70;71;64;72;74;0;No;No;No
5003;6;3;9;13;2;28;27;29;18;17;41;31;0;39;32;54;58;52;56;51;68;73;69;64;75;0;No;No;No
5004;6;10;3;13;8;25;29;27;20;21;43;33;0;35;38;56;54;46;53;57;74;70;61;71;63;0;No;No;No
5005;6;11;5;10;14;24;22;20;19;17;39;34;0;31;37;47;49;46;52;58;62;70;61;69;72;0;No;No;No
5006;7;8;4;5;13;28;24;17;21;23;40;39;0;31;35;50;54;46;53;48;63;67;73;70;62;0;No;No;No
5007;9;4;7;14;2;23;16;18;24;20;38;31;0;37;32;54;50;59;55;51;63;74;67;62;70;0;No;No;No
5008;13;12;7;10;9;20;19;30;17;29;38;42;0;36;31;49;58;51;47;54;63;73;66;62;70;0;No;No;No
5009;4;10;14;5;1;29;26;28;19;17;38;37;0;32;36;46;52;51;56;53;71;70;74;68;61;0;No;No;No
5010;12;2;8;7;5;19;29;21;18;28;37;40;0;36;34;51;50;48;56;59;66;68;71;62;72;0;No;No;No
5011;2;4;7;3;9;18;27;29;24;21;42;43;0;31;41;57;58;54;46;52;65;75;70;69;72;0;No;No;No
5012;9;12;5;10;3;23;18;26;17;24;43;36;0;35;32;58;59;56;55;54;68;67;65;62;74;0;No;No;No
5013;9;5;1;12;4;28;25;21;16;22;43;44;0;32;39;56;50;55;58;46;73;65;63;72;64;0;No;No;No
5014;11;10;9;3;8;27;23;18;29;21;45;34;0;42;38;55;59;46;52;56;66;62;69;65;72;0;No;No;No
5015;4;10;7;14;2;25;21;28;30;26;34;43;0;42;38;54;53;60;50;58;69;72;71;65;64;0;No;No;No
5016;12;5;10;7;4;27;25;21;20;18;35;37;0;32;38;53;55;49;46;48;72;69;73;64;63;0;No;No;No
5017;7;2;3;13;1;23;20;25;16;29;39;31;0;41;40;55;48;56;50;60;65;72;69;66;73;0;No;No;No
5018;4;9;5;13;1;28;29;27;20;25;41;36;0;44;37;48;50;53;58;59;69;75;63;61;68;0;No;No;No
5019;4;7;12;10;5;22;16;27;20;21;37;35;0;44;34;58;54;53;55;46;70;74;65;71;75;0;No;No;No
5020;15;13;2;6;5;25;30;19;16;26;34;42;0;35;31;50;47;48;54;46;66;67;63;64;70;0;No;No;No
5021;14;8;11;6;12;18;21;30;16;24;44;38;0;34;39;59;55;60;57;46;66;71;75;64;62;0;No;No;No
5022;8;2;6;1;12;19;24;20;16;25;35;39;0;36;42;56;48;50;58;52;70;66;73;69;67;0;No;No;No
5023;4;8;10;6;11;29;17;27;28;20;35;45;0;38;37;53;48;49;52;46;64;75;73;62;71;0;No;No;No
5024;11;9;4;10;2;19;20;22;16;18;31;38;0;37;34;54;60;47;57;50;74;67;64;66;72;0;No;No;No
5025;3;5;2;9;6;21;23;24;20;18;34;39;0;31;35;53;56;46;55;57;62;68;64;65;71;0;No;No;No
5026;9;2;10;11;13;22;17;20;24;28;44;37;0;41;36;54;51;52;59;56;67;64;61;68;70;0;No;No;No
5027;11;14;5;7;4;17;24;27;23;19;39;40;0;43;38;56;47;58;51;52;62;68;65;67;61;0;No;No;No
5028;1;2;10;4;13;20;19;17;25;22;33;41;0;34;36;60;55;49;48;59;63;65;62;70;67;0;No;No;No
5029;8;3;6;12;10;22;20;23;21;26;38;31;0;33;45;51;49;58;48;50;72;70;73;66;75;0;No;No;No
5030;7;15;8;6;3;22;28;20;18;26;33;31;0;34;35;55;53;57;54;56;71;62;61;70;72;0;No;No;No
5031;11;13;12;14;5;24;20;26;25;16;35;34;0;43;32;56;47;57;49;52;68;62;71;69;73;0;No;No;No
5032;9;12;13;14;5;21;17;18;24;25;32;40;0;44;35;52;54;58;53;48;68;67;62;70;66;0;No;No;No
5033;7;4;12;14;5;25;29;28;19;17;32;40;0;41;45;49;52;51;58;48;64;70;67;61;65;0;No;No;No
5034;3;8;12;6;15;29;19;18;23;30;35;41;0;32;43;59;51;47;49;54;61;62;65;63;74;0;No;No;No
5035;13;7;12;3;10;28;18;20;16;26;38;37;0;34;33;52;51;49;55;53;69;66;61;74;70;0;No;No;No
5036;7;9;6;12;8;16;28;29;18;21;38;36;0;41;34;52;51;50;57;53;70;61;73;65;67;0;No;No;No
5037;7;5;10;8;2;27;29;20;24;26;31;38;0;34;42;56;53;48;47;58;64;75;65;63;69;0;No;No;No
5038;3;4;2;7;5;27;19;26;17;20;43;32;0;39;45;55;50;56;51;48;62;72;69;70;64;0;No;No;No
5039;15;1;6;8;3;22;30;18;29;24;41;34;0;35;32;55;51;52;53;46;71;68;74;72;64;0;No;No;No
5040;8;5;14;9;4;20;17;26;18;27;36;34;0;35;33;48;57;51;47;49;61;62;69;74;66;0;No;No;No
5041;11;6;8;13;12;18;17;23;29;26;45;43;0;32;33;47;54;48;58;57;75;72;61;62;66;0;No;No;No
5042;14;1;13;3;12;28;19;18;21;30;43;42;0;40;41;50;54;47;55;48;66;63;64;69;67;0;No;No;No
5043;4;9;13;12;8;18;28;21;29;30;33;45;0;37;43;59;47;57;48;53;69;71;65;61;64;0;No;No;No
5044;5;10;11;13;7;20;26;22;17;24;39;41;0;38;34;58;54;57;49;46;72;64;71;69;73;0;No;No;No
5045;1;7;9;10;11;27;28;20;19;22;34;40;0;33;45;52;54;49;47;46;71;73;61;66;68;0;No;No;No
5046;7;14;4;9;5;16;22;17;26;27;35;44;0;41;39;53;46;58;55;60;70;68;66;74;69;0;No;No;No
5047;8;11;9;12;15;21;25;27;19;24;40;37;0;43;39;55;46;57;58;50;64;65;71;69;63;0;No;No;No
5048;1;13;6;11;14;22;21;18;30;29;34;40;0;31;36;57;55;47;50;56;71;65;66;62;68;0;No;No;No
5049;2;3;8;14;12;26;22;20;21;28;36;38;0;34;45;51;60;56;46;58;64;61;63;74;62;0;No;No;No
5050;15;4;10;13;5;24;19;21;30;18;37;44;0;32;38;46;57;54;59;50;63;64;69;61;66;0;No;No;No
5051;4;2;3;10;1;16;17;28;27;20;32;45;0;35;43;58;47;48;52;54;73;74;67;61;64;0;No;No;No
5052;3;4;5;2;11;25;27;28;26;29;41;33;0;32;42;49;59;57;54;60;74;73;67;66;68;0;No;No;No
5053;7;12;2;9;1;30;26;21;28;20;44;40;0;42;31;49;50;57;53;52;68;64;61;67;70;0;No;No;No
5054;6;13;4;1;15;16;27;26;28;21;45;43;0;38;42;58;60;50;47;53;73;68;62;63;71;0;No;No;No
5055;4;3;14;13;2;25;26;16;17;24;32;45;0;40;41;49;48;52;53;46;73;72;70;65;61;0;No;No;No
5056;1;14;8;12;2;24;27;20;23;30;31;41;0;44;33;54;55;57;51;47;66;68;73;71;74;0;No;No;No
5057;6;14;5;3;9;27;26;29;28;24;43;31;0;39;37;48;55;56;57;52;61;63;66;65;72;0;No;No;No
5058;6;2;4;7;3;28;21;16;20;23;39;33;0;44;35;47;52;59;58;49;64;73;70;69;62;0;No;No;No
5059;12;7;10;5;13;25;23;29;18;21;43;42;0;39;34;47;59;56;52;49;61;74;63;75;72;0;No;No;No
5060;2;14;1;8;4;29;19;27;24;17;36;43;0;31;34;59;53;49;50;51;67;74;62;68;71;0;No;No;No
5061;9;11;7;1;8;30;22;24;18;19;42;33;0;36;40;48;60;53;58;50;72;64;67;69;74;0;No;No;No
5062;1;2;4;15;6;20;24;22;18;28;34;31;0;39;36;50;47;60;53;57;68;67;64;65;74;0;No;No;No
5063;9;1;7;6;12;21;29;19;26;17;37;34;0;36;32;51;59;53;58;60;62;65;74;72;67;0;No;No;No
5064;4;8;3;6;10;23;26;19;21;28;40;33;0;35;34;52;56;50;59;46;65;66;67;68;72;0;No;No;No
5065;7;3;6;2;13;23;20;18;29;16;33;38;0;37;34;46;56;60;55;53;61;67;73;72;65;0;No;No;No
5066;13;5;2;1;14;26;16;27;21;19;34;45;0;39;36;46;48;59;49;60;65;68;71;74;67;0;No;No;No
5067;1;5;6;12;13;29;27;22;17;23;39;34;0;38;40;54;58;53;52;50;72;63;64;70;62;0;No;No;No
5068;1;8;13;2;6;21;28;16;27;23;40;37;0;39;34;51;57;50;56;58;65;62;74;64;72;0;No;No;No
5069;2;8;12;9;13;26;17;19;20;27;42;36;0;44;37;53;49;57;47;56;75;70;66;69;64;0;No;No;No
5070;15;5;2;14;8;21;17;28;24;22;32;43;0;42;35;47;55;49;60;52;67;72;61;71;64;0;No;No;No
5071;13;2;7;8;15;25;29;16;20;24;34;42;0;33;36;55;59;58;56;57;73;71;69;66;64;0;No;No;No
5072;10;12;9;5;6;21;23;24;20;27;40;42;0;38;37;52;53;56;51;55;74;73;66;62;72;0;No;No;No
5073;14;13;12;3;7;16;18;24;25;21;43;44;0;32;38;46;54;48;49;47;74;70;63;69;73;0;No;No;No
5074;7;1;3;13;15;17;23;19;27;24;42;33;0;43;39;58;50;60;55;46;65;71;67;74;68;0;No;No;No
5075;15;12;10;6;9;21;29;25;16;30;44;43;0;31;33;50;46;55;48;56;64;75;65;62;70;0;No;No;No
5076;4;10;8;12;9;23;28;20;24;19;39;34;0;37;44;50;46;56;47;58;65;62;67;66;63;0;No;No;No
5077;3;14;1;5;10;19;24;29;20;18;31;40;0;34;36;51;58;52;48;53;61;62;70;63;67;0;No;No;No
5078;2;7;14;6;13;30;28;27;19;29;42;34;0;35;43;60;47;58;54;50;66;64;75;63;67;0;No;No;No
5079;1;3;2;14;7;21;19;22;26;28;42;31;0;44;37;48;50;53;47;46;61;69;62;66;70;0;No;No;No
5080;13;2;8;10;7;21;20;28;23;17;34;33;0;43;40;52;50;57;60;54;71;70;62;61;72;0;No;No;No
5081;1;6;10;9;7;21;26;24;29;18;40;38;0;39;44;46;49;57;55;59;68;67;73;62;74;0;No;No;No
5082;6;13;1;15;2;20;27;16;18;24;37;31;0;43;42;47;55;50;49;52;66;64;75;69;63;0;No;No;No
5083;2;4;5;10;14;29;19;25;24;30;34;35;0;39;43;46;50;55;47;49;70;62;75;69;71;0;No;No;No
5084;11;9;4;6;12;17;29;26;25;23;45;32;0;40;43;48;57;56;51;53;61;72;69;62;66;0;No;No;No
5085;11;1;6;4;12;26;18;28;20;25;43;31;0;39;38;46;48;55;50;53;70;63;69;72;65;0;No;No;No
5086;6;7;13;12;2;20;27;23;26;25;33;31;0;39;38;48;50;46;57;49;61;68;63;70;71;0;No;No;No
5087;5;12;4;6;1;21;29;16;17;18;44;45;0;36;32;50;59;48;54;58;66;68;64;65;63;0;No;No;No
5088;10;6;15;13;14;16;30;21;26;29;32;34;0;42;37;50;55;51;58;56;68;73;65;67;70;0;No;No;No
5089;3;4;13;12;8;29;16;25;23;26;43;34;0;44;42;54;46;55;47;48;62;67;66;68;61;0;No;No;No
5090;5;14;1;2;10;26;27;23;25;19;44;39;0;36;31;59;56;57;52;54;69;61;68;71;65;0;No;No;No
5091;1;3;5;10;8;20;19;25;23;24;44;42;0;43;31;54;46;48;50;51;64;67;70;61;65;0;No;No;No
5092;9;5;12;6;13;22;28;26;27;19;33;38;0;40;42;59;48;46;54;47;68;69;63;66;65;0;No;No;No
5093;14;12;15;11;9;21;22;23;24;28;35;31;0;42;37;49;52;58;51;48;70;63;64;74;69;0;No;No;No
5094;13;3;6;9;4;21;22;27;24;28;37;33;0;31;35;55;52;56;50;59;65;63;69;67;64;0;No;No;No
5095;10;2;12;8;1;21;27;24;25;28;42;32;0;33;38;47;51;54;58;57;61;73;65;68;64;0;No;No;No
5096;8;11;5;4;13;18;24;26;23;25;44;36;0;38;42;47;51;52;57;58;64;72;71;69;62;0;No;No;No
5097;3;7;12;4;5;22;30;27;21;26;33;40;0;31;32;48;58;52;54;56;66;62;70;63;74;0;No;No;No
5098;5;4;10;1;7;18;20;24;16;25;35;45;0;44;32;46;49;60;53;58;68;72;66;71;63;0;No;No;No
5099;4;1;8;12;14;18;23;30;16;22;44;36;0;34;35;59;50;48;57;52;73;70;64;66;61;0;No;No;No
5100;15;5;3;13;11;24;18;19;23;28;38;32;0;31;43;56;55;52;53;57;61;67;74;62;70;0;No;No;No
5101;15;8;7;1;14;28;19;21;30;16;35;33;0;40;44;50;52;51;57;48;70;74;71;68;72;0;No;No;No
5102;6;14;11;7;5;24;21;27;18;29;43;37;0;32;36;54;49;59;50;56;72;70;65;63;71;0;No;No;No
5103;2;6;1;9;12;21;30;18;28;22;41;45;0;36;43;54;49;58;55;57;73;66;71;64;65;0;No;No;No
5104;1;5;8;13;14;17;16;19;18;25;38;39;0;45;37;48;47;59;50;55;61;73;70;63;69;0;No;No;No
5105;6;4;14;7;5;26;27;25;19;21;34;33;0;31;42;50;56;59;47;57;70;67;63;64;65;0;No;No;No
5106;5;1;7;13;6;17;18;22;29;23;43;35;0;36;37;59;46;47;55;52;71;67;70;74;63;0;No;No;No
5107;13;8;12;9;14;17;16;18;21;27;35;33;0;31;40;52;54;58;49;57;64;66;62;61;68;0;No;No;No
5108;1;7;6;8;13;18;17;19;20;28;35;36;0;37;32;50;53;57;48;49;75;74;69;62;71;0;No;No;No
5109;12;1;5;10;9;16;17;23;24;21;36;42;0;35;38;47;57;52;58;55;69;70;72;74;66;0;No;No;No
5110;15;10;1;4;5;20;23;26;25;27;34;36;0;43;39;53;48;50;58;54;67;62;63;72;69;0;No;No;No
5111;3;5;9;14;10;20;25;28;27;29;32;40;0;34;44;58;47;50;54;52;68;62;74;61;67;0;No;No;No
5112;7;5;3;2;12;18;28;23;27;30;39;35;0;38;37;50;54;58;59;52;71;75;63;74;65;0;No;No;No
5113;1;12;10;7;2;21;20;17;30;23;41;38;0;37;42;47;49;50;60;52;65;73;70;75;66;0;No;No;No
5114;9;8;5;13;7;19;18;27;28;22;35;36;0;42;43;51;58;57;54;56;68;69;67;74;66;0;No;No;No
5115;1;12;6;7;14;25;24;16;26;23;43;41;0;42;37;47;56;54;57;55;70;74;61;64;66;0;No;No;No
5116;15;4;7;9;10;23;17;27;30;19;31;40;0;34;38;54;59;48;52;55;63;66;71;61;73;0;No;No;No
5117;9;8;6;1;15;17;28;27;19;20;44;36;0;34;37;49;58;47;46;55;73;69;66;75;70;0;No;No;No
5118;12;4;14;11;5;23;16;21;24;28;31;44;0;32;42;46;56;50;57;59;68;73;66;64;71;0;No;No;No
5119;7;3;15;2;1;24;27;28;30;21;41;43;0;39;44;51;54;48;46;47;73;69;71;68;61;0;No;No;No
5120;7;6;2;15;10;17;23;28;16;27;33;42;0;36;41;50;57;56;51;59;61;69;65;74;64;0;No;No;No
5121;11;12;3;5;7;18;28;26;19;25;41;35;0;32;42;47;54;57;51;59;75;64;62;63;70;0;No;No;No
5122;10;6;5;9;2;24;19;22;17;28;45;36;0;33;42;58;56;54;49;48;73;68;65;71;74;0;No;No;No
5123;2;9;14;5;12;24;25;18;23;19;34;32;0;31;44;48;47;54;59;57;74;72;73;71;75;0;No;No;No
5124;10;4;12;2;11;17;26;29;20;23;35;31;0;40;39;49;57;55;58;47;74;62;75;63;73;0;No;No;No
5125;9;14;10;8;11;20;27;30;23;26;45;35;0;41;37;54;56;55;57;49;61;72;64;67;66;0;No;No;No
5126;4;2;1;9;14;29;23;26;17;27;42;32;0;38;34;57;54;48;55;52;64;70;66;71;69;0;No;No;No
5127;1;7;14;4;5;26;22;23;27;25;36;35;0;33;34;49;50;53;60;52;74;69;73;67;64;0;No;No;No
5128;6;14;4;3;13;19;26;28;20;18;34;33;0;32;42;50;59;55;54;51;74;70;65;66;64;0;No;No;No
5129;8;9;11;12;5;29;28;24;16;18;32;45;0;33;31;51;48;50;59;47;69;65;64;67;71;0;No;No;No
5130;6;12;13;8;11;18;19;29;22;27;32;36;0;43;31;58;57;50;46;59;69;73;72;65;62;0;No;No;No
5131;5;14;11;10;9;17;28;29;24;22;41;36;0;40;44;54;59;46;58;48;72;66;69;71;64;0;No;No;No
5132;1;2;11;14;8;17;16;18;28;22;42;45;0;41;44;54;55;56;52;59;75;70;68;65;62;0;No;No;No
5133;11;9;13;7;4;16;23;22;24;17;45;44;0;34;35;52;49;58;47;50;70;61;63;72;73;0;No;No;No
5134;1;7;9;10;14;24;17;26;19;21;41;32;0;37;42;47;56;48;53;60;62;73;72;63;70;0;No;No;No
5135;13;4;2;8;5;19;28;27;23;26;37;32;0;41;39;50;60;57;54;49;69;71;61;68;66;0;No;No;No
5136;10;6;2;8;15;29;17;16;28;20;40;39;0;31;33;51;50;58;52;56;63;72;65;73;62;0;No;No;No
5137;15;5;9;6;8;16;26;27;19;25;34;36;0;38;33;49;58;47;60;52;70;62;63;69;74;0;No;No;No
5138;13;1;12;5;3;26;19;24;22;20;33;42;0;32;35;56;51;55;50;47;68;61;63;74;67;0;No;No;No
5139;2;6;12;14;8;21;28;25;18;17;38;44;0;40;36;55;52;56;54;49;74;62;69;68;65;0;No;No;No
5140;10;9;7;1;5;29;21;28;26;27;33;35;0;41;44;47;55;50;58;51;72;62;64;74;66;0;No;No;No
5141;14;3;5;8;2;29;16;18;17;27;38;31;0;44;33;58;53;52;60;46;69;75;74;73;72;0;No;No;No
5142;11;6;4;13;5;16;19;20;17;29;33;40;0;43;32;60;51;55;46;47;70;73;72;61;62;0;No;No;No
5143;11;13;12;6;10;22;19;21;20;26;31;33;0;36;44;54;48;60;58;52;70;64;67;63;73;0;No;No;No
5144;7;1;5;3;10;21;26;25;28;16;36;42;0;35;37;50;46;56;52;53;67;75;64;61;72;0;No;No;No
5145;2;5;3;7;6;22;26;19;17;18;36;45;0;42;35;52;49;54;57;46;63;65;71;69;61;0;No;No;No
5146;13;12;5;10;6;16;22;27;30;18;34;43;0;38;40;46;53;51;54;47;61;72;66;75;70;0;No;No;No
5147;7;14;6;5;4;23;17;19;28;24;39;44;0;43;33;57;54;53;59;46;61;64;73;71;63;0;No;No;No
5148;6;5;1;10;8;25;26;20;24;18;43;40;0;36;44;55;47;56;53;48;67;70;65;63;66;0;No;No;No
5149;13;10;9;15;4;16;22;21;28;29;39;31;0;43;38;58;47;57;49;59;66;74;67;61;68;0;No;No;No
5150;1;12;6;11;4;26;24;16;30;21;36;39;0;35;40;59;50;49;47;57;65;68;66;70;69;0;No;No;No
5151;2;12;7;14;5;18;22;29;27;21;44;31;0;37;43;48;57;59;50;52;72;74;65;64;71;0;No;No;No
5152;7;15;3;10;9;25;28;20;16;19;32;41;0;39;31;49;57;46;47;59;67;65;62;69;63;0;No;No;No
5153;15;13;10;3;12;17;20;16;26;22;34;38;0;39;31;58;53;52;49;46;72;61;70;73;62;0;No;No;No
5154;5;11;1;12;9;24;29;20;16;17;44;45;0;43;33;59;50;51;46;49;69;65;62;61;63;0;No;No;No
5155;8;7;6;4;11;22;19;29;20;23;40;32;0;33;35;48;47;57;59;52;74;68;69;73;70;0;No;No;No
5156;2;1;14;12;4;26;21;19;16;25;39;36;0;38;45;57;56;53;54;48;70;68;72;66;65;0;No;No;No
5157;8;2;6;1;9;30;20;17;29;24;40;44;0;31;35;55;57;56;50;51;68;64;63;61;75;0;No;No;No
5158;9;4;12;1;7;22;17;29;28;30;31;33;0;32;40;53;59;46;50;49;66;75;68;69;72;0;No;No;No
5159;4;3;12;14;5;16;22;26;25;29;33;35;0;43;37;46;60;56;54;48;69;65;75;66;67;0;No;No;No
5160;7;3;6;8;15;26;23;17;22;24;39;33;0;41;38;51;52;56;49;50;67;70;65;73;63;0;No;No;No
5161;4;5;8;3;14;22;23;27;24;18;38;33;0;36;42;51;58;47;54;57;75;68;62;65;64;0;No;No;No
5162;14;5;13;2;1;21;19;20;27;23;32;45;0;31;33;49;52;48;50;53;71;63;68;65;69;0;No;No;No
5163;9;1;13;5;14;20;30;24;19;22;35;39;0;37;42;52;47;56;58;54;70;69;73;71;72;0;No;No;No
5164;8;3;1;7;6;17;20;23;28;22;31;43;0;41;36;54;59;48;49;60;61;64;68;73;74;0;No;No;No
5165;10;8;12;7;13;30;27;24;25;22;34;43;0;45;36;46;53;59;54;56;67;66;71;74;65;0;No;No;No
5166;15;4;10;11;14;27;24;20;30;17;44;36;0;33;45;54;50;47;56;48;62;74;61;70;68;0;No;No;No
5167;11;15;4;8;7;21;26;29;27;16;45;40;0;33;36;48;57;46;54;49;69;73;72;63;62;0;No;No;No
5168;6;4;10;14;1;20;17;19;23;21;38;41;0;44;43;50;54;60;47;57;73;63;65;66;72;0;No;No;No
5169;10;5;6;9;2;16;18;26;17;19;33;41;0;38;40;56;57;50;48;53;69;67;64;74;66;0;No;No;No
5170;9;15;8;5;7;28;24;30;25;22;41;36;0;31;37;46;59;49;60;58;63;68;62;71;70;0;No;No;No
5171;15;8;1;7;3;20;19;22;25;26;33;38;0;43;32;46;48;54;53;60;74;73;67;65;66;0;No;No;No
5172;5;4;8;9;2;29;22;16;24;27;42;33;0;36;41;47;50;51;54;55;67;63;69;65;62;0;No;No;No
5173;5;13;2;8;9;16;22;17;29;23;38;32;0;36;34;54;49;50;59;51;74;68;63;73;71;0;No;No;No
5174;8;12;4;13;9;20;18;30;28;22;40;34;0;37;42;55;51;54;57;56;74;62;69;61;68;0;No;No;No
5175;3;8;1;13;11;18;21;27;17;23;43;33;0;36;31;46;53;51;49;55;61;65;68;69;66;0;No;No;No
5176;5;7;11;10;13;22;17;21;20;16;39;38;0;32;36;48;46;59;51;58;62;74;65;73;69;0;No;No;No
5177;6;11;13;4;9;17;23;27;25;20;42;39;0;35;41;60;49;59;57;46;66;64;67;62;69;0;No;No;No
5178;13;1;9;7;15;16;26;30;29;19;33;40;0;34;38;52;59;56;54;51;73;63;69;62;70;0;No;No;No
5179;13;3;9;14;6;29;27;23;24;20;44;36;0;42;32;59;54;57;53;52;73;62;66;63;65;0;No;No;No
5180;3;5;13;12;14;16;28;24;20;19;44;40;0;41;38;51;58;57;46;60;69;67;68;73;72;0;No;No;No
5181;12;10;8;14;5;27;17;25;24;16;43;33;0;36;41;59;49;50;54;53;75;74;62;68;64;0;No;No;No
5182;7;9;11;4;2;19;18;20;21;25;34;39;0;33;43;52;59;49;54;57;64;75;65;72;63;0;No;No;No
5183;1;13;6;7;10;29;22;27;19;17;34;36;0;37;42;59;57;60;50;47;68;63;69;74;71;0;No;No;No
5184;5;14;2;7;4;29;17;16;19;20;42;33;0;37;35;57;49;47;51;54;66;68;67;70;65;0;No;No;No
5185;3;10;1;9;11;23;29;27;25;26;35;31;0;38;40;50;58;49;59;47;74;67;75;70;61;0;No;No;No
5186;7;3;11;8;15;21;20;23;18;16;31;42;0;38;32;57;54;60;53;46;73;68;65;67;64;0;No;No;No
5187;6;14;2;5;13;19;21;23;27;18;42;39;0;41;34;59;51;50;56;57;67;68;74;61;64;0;No;No;No
5188;9;1;11;8;13;27;30;20;16;22;41;44;0;36;37;50;53;46;49;58;66;64;69;65;62;0;No;No;No
5189;2;12;4;14;15;22;28;23;27;20;31;38;0;34;37;49;58;48;46;51;62;73;63;70;75;0;No;No;No
5190;10;8;9;14;12;23;24;16;22;20;43;41;0;39;40;46;47;58;53;56;68;66;73;74;65;0;No;No;No
5191;6;11;1;7;10;17;19;29;18;25;34;44;0;35;41;57;52;49;48;51;69;74;72;71;62;0;No;No;No
5192;10;8;7;1;6;26;25;22;20;28;32;38;0;34;31;55;57;59;60;46;74;70;63;66;72;0;No;No;No
5193;11;14;12;7;5;20;17;21;30;25;33;43;0;42;37;51;48;57;52;47;64;68;67;73;63;0;No;No;No
5194;9;1;14;11;6;17;22;18;24;16;31;42;0;38;37;58;56;55;51;52;74;61;66;62;70;0;No;No;No
5195;3;11;8;10;13;19;26;30;29;18;37;38;0;40;42;59;51;58;56;52;74;66;61;73;62;0;No;No;No
5196;13;3;8;4;9;30;27;28;26;29;43;31;0;33;41;58;55;49;59;60;65;72;67;66;64;0;No;No;No
5197;3;9;11;6;7;23;27;25;28;29;33;35;0;39;37;52;58;51;56;57;73;65;67;69;72;0;No;No;No
5198;8;14;3;2;11;17;29;23;28;21;35;43;0;34;36;46;49;56;54;59;69;70;71;65;66;0;No;No;No
5199;6;12;15;13;4;21;22;30;18;19;37;42;0;36;43;54;49;50;46;48;70;62;68;72;67;0;No;No;No
5200;7;10;1;12;13;27;29;21;20;24;43;33;0;40;37;55;52;54;47;60;66;75;73;65;61;0;No;No;No
5201;7;1;13;12;14;21;28;20;16;25;45;42;0;44;34;49;46;57;52;59;65;61;64;71;63;0;No;No;No
5202;14;13;8;10;4;19;27;21;23;20;33;36;0;37;34;53;60;55;52;46;73;62;67;69;74;0;No;No;No
5203;11;10;3;6;1;22;21;16;24;26;45;31;0;37;35;56;58;52;57;59;62;68;74;73;65;0;No;No;No
5204;5;8;6;10;14;23;28;22;16;25;36;41;0;44;43;50;51;48;56;58;65;70;73;61;63;0;No;No;No
5205;13;8;10;12;6;21;26;17;25;24;44;36;0;42;33;52;50;49;59;56;73;70;61;74;66;0;No;No;No
5206;3;15;10;6;13;25;29;26;18;17;31;34;0;38;33;49;58;51;48;59;67;74;68;75;61;0;No;No;No
5207;1;7;8;13;3;29;26;22;18;19;38;33;0;42;35;54;47;58;59;55;62;63;72;70;69;0;No;No;No
5208;11;12;14;2;6;19;27;25;22;28;41;39;0;35;36;60;48;47;53;50;67;72;74;71;62;0;No;No;No
5209;14;12;11;13;8;21;18;27;17;20;31;40;0;34;43;50;56;47;59;55;73;64;63;69;65;0;No;No;No
5210;5;2;3;14;13;17;24;26;21;22;33;44;0;41;36;50;55;46;48;59;62;68;69;73;64;0;No;No;No
5211;11;2;1;4;3;20;27;21;23;30;41;43;0;44;34;51;57;50;53;52;72;68;66;70;61;0;No;No;No
5212;1;6;10;2;9;25;18;20;29;28;37;42;0;41;33;53;60;47;57;51;67;68;74;71;75;0;No;No;No
5213;3;4;11;13;1;27;28;21;17;22;44;35;0;42;34;53;57;50;47;54;61;68;65;67;66;0;No;No;No
5214;13;8;12;10;6;25;28;24;26;18;36;35;0;32;41;59;58;56;53;54;64;72;74;70;67;0;No;No;No
5215;5;15;3;7;12;20;27;16;25;30;33;31;0;42;39;51;50;56;48;59;64;73;68;62;70;0;No;No;No
5216;3;8;6;12;4;28;23;26;27;20;43;45;0;33;40;53;56;55;46;49;67;66;68;74;70;0;No;No;No
5217;1;4;12;6;9;21;25;24;23;17;33;40;0;36;39;59;53;57;50;60;63;65;72;68;66;0;No;No;No
5218;12;6;11;3;1;19;30;16;25;23;41;31;0;35;39;49;51;56;59;52;72;69;73;74;68;0;No;No;No
5219;4;5;2;9;1;29;27;17;18;22;36;41;0;35;37;56;48;58;49;46;63;74;73;70;68;0;No;No;No
5220;13;14;5;12;1;21;24;28;19;25;33;35;0;44;42;57;46;59;60;48;64;73;69;74;70;0;No;No;No
5221;14;12;7;5;6;25;18;19;21;28;33;44;0;40;41;48;50;58;56;49;72;64;65;74;71;0;No;No;No
5222;8;11;2;10;7;23;29;21;25;30;38;35;0;44;41;58;51;49;53;56;65;61;68;73;64;0;No;No;No
5223;6;2;11;1;7;27;30;25;19;21;38;33;0;42;43;51;54;53;48;52;61;67;64;71;63;0;No;No;No
5224;12;11;5;8;3;29;28;27;20;22;44;41;0;36;35;56;47;53;48;54;63;67;72;65;71;0;No;No;No
5225;4;10;7;1;14;22;19;24;27;18;38;35;0;32;33;54;47;60;58;59;73;64;75;63;68;0;No;No;No
5226;7;3;8;4;9;21;17;25;24;16;31;37;0;42;33;60;51;46;55;54;64;65;71;68;66;0;No;No;No
5227;5;2;14;12;11;19;30;28;25;21;40;42;0;37;43;49;58;57;46;51;64;73;71;65;70;0;No;No;No
5228;6;11;2;8;9;19;16;27;21;20;44;31;0;39;43;50;60;48;53;49;73;74;61;71;68;0;No;No;No
5229;8;6;5;14;2;27;19;24;30;20;36;43;0;37;42;54;51;52;60;57;64;70;73;69;68;0;No;No;No
5230;15;4;7;13;10;22;20;23;28;18;41;37;0;36;38;56;48;59;51;53;73;72;70;63;74;0;No;No;No
5231;1;11;6;4;7;27;28;29;22;26;44;33;0;36;45;59;50;58;47;46;73;75;67;61;70;0;No;No;No
5232;11;6;5;3;2;27;29;22;26;20;31;36;0;37;32;58;55;51;57;59;62;70;61;67;71;0;No;No;No
5233;9;5;3;14;2;26;19;22;20;27;34;33;0;42;43;55;59;46;48;54;71;63;62;69;66;0;No;No;No
5234;5;9;13;2;11;20;17;22;23;19;44;38;0;31;39;57;58;55;51;47;65;71;64;62;63;0;No;No;No
5235;4;9;11;14;2;26;25;27;24;28;37;34;0;40;41;54;51;57;48;56;72;74;70;67;75;0;No;No;No
5236;6;9;7;1;15;24;19;25;21;20;40;39;0;44;34;56;48;55;58;59;62;72;61;63;67;0;No;No;No
5237;14;11;3;7;5;17;16;28;27;20;37;35;0;45;33;51;52;49;59;46;72;74;62;66;65;0;No;No;No
5238;13;1;3;14;4;19;27;21;17;20;36;41;0;45;35;59;55;46;51;54;63;66;70;71;74;0;No;No;No
5239;7;3;6;12;8;22;26;18;27;20;33;36;0;39;34;55;51;57;56;54;65;68;74;73;63;0;No;No;No
5240;12;8;2;3;6;23;22;25;19;26;33;42;0;38;40;58;54;48;50;52;73;68;65;72;74;0;No;No;No
5241;12;8;10;13;3;17;26;29;23;19;44;39;0;36;33;52;58;54;49;56;74;75;64;62;67;0;No;No;No
5242;7;5;3;2;4;17;22;18;20;26;33;34;0;32;42;59;58;46;53;60;66;74;71;67;62;0;No;No;No
5243;3;12;5;9;11;18;28;26;30;23;41;31;0;35;44;50;51;52;60;59;71;73;62;66;63;0;No;No;No
5244;10;6;12;7;15;29;23;28;17;30;31;37;0;36;34;51;47;55;58;53;65;73;72;61;63;0;No;No;No
5245;6;3;12;11;7;27;30;28;23;25;38;34;0;31;33;47;51;53;55;60;61;66;72;73;68;0;No;No;No
5246;3;5;10;14;2;25;17;18;24;20;44;33;0;39;35;57;55;46;47;58;74;72;73;65;71;0;No;No;No
5247;14;9;4;13;5;28;25;26;27;17;44;38;0;41;33;57;60;59;52;50;72;68;69;63;74;0;No;No;No
5248;11;10;1;3;7;28;18;25;16;24;39;32;0;35;34;60;54;51;49;52;66;61;74;71;70;0;No;No;No
5249;5;15;10;14;8;17;19;18;26;25;39;42;0;38;43;59;49;58;48;46;72;74;66;61;69;0;No;No;No
5250;4;1;7;13;15;17;24;21;25;22;39;44;0;45;42;53;55;58;47;50;61;72;70;73;65;0;No;No;No
5251;10;11;7;3;4;16;21;27;29;28;39;40;0;35;44;55;52;51;50;57;65;64;70;69;63;0;No;No;No
5252;1;9;14;5;13;23;24;26;19;20;42;36;0;40;31;50;59;52;54;46;74;65;73;63;67;0;No;No;No
5253;2;4;1;15;13;25;30;17;21;27;39;40;0;32;41;46;54;52;50;58;68;62;70;71;66;0;No;No;No
5254;3;4;11;15;2;28;22;27;23;30;42;44;0;37;31;46;57;50;51;53;73;68;70;71;66;0;No;No;No
5255;3;10;1;7;13;28;20;29;26;17;31;36;0;37;32;51;49;54;57;56;68;67;62;65;61;0;No;No;No
5256;12;9;3;15;1;23;21;17;26;18;41;35;0;38;31;59;55;54;53;58;61;66;62;70;64;0;No;No;No
5257;8;4;15;3;6;22;27;16;24;28;38;41;0;39;43;47;58;52;49;54;69;67;63;64;72;0;No;No;No
5258;3;5;14;7;1;23;28;20;19;17;38;36;0;40;35;60;46;58;59;51;67;71;72;63;69;0;No;No;No
5259;8;7;14;4;9;16;22;30;17;20;36;37;0;40;35;52;46;48;50;59;66;68;62;71;63;0;No;No;No
5260;7;10;5;9;15;24;29;22;27;21;34;43;0;38;33;53;46;52;57;58;74;65;70;63;72;0;No;No;No
5261;5;2;1;14;7;28;21;26;25;22;43;41;0;35;42;53;56;58;51;49;62;74;63;65;68;0;No;No;No
5262;6;2;4;7;3;18;20;28;19;25;33;45;0;41;37;59;50;53;52;48;63;69;71;62;67;0;No;No;No
5263;2;3;4;12;14;24;29;20;22;23;42;38;0;39;41;46;52;51;57;54;61;74;70;63;64;0;No;No;No
5264;11;4;6;1;14;27;22;23;17;30;40;44;0;32;31;56;50;59;55;48;74;68;63;70;73;0;No;No;No
5265;12;15;6;7;9;18;26;20;27;16;34;43;0;41;35;56;51;52;53;58;69;70;73;68;61;0;No;No;No
5266;2;9;11;3;6;19;28;27;24;26;40;45;0;36;38;51;55;46;54;57;63;65;72;70;69;0;No;No;No
5267;2;15;1;13;5;29;19;27;20;25;44;31;0;33;41;55;51;52;47;46;67;62;69;74;72;0;No;No;No
5268;2;4;13;14;5;25;18;29;19;17;45;41;0;31;44;57;55;46;51;52;73;71;61;62;67;0;No;No;No
5269;8;11;2;4;1;21;27;28;18;24;44;38;0;33;42;50;59;58;56;55;67;62;61;73;74;0;No;No;No
5270;2;7;13;12;4;16;25;26;24;30;35;38;0;43;33;53;52;50;47;60;62;70;71;69;64;0;No;No;No
5271;2;3;14;1;9;16;29;18;20;17;34;38;0;32;40;47;53;57;55;49;64;67;75;68;62;0;No;No;No
5272;12;14;13;8;1;19;21;24;26;20;39;44;0;45;38;50;60;47;46;59;61;64;66;72;63;0;No;No;No
5273;9;13;1;12;11;29;24;25;16;23;43;36;0;32;38;54;59;53;55;47;70;75;66;63;69;0;No;No;No
5274;12;11;8;10;4;18;17;29;19;24;39;41;0;34;43;49;59;54;47;53;70;72;66;62;67;0;No;No;No
5275;6;13;9;15;7;26;22;19;28;20;33;40;0;44;42;50;58;55;47;57;66;64;74;70;63;0;No;No;No
5276;8;13;3;1;4;20;30;17;28;18;32;43;0;44;35;46;51;53;49;47;74;69;71;73;65;0;No;No;No
5277;5;6;3;13;9;26;24;18;22;27;41;42;0;43;38;52;53;57;59;48;67;66;62;72;71;0;No;No;No
5278;8;6;15;11;5;21;17;25;20;18;38;44;0;39;40;55;54;52;47;60;62;66;65;70;61;0;No;No;No
5279;12;8;15;2;14;23;25;17;20;28;43;34;0;31;42;51;52;56;49;53;65;69;61;63;73;0;No;No;No
5280;2;3;6;10;4;19;18;25;27;30;32;37;0;34;44;49;48;59;54;46;66;74;68;61;63;0;No;No;No
5281;4;1;3;7;12;20;23;18;28;27;41;44;0;38;36;49;56;54;55;53;67;69;65;72;68;0;No;No;No
5282;9;14;5;8;11;17;22;21;26;29;41;39;0;34;36;52;56;59;46;55;69;70;63;72;71;0;No;No;No
5283;4;14;13;3;1;21;27;30;17;22;36;34;0;38;37;47;51;46;48;60;72;70;63;62;65;0;No;No;No
5284;1;15;11;10;7;19;28;29;20;24;33;31;0;44;38;58;49;52;48;57;62;66;67;75;70;0;No;No;No
5285;14;5;11;6;12;25;16;23;19;20;43;35;0;42;33;53;54;50;55;57;63;70;71;74;67;0;No;No;No
5286;7;12;6;10;3;18;28;27;16;29;33;43;0;38;34;57;58;49;59;52;70;74;72;67;75;0;No;No;No
5287;12;10;2;1;3;17;21;18;19;29;43;36;0;32;42;54;57;58;48;59;62;71;68;74;73;0;No;No;No
5288;5;6;10;2;12;30;25;23;27;17;45;41;0;33;34;56;50;48;53;47;61;74;72;73;64;0;No;No;No
5289;3;7;2;12;9;30;21;22;28;16;38;43;0;39;42;55;52;58;50;46;62;61;65;74;69;0;No;No;No
5290;2;3;12;10;11;22;29;26;16;24;33;38;0;42;34;54;47;49;46;52;72;74;68;69;61;0;No;No;No
5291;13;7;3;2;15;20;19;25;22;26;40;41;0;31;38;47;55;48;60;56;70;65;66;71;64;0;No;No;No
5292;5;4;9;12;11;28;26;30;17;25;31;39;0;42;38;50;53;60;56;58;69;64;70;74;65;0;No;No;No
5293;5;15;3;8;12;28;24;25;26;27;43;33;0;31;37;52;53;59;54;49;65;64;74;68;61;0;No;No;No
5294;9;8;14;11;15;30;18;19;25;21;38;40;0;34;39;51;48;58;47;46;71;62;68;64;72;0;No;No;No
5295;9;13;10;6;7;18;16;24;17;20;42;39;0;38;37;49;48;52;53;56;72;64;62;75;71;0;No;No;No
5296;5;11;7;3;8;24;21;29;20;17;34;37;0;40;41;53;52;49;46;58;65;72;66;69;74;0;No;No;No
5297;7;2;8;9;15;25;30;23;29;21;36;43;0;33;32;53;47;59;48;50;74;69;72;62;73;0;No;No;No
5298;14;3;15;5;4;24;26;18;27;28;35;34;0;40;42;52;57;55;54;48;61;74;62;68;65;0;No;No;No
5299;13;8;3;2;6;18;25;28;23;29;34;39;0;38;32;59;46;52;50;54;62;63;67;65;70;0;No;No;No
5300;10;14;5;6;8;24;21;27;23;28;37;35;0;44;40;58;52;49;48;54;62;67;73;72;69;0;No;No;No
5301;2;8;10;9;4;16;25;22;23;24;43;32;0;36;37;48;52;46;60;54;71;66;72;68;70;0;No;No;No
5302;10;2;6;8;5;27;29;18;19;22;42;33;0;39;31;56;46;55;54;51;69;67;74;73;61;0;No;No;No
5303;11;1;7;8;4;21;16;27;22;20;40;39;0;43;44;51;46;56;57;54;63;68;64;70;61;0;No;No;No
5304;12;13;1;7;3;18;23;17;27;28;37;38;0;33;41;46;58;50;57;59;73;69;61;72;68;0;No;No;No
5305;6;8;2;12;1;28;29;23;19;26;37;36;0;39;44;52;46;59;49;48;70;72;68;71;61;0;No;No;No
5306;7;2;9;13;12;16;28;19;18;20;31;35;0;41;36;56;55;51;48;49;62;72;63;64;67;0;No;No;No
5307;9;8;4;11;5;25;20;28;21;23;40;31;0;35;44;53;60;47;56;55;66;75;65;71;64;0;No;No;No
5308;14;4;9;6;1;24;27;22;25;23;33;31;0;41;39;48;47;46;55;59;73;72;62;71;67;0;No;No;No
5309;7;13;12;2;10;17;26;29;21;28;40;38;0;41;32;56;49;46;54;50;63;66;73;69;70;0;No;No;No
5310;8;4;11;12;14;26;16;24;28;25;32;34;0;35;41;58;60;53;48;49;71;69;61;64;65;0;No;No;No
5311;12;9;8;6;11;26;25;24;17;30;32;38;0;40;42;47;51;54;57;53;63;73;69;66;74;0;No;No;No
5312;1;10;8;9;4;22;26;16;19;18;40;32;0;34;44;60;57;50;59;47;61;67;68;74;66;0;No;No;No
5313;7;8;10;1;11;21;24;20;17;22;40;35;0;44;34;56;57;51;46;49;62;74;73;67;65;0;No;No;No
5314;1;4;3;14;9;18;20;29;19;23;43;44;0;42;37;55;59;49;60;51;67;64;70;72;65;0;No;No;No
5315;5;6;1;2;14;16;23;19;26;24;37;42;0;39;40;49;58;56;47;57;70;74;68;73;65;0;No;No;No
5316;12;3;14;5;15;26;16;21;29;19;31;32;0;41;36;57;53;54;50;47;65;64;67;62;71;0;No;No;No
5317;9;3;13;14;7;24;29;27;28;23;35;34;0;37;31;55;54;46;57;52;69;67;63;62;65;0;No;No;No
5318;3;7;10;15;12;23;20;27;29;21;41;40;0;37;35;58;54;49;46;56;63;73;66;65;61;0;No;No;No
5319;7;1;12;6;11;20;23;25;27;19;39;36;0;38;33;52;50;46;57;59;61;70;73;66;74;0;No;No;No
5320;10;3;4;6;2;24;28;22;27;29;31;41;0;39;44;56;57;50;58;51;71;74;68;65;70;0;No;No;No
5321;4;2;9;10;12;17;18;28;20;16;39;41;0;38;34;56;51;59;49;54;66;72;73;68;63;0;No;No;No
5322;5;2;12;1;13;29;24;21;26;23;31;32;0;34;41;51;47;46;50;49;67;63;62;73;66;0;No;No;No
5323;3;13;9;4;2;17;23;19;21;22;43;40;0;45;36;48;57;54;51;50;65;74;70;67;69;0;No;No;No
5324;12;9;14;10;15;19;21;23;28;18;34;35;0;40;39;46;51;55;54;47;67;71;74;68;61;0;No;No;No
5325;6;8;4;9;3;23;27;24;22;18;31;40;0;38;44;56;57;58;55;47;64;71;62;61;69;0;No;No;No
5326;3;6;14;4;8;21;28;23;19;29;37;41;0;39;38;55;54;59;53;51;67;74;68;66;63;0;No;No;No
5327;10;11;9;8;6;24;20;21;29;28;39;43;0;37;32;48;53;50;55;57;70;68;67;62;61;0;No;No;No
5328;4;12;14;13;3;27;23;29;16;28;35;31;0;40;44;54;48;59;47;55;67;69;73;64;70;0;No;No;No
5329;15;10;11;4;7;17;27;29;30;23;37;41;0;44;32;47;53;46;48;51;68;73;66;69;72;0;No;No;No
5330;6;2;1;4;9;26;25;29;23;20;31;41;0;42;40;58;57;50;56;53;63;69;66;67;68;0;No;No;No
5331;2;6;12;10;7;21;18;24;30;28;40;34;0;33;43;58;52;55;53;48;64;69;61;65;62;0;No;No;No
5332;5;6;4;12;3;20;17;16;23;21;36;37;0;31;44;60;48;51;58;50;72;69;71;67;64;0;No;No;No
5333;1;6;2;13;8;25;16;24;26;23;40;37;0;34;31;57;50;56;58;53;62;63;61;69;74;0;No;No;No
5334;3;11;10;8;13;20;30;24;28;21;34;42;0;31;35;47;54;52;50;49;71;70;64;73;61;0;No;No;No
5335;6;7;1;14;3;21;19;25;18;28;39;41;0;37;35;46;53;49;48;51;69;66;72;74;63;0;No;No;No
5336;1;2;10;9;3;24;20;21;18;25;35;32;0;37;44;56;57;55;54;51;69;63;71;62;68;0;No;No;No
5337;7;3;8;10;2;16;26;17;29;30;35;44;0;43;38;55;56;46;51;59;71;69;63;68;65;0;No;No;No
5338;3;6;2;8;1;25;30;23;29;24;35;36;0;41;37;48;49;52;56;55;70;66;71;67;73;0;No;No;No
5339;11;12;2;13;3;16;21;20;19;23;43;36;0;44;38;54;47;46;59;51;65;73;70;71;67;0;No;No;No
5340;4;1;13;6;3;20;27;23;17;28;41;36;0;39;37;48;54;53;51;60;74;64;69;67;70;0;No;No;No
5341;13;11;5;10;6;24;26;20;18;25;44;41;0;31;33;56;55;59;57;46;63;72;70;73;66;0;No;No;No
5342;9;13;7;14;8;19;22;20;24;18;34;43;0;33;41;48;53;51;52;57;61;68;73;63;72;0;No;No;No
5343;9;3;2;5;6;19;24;18;20;26;38;39;0;40;32;51;53;49;47;55;71;70;61;72;64;0;No;No;No
5344;3;9;12;8;14;22;24;18;30;27;35;42;0;40;32;59;55;57;48;60;73;61;63;68;70;0;No;No;No
5345;9;8;2;13;15;27;16;28;22;21;42;36;0;45;32;58;47;46;48;56;63;73;61;69;65;0;No;No;No
5346;5;1;11;10;15;28;21;19;18;30;39;40;0;44;33;50;46;60;47;58;68;63;65;70;74;0;No;No;No
5347;6;1;5;7;4;19;24;23;30;18;33;41;0;34;39;57;53;60;56;49;63;64;70;72;71;0;No;No;No
5348;9;10;11;15;2;30;18;27;16;23;43;38;0;34;40;52;58;57;54;60;64;68;73;74;70;0;No;No;No
5349;15;2;1;14;8;16;22;28;25;21;36;37;0;35;33;46;55;57;49;58;67;62;64;63;71;0;No;No;No
5350;4;2;5;14;1;24;27;30;23;20;42;36;0;40;39;51;54;58;47;50;70;63;65;72;62;0;No;No;No
5351;12;9;2;1;4;17;21;16;23;27;39;33;0;31;45;46;51;56;49;59;69;65;72;67;62;0;No;No;No
5352;2;9;3;12;5;17;16;20;21;30;43;33;0;42;34;54;46;55;49;47;66;74;72;71;67;0;No;No;No
5353;9;8;11;3;10;27;17;19;28;23;33;38;0;36;35;49;57;46;55;58;61;73;63;69;74;0;No;No;No
5354;14;3;2;5;10;27;28;21;18;30;41;42;0;38;33;57;47;55;58;46;70;69;64;66;62;0;No;No;No
5355;12;5;8;7;11;29;22;17;19;27;36;32;0;39;33;58;52;47;48;54;72;66;68;71;61;0;No;No;No
5356;2;10;1;7;5;23;21;27;20;19;44;39;0;32;36;54;52;49;50;59;68;65;71;67;61;0;No;No;No
5357;5;8;6;4;11;26;23;22;19;21;33;43;0;40;32;48;54;59;58;47;69;61;72;65;63;0;No;No;No
5358;3;10;4;8;14;20;30;26;18;23;42;40;0;41;31;55;48;56;52;50;73;69;68;64;67;0;No;No;No
5359;6;12;13;3;10;24;19;20;27;17;41;39;0;32;40;51;55;53;58;54;63;68;74;75;62;0;No;No;No
5360;12;14;8;7;3;21;18;23;30;22;34;42;0;33;32;60;58;46;57;49;64;69;63;66;74;0;No;No;No
5361;11;5;12;4;10;16;27;19;30;28;37;32;0;31;33;52;58;57;50;53;61;62;66;65;67;0;No;No;No
5362;1;2;6;9;12;25;20;16;17;18;31;44;0;38;32;51;46;47;58;59;61;70;63;64;62;0;No;No;No
5363;3;4;13;9;7;27;28;23;29;26;43;36;0;41;38;52;50;48;57;60;69;63;65;70;64;0;No;No;No
5364;7;11;12;3;1;24;28;21;29;30;35;40;0;36;38;49;56;47;58;53;70;73;63;66;71;0;No;No;No
5365;11;3;9;10;1;27;24;23;25;30;38;33;0;40;39;47;52;57;48;54;73;70;61;66;75;0;No;No;No
5366;9;4;12;14;8;18;17;30;24;29;36;39;0;35;41;55;51;47;53;57;68;63;71;70;62;0;No;No;No
5367;12;7;5;1;9;27;23;17;26;28;42;31;0;40;45;52;49;58;50;54;65;62;70;69;72;0;No;No;No
5368;4;14;2;3;15;21;23;25;24;16;39;37;0;31;44;47;54;58;59;57;63;66;75;69;70;0;No;No;No
5369;12;2;14;6;5;19;25;16;27;17;44;35;0;33;37;59;46;48;56;60;62;73;66;68;69;0;No;No;No
5370;14;5;8;7;13;28;27;29;16;23;38;35;0;45;39;55;54;51;47;46;74;69;61;66;70;0;No;No;No
5371;8;9;14;10;4;16;27;21;23;28;33;44;0;41;42;59;53;48;57;54;68;66;62;72;67;0;No;No;No
5372;12;6;7;9;4;25;28;30;16;20;43;36;0;35;45;47;46;51;59;53;61;71;66;73;75;0;No;No;No
5373;15;10;2;6;7;17;18;24;16;26;32;35;0;31;34;58;48;53;54;51;67;74;62;63;70;0;No;No;No
5374;7;11;3;4;6;24;30;27;22;18;31;45;0;43;41;51;46;49;58;50;61;67;64;66;69;0;No;No;No
5375;10;9;11;4;1;19;25;24;26;27;36;33;0;43;41;50;51;47;53;54;66;61;65;70;74;0;No;No;No
5376;9;11;2;12;14;21;27;26;23;29;41;40;0;33;34;55;50;47;46;51;75;74;71;66;68;0;No;No;No
5377;14;1;12;7;6;28;30;18;17;21;35;43;0;33;45;60;59;48;55;51;63;71;70;65;62;0;No;No;No
5378;1;11;10;14;7;20;27;19;23;30;43;41;0;37;34;59;57;55;58;54;66;72;61;62;64;0;No;No;No
5379;13;1;9;3;8;28;29;26;20;16;42;39;0;32;31;46;47;56;50;58;73;69;64;66;74;0;No;No;No
5380;5;4;6;8;13;28;18;29;17;19;42;43;0;35;37;53;58;46;54;57;72;66;61;69;63;0;No;No;No
5381;10;6;7;5;14;28;22;23;21;30;44;31;0;45;36;56;53;54;60;47;62;69;61;64;65;0;No;No;No
5382;6;4;5;10;13;27;23;21;22;20;38;31;0;36;35;58;59;60;46;52;68;73;64;67;72;0;No;No;No
5383;8;12;11;10;9;17;21;19;16;27;31;42;0;33;44;52;46;53;47;54;69;67;72;65;63;0;No;No;No
5384;8;1;9;12;3;19;29;30;27;20;44;31;0;43;45;54;51;53;58;57;72;67;62;61;71;0;No;No;No
5385;14;9;1;2;13;18;21;16;22;19;37;31;0;44;41;49;54;58;46;48;72;65;67;64;71;0;No;No;No
5386;3;12;14;15;5;19;22;24;16;18;36;42;0;43;45;54;56;50;49;57;68;63;72;66;70;0;No;No;No
5387;1;13;6;9;5;22;26;16;27;24;31;32;0;39;41;59;47;48;46;51;72;75;70;64;62;0;No;No;No
5388;6;4;13;12;5;28;16;21;20;29;31;43;0;45;37;57;46;55;59;58;61;64;74;71;68;0;No;No;No
5389;3;6;12;13;10;25;27;21;23;30;33;38;0;37;42;50;49;46;48;57;66;71;63;64;61;0;No;No;No
5390;4;9;1;15;12;19;27;21;28;24;34;35;0;38;37;48;56;50;49;55;61;68;65;67;62;0;No;No;No
5391;7;1;13;8;10;27;25;20;21;19;38;41;0;45;32;56;54;58;55;57;63;70;65;74;67;0;No;No;No
5392;4;10;12;14;11;21;18;27;22;25;42;32;0;33;43;46;60;49;59;54;71;62;74;65;70;0;No;No;No
5393;2;5;6;12;10;18;17;16;24;29;35;31;0;36;44;57;50;51;49;48;64;65;74;66;71;0;No;No;No
5394;14;13;11;6;15;22;19;21;28;26;44;40;0;36;33;50;57;60;51;53;68;73;65;64;71;0;No;No;No
5395;9;11;4;12;13;20;27;24;23;19;38;34;0;35;44;55;46;49;47;51;67;73;70;66;62;0;No;No;No
5396;4;6;11;5;1;23;17;28;27;24;34;44;0;39;36;55;52;49;59;60;68;63;65;73;62;0;No;No;No
5397;7;10;12;4;1;17;26;16;29;23;38;40;0;41;34;60;56;54;48;46;71;65;67;62;63;0;No;No;No
5398;5;1;12;9;13;29;16;25;23;17;31;40;0;39;42;59;54;51;52;48;65;64;73;63;68;0;No;No;No
5399;2;14;6;11;12;20;24;16;17;27;45;35;0;32;42;52;53;49;51;54;66;68;62;70;67;0;No;No;No
5400;7;2;13;9;5;25;21;17;20;16;43;37;0;38;35;55;49;50;46;56;67;65;72;73;64;0;No;No;No
5401;14;2;1;7;8;21;23;29;20;16;45;40;0;44;33;51;46;59;50;56;73;69;72;68;74;0;No;No;No
5402;1;2;10;3;8;29;27;19;17;26;32;31;0;35;38;55;51;53;47;48;68;71;64;73;67;0;No;No;No
5403;1;10;11;4;7;26;25;18;20;28;43;40;0;38;39;53;49;59;51;58;62;71;67;69;66;0;No;No;No
5404;7;13;1;11;10;28;18;29;22;19;36;34;0;33;37;49;51;54;55;58;62;74;75;72;71;0;No;No;No
5405;15;13;3;7;11;19;25;24;26;27;35;39;0;41;31;50;59;57;49;48;70;67;71;72;65;0;No;No;No
5406;5;4;13;14;1;29;19;24;28;21;39;31;0;42;40;46;47;58;60;51;70;75;66;71;73;0;No;No;No
5407;6;7;14;4;9;26;28;21;29;20;34;41;0;32;35;59;56;46;51;54;63;61;73;68;74;0;No;No;No
5408;7;8;11;9;13;21;19;23;28;24;35;33;0;32;34;52;46;56;59;53;66;73;63;72;62;0;No;No;No
5409;11;2;3;12;6;26;21;19;22;24;36;39;0;41;44;59;58;49;55;52;68;75;69;66;73;0;No;No;No
5410;6;8;2;4;10;17;27;16;18;28;43;32;0;45;44;57;55;60;56;48;66;74;62;67;72;0;No;No;No
5411;6;14;8;10;1;17;26;27;19;20;41;43;0;38;35;50;46;53;57;59;73;72;65;64;69;0;No;No;No
5412;8;12;2;1;14;24;28;16;19;21;42;40;0;33;35;51;46;48;52;49;73;69;64;66;61;0;No;No;No
5413;15;10;7;2;14;23;18;26;25;24;32;44;0;40;31;48;59;53;55;60;64;70;63;68;69;0;No;No;No
5414;6;11;8;9;12;16;19;24;20;18;31;35;0;44;40;53;47;56;51;49;61;71;64;66;74;0;No;No;No
5415;4;3;2;7;9;19;21;22;24;28;35;40;0;31;41;56;55;52;47;50;74;63;69;68;61;0;No;No;No
5416;2;14;5;11;15;26;25;28;21;29;40;34;0;33;42;55;48;56;60;57;69;75;64;71;63;0;No;No;No
5417;12;7;8;9;4;17;24;16;19;27;38;42;0;33;43;58;60;49;57;52;68;67;66;61;72;0;No;No;No
5418;12;15;14;6;3;18;16;19;20;24;44;38;0;35;31;59;47;46;54;56;72;71;67;66;63;0;No;No;No
5419;4;11;13;14;3;29;17;26;27;28;31;35;0;32;41;46;52;49;55;51;72;64;71;73;61;0;No;No;No
5420;1;12;7;3;5;19;16;25;21;20;38;44;0;42;31;57;51;60;46;48;63;68;62;72;65;0;No;No;No
5421;3;4;11;5;6;16;30;27;23;29;35;37;0;39;38;50;53;55;59;58;72;71;75;61;73;0;No;No;No
5422;7;12;4;8;9;25;26;24;19;23;43;38;0;31;36;60;58;56;52;47;61;68;70;75;72;0;No;No;No
5423;10;14;3;1;6;22;23;18;27;24;37;41;0;33;43;55;49;48;52;59;69;75;65;67;62;0;No;No;No
5424;14;7;11;1;2;21;16;26;25;17;38;31;0;41;40;59;46;49;54;57;74;71;66;65;62;0;No;No;No
5425;1;7;11;12;9;16;22;23;17;25;35;40;0;32;42;58;51;53;57;56;74;71;72;67;63;0;No;No;No
5426;13;6;7;5;14;29;19;21;16;23;44;40;0;34;37;56;54;47;50;51;66;61;70;69;64;0;No;No;No
5427;5;12;4;10;7;28;26;21;25;17;41;39;0;33;44;60;48;59;52;51;72;73;69;64;66;0;No;No;No
5428;1;13;12;15;6;23;24;16;28;26;38;33;0;39;41;54;56;53;50;52;67;61;66;68;62;0;No;No;No
5429;12;3;10;1;4;17;25;30;29;19;43;36;0;41;31;56;51;47;58;59;75;68;64;72;66;0;No;No;No
5430;10;6;5;2;12;27;16;25;29;26;32;35;0;43;37;54;53;50;49;57;74;67;73;70;65;0;No;No;No
5431;2;3;8;9;5;19;17;29;16;25;33;41;0;39;44;57;48;51;53;55;68;66;72;74;62;0;No;No;No
5432;2;14;8;4;6;25;19;20;24;23;36;35;0;39;31;52;56;51;50;54;64;70;61;73;71;0;No;No;No
5433;14;6;11;3;4;20;17;21;22;16;40;32;0;44;37;56;51;46;54;50;65;69;75;73;61;0;No;No;No
5434;8;9;6;10;12;22;28;21;26;23;36;43;0;40;38;52;51;47;57;54;67;63;69;72;75;0;No;No;No
5435;5;9;13;12;6;19;21;22;26;25;35;37;0;34;31;49;58;46;60;48;63;74;64;73;62;0;No;No;No
5436;5;9;4;14;6;18;23;21;27;26;41;34;0;40;38;51;53;50;52;49;69;73;62;71;64;0;No;No;No
5437;10;3;6;5;4;16;23;19;26;18;38;44;0;37;34;58;54;59;46;53;62;68;64;69;61;0;No;No;No
5438;14;7;5;3;12;20;23;17;29;28;43;32;0;37;36;51;52;55;57;49;68;66;74;63;75;0;No;No;No
5439;11;9;10;5;8;29;26;25;17;20;32;41;0;44;43;54;48;56;51;55;70;66;71;64;68;0;No;No;No
5440;5;6;11;3;15;27;20;29;22;16;40;32;0;33;31;59;47;55;46;48;73;61;70;71;63;0;No;No;No
5441;3;2;10;11;15;24;22;19;29;26;32;40;0;44;43;46;57;49;51;54;69;65;63;67;71;0;No;No;No
5442;7;14;15;8;1;23;16;25;21;18;34;31;0;41;44;52;54;46;57;47;70;68;69;74;63;0;No;No;No
5443;8;13;2;9;6;17;28;23;22;19;38;36;0;31;39;49;50;54;51;59;73;69;66;72;68;0;No;No;No
5444;15;2;11;1;7;18;19;25;29;27;33;42;0;37;44;52;54;57;50;59;62;72;70;75;74;0;No;No;No
5445;12;15;11;2;4;28;19;29;25;18;40;31;0;32;43;49;59;51;58;50;61;65;68;67;74;0;No;No;No
5446;14;11;5;2;9;19;28;22;17;23;32;45;0;35;40;49;56;54;53;46;69;73;74;68;72;0;No;No;No
5447;3;15;7;12;10;22;25;26;21;18;33;43;0;34;37;56;51;54;58;48;74;63;69;68;70;0;No;No;No
5448;10;9;12;4;8;22;18;19;17;27;32;34;0;40;36;48;59;46;53;52;72;71;61;64;62;0;No;No;No
5449;12;9;2;14;1;23;29;25;26;21;45;34;0;42;43;51;50;60;48;49;72;68;73;67;65;0;No;No;No
5450;9;14;4;13;12;25;16;29;21;22;35;43;0;37;40;50;49;57;59;52;61;66;62;64;65;0;No;No;No
5451;1;9;5;14;8;26;24;16;30;22;44;42;0;31;36;56;47;50;59;48;66;62;63;74;70;0;No;No;No
5452;11;7;6;1;8;25;18;23;28;26;42;34;0;39;44;49;50;58;56;55;68;71;62;67;64;0;No;No;No
5453;11;7;8;3;4;22;16;25;30;17;31;36;0;37;39;55;51;49;54;46;70;71;62;61;65;0;No;No;No
5454;8;11;9;2;13;19;22;21;30;29;42;38;0;40;34;55;56;58;51;48;74;68;63;71;62;0;No;No;No
5455;15;12;7;11;2;18;30;17;16;27;31;43;0;38;35;57;53;55;59;60;69;72;65;66;70;0;No;No;No
5456;11;2;9;1;8;28;19;22;18;27;35;31;0;43;45;53;56;58;49;52;75;69;66;62;73;0;No;No;No
5457;5;9;10;11;1;20;19;21;28;16;41;44;0;43;42;59;58;55;57;47;61;62;70;68;64;0;No;No;No
5458;5;9;11;1;7;23;30;24;22;18;45;34;0;32;40;48;54;50;58;57;69;61;66;67;74;0;No;No;No
5459;1;7;8;6;11;19;24;23;20;18;33;38;0;36;44;55;54;53;46;58;71;72;64;66;70;0;No;No;No
5460;1;10;12;2;14;19;23;16;17;24;35;39;0;41;32;52;54;46;49;56;62;63;64;70;66;0;No;No;No
5461;5;2;12;8;14;17;24;27;29;23;39;34;0;45;35;50;57;51;47;55;62;72;67;73;61;0;No;No;No
5462;9;13;2;11;8;25;16;24;17;18;37;35;0;34;32;49;55;48;52;53;74;65;62;71;72;0;No;No;No
5463;9;3;6;14;1;26;19;27;23;17;31;35;0;39;40;58;59;54;46;53;73;71;62;75;64;0;No;No;No
5464;6;14;13;3;12;24;26;27;23;22;41;32;0;39;42;46;48;52;50;59;70;68;73;61;69;0;No;No;No
5465;8;13;14;6;12;19;27;23;16;22;42;39;0;44;33;55;51;49;57;47;62;68;73;64;63;0;No;No;No
5466;14;10;7;8;13;19;29;28;24;20;31;39;0;34;44;46;56;48;50;55;66;68;62;64;69;0;No;No;No
5467;5;10;8;6;7;25;20;21;18;17;45;34;0;35;32;52;55;60;58;56;69;67;65;62;73;0;No;No;No
5468;5;14;11;6;12;23;21;27;26;30;41;31;0;38;44;52;56;48;57;54;74;65;71;63;73;0;No;No;No
5469;7;3;2;8;14;17;26;27;19;25;37;42;0;33;39;58;48;56;46;57;67;74;73;66;65;0;No;No;No
5470;8;13;2;9;14;27;30;17;16;20;40;32;0;44;33;46;60;49;48;52;72;63;69;64;66;0;No;No;No
5471;10;15;8;12;5;30;21;16;19;25;31;44;0;37;43;54;57;56;48;59;66;74;64;65;62;0;No;No;No
5472;4;6;8;10;2;25;18;24;27;23;31;42;0;40;36;59;52;49;57;47;71;66;63;73;74;0;No;No;No
5473;4;12;8;1;2;28;18;21;30;29;36;39;0;31;44;46;48;55;49;56;72;66;64;67;69;0;No;No;No
5474;11;7;2;10;12;18;21;25;22;27;31;45;0;42;44;53;52;58;56;55;63;69;64;68;61;0;No;No;No
5475;5;11;6;1;3;20;23;28;16;25;42;44;0;38;31;53;58;51;52;59;70;73;68;64;61;0;No;No;No
5476;3;11;6;4;14;25;27;23;21;29;39;35;0;44;33;59;57;47;48;52;73;62;61;74;69;0;No;No;No
5477;4;3;7;13;9;27;24;25;20;18;34;37;0;35;38;48;46;55;51;57;72;66;73;62;69;0;No;No;No
5478;15;4;5;6;2;20;23;22;17;26;36;34;0;43;44;59;60;50;46;48;72;62;64;65;63;0;No;No;No
5479;9;8;13;5;6;30;22;18;25;19;31;39;0;37;41;53;51;54;48;50;74;64;63;73;66;0;No;No;No
5480;4;12;2;9;14;17;24;26;20;16;44;31;0;41;42;47;50;59;57;51;69;67;63;64;74;0;No;No;No
5481;3;13;4;7;15;26;20;28;21;19;31;32;0;39;40;50;47;60;49;54;61;68;73;75;67;0;No;No;No
5482;7;3;12;4;10;20;28;24;17;27;40;32;0;34;38;47;57;60;55;58;70;71;62;73;74;0;No;No;No
5483;14;13;9;7;3;16;25;19;23;27;39;33;0;35;41;46;55;54;57;59;68;74;64;75;71;0;No;No;No
5484;13;7;14;6;11;21;27;28;18;17;32;36;0;37;42;52;47;58;59;57;65;61;69;71;67;0;No;No;No
5485;2;4;1;9;6;16;27;29;21;23;36;38;0;42;40;54;49;52;59;47;74;67;64;71;70;0;No;No;No
5486;6;12;1;10;15;19;24;29;22;28;38;36;0;37;33;52;54;56;49;46;64;61;68;73;65;0;No;No;No
5487;6;5;9;11;1;26;23;28;27;16;38;44;0;43;42;56;55;54;53;52;71;72;68;73;65;0;No;No;No
5488;15;11;8;12;14;17;25;20;18;26;39;38;0;33;37;59;52;54;48;58;69;67;73;71;61;0;No;No;No
5489;1;9;11;3;13;20;16;21;18;26;42;31;0;37;44;59;51;58;50;46;70;63;66;68;65;0;No;No;No
5490;10;4;14;8;6;26;27;23;20;29;39;35;0;42;38;48;52;53;56;58;71;74;65;61;62;0;No;No;No
5491;9;5;2;1;4;16;17;18;23;19;39;38;0;43;32;50;53;46;58;59;62;72;67;64;65;0;No;No;No
5492;8;7;3;2;5;18;23;20;24;21;31;42;0;32;37;51;54;55;46;57;75;61;67;62;65;0;No;No;No
5493;13;8;2;14;6;18;23;24;20;25;40;38;0;32;39;50;53;47;55;58;67;72;62;70;63;0;No;No;No
5494;11;7;13;10;8;28;26;18;19;22;43;39;0;33;40;51;53;60;46;55;75;68;64;63;65;0;No;No;No
5495;3;13;9;12;10;27;22;18;28;23;38;41;0;43;37;56;57;59;58;54;61;67;66;62;63;0;No;No;No
5496;2;15;6;1;11;25;18;27;20;30;32;43;0;39;36;47;48;53;52;58;68;61;63;72;65;0;No;No;No
5497;1;3;11;13;8;19;24;29;25;26;40;43;0;32;37;53;50;54;55;60;67;71;63;70;74;0;No;No;No
5498;5;11;2;4;6;20;22;17;30;23;45;40;0;38;41;46;51;60;47;54;65;72;61;66;64;0;No;No;No
5499;1;10;5;13;8;21;29;19;26;22;38;39;0;32;34;57;54;53;58;60;62;63;66;72;69;0;No;No;No
5500;1;5;3;13;2;22;25;17;28;19;38;32;0;39;41;48;51;58;47;54;62;67;68;69;70;0;No;No;No
5501;6;14;11;13;4;17;27;25;18;28;41;32;0;39;40;48;59;52;50;46;71;68;72;65;64;0;No;No;No
5502;10;14;1;2;9;19;27;29;24;16;33;37;0;44;45;47;59;51;56;52;64;63;72;62;73;0;No;No;No
5503;3;4;13;15;14;20;19;25;29;17;36;31;0;34;44;53;49;51;46;52;63;64;66;70;62;0;No;No;No
5504;1;14;15;6;11;19;22;21;24;26;37;38;0;44;34;46;59;51;50;56;73;70;63;67;61;0;No;No;No
5505;2;4;3;11;14;27;25;21;16;19;38;41;0;43;34;46;58;50;51;53;72;62;64;65;70;0;No;No;No
5506;12;6;3;9;4;23;20;19;26;24;42;44;0;43;41;56;55;51;57;52;66;63;64;73;71;0;No;No;No
5507;8;12;14;2;13;20;23;25;16;24;36;42;0;39;35;51;48;53;57;49;63;72;70;65;66;0;No;No;No
5508;3;6;11;13;2;28;19;21;29;16;34;45;0;37;42;54;55;57;49;52;72;67;73;64;70;0;No;No;No
5509;14;11;1;13;6;29;28;24;16;30;43;37;0;41;44;49;53;56;57;48;69;70;75;67;64;0;No;No;No
5510;9;6;11;12;1;21;20;30;16;24;34;35;0;40;38;47;56;52;57;51;64;65;62;72;69;0;No;No;No
5511;7;14;1;12;13;27;18;26;29;16;33;35;0;37;41;58;47;57;54;55;63;73;74;68;69;0;No;No;No
5512;4;8;11;12;5;23;16;21;25;24;35;37;0;38;44;54;49;56;46;53;63;69;71;62;70;0;No;No;No
5513;3;11;7;10;8;16;18;22;30;27;43;35;0;32;31;60;46;48;55;58;69;61;73;64;67;0;No;No;No
5514;3;1;9;6;13;26;18;28;19;27;34;32;0;41;37;48;46;51;58;53;68;72;74;66;71;0;No;No;No
5515;14;3;7;11;8;24;26;22;18;21;37;31;0;38;34;55;46;50;53;57;71;65;74;66;68;0;No;No;No
5516;11;7;15;9;1;20;19;23;17;28;40;39;0;34;37;59;47;53;51;57;65;64;68;62;73;0;No;No;No
5517;3;6;7;4;1;18;19;21;25;16;42;36;0;37;32;58;46;52;48;51;68;74;75;65;73;0;No;No;No
5518;11;9;12;8;5;17;30;19;27;22;37;36;0;32;40;49;47;54;46;56;71;67;66;61;75;0;No;No;No
5519;4;13;6;5;9;18;20;25;26;19;41;43;0;33;37;46;47;51;49;52;69;63;67;66;61;0;No;No;No
5520;7;6;9;11;8;26;17;25;20;29;44;42;0;31;36;52;55;56;47;50;73;70;75;74;62;0;No;No;No
5521;13;7;4;11;10;28;22;29;30;24;40;44;0;32;31;52;60;51;49;46;64;63;73;75;69;0;No;No;No
5522;1;8;3;9;11;27;18;21;19;28;39;43;0;40;34;56;54;48;52;59;71;64;65;69;72;0;No;No;No
5523;14;1;2;12;7;20;29;19;18;21;41;38;0;43;33;49;57;60;58;52;68;74;69;65;64;0;No;No;No
5524;2;3;5;14;7;18;17;29;28;26;38;35;0;45;31;46;52;47;59;57;75;63;71;61;69;0;No;No;No
5525;6;8;7;13;1;16;20;25;23;26;44;31;0;33;43;58;48;55;59;57;75;71;70;62;65;0;No;No;No
5526;13;1;2;14;6;17;19;23;18;24;40;44;0;37;42;50;59;47;48;57;70;72;71;61;67;0;No;No;No
5527;12;10;9;6;1;27;26;24;17;22;38;42;0;39;43;51;48;56;47;55;62;69;71;73;70;0;No;No;No
5528;13;10;12;9;1;26;16;22;28;24;36;45;0;31;38;46;50;47;59;53;68;70;64;72;75;0;No;No;No
5529;3;14;5;1;15;19;27;17;29;21;44;40;0;35;42;51;47;57;54;60;73;67;68;75;72;0;No;No;No
5530;2;4;13;3;14;27;19;30;29;20;36;32;0;41;33;48;59;47;53;51;63;69;71;61;70;0;No;No;No
5531;6;14;9;4;2;16;21;24;18;26;38;31;0;40;32;59;55;56;49;57;61;68;66;65;70;0;No;No;No
5532;6;2;13;9;8;17;23;25;22;29;31;41;0;42;43;51;56;53;47;48;70;72;66;69;62;0;No;No;No
5533;4;8;1;6;3;20;29;23;16;19;37;34;0;32;33;54;51;57;50;56;69;64;65;74;63;0;No;No;No
5534;7;12;13;10;14;30;23;29;28;21;39;42;0;45;35;53;50;48;49;52;62;71;69;68;72;0;No;No;No
5535;4;9;5;1;15;16;29;18;26;21;34;43;0;44;40;48;52;51;50;60;65;66;68;63;73;0;No;No;No
5536;11;1;3;14;10;23;17;25;20;30;37;36;0;41;44;53;57;49;54;51;64;73;69;74;63;0;No;No;No
5537;13;8;2;10;12;17;30;26;16;20;36;45;0;44;34;51;49;48;59;56;64;71;61;69;63;0;No;No;No
5538;11;7;2;3;6;28;19;21;22;17;44;43;0;41;33;57;52;56;59;50;74;71;72;67;64;0;No;No;No
5539;7;8;2;13;1;17;26;28;21;20;35;32;0;42;41;48;55;58;49;47;69;70;72;64;61;0;No;No;No
5540;9;3;1;7;4;16;23;17;25;20;43;38;0;40;32;56;47;50;60;52;73;66;68;74;63;0;No;No;No
5541;15;7;5;10;8;22;21;24;30;18;35;33;0;38;40;54;57;51;56;58;68;65;69;74;75;0;No;No;No
5542;4;8;3;7;11;16;25;29;21;23;45;33;0;35;36;50;59;52;56;53;71;61;73;72;66;0;No;No;No
5543;9;6;15;7;5;29;19;26;28;24;41;38;0;31;32;51;49;46;54;50;71;69;63;74;66;0;No;No;No
5544;1;9;14;15;2;17;20;22;18;19;41;31;0;38;44;46;50;54;48;53;70;64;73;75;67;0;No;No;No
5545;11;13;12;4;14;23;27;25;28;16;36;35;0;34;31;53;54;50;60;51;69;70;64;68;67;0;No;No;No
5546;2;12;10;13;1;19;28;30;22;20;40;34;0;43;38;46;57;58;52;54;68;69;67;63;61;0;No;No;No
5547;7;10;1;11;2;24;16;23;22;27;33;44;0;31;35;50;56;48;52;57;71;70;61;72;73;0;No;No;No
5548;3;8;12;9;2;18;17;26;24;29;38;32;0;44;35;54;58;48;60;57;61;74;71;63;73;0;No;No;No
5549;4;1;6;15;5;26;18;19;20;27;39;31;0;37;38;58;49;50;46;59;74;64;69;71;67;0;No;No;No
5550;11;5;14;6;12;25;30;26;19;18;41;42;0;43;36;55;57;46;49;50;62;73;75;67;71;0;No;No;No
5551;6;8;2;1;4;17;28;25;18;29;40;44;0;41;38;47;54;55;60;59;69;64;71;63;62;0;No;No;No
5552;7;8;13;2;4;16;21;28;18;22;37;34;0;31;45;60;49;53;58;52;66;71;74;63;70;0;No;No;No
5553;12;8;9;7;6;27;16;19;17;21;43;41;0;38;36;47;54;50;46;58;65;61;62;66;72;0;No;No;No
5554;5;1;14;2;9;28;19;24;17;20;42;38;0;44;31;53;52;51;58;56;70;75;72;71;74;0;No;No;No
5555;9;11;10;2;8;30;25;16;20;19;35;36;0;41;39;50;49;51;54;52;69;63;62;66;74;0;No;No;No
5556;10;1;11;3;8;26;17;27;18;28;38;44;0;33;43;58;55;47;57;48;69;66;74;65;73;0;No;No;No
5557;8;1;15;14;9;16;29;24;26;21;37;38;0;45;43;59;48;50;54;60;67;62;74;65;68;0;No;No;No
5558;11;1;7;5;2;19;28;29;23;26;41;45;0;31;38;52;47;60;59;49;67;72;70;62;65;0;No;No;No
5559;13;10;11;2;6;29;18;23;22;16;39;44;0;33;37;51;54;55;46;58;70;73;72;69;67;0;No;No;No
5560;5;10;8;1;12;28;27;23;16;30;38;37;0;34;36;54;60;57;59;48;63;71;62;72;69;0;No;No;No
5561;6;7;2;1;11;27;30;18;24;21;37;31;0;35;40;53;59;50;46;52;71;63;62;66;74;0;No;No;No
5562;13;11;5;4;7;28;16;23;27;29;36;40;0;32;33;55;59;48;49;50;65;71;63;68;70;0;No;No;No
5563;11;14;6;12;9;21;28;20;18;16;32;40;0;37;42;52;58;57;46;51;67;69;66;62;73;0;No;No;No
5564;1;2;13;7;9;16;20;22;23;25;38;42;0;40;43;53;59;51;58;56;63;68;69;62;66;0;No;No;No
5565;3;14;13;4;5;29;23;21;28;19;33;36;0;31;35;53;52;58;49;50;68;63;73;71;69;0;No;No;No
5566;10;2;4;9;11;23;26;27;29;18;44;34;0;36;32;47;52;56;48;50;75;68;71;70;69;0;No;No;No
5567;3;6;1;14;7;23;17;18;21;19;39;42;0;31;37;46;58;48;56;51;70;64;72;74;73;0;No;No;No
5568;15;7;11;2;8;25;24;20;29;28;34;37;0;31;33;50;57;53;55;49;71;67;61;73;75;0;No;No;No
5569;1;13;7;9;10;28;16;26;29;23;40;38;0;35;43;55;54;59;57;53;67;64;73;71;66;0;No;No;No
5570;4;3;9;7;5;28;17;29;22;27;31;40;0;42;44;59;55;50;49;57;69;71;74;62;64;0;No;No;No
5571;1;14;13;3;2;17;25;16;21;27;44;31;0;34;36;57;49;55;59;60;72;70;69;66;74;0;No;No;No
5572;10;7;5;8;2;16;29;24;27;22;32;39;0;34;40;58;46;52;59;49;68;63;64;66;62;0;No;No;No
5573;6;9;12;7;4;25;27;16;29;30;37;32;0;38;31;51;56;53;57;55;72;70;73;63;66;0;No;No;No
5574;2;13;6;9;1;29;18;21;27;24;44;38;0;32;42;54;58;52;56;55;71;72;63;65;64;0;No;No;No
5575;13;4;10;2;11;16;28;26;20;22;40;38;0;39;44;46;56;54;59;50;67;73;71;62;70;0;No;No;No
5576;10;5;11;8;14;22;23;28;24;25;36;40;0;45;43;59;47;50;51;56;64;71;62;65;66;0;No;No;No
5577;2;14;12;8;11;17;23;29;21;18;38;37;0;32;41;56;59;47;48;46;72;64;69;73;66;0;No;No;No
5578;10;1;12;14;11;22;18;20;25;29;35;41;0;36;39;46;56;51;53;50;70;61;67;68;72;0;No;No;No
5579;1;6;3;10;15;26;21;22;16;27;37;42;0;39;43;50;48;53;57;55;62;64;72;68;65;0;No;No;No
5580;9;11;6;5;14;27;20;21;17;22;45;42;0;34;31;59;56;55;50;51;72;74;67;62;71;0;No;No;No
5581;4;5;9;2;8;26;17;21;30;22;38;34;0;32;42;55;47;57;52;46;69;62;65;75;66;0;No;No;No
5582;3;4;6;10;2;29;25;19;28;21;42;37;0;34;44;53;50;57;54;51;66;64;69;62;63;0;No;No;No
5583;2;1;9;7;12;29;27;17;26;28;43;35;0;41;37;49;52;51;56;55;61;73;69;66;65;0;No;No;No
5584;6;1;3;12;10;22;16;18;20;26;41;38;0;35;37;58;50;56;59;55;67;61;62;71;73;0;No;No;No
5585;14;8;7;9;3;23;24;17;18;20;35;32;0;39;43;52;53;48;56;54;62;61;64;63;69;0;No;No;No
5586;9;10;11;12;4;16;28;30;22;27;41;32;0;42;44;56;47;54;46;52;69;63;72;75;62;0;No;No;No
5587;3;13;14;6;9;24;16;28;25;23;35;41;0;38;43;50;55;51;49;53;69;72;68;65;62;0;No;No;No
5588;13;2;3;14;15;22;28;17;19;18;33;37;0;32;36;46;57;48;49;56;72;65;69;74;68;0;No;No;No
5589;11;6;7;13;10;23;18;27;29;20;34;40;0;35;38;57;47;53;46;49;66;69;74;68;70;0;No;No;No
5590;8;11;1;15;3;19;17;20;16;29;34;36;0;37;33;46;59;55;52;60;74;67;65;66;75;0;No;No;No
5591;10;5;7;15;13;23;21;22;27;19;38;42;0;43;45;49;47;58;53;52;71;66;68;74;62;0;No;No;No
5592;15;2;1;3;4;17;16;28;21;27;32;39;0;45;36;51;59;57;50;49;63;74;75;66;62;0;No;No;No
5593;2;6;13;7;14;29;19;18;24;30;43;39;0;44;45;54;49;56;48;59;73;68;64;71;62;0;No;No;No
5594;15;10;7;11;4;27;25;29;23;21;35;37;0;41;39;47;59;57;48;60;71;61;67;63;65;0;No;No;No
5595;2;8;13;12;11;19;24;27;26;25;37;33;0;43;42;52;56;55;57;53;70;61;66;63;68;0;No;No;No
5596;12;8;11;14;2;27;21;16;28;30;44;34;0;41;36;46;53;47;58;50;62;68;72;71;70;0;No;No;No
5597;5;4;1;14;13;25;22;28;18;19;31;43;0;44;42;57;51;58;47;46;68;73;71;72;65;0;No;No;No
5598;9;12;8;14;7;23;29;17;21;18;38;44;0;31;43;58;52;60;46;54;61;63;71;65;72;0;No;No;No
5599;13;7;5;1;12;28;16;19;29;30;42;43;0;41;39;59;55;57;60;56;71;63;62;64;72;0;No;No;No
5600;13;6;5;14;9;27;17;29;20;25;44;33;0;41;36;48;55;59;46;57;72;62;66;74;70;0;No;No;No
5601;11;14;1;6;12;18;30;17;22;27;41;33;0;34;32;49;50;54;47;46;64;72;65;70;62;0;No;No;No
5602;7;8;5;2;12;19;28;27;24;16;44;37;0;32;36;56;51;58;52;55;61;65;62;63;64;0;No;No;No
5603;9;12;14;10;4;17;18;22;28;27;39;35;0;37;41;59;49;56;46;51;74;75;70;68;67;0;No;No;No
5604;3;7;2;1;10;22;25;29;21;26;32;36;0;44;35;51;54;50;48;55;74;63;65;70;68;0;No;No;No
5605;10;12;13;8;5;21;19;29;20;28;31;39;0;42;44;51;52;55;50;57;70;67;69;75;61;0;No;No;No
5606;8;10;13;9;3;25;24;28;16;23;40;45;0;38;31;51;59;49;48;53;70;61;72;71;64;0;No;No;No
5607;2;11;10;7;15;16;29;28;27;23;38;35;0;36;33;54;49;52;58;46;62;71;73;68;61;0;No;No;No
5608;1;6;9;2;13;18;29;24;22;21;32;37;0;42;31;48;47;59;54;46;66;65;72;70;61;0;No;No;No
5609;3;13;11;12;14;22;19;24;20;28;37;40;0;32;42;59;46;55;51;50;67;65;75;63;64;0;No;No;No
5610;9;10;6;8;7;24;25;30;21;23;37;39;0;42;36;54;53;50;55;56;61;75;63;72;65;0;No;No;No
5611;11;5;13;3;14;28;27;16;21;20;36;39;0;37;44;54;47;46;60;50;70;71;66;63;67;0;No;No;No
5612;2;3;14;7;10;23;18;24;26;30;31;44;0;34;42;48;54;58;47;57;65;64;72;71;68;0;No;No;No
5613;3;1;11;7;15;17;21;19;29;28;34;38;0;36;44;48;53;57;58;51;67;71;73;62;68;0;No;No;No
5614;12;6;2;13;8;21;25;28;18;29;35;40;0;36;38;47;59;54;56;46;74;66;72;73;68;0;No;No;No
5615;8;9;3;10;12;24;26;17;18;22;32;44;0;31;39;46;50;51;58;57;62;70;61;64;74;0;No;No;No
5616;8;12;3;14;11;17;22;23;27;19;37;36;0;31;39;48;57;59;56;55;61;65;74;72;73;0;No;No;No
5617;3;4;5;13;6;20;27;16;17;19;33;38;0;31;39;52;51;55;49;58;71;75;70;62;66;0;No;No;No
5618;14;15;6;1;12;23;19;24;28;29;43;41;0;33;45;56;51;46;54;49;65;71;72;70;74;0;No;No;No
5619;7;1;14;4;10;23;21;27;24;17;37;45;0;44;33;58;48;50;52;51;65;66;69;68;70;0;No;No;No
5620;9;7;3;5;11;29;23;27;22;16;40;39;0;38;37;58;55;59;52;48;68;65;69;73;66;0;No;No;No
5621;14;5;8;13;12;19;23;16;27;22;37;40;0;36;45;58;56;46;52;47;67;63;66;72;61;0;No;No;No
5622;7;8;10;12;1;28;17;18;26;29;44;40;0;33;31;57;46;58;55;51;67;70;74;73;61;0;No;No;No
5623;6;1;15;3;14;28;17;29;25;26;39;41;0;34;38;49;46;50;58;57;61;71;69;74;73;0;No;No;No
5624;7;4;10;12;14;19;16;23;28;21;43;44;0;36;31;51;58;59;54;50;72;65;69;61;62;0;No;No;No
5625;11;10;15;2;6;17;28;23;30;21;45;34;0;39;38;54;52;60;53;59;73;68;65;71;62;0;No;No;No
5626;14;3;2;11;10;18;22;28;23;27;42;36;0;44;32;52;46;56;53;51;63;62;72;69;73;0;No;No;No
5627;3;2;9;11;7;29;19;17;21;20;35;33;0;44;45;57;50;58;49;54;75;64;68;69;63;0;No;No;No
5628;9;5;4;1;13;25;20;28;18;27;31;32;0;43;42;52;48;46;53;58;61;75;65;66;62;0;No;No;No
5629;8;1;13;10;2;23;24;26;16;21;43;39;0;42;38;52;49;51;53;59;70;71;63;62;64;0;No;No;No
5630;4;10;11;15;9;26;19;16;25;24;35;33;0;38;36;46;47;49;52;48;66;68;62;75;74;0;No;No;No
5631;7;4;14;2;5;20;28;16;18;30;42;39;0;41;45;60;53;50;52;46;62;74;71;61;72;0;No;No;No
5632;9;5;11;6;3;30;27;25;29;19;44;45;0;35;41;59;55;56;58;52;61;67;69;64;72;0;No;No;No
5633;10;2;6;8;1;21;20;27;25;26;39;31;0;41;37;57;48;46;56;49;61;65;72;69;63;0;No;No;No
5634;13;2;1;14;8;28;18;27;24;20;33;42;0;31;43;47;51;52;58;55;62;63;71;68;66;0;No;No;No
5635;14;6;2;11;13;24;28;20;25;18;37;42;0;32;33;51;50;54;58;47;64;62;61;71;73;0;No;No;No
5636;11;14;5;2;3;20;30;26;28;17;32;43;0;41;35;55;46;49;56;58;67;70;75;61;71;0;No;No;No
5637;6;2;7;3;14;25;22;23;20;30;31;42;0;40;37;54;52;53;58;47;64;65;67;68;72;0;No;No;No
5638;12;6;10;13;14;16;19;21;26;17;41;37;0;35;44;56;48;60;59;58;63;70;69;65;72;0;No;No;No
5639;15;1;8;2;6;25;28;22;18;24;40;31;0;43;39;50;49;51;47;58;74;72;70;62;64;0;No;No;No
5640;6;1;4;3;10;17;21;25;26;16;36;45;0;40;39;46;47;50;57;48;69;66;70;67;75;0;No;No;No
5641;14;2;3;12;9;29;22;19;17;27;32;39;0;40;42;59;52;51;54;47;73;67;66;61;74;0;No;No;No
5642;11;14;1;6;8;24;27;20;21;19;37;31;0;43;36;54;48;51;53;57;64;61;66;73;62;0;No;No;No
5643;11;14;2;13;10;25;16;28;18;22;32;37;0;36;39;60;55;51;47;52;70;72;66;62;68;0;No;No;No
5644;6;1;5;2;12;24;25;28;21;23;32;43;0;39;37;55;56;47;53;52;64;69;74;65;62;0;No;No;No
5645;7;8;14;11;9;22;19;20;28;25;36;32;0;35;34;48;56;49;54;58;67;68;72;71;63;0;No;No;No
5646;8;11;13;9;5;23;22;26;21;30;32;37;0;44;39;56;49;59;55;60;64;71;67;65;68;0;No;No;No
5647;2;12;10;15;13;27;17;22;21;23;36;32;0;37;44;57;58;51;55;59;63;65;73;67;61;0;No;No;No
5648;7;2;4;5;12;29;22;18;28;16;33;42;0;39;40;56;54;50;51;58;72;65;73;75;71;0;No;No;No
5649;5;1;9;4;3;21;23;29;22;17;40;38;0;33;31;58;52;49;47;50;70;69;63;65;66;0;No;No;No
5650;1;11;7;12;10;21;20;27;16;25;45;39;0;43;32;50;60;59;52;53;61;67;64;72;65;0;No;No;No
5651;11;4;14;1;2;26;23;20;16;22;45;34;0;33;32;48;47;59;46;58;64;71;63;65;68;0;No;No;No
5652;9;3;13;6;7;20;27;23;28;30;35;32;0;33;41;46;50;54;56;55;64;67;68;61;71;0;No;No;No
5653;13;3;6;8;7;29;21;18;24;28;41;39;0;42;43;59;58;46;47;48;64;65;61;67;69;0;No;No;No
5654;10;6;9;8;5;20;24;25;27;16;36;41;0;32;40;52;50;47;53;55;73;63;62;65;70;0;No;No;No
5655;6;1;7;8;9;22;23;16;29;24;39;44;0;31;35;53;56;59;52;48;61;65;64;68;70;0;No;No;No
5656;14;5;3;2;15;28;26;29;22;24;31;42;0;32;39;53;47;54;49;59;61;70;68;64;71;0;No;No;No
5657;6;7;1;14;13;19;22;27;21;16;45;31;0;38;35;55;58;47;50;51;64;70;72;69;73;0;No;No;No
5658;11;10;6;5;7;20;26;21;28;16;43;41;0;42;44;48;47;54;58;46;64;71;72;75;73;0;No;No;No
5659;13;5;15;1;9;17;24;27;18;28;36;40;0;35;41;53;54;56;47;46;73;62;63;68;67;0;No;No;No
5660;6;7;13;3;10;30;25;23;16;17;37;39;0;44;42;52;55;51;59;46;65;73;71;74;70;0;No;No;No
5661;7;10;12;9;6;30;19;22;29;27;33;43;0;34;44;51;53;59;54;56;66;70;67;75;62;0;No;No;No
5662;8;10;11;6;3;19;26;28;25;17;37;39;0;35;40;56;51;59;47;50;66;69;70;63;68;0;No;No;No
5663;5;11;8;4;15;18;21;20;25;28;40;33;0;44;35;56;51;60;50;58;74;68;61;70;69;0;No;No;No
5664;6;2;12;1;3;17;22;27;21;24;44;43;0;39;35;46;55;47;54;57;66;71;61;62;63;0;No;No;No
5665;3;14;10;2;8;25;28;24;17;29;42;44;0;39;37;48;59;50;49;53;71;62;65;69;63;0;No;No;No
5666;7;4;12;6;10;25;17;29;28;16;31;42;0;45;35;57;58;54;60;48;65;67;64;70;68;0;No;No;No
5667;1;12;4;13;9;30;18;20;24;25;39;45;0;42;43;46;58;48;54;57;70;62;74;61;66;0;No;No;No
5668;1;3;2;4;10;17;25;16;18;20;34;43;0;35;33;54;52;51;48;58;70;67;74;73;66;0;No;No;No
5669;13;2;4;8;1;30;26;27;22;20;31;41;0;42;45;58;51;56;50;59;64;61;68;62;71;0;No;No;No
5670;13;6;1;4;12;22;16;28;24;23;44;39;0;38;40;54;48;57;51;50;67;74;73;72;66;0;No;No;No
5671;7;13;4;3;9;28;29;23;17;21;32;31;0;34;33;50;53;60;57;56;73;65;61;70;66;0;No;No;No
5672;10;7;2;12;3;24;21;29;16;18;42;32;0;35;45;49;50;60;57;56;67;66;61;63;65;0;No;No;No
5673;7;8;14;15;11;25;23;19;26;27;45;43;0;31;33;60;56;51;59;48;72;61;73;62;74;0;No;No;No
5674;13;8;1;7;12;23;29;30;22;18;41;31;0;44;43;49;57;48;46;54;70;69;61;66;75;0;No;No;No
5675;13;15;11;6;7;17;20;21;26;22;31;34;0;42;35;51;59;47;58;46;61;73;67;64;71;0;No;No;No
5676;10;12;2;8;13;17;18;28;16;29;43;36;0;35;32;53;49;47;59;51;67;61;62;65;63;0;No;No;No
5677;14;8;3;6;12;16;19;28;17;23;34;36;0;44;37;46;49;57;50;54;72;66;75;69;70;0;No;No;No
5678;2;10;5;6;11;20;22;17;30;18;40;39;0;32;44;57;59;51;60;53;64;62;61;67;66;0;No;No;No
5679;2;13;5;7;10;26;24;22;28;17;43;38;0;36;40;52;57;59;48;53;66;72;67;64;62;0;No;No;No
5680;12;14;2;6;11;29;25;20;30;16;38;43;0;36;35;48;56;53;51;52;64;69;62;63;67;0;No;No;No
5681;10;5;11;4;9;20;25;23;26;27;38;34;0;36;41;46;54;59;53;56;61;66;72;70;68;0;No;No;No
5682;4;1;8;9;15;25;28;20;23;16;35;42;0;34;31;50;58;60;52;49;72;63;64;65;74;0;No;No;No
5683;3;15;1;5;10;24;21;19;20;25;31;41;0;43;35;51;60;48;54;59;73;65;68;61;66;0;No;No;No
5684;13;9;7;5;10;20;29;23;17;16;42;36;0;33;35;47;50;58;49;57;64;71;66;74;61;0;No;No;No
5685;9;6;10;3;15;20;22;24;17;30;42;44;0;41;39;59;48;53;56;58;74;71;70;69;64;0;No;No;No
5686;3;2;12;4;1;16;17;20;23;27;45;35;0;37;32;48;51;52;58;54;68;72;64;67;61;0;No;No;No
5687;4;12;1;15;7;17;16;27;20;21;35;41;0;42;40;49;60;59;53;54;69;61;63;71;66;0;No;No;No
5688;4;2;14;8;11;17;29;19;16;28;41;35;0;32;34;51;46;52;50;57;72;61;65;73;62;0;No;No;No
5689;12;11;14;5;1;17;29;27;19;20;37;33;0;36;32;54;46;59;58;52;73;69;61;65;64;0;No;No;No
5690;5;8;10;13;7;21;17;20;29;19;32;42;0;34;37;49;58;48;52;59;72;69;62;66;71;0;No;No;No
5691;9;10;5;14;3;29;21;20;17;16;33;45;0;39;43;48;59;49;47;54;65;75;62;73;69;0;No;No;No
5692;11;4;10;13;1;26;18;22;16;23;37;35;0;38;40;51;54;48;49;53;69;70;64;67;65;0;No;No;No
5693;10;14;2;13;8;28;23;20;24;25;33;35;0;44;45;46;60;57;50;55;65;71;62;66;72;0;No;No;No
5694;13;1;7;5;9;28;22;20;16;27;38;39;0;32;41;48;59;51;46;55;64;66;74;73;62;0;No;No;No
5695;8;5;9;13;14;28;18;27;22;26;35;39;0;32;42;46;49;48;54;55;66;74;68;67;61;0;No;No;No
5696;7;8;2;6;1;24;27;18;26;17;39;37;0;44;43;52;50;51;59;46;64;62;74;67;71;0;No;No;No
5697;3;6;7;5;13;29;23;28;16;22;31;32;0;44;36;46;57;59;47;56;71;62;73;65;74;0;No;No;No
5698;14;7;9;6;11;23;22;25;18;21;31;40;0;44;42;54;48;56;46;57;64;62;70;63;61;0;No;No;No
5699;1;14;2;11;5;26;16;17;25;30;37;42;0;45;32;49;56;50;57;58;72;68;69;70;66;0;No;No;No
5700;8;6;13;14;12;17;19;20;23;18;38;43;0;39;33;56;52;58;54;48;63;72;64;74;70;0;No;No;No
5701;4;3;13;12;2;21;17;16;28;19;32;34;0;40;41;50;58;46;49;51;69;65;70;74;61;0;No;No;No
5702;8;12;11;10;15;28;27;16;17;25;44;34;0;39;38;54;59;49;52;53;73;72;64;67;63;0;No;No;No
5703;6;14;10;2;8;16;30;21;25;23;33;35;0;37;36;52;47;57;56;50;70;65;63;61;72;0;No;No;No
5704;10;5;1;3;12;25;18;27;26;16;38;42;0;40;36;56;48;53;51;57;65;70;74;69;71;0;No;No;No
5705;4;7;1;14;3;28;16;26;21;25;36;32;0;33;43;48;46;56;54;50;73;69;74;67;68;0;No;No;No
5706;13;15;7;10;1;17;22;26;25;16;43;41;0;35;33;51;58;49;53;48;74;61;75;72;63;0;No;No;No
5707;8;4;13;6;1;25;18;27;21;17;43;34;0;39;44;49;46;58;56;59;75;64;70;73;68;0;No;No;No
5708;13;6;14;12;5;27;20;19;26;16;38;37;0;35;31;50;49;57;58;47;72;73;75;67;62;0;No;No;No
5709;14;9;4;12;11;29;21;24;20;16;38;33;0;42;34;50;58;54;59;51;68;62;69;74;73;0;No;No;No
5710;10;5;13;2;4;28;18;25;21;20;36;37;0;42;31;58;56;54;48;52;73;67;66;64;68;0;No;No;No
5711;2;8;6;3;12;30;26;21;24;16;43;32;0;33;40;52;58;54;60;47;67;65;73;72;70;0;No;No;No
5712;2;12;7;3;10;18;29;26;30;25;42;40;0;39;43;52;53;49;58;57;74;67;62;71;65;0;No;No;No
5713;11;12;9;2;8;29;22;21;17;18;37;44;0;31;38;55;58;60;57;51;70;64;74;66;72;0;No;No;No
5714;4;15;3;11;6;23;27;21;18;30;41;42;0;43;34;52;57;60;46;58;62;71;63;73;75;0;No;No;No
5715;3;5;14;7;15;17;28;19;30;23;35;42;0;44;31;47;56;58;54;50;67;68;72;71;65;0;No;No;No
5716;3;13;2;10;6;19;17;20;27;24;34;32;0;33;41;50;54;46;51;56;71;65;72;69;61;0;No;No;No
5717;6;10;9;5;12;21;26;24;23;28;41;40;0;44;31;52;60;56;50;59;71;67;63;61;65;0;No;No;No
5718;2;8;12;14;3;27;26;28;21;18;42;41;0;39;40;55;48;51;56;52;73;70;63;75;61;0;No;No;No
5719;13;2;10;5;7;17;20;22;24;28;43;39;0;41;38;59;50;53;58;46;69;70;65;68;61;0;No;No;No
5720;1;7;12;3;2;27;30;23;26;19;36;33;0;41;43;59;56;55;50;54;72;69;70;63;61;0;No;No;No
5721;14;13;12;1;4;20;21;28;29;19;39;31;0;37;42;57;48;53;52;49;72;70;73;61;62;0;No;No;No
5722;10;4;11;1;14;25;19;28;17;24;32;44;0;37;40;59;46;58;50;56;72;61;71;64;66;0;No;No;No
5723;2;3;8;1;11;16;18;27;19;21;43;35;0;42;32;59;56;52;57;48;72;74;68;71;67;0;No;No;No
5724;3;10;14;15;13;18;24;25;21;22;34;39;0;38;36;53;55;52;60;46;64;74;68;63;67;0;No;No;No
5725;15;9;8;2;1;24;27;23;18;17;41;38;0;42;34;52;56;53;49;60;67;74;69;64;63;0;No;No;No
5726;1;8;2;13;4;22;23;21;28;26;37;39;0;42;35;59;49;47;57;51;67;70;69;71;65;0;No;No;No
5727;13;10;12;3;4;20;26;18;24;17;31;33;0;39;35;49;50;53;58;52;73;61;70;63;68;0;No;No;No
5728;8;9;2;7;1;16;28;22;17;30;40;44;0;35;34;47;57;56;46;60;67;64;62;68;70;0;No;No;No
5729;5;8;7;9;12;20;23;19;26;18;39;44;0;36;32;58;57;49;48;54;72;66;70;64;71;0;No;No;No
5730;6;15;14;11;10;18;24;27;19;16;38;39;0;35;45;55;54;51;58;53;62;61;66;72;69;0;No;No;No
5731;13;6;4;5;7;24;25;16;23;21;35;33;0;42;43;58;49;60;52;51;70;74;69;62;66;0;No;No;No
5732;6;7;4;11;5;21;18;26;19;25;32;33;0;39;35;53;59;56;49;50;68;66;71;64;69;0;No;No;No
5733;4;14;15;6;1;23;27;24;30;28;31;44;0;33;45;53;56;47;48;50;74;67;65;72;70;0;No;No;No
5734;2;9;3;10;13;19;26;29;24;30;43;41;0;39;40;46;49;58;53;59;73;62;70;61;66;0;No;No;No
5735;2;12;13;5;6;23;19;29;25;16;39;40;0;42;44;46;58;57;52;59;66;71;72;67;74;0;No;No;No
5736;8;13;3;15;4;28;29;19;25;27;35;40;0;39;41;54;57;50;49;56;66;75;70;68;65;0;No;No;No
5737;12;1;9;10;4;16;21;22;25;29;39;31;0;35;34;52;47;59;53;48;67;62;71;73;68;0;No;No;No
5738;4;15;12;9;13;27;28;22;16;26;40;33;0;41;45;53;51;59;50;54;65;67;62;72;68;0;No;No;No
5739;3;4;7;10;14;28;26;25;16;29;40;36;0;41;35;57;54;53;49;48;73;61;67;71;65;0;No;No;No
5740;1;6;8;11;14;28;23;24;22;16;43;31;0;37;34;48;46;57;54;55;64;62;73;70;71;0;No;No;No
5741;2;12;4;14;8;26;17;18;23;24;33;44;0;37;38;49;53;48;60;54;66;72;61;70;73;0;No;No;No
5742;10;12;4;5;14;16;21;27;24;29;43;42;0;45;44;51;52;55;50;53;71;73;70;65;63;0;No;No;No
5743;8;11;4;15;1;26;25;19;29;20;38;34;0;44;39;56;58;59;48;46;61;72;71;70;75;0;No;No;No
5744;11;6;15;3;2;22;19;17;21;25;31;36;0;41;32;54;59;55;48;57;61;62;67;73;69;0;No;No;No
5745;12;2;9;14;5;26;17;22;18;20;36;44;0;42;43;55;59;46;60;57;64;65;63;61;73;0;No;No;No
5746;9;6;4;5;2;25;28;30;21;27;43;44;0;34;37;50;52;53;57;55;73;68;63;66;71;0;No;No;No
5747;7;14;8;3;1;20;23;17;26;16;42;36;0;31;43;56;50;57;55;60;73;65;61;75;62;0;No;No;No
5748;14;1;4;8;2;22;28;25;23;24;41;32;0;39;38;57;52;47;50;46;66;68;61;70;71;0;No;No;No
5749;14;3;4;12;13;23;24;30;18;22;42;43;0;37;34;46;48;60;49;57;65;64;66;72;62;0;No;No;No
5750;13;14;8;1;5;28;25;24;22;29;40;36;0;33;45;54;58;46;53;48;72;64;74;66;75;0;No;No;No
5751;13;10;3;4;15;19;16;21;25;20;37;39;0;31;41;52;56;49;55;48;61;68;64;71;69;0;No;No;No
5752;14;2;8;13;10;25;23;26;16;29;39;43;0;38;34;47;59;60;56;49;67;64;70;74;61;0;No;No;No
5753;10;2;3;11;6;25;30;26;18;21;43;35;0;37;40;47;50;49;51;59;63;70;68;73;72;0;No;No;No
5754;4;7;1;13;14;18;21;25;29;19;41;38;0;35;33;53;46;59;57;54;72;74;67;68;71;0;No;No;No
5755;9;6;14;5;3;28;24;19;23;26;34;32;0;41;39;55;57;52;47;46;68;71;63;61;65;0;No;No;No
5756;9;5;3;10;11;26;22;20;25;27;43;42;0;40;33;57;48;58;59;53;73;64;70;67;74;0;No;No;No
5757;1;5;11;3;13;27;17;24;16;25;39;42;0;44;32;46;50;49;47;53;72;74;65;73;68;0;No;No;No
5758;4;8;12;1;15;26;20;18;16;17;36;44;0;40;33;53;49;54;50;59;64;66;62;61;75;0;No;No;No
5759;4;3;9;13;6;30;29;23;16;25;32;41;0;43;36;58;53;49;52;59;63;67;70;64;62;0;No;No;No
5760;2;13;8;9;14;23;21;26;28;17;37;41;0;32;44;55;48;53;51;58;63;62;71;67;61;0;No;No;No
5761;4;1;5;12;8;29;26;25;20;28;42;39;0;43;40;56;52;50;57;59;67;65;73;71;74;0;No;No;No
5762;12;13;7;1;6;20;22;24;21;16;32;40;0;41;43;56;58;48;46;60;70;72;69;64;66;0;No;No;No
5763;2;15;3;12;11;28;26;24;27;20;31;41;0;32;43;48;51;59;54;50;65;61;70;63;69;0;No;No;No
5764;3;5;8;15;6;24;28;21;22;18;39;43;0;32;42;52;54;55;47;53;68;62;70;72;61;0;No;No;No
5765;12;8;13;5;9;24;19;17;22;27;41;39;0;34;33;49;55;58;57;48;64;68;62;63;71;0;No;No;No
5766;1;11;8;13;10;26;19;27;17;23;33;36;0;40;41;48;59;57;58;56;66;67;64;72;61;0;No;No;No
5767;9;4;1;10;13;18;22;26;24;29;31;33;0;37;39;53;50;60;46;47;63;62;74;69;65;0;No;No;No
5768;1;3;10;11;13;28;23;19;26;22;39;32;0;34;42;55;50;59;46;54;64;66;71;63;72;0;No;No;No
5769;8;12;6;10;5;27;24;20;16;21;39;43;0;34;40;47;55;51;57;46;61;64;75;70;65;0;No;No;No
5770;1;5;7;14;3;26;30;23;24;25;44;45;0;36;35;60;50;59;47;52;69;71;75;61;70;0;No;No;No
5771;8;7;2;3;9;17;26;20;29;27;39;36;0;41;37;48;49;52;51;60;61;65;70;72;63;0;No;No;No
5772;1;11;10;5;15;17;23;24;22;16;37;39;0;44;41;51;57;49;50;46;67;71;66;68;62;0;No;No;No
5773;9;12;8;5;13;27;17;16;18;24;31;32;0;33;34;49;58;48;54;50;74;71;70;65;66;0;No;No;No
5774;3;6;15;4;13;17;18;22;29;28;39;31;0;35;43;55;60;56;53;47;68;61;67;69;63;0;No;No;No
5775;15;6;8;12;14;23;27;20;21;22;38;42;0;39;32;47;58;48;54;59;73;67;66;63;62;0;No;No;No
5776;10;13;8;5;3;25;18;19;22;28;35;43;0;40;37;54;55;47;56;60;72;69;65;61;68;0;No;No;No
5777;13;8;6;9;3;29;21;24;28;19;44;42;0;43;33;52;57;53;54;60;71;68;73;66;63;0;No;No;No
5778;12;9;10;8;6;18;20;26;24;28;44;39;0;33;31;49;48;56;53;60;65;72;70;69;71;0;No;No;No
5779;3;10;6;13;8;23;26;22;20;24;41;35;0;32;36;59;49;52;53;57;71;72;73;65;64;0;No;No;No
5780;12;11;3;13;9;18;28;27;26;16;38;39;0;43;45;59;57;48;60;58;74;61;67;71;69;0;No;No;No
5781;14;4;3;15;12;28;24;27;16;29;39;35;0;40;37;57;54;60;56;55;64;73;67;71;65;0;No;No;No
5782;3;13;8;12;2;25;18;21;28;22;36;44;0;35;39;50;46;54;59;56;65;72;61;67;70;0;No;No;No
5783;2;12;7;14;4;19;23;20;24;26;43;40;0;35;42;50;54;55;57;52;67;72;74;64;63;0;No;No;No
5784;14;1;2;15;3;20;18;25;28;27;31;40;0;38;42;57;47;55;53;54;63;74;68;72;64;0;No;No;No
5785;1;12;2;10;9;23;18;25;19;29;32;42;0;40;35;57;51;48;46;58;64;66;74;65;63;0;No;No;No
5786;9;10;4;8;7;17;16;18;29;27;43;33;0;38;36;51;56;52;59;50;66;68;72;62;69;0;No;No;No
5787;13;7;5;15;2;23;22;16;27;19;32;42;0;33;36;48;49;52;53;55;69;74;66;63;65;0;No;No;No
5788;7;1;14;4;13;30;24;25;29;20;37;43;0;34;31;55;46;47;56;51;74;61;67;69;65;0;No;No;No
5789;6;5;7;13;8;18;17;22;23;28;40;39;0;31;33;53;56;58;47;59;69;72;70;63;61;0;No;No;No
5790;6;7;12;10;11;23;30;25;22;24;40;41;0;31;43;58;46;57;59;52;64;71;74;62;67;0;No;No;No
5791;7;1;12;10;13;18;23;20;27;25;43;35;0;37;38;50;58;56;47;51;66;65;67;64;72;0;No;No;No
5792;10;5;3;8;4;20;17;26;23;22;42;38;0;41;35;51;59;57;52;58;71;63;70;65;72;0;No;No;No
5793;2;10;14;13;4;23;26;29;20;17;32;42;0;37;41;49;55;58;51;48;69;66;62;74;67;0;No;No;No
5794;8;5;10;3;12;23;20;29;17;18;36;37;0;34;40;53;48;46;57;59;64;65;74;68;63;0;No;No;No
5795;7;9;6;4;11;25;17;20;16;18;43;35;0;38;36;46;49;58;51;53;74;66;63;70;65;0;No;No;No
5796;10;12;2;7;6;16;26;17;21;19;34;33;0;36;43;58;47;54;60;55;61;68;65;62;74;0;No;No;No
5797;5;12;14;1;4;23;27;22;16;30;33;41;0;37;32;56;46;48;54;50;70;74;68;66;64;0;No;No;No
5798;3;7;11;4;8;16;21;17;25;24;43;39;0;31;44;53;59;46;52;56;68;73;72;75;70;0;No;No;No
5799;14;9;8;2;11;20;27;21;25;29;34;33;0;44;37;58;57;51;56;60;62;67;61;73;65;0;No;No;No
5800;3;11;9;13;2;25;28;21;23;16;33;37;0;34;43;53;46;50;49;48;64;71;73;69;61;0;No;No;No
5801;7;9;11;5;14;16;22;20;23;24;37;43;0;38;44;48;49;56;58;51;67;71;61;66;65;0;No;No;No
5802;7;14;3;8;6;24;16;18;28;20;39;44;0;42;38;51;59;57;56;48;65;71;62;69;70;0;No;No;No
5803;13;2;1;7;5;25;30;27;20;29;34;44;0;37;40;54;46;58;56;57;69;65;68;73;64;0;No;No;No
5804;7;13;5;1;12;27;21;30;17;22;39;36;0;37;42;47;59;54;51;49;66;65;70;67;68;0;No;No;No
5805;13;6;1;3;11;27;23;29;16;22;35;44;0;31;36;59;46;54;51;56;69;61;63;67;70;0;No;No;No
5806;15;8;14;9;6;28;26;17;21;18;32;43;0;38;35;49;58;56;47;46;72;65;70;63;69;0;No;No;No
5807;2;10;9;12;6;29;17;18;28;16;34;35;0;43;31;54;57;59;48;55;74;70;64;72;63;0;No;No;No
5808;6;4;2;9;14;25;23;19;18;22;36;44;0;31;42;51;48;50;46;47;66;64;74;62;72;0;No;No;No
5809;1;9;8;11;6;17;25;23;18;22;33;40;0;44;39;48;59;53;57;58;70;64;69;66;63;0;No;No;No
5810;1;4;14;12;13;25;19;24;21;27;43;42;0;41;37;54;50;49;48;56;65;70;75;69;61;0;No;No;No
5811;7;2;15;13;4;16;23;18;29;30;34;36;0;39;45;50;54;53;58;48;71;62;72;65;67;0;No;No;No
5812;4;13;5;9;6;17;23;30;18;25;35;34;0;32;44;52;55;51;50;53;67;72;73;62;68;0;No;No;No
5813;13;1;5;8;3;25;20;18;17;28;32;35;0;36;31;51;58;53;54;48;63;70;65;66;61;0;No;No;No
5814;9;2;7;4;13;27;19;20;24;22;43;41;0;31;33;46;49;48;51;52;65;61;68;67;70;0;No;No;No
5815;10;7;3;2;8;19;28;24;21;18;43;37;0;31;44;51;60;54;58;59;63;62;72;69;73;0;No;No;No
5816;7;11;14;8;10;18;21;16;30;23;36;38;0;31;44;58;59;47;49;57;71;68;69;70;63;0;No;No;No
5817;9;1;10;5;3;17;24;22;25;26;34;32;0;31;37;59;46;52;57;50;70;68;71;62;73;0;No;No;No
5818;11;13;2;1;12;27;28;23;18;25;39;31;0;43;37;54;59;56;48;60;63;64;66;68;69;0;No;No;No
5819;6;13;11;8;5;17;26;16;29;28;34;36;0;31;43;51;47;52;48;56;62;71;73;64;68;0;No;No;No
5820;8;2;5;11;12;27;26;18;21;29;42;31;0;41;43;51;49;48;55;54;61;70;72;64;74;0;No;No;No
5821;14;13;12;1;9;22;24;26;23;16;33;43;0;44;34;51;50;49;53;55;69;70;75;67;66;0;No;No;No
5822;5;6;11;10;1;20;21;23;25;18;39;44;0;31;40;48;56;50;46;51;63;73;74;64;65;0;No;No;No
5823;1;12;5;8;9;18;29;28;19;21;41;40;0;43;44;50;60;54;46;52;71;75;63;65;69;0;No;No;No
5824;1;2;4;6;11;23;16;19;28;26;43;32;0;39;45;52;50;58;57;48;68;73;63;64;70;0;No;No;No
5825;1;11;14;10;8;25;17;16;24;28;40;31;0;44;32;59;55;52;46;54;61;75;64;74;70;0;No;No;No
5826;3;1;8;2;9;16;25;19;21;22;31;40;0;38;35;46;51;48;59;56;65;67;63;73;62;0;No;No;No
5827;7;10;5;12;13;17;30;19;21;16;34;35;0;39;40;47;49;57;60;58;69;64;71;63;70;0;No;No;No
5828;10;3;1;11;6;16;30;26;22;29;44;43;0;31;38;46;52;54;51;59;65;74;71;67;70;0;No;No;No
5829;3;1;13;12;7;24;22;29;18;20;37;35;0;41;42;56;58;52;55;47;70;61;69;65;72;0;No;No;No
5830;4;5;11;1;10;26;29;27;17;19;40;36;0;42;34;51;48;56;49;57;64;74;67;68;72;0;No;No;No
5831;6;4;14;13;8;25;30;26;28;27;40;45;0;42;36;50;46;52;54;59;63;69;74;75;66;0;No;No;No
5832;8;13;14;11;3;29;24;19;27;17;40;43;0;44;35;53;50;57;55;48;73;66;67;61;68;0;No;No;No
5833;6;2;12;10;5;17;16;29;27;28;31;35;0;43;34;57;58;50;54;51;70;62;65;64;73;0;No;No;No
5834;7;2;13;8;1;26;17;28;21;24;44;39;0;36;38;60;46;47;51;54;63;61;75;72;68;0;No;No;No
5835;10;9;5;12;2;26;30;28;29;16;39;32;0;37;38;54;47;56;57;59;71;66;67;62;72;0;No;No;No
5836;8;12;2;11;6;29;17;20;23;27;36;41;0;37;39;58;53;49;56;59;72;67;70;63;73;0;No;No;No
5837;15;9;11;3;8;21;29;26;27;28;32;33;0;34;41;50;53;47;59;49;64;75;70;69;65;0;No;No;No
5838;4;9;15;12;14;21;22;25;24;23;37;44;0;32;40;49;58;57;53;55;61;65;64;74;62;0;No;No;No
5839;7;5;2;8;14;16;29;17;22;19;45;37;0;40;34;48;53;57;54;51;61;74;64;65;72;0;No;No;No
5840;8;15;10;3;6;19;26;29;16;27;40;32;0;38;43;49;47;58;51;59;70;61;63;67;75;0;No;No;No
5841;6;2;12;1;13;20;29;19;28;26;33;41;0;44;38;52;56;58;55;57;61;71;65;70;62;0;No;No;No
5842;7;10;14;3;8;29;20;27;22;17;38;42;0;39;37;48;47;55;56;57;61;70;73;62;74;0;No;No;No
5843;9;3;2;8;12;17;28;19;23;22;34;35;0;37;39;57;56;46;55;50;62;65;66;74;73;0;No;No;No
5844;2;8;13;6;14;19;28;17;22;23;40;31;0;43;44;50;51;49;59;54;62;61;73;65;64;0;No;No;No
5845;2;11;13;5;8;26;18;20;27;24;41;35;0;42;45;58;50;54;56;55;73;72;61;68;71;0;No;No;No
5846;8;1;6;3;11;25;17;19;23;20;31;33;0;43;42;46;51;49;58;55;68;73;63;69;61;0;No;No;No
5847;7;1;15;6;3;16;24;25;21;27;35;42;0;40;39;58;46;56;57;49;63;62;64;71;73;0;No;No;No
5848;10;6;2;11;1;21;20;24;27;26;31;37;0;45;41;48;56;50;47;59;72;74;70;63;62;0;No;No;No
5849;12;10;13;5;9;25;27;17;29;24;44;34;0;35;39;50;51;58;56;49;72;64;69;70;63;0;No;No;No
5850;2;12;6;10;13;21;18;24;19;29;41;36;0;37;38;55;58;47;57;51;66;64;62;72;69;0;No;No;No
5851;9;7;1;10;8;26;20;16;22;27;42;39;0;41;40;60;52;46;59;51;64;67;62;74;72;0;No;No;No
5852;7;9;2;5;14;26;18;24;23;16;42;33;0;38;40;58;55;46;47;60;63;75;69;65;64;0;No;No;No
5853;14;5;11;8;4;22;23;17;26;25;36;38;0;45;35;49;57;58;56;47;63;70;66;67;69;0;No;No;No
5854;11;8;12;5;3;30;23;21;28;19;31;37;0;40;34;54;48;59;55;46;63;74;64;62;71;0;No;No;No
5855;8;15;5;1;9;18;21;17;25;26;36;37;0;33;43;51;46;59;53;58;72;62;61;74;70;0;No;No;No
5856;13;3;10;11;14;19;17;22;18;25;41;32;0;31;35;51;54;56;49;52;64;69;67;61;74;0;No;No;No
5857;8;14;1;5;9;22;29;20;23;28;35;41;0;38;44;49;58;46;57;52;68;69;64;72;62;0;No;No;No
5858;13;6;4;10;3;22;23;18;17;24;37;35;0;39;33;58;59;53;56;55;71;68;69;61;73;0;No;No;No
5859;13;5;9;12;10;27;20;16;24;30;40;38;0;35;33;49;52;55;54;47;72;68;62;74;70;0;No;No;No
5860;10;6;11;3;14;28;29;16;22;27;45;41;0;36;38;52;48;53;51;57;68;65;73;71;63;0;No;No;No
5861;1;3;11;8;7;28;26;17;16;18;33;35;0;36;39;58;51;55;49;53;70;66;73;69;63;0;No;No;No
5862;13;2;12;6;11;23;26;28;19;24;31;41;0;39;36;57;52;55;48;46;64;72;71;63;70;0;No;No;No
5863;9;10;2;8;5;23;18;28;26;19;41;45;0;33;38;59;55;51;47;54;75;69;64;73;61;0;No;No;No
5864;2;10;7;8;14;16;19;22;28;25;37;44;0;33;39;48;52;50;47;51;69;64;72;67;62;0;No;No;No
5865;2;10;4;5;1;29;28;16;22;26;37;39;0;31;34;50;58;53;51;57;75;73;62;64;70;0;No;No;No
5866;8;11;9;14;3;20;26;22;27;21;38;37;0;31;44;50;53;58;59;51;64;67;68;70;72;0;No;No;No
5867;8;10;9;7;11;16;28;22;17;25;41;44;0;35;31;50;48;47;57;52;65;64;74;63;67;0;No;No;No
5868;6;9;1;15;5;17;24;23;26;22;34;33;0;38;37;57;56;49;51;53;68;75;74;73;62;0;No;No;No
5869;6;7;13;11;3;22;18;26;19;27;37;33;0;44;43;54;52;59;57;56;73;65;74;68;69;0;No;No;No
5870;15;10;6;8;4;27;19;22;24;18;34;35;0;39;38;54;58;53;57;51;74;75;66;73;70;0;No;No;No
5871;11;3;13;14;8;20;21;27;24;18;38;39;0;37;40;56;46;52;51;53;64;67;62;71;68;0;No;No;No
5872;5;12;8;6;4;21;28;18;23;22;44;38;0;36;43;57;55;47;56;50;61;63;71;74;66;0;No;No;No
5873;10;13;4;3;1;22;23;21;29;24;35;44;0;33;41;47;46;50;59;49;72;74;75;65;71;0;No;No;No
5874;13;1;2;5;6;18;23;20;25;19;36;34;0;44;38;46;50;59;55;48;61;74;71;62;68;0;No;No;No
5875;2;3;6;10;8;18;20;23;26;22;33;31;0;32;34;53;46;55;50;52;61;73;68;74;71;0;No;No;No
5876;14;3;7;5;12;25;22;23;16;27;31;41;0;33;42;53;52;51;59;46;69;64;71;63;67;0;No;No;No
5877;10;4;12;11;13;21;28;18;26;25;44;33;0;34;35;58;55;52;49;47;69;63;68;71;66;0;No;No;No
5878;2;13;10;1;3;16;24;26;17;28;36;35;0;33;44;52;58;51;49;47;67;66;74;62;69;0;No;No;No
5879;13;11;9;8;7;28;20;19;24;21;44;33;0;43;41;59;56;49;52;53;70;63;74;66;65;0;No;No;No
5880;3;6;14;7;8;17;16;28;26;20;36;34;0;44;38;49;52;46;50;47;74;75;71;68;66;0;No;No;No
5881;7;3;10;14;6;19;23;24;22;16;38;39;0;36;34;46;50;58;56;52;74;73;62;72;71;0;No;No;No
5882;4;3;1;6;7;24;27;16;28;17;42;37;0;34;36;60;56;54;55;52;65;62;74;73;69;0;No;No;No
5883;13;1;14;10;3;20;28;30;23;25;32;41;0;31;44;59;54;46;50;56;61;62;73;70;67;0;No;No;No
5884;7;12;13;3;10;20;21;19;22;17;43;36;0;34;41;49;59;55;50;60;61;66;73;67;65;0;No;No;No
5885;4;10;12;2;14;17;16;27;19;28;31;35;0;43;34;55;51;48;52;57;70;64;72;65;68;0;No;No;No
5886;4;2;11;1;12;16;19;23;18;27;41;31;0;43;37;48;53;56;49;50;64;63;66;74;71;0;No;No;No
5887;13;1;11;10;14;22;19;20;25;16;32;36;0;42;34;48;53;58;57;46;69;65;64;70;61;0;No;No;No
5888;4;10;6;8;5;24;29;18;26;28;42;39;0;33;35;49;57;56;60;53;73;72;75;69;62;0;No;No;No
5889;1;3;13;10;4;16;17;22;29;19;40;32;0;42;36;47;56;46;55;48;66;63;67;65;68;0;No;No;No
5890;8;10;11;5;12;21;25;29;28;19;40;39;0;32;42;55;49;56;58;57;67;72;63;65;69;0;No;No;No
5891;12;5;13;4;14;18;27;30;16;28;32;38;0;42;43;49;56;50;57;58;64;67;62;65;72;0;No;No;No
5892;1;13;7;4;5;30;27;25;22;20;37;42;0;32;36;56;53;57;59;60;68;65;71;62;63;0;No;No;No
5893;5;14;4;12;10;17;24;19;28;22;45;40;0;38;32;47;52;55;53;50;65;68;62;70;72;0;No;No;No
5894;8;7;5;15;3;26;24;23;22;28;36;33;0;42;37;52;50;48;54;56;68;74;64;67;75;0;No;No;No
5895;6;10;3;8;13;17;30;26;29;21;39;43;0;33;31;55;58;54;56;60;74;67;65;63;68;0;No;No;No
5896;11;4;10;3;8;21;25;22;29;16;44;35;0;39;34;53;50;51;58;48;62;69;66;70;63;0;No;No;No
5897;12;3;6;5;1;29;23;26;16;30;36;31;0;34;45;48;52;56;59;54;73;62;66;65;61;0;No;No;No
5898;13;7;3;12;4;25;23;29;24;26;38;37;0;32;44;49;58;53;52;56;64;74;61;72;62;0;No;No;No
5899;11;5;8;14;2;17;25;19;20;28;44;40;0;41;42;57;53;46;51;54;61;63;69;68;74;0;No;No;No
5900;2;6;7;5;4;24;27;16;22;28;41;44;0;40;32;48;49;56;55;50;73;66;64;65;71;0;No;No;No
5901;10;3;5;15;13;25;17;16;24;18;32;37;0;39;44;59;51;53;60;56;61;75;62;73;64;0;No;No;No
5902;3;1;7;12;5;23;28;24;17;27;33;43;0;37;38;55;51;47;49;50;67;63;65;61;69;0;No;No;No
5903;14;6;13;15;9;22;26;19;23;16;37;35;0;42;34;53;58;46;55;60;69;66;74;70;71;0;No;No;No
5904;10;14;7;9;3;29;24;21;23;25;37;43;0;33;40;47;55;48;56;51;73;68;69;71;72;0;No;No;No
5905;12;7;10;3;8;27;17;28;21;25;40;38;0;36;39;55;57;48;49;51;71;68;66;69;72;0;No;No;No
5906;8;7;10;1;3;18;19;24;29;23;44;37;0;36;45;58;49;54;57;51;71;68;61;66;65;0;No;No;No
5907;4;6;5;13;12;28;16;20;25;18;38;31;0;36;34;58;56;50;48;57;70;74;63;66;65;0;No;No;No
5908;13;10;6;3;12;28;25;29;27;23;43;39;0;36;40;47;53;46;58;52;72;74;68;67;75;0;No;No;No
5909;11;8;1;14;7;29;23;18;22;26;44;43;0;35;40;47;48;60;56;59;73;68;66;74;72;0;No;No;No
5910;5;8;3;2;4;18;30;23;26;19;43;32;0;33;34;55;56;50;46;57;63;69;70;66;68;0;No;No;No
5911;13;5;11;7;3;30;19;29;21;23;35;44;0;41;32;48;50;49;55;54;70;61;63;65;66;0;No;No;No
5912;1;14;5;9;8;26;18;16;17;29;44;40;0;41;38;55;56;51;54;49;75;74;62;69;67;0;No;No;No
5913;7;2;10;8;13;27;21;24;19;17;42;36;0;35;43;51;47;59;58;48;68;67;66;75;72;0;No;No;No
5914;11;8;5;4;6;22;19;27;23;24;40;43;0;37;39;50;54;46;53;49;72;70;65;68;69;0;No;No;No
5915;4;10;2;13;12;23;27;21;26;18;45;31;0;33;36;53;49;56;54;55;61;71;64;65;74;0;No;No;No
5916;5;6;1;2;3;21;24;19;17;26;43;31;0;39;33;58;53;50;47;54;64;68;63;74;66;0;No;No;No
5917;9;2;14;5;1;20;17;28;16;24;41;38;0;31;33;48;59;52;50;53;72;73;66;65;71;0;No;No;No
5918;12;14;6;13;5;28;24;19;16;17;42;43;0;39;35;57;58;60;51;50;62;67;70;61;74;0;No;No;No
5919;1;8;14;12;4;19;18;28;17;23;33;40;0;32;42;51;48;55;52;53;61;69;63;70;75;0;No;No;No
5920;1;9;8;3;7;23;26;17;19;29;41;32;0;40;42;48;54;56;46;57;73;67;66;64;75;0;No;No;No
5921;15;14;2;8;4;19;28;23;26;16;33;39;0;31;44;47;55;46;59;60;73;74;68;62;65;0;No;No;No
5922;1;2;4;5;8;25;27;19;28;16;36;43;0;33;32;59;48;55;49;52;65;63;71;74;67;0;No;No;No
5923;2;7;9;6;12;28;21;17;22;30;41;37;0;36;44;55;50;53;52;46;69;73;67;66;61;0;No;No;No
5924;1;11;3;7;13;27;21;17;28;24;45;37;0;33;43;49;54;48;56;51;69;68;66;72;73;0;No;No;No
5925;10;1;15;4;6;18;22;19;24;20;42;45;0;40;43;49;48;54;51;50;67;63;61;62;68;0;No;No;No
5926;11;4;2;13;3;30;22;24;21;26;40;33;0;32;37;52;56;53;59;47;74;69;73;72;71;0;No;No;No
5927;6;13;3;10;12;18;24;17;26;25;32;41;0;44;34;52;49;48;54;55;71;67;68;63;61;0;No;No;No
5928;7;10;14;15;12;20;29;27;22;24;36;33;0;38;39;59;53;51;54;58;74;66;68;72;73;0;No;No;No
5929;7;14;5;15;2;22;18;20;19;27;32;40;0;41;37;54;46;59;53;58;75;66;61;71;68;0;No;No;No
5930;10;1;11;2;4;21;26;27;29;22;39;34;0;35;40;56;58;54;50;52;65;64;72;73;70;0;No;No;No
5931;8;13;11;15;10;23;29;25;20;26;32;39;0;42;38;49;51;53;46;54;73;67;66;61;65;0;No;No;No
5932;9;3;14;7;13;19;25;17;20;28;39;34;0;41;42;56;57;47;53;58;63;74;66;73;71;0;No;No;No
5933;4;5;7;12;8;19;21;16;22;27;33;41;0;42;36;49;52;50;55;51;71;67;61;66;74;0;No;No;No
5934;5;6;7;9;13;27;24;26;28;22;36;33;0;44;42;54;53;55;49;52;72;70;69;73;67;0;No;No;No
5935;1;12;15;13;7;19;20;16;17;24;38;44;0;37;32;48;51;50;56;54;61;74;73;72;71;0;No;No;No
5936;10;15;1;3;2;16;28;19;26;27;44;32;0;41;35;55;60;58;59;53;74;64;65;73;70;0;No;No;No
5937;9;12;6;3;7;18;27;26;28;17;37;34;0;36;45;49;53;56;59;54;73;65;68;75;62;0;No;No;No
5938;5;10;9;8;1;28;29;27;26;19;31;36;0;34;43;49;56;47;50;60;73;64;66;70;68;0;No;No;No
5939;7;9;11;3;13;21;16;23;24;29;32;45;0;34;42;51;57;53;47;54;68;70;71;74;67;0;No;No;No
5940;15;11;8;14;13;24;22;18;23;26;44;39;0;43;36;54;58;51;49;50;70;64;72;74;65;0;No;No;No
5941;11;7;9;10;2;20;22;21;30;27;37;40;0;41;34;51;52;48;56;47;72;71;64;73;70;0;No;No;No
5942;3;10;14;8;7;17;24;23;28;20;43;37;0;42;33;50;52;57;47;55;65;64;61;69;75;0;No;No;No
5943;3;10;4;8;5;21;22;29;24;19;35;32;0;33;37;56;59;55;60;51;72;71;68;75;69;0;No;No;No
5944;6;12;14;13;5;24;19;23;27;30;38;43;0;34;36;56;57;52;51;55;61;69;70;63;68;0;No;No;No
5945;2;4;8;12;3;16;23;28;19;20;31;36;0;32;34;56;49;47;46;51;71;72;67;69;70;0;No;No;No
5946;8;11;3;5;2;26;27;20;16;23;45;44;0;35;31;59;54;57;52;47;66;62;68;67;64;0;No;No;No
5947;6;4;10;13;8;19;22;18;23;27;42;41;0;33;37;52;49;55;51;57;63;68;70;67;69;0;No;No;No
5948;3;9;5;1;8;21;19;28;24;27;42;44;0;37;32;47;51;48;58;55;69;63;67;68;66;0;No;No;No
5949;13;7;6;12;9;19;23;20;22;29;35;44;0;39;36;54;57;52;55;51;68;69;72;61;67;0;No;No;No
5950;3;11;2;4;12;16;30;23;22;19;31;36;0;44;41;48;55;47;54;50;66;64;74;68;62;0;No;No;No
5951;8;13;5;9;2;20;30;26;25;24;34;38;0;31;36;57;56;53;58;46;63;69;66;75;68;0;No;No;No
5952;3;12;13;5;10;26;29;24;27;19;44;45;0;31;32;54;59;53;46;47;63;61;66;73;75;0;No;No;No
5953;14;3;12;8;11;18;22;23;19;24;35;34;0;42;45;51;59;53;50;58;64;61;63;66;65;0;No;No;No
5954;14;13;6;8;1;28;17;25;26;27;34;33;0;38;32;50;59;58;53;51;63;64;75;73;69;0;No;No;No
5955;14;12;3;2;13;28;17;18;20;16;34;36;0;31;32;59;54;55;48;47;64;71;67;72;70;0;No;No;No
5956;6;14;13;4;2;18;16;23;21;29;36;32;0;33;42;53;47;55;54;60;72;73;61;62;65;0;No;No;No
5957;12;15;8;4;1;24;29;18;22;17;43;38;0;36;34;48;46;60;58;51;62;69;68;65;61;0;No;No;No
5958;4;11;12;10;6;29;19;28;23;18;41;31;0;42;36;54;57;48;58;49;66;74;64;65;68;0;No;No;No
5959;10;7;3;11;15;21;29;23;22;16;34;41;0;33;37;46;51;54;52;58;62;64;73;63;61;0;No;No;No
5960;2;1;15;3;10;23;19;21;16;29;44;42;0;33;32;56;57;49;54;51;73;61;68;72;67;0;No;No;No
5961;7;9;5;12;8;22;25;18;24;28;34;32;0;44;36;57;50;59;60;58;75;71;74;67;72;0;No;No;No
5962;15;7;9;12;1;28;25;23;19;29;43;31;0;42;35;49;48;53;60;58;73;70;62;72;71;0;No;No;No
5963;4;10;9;13;14;17;21;24;27;28;37;35;0;36;32;52;53;47;46;59;61;62;71;75;73;0;No;No;No
5964;3;4;6;14;7;21;28;29;23;30;35;44;0;34;41;51;49;48;56;59;68;69;72;67;73;0;No;No;No
5965;2;7;12;10;3;22;24;19;23;26;39;36;0;41;44;50;57;49;53;56;72;69;67;66;62;0;No;No;No
5966;12;11;4;1;9;21;25;19;20;23;36;38;0;44;43;52;55;58;53;56;61;62;65;66;70;0;No;No;No
5967;1;10;14;3;2;25;16;29;18;20;34;38;0;33;40;46;55;52;49;50;72;69;65;68;66;0;No;No;No
5968;9;1;4;12;11;18;24;21;17;20;37;43;0;39;44;46;55;58;47;57;74;68;63;67;64;0;No;No;No
5969;2;11;8;3;14;25;23;28;16;26;34;38;0;31;42;51;49;46;58;60;71;63;67;73;74;0;No;No;No
5970;14;4;13;10;1;24;22;23;26;16;32;31;0;43;38;59;53;57;56;46;70;61;71;65;72;0;No;No;No
5971;10;5;13;11;7;26;18;24;21;29;41;35;0;44;32;50;48;47;56;52;70;74;62;69;67;0;No;No;No
5972;13;6;11;7;2;17;28;20;29;19;43;34;0;33;32;59;58;49;53;56;71;68;61;70;72;0;No;No;No
5973;8;9;12;3;14;25;27;19;30;18;45;36;0;38;43;57;48;54;51;55;72;68;70;73;74;0;No;No;No
5974;4;5;14;1;12;24;18;23;20;27;32;35;0;39;44;52;59;46;47;50;74;65;70;73;66;0;No;No;No
5975;7;6;13;11;9;26;25;27;19;28;32;36;0;43;33;47;48;51;52;57;64;68;71;63;65;0;No;No;No
5976;2;1;10;11;13;25;22;27;30;16;32;36;0;34;40;57;48;54;51;55;64;63;71;66;74;0;No;No;No
5977;9;1;5;4;13;16;27;18;17;21;36;41;0;32;35;50;56;54;48;53;64;70;74;72;62;0;No;No;No
5978;11;13;14;2;7;27;22;26;19;30;42;31;0;35;34;49;51;56;58;52;63;69;64;71;61;0;No;No;No
5979;4;6;8;15;9;30;17;28;16;21;41;44;0;32;34;60;59;54;56;51;65;71;67;69;70;0;No;No;No
5980;10;5;12;13;6;21;18;22;20;28;37;42;0;39;40;53;59;56;52;48;64;61;66;73;67;0;No;No;No
5981;13;11;7;1;4;18;21;30;25;27;31;34;0;37;43;53;59;58;50;52;72;62;69;64;71;0;No;No;No
5982;5;15;10;4;12;26;17;25;16;22;37;33;0;31;43;54;48;55;47;52;75;71;64;61;73;0;No;No;No
5983;10;1;13;11;6;17;28;25;22;24;44;34;0;39;33;58;51;56;47;46;66;64;68;62;65;0;No;No;No
5984;4;8;5;6;11;24;25;22;18;27;31;37;0;39;34;48;58;57;52;53;63;75;70;71;61;0;No;No;No
5985;12;6;3;8;10;25;24;30;23;18;41;32;0;39;44;48;53;47;46;49;63;64;69;62;68;0;No;No;No
5986;8;2;13;10;4;24;18;29;28;23;35;43;0;41;39;59;52;51;57;47;69;63;72;65;73;0;No;No;No
5987;15;13;14;8;5;27;24;22;18;29;36;42;0;34;43;54;60;59;56;53;65;68;74;63;62;0;No;No;No
5988;5;14;10;12;2;22;21;25;26;18;41;40;0;33;36;54;58;56;51;53;64;70;75;71;61;0;No;No;No
5989;10;11;14;8;13;24;19;21;23;16;40;32;0;31;44;59;47;46;55;48;75;73;67;68;72;0;No;No;No
5990;13;15;5;12;1;20;23;28;18;27;39;34;0;38;35;58;49;53;56;59;64;65;68;71;66;0;No;No;No
5991;5;13;3;12;9;23;18;19;25;24;41;33;0;43;36;57;51;59;55;56;61;62;72;63;66;0;No;No;No
5992;8;14;11;6;10;18;17;22;29;28;42;38;0;45;43;60;47;46;52;58;70;75;62;72;63;0;No;No;No
5993;7;5;6;4;9;28;22;17;19;29;35;36;0;39;42;56;60;52;57;50;64;65;67;62;74;0;No;No;No
5994;9;13;3;8;14;24;19;26;29;28;35;33;0;42;43;48;55;50;52;59;63;68;71;67;65;0;No;No;No
5995;1;4;7;13;11;26;16;23;27;29;37;44;0;31;42;47;50;59;49;54;63;69;66;70;71;0;No;No;No
5996;14;2;13;3;15;27;17;19;23;26;44;39;0;41;35;47;52;53;54;59;71;72;69;61;68;0;No;No;No
5997;6;14;2;4;12;28;19;21;22;16;36;33;0;35;43;53;57;49;48;59;68;71;75;74;61;0;No;No;No
5998;11;6;7;13;12;30;26;24;19;22;32;44;0;37;42;48;51;59;55;49;73;74;71;65;72;0;No;No;No
5999;14;5;1;8;11;20;24;22;26;18;41;39;0;36;45;52;46;47;48;51;72;74;69;63;64;0;No;No;No
6000;9;7;14;10;6;20;17;27;29;25;36;35;0;42;39;54;49;59;57;58;68;61;75;66;64;0;No;No;No
6001;10;6;15;12;14;28;22;26;23;18;38;35;0;34;43;54;50;56;48;60;69;71;63;61;64;0;No;No;No
6002;6;2;14;11;1;29;22;23;19;16;33;41;0;42;43;55;47;52;54;46;73;75;68;66;74;0;No;No;No
6003;12;2;1;4;7;22;16;28;19;27;36;40;0;44;41;48;49;54;55;50;61;69;71;65;63;0;No;No;No
6004;2;13;14;11;4;23;27;18;16;22;32;35;0;44;43;57;56;51;50;48;66;61;63;74;68;0;No;No;No
6005;11;2;12;3;14;22;21;23;26;29;37;43;0;41;39;57;51;55;46;59;73;67;64;61;74;0;No;No;No
6006;6;2;9;8;5;22;27;28;17;16;45;37;0;44;33;52;49;50;55;53;67;73;75;66;72;0;No;No;No
6007;6;11;9;12;1;27;30;28;29;23;40;42;0;39;35;50;60;55;53;54;63;67;69;66;61;0;No;No;No
6008;1;9;12;4;2;21;18;16;26;27;32;43;0;33;41;55;47;50;54;57;63;73;64;67;66;0;No;No;No
6009;1;2;14;8;4;18;22;20;17;16;41;36;0;32;40;59;56;52;58;53;67;69;73;62;74;0;No;No;No
6010;2;5;14;9;6;16;29;17;18;26;39;41;0;31;40;57;54;56;46;47;67;65;64;68;73;0;No;No;No
6011;4;2;10;8;12;17;21;30;29;20;39;31;0;40;37;59;54;49;48;60;61;71;74;70;68;0;No;No;No
6012;14;4;7;5;12;23;26;30;22;18;38;39;0;33;43;59;55;51;52;58;75;62;73;69;67;0;No;No;No
6013;2;12;5;7;3;28;25;29;20;19;39;36;0;33;43;51;56;58;59;53;66;68;64;73;74;0;No;No;No
6014;14;10;3;7;8;24;30;19;26;22;35;44;0;34;36;48;54;57;53;60;67;71;62;64;65;0;No;No;No
6015;10;1;12;3;8;24;22;16;29;21;36;41;0;34;38;59;49;53;55;58;63;71;61;73;68;0;No;No;No
6016;14;5;12;3;8;16;29;30;18;17;40;34;0;41;43;56;59;60;51;54;65;72;69;74;64;0;No;No;No
6017;3;13;11;4;2;28;25;16;27;19;37;33;0;35;39;52;55;47;57;56;63;64;65;70;69;0;No;No;No
6018;12;2;3;4;6;22;23;24;27;25;44;33;0;32;36;56;48;54;55;57;67;68;65;73;62;0;No;No;No
6019;11;12;14;9;3;26;18;24;21;19;39;36;0;40;32;60;54;55;58;52;67;75;69;68;73;0;No;No;No
6020;4;7;10;8;14;21;19;22;29;24;42;35;0;44;41;52;56;48;54;57;66;73;74;70;61;0;No;No;No
6021;3;1;6;12;5;20;21;28;24;29;42;32;0;35;39;57;47;51;58;56;73;66;62;64;69;0;No;No;No
6022;12;8;15;1;4;17;22;25;30;16;42;33;0;43;44;50;47;52;56;55;70;67;75;66;68;0;No;No;No
6023;12;7;10;5;13;22;16;28;23;19;32;36;0;35;43;47;59;53;58;55;64;63;71;69;72;0;No;No;No
6024;12;10;4;9;5;26;25;23;29;30;40;38;0;44;35;57;49;58;56;46;63;65;68;66;74;0;No;No;No
6025;9;7;1;8;11;19;29;28;18;23;41;45;0;37;42;51;54;58;50;56;68;73;71;70;74;0;No;No;No
6026;8;1;10;3;4;17;19;27;24;22;37;40;0;41;42;51;53;49;55;48;63;71;70;68;75;0;No;No;No
6027;12;14;2;3;13;25;21;24;22;18;33;34;0;35;36;58;50;59;57;47;67;70;63;72;64;0;No;No;No
6028;7;4;15;13;10;20;24;23;28;29;39;33;0;42;40;57;54;52;47;53;73;74;66;72;62;0;No;No;No
6029;4;1;5;2;8;27;29;28;21;24;31;43;0;42;32;51;54;47;55;48;74;64;69;66;61;0;No;No;No
6030;1;9;7;2;5;22;27;29;23;18;42;39;0;43;37;49;51;48;59;47;66;61;73;62;70;0;No;No;No
6031;4;13;2;15;3;23;29;26;24;30;38;36;0;37;41;58;56;47;53;51;65;61;74;69;70;0;No;No;No
6032;8;7;1;13;11;18;24;21;29;30;43;31;0;39;44;55;60;56;46;48;65;71;67;61;62;0;No;No;No
6033;3;1;9;13;10;21;23;24;29;22;37;31;0;35;36;46;53;59;49;47;64;67;66;69;72;0;No;No;No
6034;6;11;14;10;1;22;20;28;25;24;42;33;0;35;36;50;59;51;53;49;63;65;61;66;73;0;No;No;No
6035;10;8;12;15;11;25;22;29;27;24;41;33;0;42;37;56;57;59;54;47;68;61;69;73;75;0;No;No;No
6036;9;7;4;6;11;16;28;19;17;27;41;34;0;44;36;59;51;56;46;48;62;68;71;66;69;0;No;No;No
6037;1;6;14;12;5;27;26;22;20;28;43;39;0;33;45;46;57;55;54;50;71;67;68;66;62;0;No;No;No
6038;3;2;6;13;15;29;23;22;26;20;35;44;0;42;43;48;57;46;47;55;70;75;73;71;68;0;No;No;No
6039;3;5;14;6;4;24;23;17;21;22;42;38;0;45;31;52;53;57;50;46;62;66;72;65;70;0;No;No;No
6040;9;8;11;5;6;26;24;22;19;16;42;36;0;38;43;50;59;55;54;47;65;73;62;71;74;0;No;No;No
6041;12;5;9;2;14;22;18;25;27;24;45;43;0;40;36;51;52;58;48;59;71;62;70;67;66;0;No;No;No
6042;9;4;12;15;8;25;29;28;19;27;40;39;0;38;43;50;57;59;52;51;66;62;67;72;74;0;No;No;No
6043;14;7;1;5;3;28;18;30;25;22;34;37;0;31;36;60;47;57;51;59;61;64;75;65;62;0;No;No;No
6044;4;13;2;14;9;21;28;19;18;16;35;44;0;39;31;54;56;57;50;46;61;72;69;67;65;0;No;No;No
6045;8;9;7;2;10;25;18;29;16;17;40;31;0;38;33;54;55;58;52;49;74;68;61;75;62;0;No;No;No
6046;10;4;5;3;8;17;30;20;22;29;40;38;0;43;36;51;56;60;50;52;67;68;69;66;64;0;No;No;No
6047;9;15;6;8;14;29;22;23;27;24;39;43;0;35;33;48;52;55;60;46;67;73;74;71;68;0;No;No;No
6048;5;11;3;6;4;27;18;30;25;22;35;39;0;43;42;49;59;50;57;47;61;74;62;73;75;0;No;No;No
6049;10;1;2;11;6;21;27;29;23;17;32;33;0;42;34;56;54;55;51;58;71;62;65;69;68;0;No;No;No
6050;7;6;1;13;4;24;28;18;19;26;38;40;0;34;44;47;54;52;55;50;69;64;63;65;70;0;No;No;No
6051;3;6;4;10;13;21;17;25;29;19;41;33;0;34;42;49;51;46;47;53;72;61;64;71;68;0;No;No;No
6052;9;11;6;4;3;17;30;29;24;21;39;37;0;36;35;48;56;59;46;58;73;75;63;72;69;0;No;No;No
6053;10;5;9;12;2;27;24;28;20;21;38;39;0;33;32;53;58;50;55;56;69;67;65;74;61;0;No;No;No
6054;7;12;6;10;15;19;23;25;28;18;42;32;0;37;33;55;49;57;51;59;63;64;65;70;68;0;No;No;No
6055;1;3;10;14;2;28;30;27;24;20;41;44;0;31;38;57;59;51;48;53;70;71;61;64;74;0;No;No;No
6056;8;2;4;3;10;16;27;20;29;18;34;45;0;36;41;50;56;51;46;54;70;74;62;71;66;0;No;No;No
6057;4;13;7;1;2;28;26;29;17;21;40;43;0;45;39;59;49;54;51;53;71;62;73;70;74;0;No;No;No
6058;2;12;8;1;13;20;19;26;24;29;42;35;0;41;45;54;57;50;49;60;70;69;68;63;67;0;No;No;No
6059;7;5;14;2;1;29;23;28;26;19;31;34;0;38;39;53;55;54;56;50;68;62;67;64;61;0;No;No;No
6060;4;9;11;12;14;16;18;22;26;27;39;42;0;36;45;50;56;47;55;58;69;61;62;71;74;0;No;No;No
6061;1;3;12;10;4;16;25;26;19;28;44;32;0;33;41;59;55;57;51;48;72;75;64;68;62;0;No;No;No
6062;9;14;15;6;1;19;29;22;18;23;36;31;0;44;32;55;48;60;56;46;74;68;66;71;72;0;No;No;No
6063;5;13;11;3;15;20;25;17;21;23;43;36;0;42;31;52;57;54;46;47;64;70;68;62;72;0;No;No;No
6064;2;6;13;15;10;26;29;19;17;24;40;31;0;32;42;50;56;55;58;59;66;61;65;72;68;0;No;No;No
6065;8;1;5;6;14;29;22;28;24;16;34;40;0;32;41;58;54;51;46;60;63;65;73;62;70;0;No;No;No
6066;3;7;9;4;15;28;22;16;18;17;44;38;0;32;39;46;47;54;56;53;70;67;69;66;72;0;No;No;No
6067;2;8;6;1;10;21;17;26;16;19;37;31;0;34;33;50;48;47;56;51;67;63;71;62;68;0;No;No;No
6068;10;2;3;7;6;19;18;25;17;26;32;40;0;43;42;57;49;51;60;53;69;61;71;64;65;0;No;No;No
6069;8;9;1;12;3;16;27;21;18;25;35;39;0;42;41;51;52;53;59;50;70;68;64;67;63;0;No;No;No
6070;8;13;7;10;3;27;19;16;23;17;34;42;0;31;41;47;49;60;48;59;64;62;70;68;65;0;No;No;No
6071;15;5;13;6;11;24;23;17;29;26;36;40;0;44;42;47;49;52;46;55;63;72;69;61;70;0;No;No;No
6072;2;9;12;14;1;28;16;17;30;18;40;41;0;43;44;58;52;54;59;53;64;66;69;67;74;0;No;No;No
6073;3;4;8;2;13;30;20;19;17;25;36;33;0;39;41;49;50;51;55;54;68;62;67;71;61;0;No;No;No
6074;15;8;14;11;10;19;21;17;16;28;42;39;0;32;37;46;56;60;57;51;65;73;64;75;68;0;No;No;No
6075;13;8;11;3;7;21;29;16;25;26;31;39;0;44;35;49;51;52;50;60;73;61;70;66;75;0;No;No;No
6076;11;13;8;3;10;18;28;21;29;19;31;44;0;42;36;47;60;50;54;52;65;73;63;64;61;0;No;No;No
6077;10;1;13;5;3;19;17;20;27;23;34;43;0;36;35;54;56;52;51;60;64;69;72;63;66;0;No;No;No
6078;7;9;6;14;1;26;29;20;19;17;36;38;0;39;34;54;50;52;49;48;74;73;63;62;65;0;No;No;No
6079;6;11;7;3;14;21;22;25;17;23;42;37;0;33;43;51;57;59;54;48;72;66;61;74;68;0;No;No;No
6080;8;9;14;15;1;16;23;27;25;26;37;42;0;40;41;55;52;57;49;53;69;61;74;75;73;0;No;No;No
6081;14;9;12;7;5;26;20;23;17;16;32;35;0;41;33;60;55;58;48;53;62;63;72;61;69;0;No;No;No
6082;8;14;10;5;1;18;21;28;16;17;35;44;0;41;45;55;47;52;60;49;64;66;61;74;73;0;No;No;No
6083;15;8;10;9;4;17;21;22;26;18;35;44;0;43;40;51;55;49;53;58;63;71;69;62;61;0;No;No;No
6084;10;3;14;12;8;30;18;16;20;21;39;31;0;37;43;53;58;46;49;55;73;74;70;68;67;0;No;No;No
6085;14;2;1;11;5;18;30;20;24;19;39;43;0;41;36;48;53;59;49;52;67;63;73;72;69;0;No;No;No
6086;14;3;13;10;6;22;23;20;27;17;42;45;0;40;36;57;46;50;51;60;62;68;61;64;74;0;No;No;No
6087;1;9;11;4;8;22;23;19;24;26;35;31;0;41;40;50;58;52;57;55;61;62;74;68;73;0;No;No;No
6088;3;4;11;12;14;25;17;28;30;26;31;44;0;40;34;58;47;55;49;48;75;70;74;73;61;0;No;No;No
6089;13;3;15;12;6;22;23;26;17;19;45;38;0;33;37;59;55;54;56;46;67;70;66;71;61;0;No;No;No
6090;11;2;1;14;8;18;23;28;26;16;38;32;0;43;35;49;51;47;57;54;62;65;74;66;68;0;No;No;No
6091;4;13;1;12;14;18;23;22;28;21;39;42;0;32;35;56;49;55;54;52;72;66;64;68;62;0;No;No;No
6092;4;5;2;8;10;26;27;23;21;20;34;42;0;36;44;52;59;54;48;46;66;70;72;67;64;0;No;No;No
6093;13;11;4;3;7;29;17;16;25;19;41;44;0;40;32;47;48;53;49;56;64;61;73;68;71;0;No;No;No
6094;10;7;6;5;11;17;28;18;21;26;33;34;0;43;42;47;60;59;48;49;62;70;73;66;65;0;No;No;No
6095;4;15;3;7;5;23;21;27;17;30;38;44;0;39;45;50;59;53;54;55;64;63;67;68;66;0;No;No;No
6096;12;1;13;11;4;27;24;28;16;17;38;44;0;33;42;57;51;54;52;48;73;61;67;66;69;0;No;No;No
6097;9;8;7;10;1;21;27;24;26;23;33;44;0;36;38;56;50;55;49;47;68;75;64;66;71;0;No;No;No
6098;10;7;9;6;5;16;19;22;20;17;42;38;0;32;34;47;59;52;50;46;67;64;65;72;74;0;No;No;No
6099;5;1;8;10;7;28;23;18;17;29;37;39;0;44;35;46;49;57;59;51;74;61;71;62;65;0;No;No;No
6100;5;1;14;8;2;16;30;21;26;24;31;35;0;41;38;46;48;56;47;54;66;63;68;75;73;0;No;No;No
6101;9;1;7;4;10;27;25;22;20;18;33;35;0;43;36;54;58;55;49;50;69;68;63;64;62;0;No;No;No
6102;7;3;1;15;2;30;27;18;16;25;42;44;0;31;35;47;52;58;60;55;65;71;72;64;68;0;No;No;No
6103;11;2;10;13;5;24;20;25;23;17;40;31;0;34;36;56;47;48;46;60;69;74;73;71;67;0;No;No;No
6104;5;10;13;11;15;26;17;21;28;23;44;41;0;34;45;50;58;56;52;49;74;70;69;75;73;0;No;No;No
6105;14;1;8;4;2;27;18;25;19;24;33;34;0;44;43;49;52;56;55;47;67;74;75;64;69;0;No;No;No
6106;13;14;10;11;15;22;21;18;20;19;43;41;0;35;42;57;56;54;59;49;72;62;71;61;67;0;No;No;No
6107;13;9;6;3;4;28;17;22;27;25;36;40;0;37;32;46;50;60;58;48;61;69;70;73;66;0;No;No;No
6108;8;12;9;6;11;28;16;29;19;30;42;39;0;38;32;46;50;54;53;49;69;71;61;74;68;0;No;No;No
6109;11;4;7;15;3;28;16;17;24;22;40;38;0;41;35;59;58;46;48;50;75;73;66;64;65;0;No;No;No
6110;5;14;3;10;12;18;19;20;16;23;31;41;0;44;37;57;48;56;53;59;72;69;61;74;73;0;No;No;No
6111;6;7;13;11;10;29;17;19;18;25;43;41;0;36;33;52;57;51;48;46;70;63;65;64;72;0;No;No;No
6112;1;3;2;8;14;19;24;27;22;17;31;42;0;33;36;55;58;59;46;57;67;71;73;70;62;0;No;No;No
6113;13;9;5;11;7;21;23;27;17;22;35;41;0;33;42;50;46;48;54;53;71;66;64;73;72;0;No;No;No
6114;11;4;2;9;10;20;23;18;19;29;32;45;0;43;39;51;58;57;56;47;65;64;67;66;68;0;No;No;No
6115;6;11;15;10;5;24;20;27;29;22;37;45;0;31;41;53;47;51;52;56;68;66;71;73;74;0;No;No;No
6116;6;7;14;4;3;22;25;18;28;29;45;31;0;39;41;47;55;50;60;57;64;68;61;72;65;0;No;No;No
6117;1;2;6;3;5;24;28;18;23;26;44;37;0;32;35;46;49;59;60;48;61;63;66;69;68;0;No;No;No
6118;7;11;14;1;2;28;20;19;16;22;34;33;0;38;39;51;49;48;57;50;63;68;70;62;67;0;No;No;No
6119;8;1;13;9;10;25;18;19;27;21;32;41;0;40;38;55;58;56;59;47;62;64;72;67;70;0;No;No;No
6120;3;6;4;10;14;29;22;17;21;25;37;39;0;35;31;53;47;49;48;56;68;67;71;64;63;0;No;No;No
6121;12;11;6;13;9;23;29;17;30;20;42;40;0;43;36;51;57;60;56;52;69;73;66;74;71;0;No;No;No
6122;8;11;1;5;7;28;23;20;26;19;43;41;0;33;40;53;59;57;55;46;61;64;71;74;72;0;No;No;No
6123;1;13;10;6;3;28;18;17;24;16;35;36;0;32;31;57;55;48;51;53;71;64;73;74;63;0;No;No;No
6124;4;10;3;12;9;29;16;24;28;23;31;45;0;41;32;57;56;47;54;51;64;61;72;71;68;0;No;No;No
6125;7;3;6;13;10;29;23;25;22;19;38;43;0;31;36;56;47;50;59;53;69;73;65;61;63;0;No;No;No
6126;2;15;13;6;14;20;28;19;21;29;35;34;0;44;42;52;53;57;50;58;73;63;74;72;70;0;No;No;No
6127;13;14;4;1;12;23;17;16;26;20;34;44;0;37;33;49;46;48;56;55;73;70;72;69;67;0;No;No;No
6128;4;10;11;8;13;17;16;25;19;24;33;42;0;45;40;59;49;51;56;53;68;70;74;61;67;0;No;No;No
6129;4;8;10;1;7;28;23;22;24;26;31;45;0;40;41;50;47;57;60;54;74;66;68;61;70;0;No;No;No
6130;1;10;14;6;2;19;21;18;27;23;38;41;0;40;42;53;55;59;48;52;73;68;70;74;65;0;No;No;No
6131;13;4;11;3;5;23;28;26;17;20;31;37;0;39;38;55;46;50;51;59;71;69;61;65;63;0;No;No;No
6132;4;11;8;3;10;22;18;28;24;29;33;40;0;31;35;50;49;53;56;47;68;61;65;67;64;0;No;No;No
6133;12;13;15;9;5;28;26;21;25;22;43;38;0;34;40;56;57;58;55;51;74;66;72;68;70;0;No;No;No
6134;9;2;15;11;10;22;19;16;20;28;35;31;0;45;40;55;49;58;48;59;62;66;70;74;72;0;No;No;No
6135;5;7;14;2;12;28;23;18;26;19;39;44;0;36;35;56;60;52;57;55;70;62;74;69;71;0;No;No;No
6136;15;10;2;12;8;17;28;20;27;24;35;37;0;31;41;60;57;54;53;58;70;69;64;67;68;0;No;No;No
6137;7;14;2;1;11;30;17;27;19;26;39;42;0;37;43;56;51;52;53;54;64;66;72;62;71;0;No;No;No
6138;3;10;8;11;7;22;27;29;30;28;33;38;0;34;41;46;56;47;59;48;75;65;69;73;68;0;No;No;No
6139;4;11;7;2;14;18;27;20;22;16;38;43;0;45;31;51;49;58;59;57;64;69;63;73;74;0;No;No;No
6140;15;12;11;1;14;26;18;20;25;29;43;31;0;37;44;52;47;57;58;49;65;67;74;71;72;0;No;No;No
6141;6;14;7;9;10;28;26;27;16;22;34;33;0;38;41;53;60;55;57;47;75;74;61;63;69;0;No;No;No
6142;5;1;7;8;2;21;26;20;24;27;42;32;0;44;38;55;54;46;49;50;75;68;66;63;70;0;No;No;No
6143;5;8;4;3;6;22;20;16;18;30;43;31;0;32;37;49;48;52;56;55;61;62;71;69;73;0;No;No;No
6144;11;8;4;12;2;27;26;29;19;25;44;42;0;31;39;50;46;55;51;56;66;62;73;63;69;0;No;No;No
6145;4;12;8;1;7;20;25;21;26;16;44;34;0;38;42;50;60;51;58;46;62;72;65;75;63;0;No;No;No
6146;11;8;4;5;2;28;17;21;26;18;41;38;0;44;32;47;52;60;55;48;72;74;68;61;63;0;No;No;No
6147;7;10;4;2;1;21;22;23;27;28;33;42;0;38;44;47;55;52;53;50;66;61;69;63;74;0;No;No;No
6148;11;7;12;1;8;27;26;16;24;22;41;33;0;32;38;51;55;49;59;58;73;63;69;64;65;0;No;No;No
6149;4;14;10;8;2;29;21;24;18;27;40;44;0;37;33;50;59;57;55;53;63;65;67;62;70;0;No;No;No
6150;14;5;7;9;3;30;16;27;26;22;32;44;0;33;34;57;56;52;53;49;73;66;68;63;70;0;No;No;No
6151;13;6;14;3;9;19;29;20;24;18;39;35;0;33;41;47;53;52;59;57;71;63;74;69;62;0;No;No;No
6152;13;10;3;8;2;21;30;27;29;16;45;36;0;44;38;55;52;47;50;46;69;62;66;73;61;0;No;No;No
6153;7;14;11;10;12;21;16;28;19;18;41;43;0;33;32;55;57;48;59;47;70;71;64;61;62;0;No;No;No
6154;12;1;3;9;6;16;23;17;28;19;40;38;0;37;33;46;53;52;54;48;64;72;65;63;66;0;No;No;No
6155;15;5;2;3;7;19;25;30;20;27;41;39;0;32;35;56;51;46;54;50;68;73;62;69;61;0;No;No;No
6156;12;2;14;13;11;27;16;30;29;20;35;38;0;32;41;49;48;47;54;50;68;74;71;73;64;0;No;No;No
6157;8;3;2;7;12;25;29;20;28;26;41;34;0;33;43;59;56;47;48;54;72;75;73;66;67;0;No;No;No
6158;8;1;9;14;12;24;30;16;21;27;37;32;0;36;31;56;51;48;54;46;69;66;63;62;73;0;No;No;No
6159;8;12;5;6;3;30;22;17;16;19;43;44;0;39;36;52;51;57;49;50;73;70;75;62;65;0;No;No;No
6160;7;10;13;2;4;16;22;26;20;17;32;33;0;41;43;53;55;58;50;48;67;63;72;69;68;0;No;No;No
6161;15;12;1;9;3;22;23;17;29;27;37;38;0;43;39;53;54;49;60;56;69;64;61;68;67;0;No;No;No
6162;1;8;10;3;7;29;26;16;20;17;40;41;0;39;38;58;57;53;50;52;74;69;63;71;68;0;No;No;No
6163;9;2;12;5;8;26;17;20;29;21;32;42;0;36;41;51;47;58;48;50;65;68;61;62;67;0;No;No;No
6164;4;12;13;2;14;26;21;16;23;30;33;36;0;42;38;50;47;54;52;48;64;67;69;74;68;0;No;No;No
6165;5;13;2;14;10;27;28;23;19;20;35;41;0;33;42;46;54;53;48;56;69;65;74;67;72;0;No;No;No
6166;13;10;9;2;14;21;25;18;16;29;32;35;0;37;41;48;54;57;46;53;68;61;69;71;64;0;No;No;No
6167;3;5;10;4;14;21;16;29;27;25;35;36;0;42;39;48;47;59;53;46;62;61;72;71;63;0;No;No;No
6168;12;9;11;6;5;20;19;22;25;21;40;35;0;36;41;56;59;46;52;51;63;65;61;66;68;0;No;No;No
6169;12;7;13;5;3;23;26;22;17;29;40;45;0;33;34;54;56;59;50;46;73;67;71;70;66;0;No;No;No
6170;8;11;7;10;12;26;18;22;16;30;45;34;0;37;35;47;52;57;60;50;73;74;62;65;72;0;No;No;No
6171;14;6;12;11;8;19;18;28;29;24;33;39;0;42;40;53;55;58;51;49;73;71;66;69;65;0;No;No;No
6172;12;9;13;5;15;21;20;29;26;18;34;33;0;35;38;58;53;60;47;46;68;64;70;71;73;0;No;No;No
6173;1;4;2;15;13;25;21;18;20;22;37;34;0;39;44;57;56;49;46;54;65;66;62;68;75;0;No;No;No
6174;12;9;13;14;8;17;29;25;24;22;32;36;0;31;44;49;58;50;52;51;70;73;67;61;69;0;No;No;No
6175;8;9;10;12;15;22;23;19;16;17;43;32;0;41;35;52;49;46;58;53;73;64;70;74;75;0;No;No;No
6176;3;10;15;13;11;25;22;17;23;19;44;40;0;42;31;56;52;57;48;59;62;63;73;68;66;0;No;No;No
6177;3;4;7;9;2;28;26;21;16;20;42;38;0;36;43;46;52;54;51;47;72;64;67;66;61;0;No;No;No
6178;14;11;5;4;8;30;19;22;24;27;38;45;0;36;43;47;56;50;60;55;75;64;65;66;73;0;No;No;No
6179;2;8;13;7;12;24;23;28;25;26;45;42;0;34;31;56;46;48;58;59;69;70;72;73;65;0;No;No;No
6180;10;5;2;9;6;22;16;28;17;30;32;39;0;44;34;46;49;50;59;56;74;63;68;73;64;0;No;No;No
6181;14;1;2;10;7;16;19;27;21;28;33;38;0;41;35;58;53;52;54;47;66;69;65;71;67;0;No;No;No
6182;9;13;8;3;11;24;30;16;27;17;41;40;0;36;32;53;49;51;59;50;68;62;63;72;66;0;No;No;No
6183;7;8;10;3;1;28;26;22;19;17;32;34;0;35;31;57;55;48;53;54;65;68;63;66;62;0;No;No;No
6184;11;10;1;12;13;20;26;28;23;27;44;42;0;33;39;48;51;54;56;50;74;72;66;70;63;0;No;No;No
6185;1;13;14;11;6;16;26;19;30;20;44;37;0;39;42;54;52;55;59;58;66;64;62;71;69;0;No;No;No
6186;10;7;14;9;11;25;18;23;26;16;31;43;0;33;36;46;54;48;59;50;64;70;72;65;62;0;No;No;No
6187;5;11;6;15;13;16;18;24;17;20;37;31;0;41;40;52;53;60;54;59;72;73;67;61;75;0;No;No;No
6188;14;12;6;9;1;18;16;19;20;22;45;36;0;35;38;51;46;53;57;55;65;67;73;64;69;0;No;No;No
6189;11;3;4;9;1;20;30;22;23;19;43;36;0;45;39;57;50;48;49;59;72;69;67;66;75;0;No;No;No
6190;2;10;3;1;4;25;29;16;18;19;35;38;0;31;36;57;46;48;54;55;62;71;67;70;69;0;No;No;No
6191;11;1;5;4;14;16;22;26;25;17;33;43;0;37;34;57;49;50;51;53;62;66;73;67;71;0;No;No;No
6192;13;3;15;8;7;17;29;21;22;23;34;40;0;35;36;53;59;55;54;60;73;69;70;66;61;0;No;No;No
6193;9;4;13;12;11;23;18;24;20;25;39;31;0;44;43;58;46;57;54;47;71;61;64;74;63;0;No;No;No
6194;13;9;14;1;3;18;29;26;21;16;43;37;0;34;35;58;51;60;53;48;61;71;63;62;66;0;No;No;No
6195;15;10;12;6;11;21;29;22;20;18;37;42;0;35;41;55;48;58;51;47;74;68;67;73;61;0;No;No;No
6196;11;12;8;4;1;27;30;19;24;29;43;37;0;39;41;51;52;58;55;60;63;65;70;71;68;0;No;No;No
6197;9;8;3;5;13;20;21;28;24;22;37;44;0;33;45;52;58;54;49;50;70;73;63;61;66;0;No;No;No
6198;6;10;2;1;11;26;21;16;23;30;37;41;0;40;34;51;49;46;47;55;61;69;67;66;65;0;No;No;No
6199;3;5;7;1;13;17;25;22;20;29;34;37;0;42;44;50;46;53;56;59;66;65;73;67;64;0;No;No;No
6200;4;14;8;13;12;16;17;30;22;20;40;34;0;44;33;51;48;59;54;58;70;72;68;65;64;0;No;No;No
6201;9;10;14;2;15;29;26;23;20;16;34;39;0;35;37;54;50;52;57;49;63;61;65;62;71;0;No;No;No
6202;14;8;10;1;5;17;18;25;16;28;37;34;0;35;44;60;46;47;53;57;68;63;69;70;65;0;No;No;No
6203;8;4;7;14;11;18;25;19;22;23;35;44;0;38;43;56;52;58;59;51;63;64;75;73;66;0;No;No;No
6204;5;8;6;3;13;23;29;20;24;16;39;40;0;45;42;57;52;51;49;55;71;75;73;62;69;0;No;No;No
6205;11;14;7;4;8;22;27;18;17;26;31;44;0;38;34;48;59;53;54;50;70;69;62;64;72;0;No;No;No
6206;10;7;2;8;9;16;25;23;18;22;34;45;0;31;32;50;51;46;49;55;65;71;72;63;67;0;No;No;No
6207;13;14;4;7;6;16;22;25;21;26;38;33;0;45;32;48;51;57;54;55;69;62;73;63;65;0;No;No;No
6208;12;13;11;2;8;28;20;25;26;21;43;36;0;40;38;47;59;54;53;50;70;62;66;69;74;0;No;No;No
6209;8;14;3;2;6;30;20;16;27;26;42;44;0;36;40;53;57;49;59;54;73;70;72;66;62;0;No;No;No
6210;14;8;7;6;15;19;28;22;30;27;39;44;0;38;41;58;49;56;51;57;66;73;70;71;63;0;No;No;No
6211;7;13;2;4;9;18;27;25;22;28;38;35;0;36;45;59;57;54;52;48;71;73;64;70;72;0;No;No;No
6212;10;5;4;13;11;25;18;20;28;29;40;42;0;43;39;52;56;46;47;54;74;75;73;61;66;0;No;No;No
6213;15;14;7;6;1;29;19;17;28;20;41;33;0;37;45;50;60;52;46;47;72;71;68;66;65;0;No;No;No
6214;12;3;10;1;2;23;21;16;25;22;39;33;0;40;31;50;46;56;51;54;63;74;69;75;70;0;No;No;No
6215;3;2;9;14;15;22;18;23;25;26;45;37;0;40;35;48;56;49;60;52;73;70;72;65;61;0;No;No;No
6216;6;9;8;7;3;30;16;28;22;18;44;42;0;31;45;53;52;50;60;59;75;71;64;66;65;0;No;No;No
6217;7;2;1;4;15;18;20;26;29;24;38;43;0;34;42;48;50;47;58;56;72;61;66;69;62;0;No;No;No
6218;10;1;8;3;7;24;19;21;26;23;32;34;0;37;44;48;50;47;57;58;75;62;72;61;65;0;No;No;No
6219;11;12;5;6;1;22;25;19;21;30;31;40;0;32;39;58;60;46;52;54;66;68;74;71;70;0;No;No;No
6220;12;13;1;4;14;21;28;16;27;29;36;44;0;41;31;48;57;47;54;60;67;71;72;64;65;0;No;No;No
6221;9;7;3;10;6;24;25;26;28;27;41;39;0;37;34;48;58;47;46;50;62;75;70;61;69;0;No;No;No
6222;9;3;14;4;11;16;20;27;17;23;42;34;0;35;40;48;54;59;50;55;72;61;63;73;66;0;No;No;No
6223;6;3;4;15;13;22;21;18;24;20;37;36;0;45;35;57;56;48;52;46;74;72;71;70;61;0;No;No;No
6224;2;15;10;7;6;28;22;19;27;29;39;40;0;37;36;55;47;46;51;57;66;75;70;73;65;0;No;No;No
6225;10;4;7;5;1;29;17;23;24;22;40;37;0;34;32;50;57;51;52;47;63;67;68;73;62;0;No;No;No
6226;1;14;9;6;15;27;30;25;23;16;43;35;0;33;42;53;50;49;54;48;65;64;72;70;62;0;No;No;No
6227;15;12;2;6;5;27;29;23;25;22;40;32;0;35;43;51;48;52;58;59;70;61;72;66;75;0;No;No;No
6228;4;11;8;3;7;29;24;26;19;30;39;40;0;38;43;52;55;56;57;59;72;71;61;69;74;0;No;No;No
6229;13;2;6;9;12;28;21;27;24;17;38;37;0;35;44;55;60;59;49;54;65;69;64;74;61;0;No;No;No
6230;8;14;10;11;13;19;29;28;18;30;45;35;0;42;36;56;55;54;58;47;63;71;70;73;62;0;No;No;No
6231;4;11;2;8;15;23;19;17;20;21;36;39;0;31;42;55;53;59;60;54;75;69;61;70;65;0;No;No;No
6232;6;11;3;8;2;16;24;25;18;27;39;31;0;43;35;52;58;47;49;57;72;70;63;74;69;0;No;No;No
6233;8;1;2;13;7;26;18;22;17;29;35;34;0;43;42;48;51;60;50;53;70;62;71;65;66;0;No;No;No
6234;4;15;9;11;1;17;22;16;18;19;31;40;0;32;38;48;59;60;53;49;66;73;64;69;63;0;No;No;No
6235;11;8;9;12;14;18;24;22;26;20;43;40;0;35;37;56;60;57;54;47;73;74;63;61;71;0;No;No;No
6236;9;11;10;13;8;26;29;17;20;25;44;36;0;40;45;59;49;57;58;51;67;73;66;62;64;0;No;No;No
6237;4;6;5;14;3;25;18;26;27;19;45;43;0;36;41;46;55;51;57;49;72;71;68;66;63;0;No;No;No
6238;12;7;14;10;1;16;29;17;18;26;45;38;0;43;33;51;56;48;57;53;69;63;66;64;70;0;No;No;No
6239;4;9;2;12;7;29;19;25;22;23;38;42;0;43;33;60;58;57;52;55;64;63;65;66;74;0;No;No;No
6240;3;11;7;9;6;19;28;20;26;25;35;39;0;42;43;53;51;54;46;50;75;69;62;63;61;0;No;No;No
6241;7;13;12;6;9;16;23;28;21;22;43;37;0;39;36;49;58;47;51;48;62;72;64;67;73;0;No;No;No
6242;11;3;4;2;6;24;19;28;18;26;44;42;0;39;32;50;55;52;58;46;74;61;64;63;66;0;No;No;No
6243;3;7;11;14;9;18;27;29;19;25;31;34;0;40;42;48;54;47;50;56;71;68;69;75;61;0;No;No;No
6244;10;14;9;12;4;29;27;24;28;16;38;34;0;41;44;50;48;46;54;47;61;72;73;70;74;0;No;No;No
6245;9;6;5;3;8;29;21;23;19;25;35;38;0;33;44;58;54;51;52;46;67;62;63;65;74;0;No;No;No
6246;9;6;8;5;4;26;24;21;27;28;41;37;0;39;35;58;53;47;49;46;61;75;70;63;72;0;No;No;No
6247;11;2;9;13;15;25;22;28;29;21;32;40;0;37;43;49;52;56;48;47;62;68;64;61;72;0;No;No;No
6248;7;3;13;14;4;17;29;23;16;26;41;39;0;45;40;54;52;58;51;47;61;65;63;72;62;0;No;No;No
6249;6;4;9;3;5;20;21;23;24;19;40;37;0;31;32;52;55;57;47;56;66;67;68;73;61;0;No;No;No
6250;4;3;13;8;9;27;26;22;19;21;43;38;0;35;41;47;60;59;51;54;68;74;72;71;70;0;No;No;No
6251;3;6;4;9;7;17;24;29;21;23;39;36;0;45;43;55;60;46;59;50;63;74;62;75;73;0;No;No;No
6252;8;10;3;4;12;19;24;25;30;22;32;36;0;43;39;48;56;60;54;52;73;72;71;63;66;0;No;No;No
6253;9;8;1;4;12;19;22;16;20;17;32;36;0;35;38;49;48;46;51;50;68;66;74;75;64;0;No;No;No
6254;5;3;7;9;8;18;17;27;20;25;41;42;0;37;35;57;47;53;51;50;73;67;69;72;65;0;No;No;No
6255;5;13;1;14;11;30;26;27;19;28;43;36;0;41;35;51;56;55;47;48;61;73;63;69;71;0;No;No;No
6256;10;12;6;9;5;18;29;20;17;22;36;43;0;39;31;49;57;58;52;56;65;61;67;68;73;0;No;No;No
6257;11;12;15;7;3;30;16;21;20;29;42;35;0;32;31;51;58;49;47;46;67;69;72;71;73;0;No;No;No
6258;14;6;4;1;15;24;22;25;28;30;41;37;0;40;34;50;52;58;60;51;64;70;69;75;66;0;No;No;No
6259;6;13;9;15;2;26;16;18;17;28;31;34;0;39;42;59;57;58;48;51;62;71;70;65;63;0;No;No;No
6260;5;1;8;6;12;16;28;27;24;22;38;39;0;44;35;46;59;48;53;50;66;64;63;62;74;0;No;No;No
6261;3;8;14;7;12;28;19;22;21;27;36;44;0;37;43;53;47;50;58;59;65;68;62;71;72;0;No;No;No
6262;8;15;11;6;14;17;28;22;20;24;34;43;0;44;40;53;48;54;56;47;61;69;73;72;70;0;No;No;No
6263;6;1;2;12;14;28;20;16;17;23;36;31;0;43;32;58;51;57;54;49;63;72;68;67;69;0;No;No;No
6264;5;4;3;13;6;28;27;22;19;24;39;33;0;36;31;59;48;50;49;53;63;68;66;69;72;0;No;No;No
6265;15;5;1;9;8;22;25;18;16;29;43;44;0;39;34;47;50;58;57;46;74;61;70;66;67;0;No;No;No
6266;1;13;14;12;3;19;17;18;29;24;42;33;0;36;38;56;48;52;50;51;73;61;69;63;65;0;No;No;No
6267;15;11;12;3;13;22;28;16;26;18;37;41;0;43;44;59;48;54;47;51;61;68;64;63;67;0;No;No;No
6268;9;4;7;11;2;27;19;17;21;29;43;34;0;42;38;54;48;53;49;55;70;69;75;74;61;0;No;No;No
6269;6;11;14;5;13;20;23;28;19;21;41;37;0;38;45;54;53;58;51;46;67;63;73;69;62;0;No;No;No
6270;14;15;11;4;9;20;25;19;22;18;38;42;0;40;44;52;59;56;48;47;70;62;74;66;61;0;No;No;No
6271;7;6;4;1;10;28;17;16;22;25;37;35;0;31;32;58;47;51;60;53;73;66;70;61;69;0;No;No;No
6272;3;5;11;15;13;27;25;22;17;19;32;31;0;35;37;46;50;52;58;59;73;65;71;67;64;0;No;No;No
6273;13;2;15;3;12;30;29;22;27;21;44;42;0;43;34;54;56;58;57;50;69;71;62;67;65;0;No;No;No
6274;9;11;6;3;7;18;27;22;21;24;42;35;0;43;40;57;55;54;56;52;63;66;67;69;64;0;No;No;No
6275;14;6;2;8;4;23;28;30;27;29;45;36;0;41;33;46;51;59;48;58;69;62;74;66;65;0;No;No;No
6276;13;7;8;6;4;16;30;21;20;26;44;33;0;34;39;46;47;55;51;48;67;70;74;65;68;0;No;No;No
6277;4;6;13;1;3;23;18;17;25;19;41;34;0;36;40;57;49;58;59;46;64;65;71;72;68;0;No;No;No
6278;9;1;2;7;3;21;27;18;16;20;34;32;0;36;35;49;59;55;52;57;71;65;67;66;69;0;No;No;No
6279;14;9;11;10;3;30;28;24;23;29;36;43;0;37;34;57;56;58;46;50;68;64;67;69;61;0;No;No;No
6280;4;15;10;14;6;21;30;26;22;24;43;44;0;32;40;51;56;54;46;48;62;68;73;63;71;0;No;No;No
6281;10;1;13;8;15;19;27;20;23;17;38;32;0;31;40;52;49;46;55;57;73;67;74;63;70;0;No;No;No
6282;2;10;3;7;4;19;27;28;23;26;41;45;0;35;38;49;59;56;55;57;69;75;73;66;67;0;No;No;No
6283;2;4;12;14;11;25;17;19;23;29;39;41;0;44;37;48;53;54;60;52;71;72;73;65;62;0;No;No;No
6284;11;9;3;2;7;24;23;16;22;29;41;36;0;37;38;58;55;54;56;48;67;63;70;68;66;0;No;No;No
6285;8;13;3;14;11;28;24;17;27;22;40;37;0;35;31;57;51;48;56;50;64;65;75;70;63;0;No;No;No
6286;4;1;10;13;8;26;30;17;23;24;39;32;0;37;35;54;58;55;53;52;63;70;75;69;68;0;No;No;No
6287;8;6;1;9;13;20;18;29;16;25;34;37;0;32;40;58;48;57;47;54;61;63;68;67;70;0;No;No;No
6288;7;1;6;4;8;23;18;16;20;28;33;40;0;41;36;54;52;50;53;58;67;63;62;66;75;0;No;No;No
6289;1;3;6;13;10;30;28;18;20;27;41;34;0;40;42;60;49;59;47;56;69;61;71;68;70;0;No;No;No
6290;4;2;13;14;6;18;27;21;25;24;36;32;0;37;40;52;54;50;53;46;68;71;72;67;75;0;No;No;No
6291;8;9;14;15;2;16;28;26;22;23;39;38;0;37;34;47;48;59;49;52;69;67;64;65;66;0;No;No;No
6292;3;11;12;6;2;17;30;25;16;28;34;35;0;39;41;53;46;59;51;49;73;62;64;63;69;0;No;No;No
6293;13;9;2;14;10;29;28;21;20;19;38;31;0;33;44;51;50;52;58;46;71;66;62;69;61;0;No;No;No
6294;10;15;1;8;2;17;16;26;23;21;42;33;0;40;36;60;56;52;58;50;65;72;64;70;74;0;No;No;No
6295;11;7;8;10;12;22;17;29;18;27;38;35;0;34;41;49;46;48;50;58;67;63;66;69;70;0;No;No;No
6296;11;9;6;13;8;28;17;27;24;23;33;35;0;34;43;54;48;51;50;57;72;63;74;69;66;0;No;No;No
6297;6;7;9;1;3;28;19;20;22;29;43;41;0;34;32;47;57;53;58;59;66;67;63;71;70;0;No;No;No
6298;10;15;12;4;11;18;28;20;19;22;35;43;0;41;44;57;53;59;49;52;67;61;63;68;71;0;No;No;No
6299;13;6;2;3;1;19;25;23;22;18;37;43;0;35;38;58;60;53;46;50;63;74;69;72;71;0;No;No;No
6300;11;6;3;9;5;25;16;23;17;19;35;40;0;41;38;59;55;50;47;46;66;64;75;71;68;0;No;No;No
6301;12;9;7;2;4;28;19;24;16;30;43;37;0;32;42;48;50;57;55;52;71;75;63;64;62;0;No;No;No
6302;12;6;9;10;2;21;29;19;26;24;33;43;0;35;37;60;49;51;50;58;61;73;72;66;74;0;No;No;No
6303;5;10;7;4;9;23;20;18;30;27;45;42;0;40;36;55;60;54;46;57;67;74;70;65;68;0;No;No;No
6304;3;6;5;4;2;24;23;27;25;20;39;45;0;37;40;56;50;47;52;49;67;74;70;64;66;0;No;No;No
6305;6;13;1;10;7;16;29;24;18;23;43;38;0;42;33;48;47;58;52;53;61;67;66;71;64;0;No;No;No
6306;4;6;2;10;13;24;21;29;19;20;38;34;0;33;44;47;48;57;55;53;63;66;67;72;69;0;No;No;No
6307;10;15;12;5;1;21;17;28;16;19;41;42;0;39;31;52;54;53;58;48;73;67;61;70;72;0;No;No;No
6308;2;13;14;3;1;29;21;28;20;25;37;44;0;33;31;54;49;58;55;59;69;70;67;66;61;0;No;No;No
6309;10;9;2;14;12;25;27;23;16;19;38;34;0;41;36;58;48;54;52;47;62;73;66;74;67;0;No;No;No
6310;6;3;5;11;4;21;24;18;25;22;44;34;0;33;38;59;51;57;53;49;64;65;61;63;71;0;No;No;No
6311;7;14;13;15;6;22;16;20;27;19;34;32;0;36;35;50;53;58;59;47;65;70;73;64;69;0;No;No;No
6312;10;13;9;11;7;19;26;16;18;21;38;31;0;33;41;47;52;60;46;59;69;74;62;71;70;0;No;No;No
6313;4;7;6;1;10;26;17;19;20;18;41;35;0;42;32;50;60;48;51;59;64;71;66;74;62;0;No;No;No
6314;9;4;10;13;7;19;30;26;20;27;31;44;0;39;37;56;46;52;60;55;63;64;73;72;65;0;No;No;No
6315;3;2;10;12;7;26;29;22;19;30;35;40;0;43;39;52;50;56;49;53;71;67;65;61;63;0;No;No;No
6316;6;3;10;14;5;16;23;29;18;17;38;33;0;31;43;57;51;49;59;47;71;62;68;70;65;0;No;No;No
6317;14;5;13;1;12;18;22;20;27;23;42;41;0;34;43;54;52;53;47;57;66;65;68;61;70;0;No;No;No
6318;8;13;14;15;10;27;18;20;21;28;44;38;0;39;42;51;50;52;47;58;74;63;64;72;65;0;No;No;No
6319;11;15;14;3;1;24;23;29;22;17;41;42;0;36;40;49;55;58;59;60;66;69;62;67;74;0;No;No;No
6320;6;4;2;5;7;24;29;19;28;26;36;41;0;45;31;55;49;48;46;56;63;62;61;75;69;0;No;No;No
6321;3;12;11;1;5;20;24;29;28;30;32;45;0;38;36;57;49;59;50;60;73;70;69;71;65;0;No;No;No
6322;11;12;7;1;4;28;24;16;22;27;32;44;0;40;37;46;55;59;52;56;71;73;70;63;67;0;No;No;No
6323;3;2;5;11;4;21;26;19;20;27;41;42;0;35;33;52;49;48;56;50;68;69;75;72;61;0;No;No;No
6324;15;7;13;2;10;18;24;21;19;29;41;36;0;32;45;56;57;51;47;50;73;62;71;64;61;0;No;No;No
6325;2;13;5;12;8;20;26;18;19;24;45;44;0;42;35;59;47;50;51;49;71;66;63;62;74;0;No;No;No
6326;7;12;11;14;15;28;22;27;23;17;36;32;0;40;39;52;55;50;56;47;68;66;70;73;72;0;No;No;No
6327;12;7;11;14;2;30;23;22;17;21;34;42;0;32;41;50;54;46;59;57;73;72;75;61;62;0;No;No;No
6328;3;7;13;5;2;29;23;18;28;19;34;38;0;37;40;56;58;57;52;53;72;63;69;68;65;0;No;No;No
6329;3;9;7;6;10;22;23;18;27;25;43;35;0;32;42;58;59;52;49;56;71;65;68;66;72;0;No;No;No
6330;8;13;5;11;4;30;24;26;22;17;32;33;0;39;31;58;49;55;57;53;68;69;72;65;66;0;No;No;No
6331;11;7;15;3;13;18;16;30;20;27;43;37;0;35;33;52;48;59;60;47;74;69;63;62;67;0;No;No;No
6332;1;11;3;8;9;16;27;25;26;21;41;38;0;32;31;51;58;55;48;49;75;62;67;64;72;0;No;No;No
6333;10;7;12;8;4;18;24;19;20;29;38;43;0;36;42;47;57;52;51;50;74;66;71;69;64;0;No;No;No
6334;4;14;10;6;8;16;21;29;27;25;32;41;0;37;35;56;57;52;50;48;73;65;66;67;64;0;No;No;No
6335;1;5;3;4;2;21;18;17;26;27;44;40;0;35;36;59;46;56;51;48;69;75;74;64;62;0;No;No;No
6336;9;6;5;1;10;21;17;23;22;30;32;39;0;33;42;54;52;51;56;60;63;64;70;75;65;0;No;No;No
6337;10;6;2;15;12;25;20;29;19;24;33;42;0;32;35;49;47;48;50;46;75;64;70;68;67;0;No;No;No
6338;4;8;11;3;6;25;27;23;18;21;35;39;0;31;45;46;51;50;58;55;65;67;62;69;61;0;No;No;No
6339;5;11;4;6;2;21;27;23;20;19;42;39;0;32;31;54;50;47;48;59;63;64;71;62;69;0;No;No;No
6340;6;10;1;14;15;26;19;17;30;18;38;43;0;37;45;57;49;47;60;48;71;70;64;63;61;0;No;No;No
6341;13;14;4;10;5;23;30;17;29;24;36;31;0;43;40;49;50;54;58;56;65;72;69;71;62;0;No;No;No
6342;3;13;4;2;5;19;22;27;18;17;38;41;0;31;32;51;54;47;55;48;62;70;68;72;71;0;No;No;No
6343;10;2;3;4;8;26;28;27;21;24;32;35;0;41;36;51;58;53;55;54;64;68;72;71;69;0;No;No;No
6344;10;8;2;3;4;18;27;16;30;25;43;35;0;34;32;49;47;53;50;52;69;68;74;67;70;0;No;No;No
6345;6;9;13;5;15;24;20;28;27;17;44;34;0;33;45;52;58;55;57;54;70;71;72;65;64;0;No;No;No
6346;9;6;8;14;1;21;20;24;23;17;38;37;0;39;40;59;55;56;46;57;73;71;64;63;74;0;No;No;No
6347;11;1;12;15;14;28;27;26;22;20;35;43;0;39;44;47;53;46;56;52;67;75;66;61;71;0;No;No;No
6348;13;11;5;1;10;29;25;22;21;24;34;42;0;32;40;48;57;47;46;49;70;69;68;64;63;0;No;No;No
6349;13;2;10;11;8;25;20;23;21;18;40;42;0;45;35;51;57;50;54;58;62;72;68;70;73;0;No;No;No
6350;8;2;12;13;1;27;28;29;25;16;43;37;0;39;40;58;46;59;50;47;63;74;62;72;64;0;No;No;No
6351;7;13;6;3;11;23;16;29;24;19;33;32;0;34;42;48;54;47;50;52;67;69;66;75;72;0;No;No;No
6352;2;8;13;5;9;16;22;29;23;26;44;33;0;41;39;56;57;58;55;52;68;67;66;73;72;0;No;No;No
6353;3;9;1;8;2;21;19;18;24;28;36;44;0;33;31;54;47;58;50;59;69;68;70;63;62;0;No;No;No
6354;13;12;3;14;8;29;19;22;24;20;37;41;0;45;34;55;57;53;47;54;72;63;61;71;69;0;No;No;No
6355;5;2;14;10;3;29;20;22;24;23;41;31;0;37;43;51;50;56;53;54;63;67;75;73;70;0;No;No;No
6356;10;12;6;14;3;20;26;27;30;24;44;36;0;31;33;56;58;46;59;49;68;74;69;73;70;0;No;No;No
6357;3;10;1;14;11;19;20;27;30;17;37;38;0;45;33;54;48;46;53;55;73;65;68;61;70;0;No;No;No
6358;4;9;7;12;11;30;19;28;23;20;35;32;0;39;41;54;50;57;52;58;75;67;73;66;65;0;No;No;No
6359;4;11;12;8;13;23;29;25;24;16;34;31;0;36;40;53;55;54;46;48;72;71;73;70;67;0;No;No;No
6360;3;14;13;10;9;26;24;23;29;21;43;34;0;38;35;58;55;46;60;49;73;70;64;72;67;0;No;No;No
6361;3;6;13;2;7;20;19;27;24;18;33;36;0;32;42;51;56;58;60;57;71;70;64;65;75;0;No;No;No
6362;11;7;12;5;1;17;24;16;21;18;42;31;0;45;36;52;54;58;60;51;73;70;72;75;67;0;No;No;No
6363;10;11;3;6;8;26;18;20;17;28;40;37;0;36;35;56;48;60;54;58;69;63;73;65;68;0;No;No;No
6364;3;13;10;4;5;30;26;23;27;20;31;42;0;32;39;56;46;58;49;55;70;68;62;63;71;0;No;No;No
6365;3;9;12;13;15;23;17;29;25;26;40;43;0;33;38;48;55;50;59;54;71;72;75;69;67;0;No;No;No
6366;14;4;6;10;5;19;25;29;24;17;41;40;0;42;31;52;48;55;50;60;61;69;65;67;66;0;No;No;No
6367;3;5;1;13;8;26;21;28;22;24;38;41;0;44;36;50;46;52;54;47;65;70;74;62;63;0;No;No;No
6368;12;15;2;3;4;27;28;21;23;19;31;37;0;34;32;54;50;46;48;57;64;66;67;71;63;0;No;No;No
6369;12;3;10;14;15;23;27;16;24;26;39;36;0;33;40;51;49;58;56;54;67;71;74;63;68;0;No;No;No
6370;14;8;6;13;11;29;25;26;21;27;32;38;0;33;37;47;54;52;59;46;69;63;70;72;67;0;No;No;No
6371;5;14;11;2;3;25;28;16;26;24;36;35;0;33;42;53;46;50;59;49;64;73;66;68;63;0;No;No;No
6372;13;9;6;12;3;18;29;22;27;20;39;35;0;37;32;56;59;49;54;52;69;62;73;64;71;0;No;No;No
6373;3;14;15;11;1;22;18;26;25;20;38;33;0;36;40;57;49;54;46;51;68;66;63;61;62;0;No;No;No
6374;7;4;13;3;5;27;22;30;26;21;35;41;0;37;32;49;53;57;52;51;66;62;61;70;68;0;No;No;No
6375;2;10;11;1;6;19;28;17;23;29;39;34;0;35;36;47;58;54;53;52;67;63;64;70;62;0;No;No;No
6376;14;7;12;2;1;21;22;17;29;27;36;31;0;43;37;51;56;59;52;54;65;69;62;66;74;0;No;No;No
6377;5;8;6;3;2;24;26;22;16;20;38;44;0;39;33;54;50;56;48;49;73;64;72;61;75;0;No;No;No
6378;13;2;4;1;14;18;28;30;16;27;44;43;0;31;36;49;60;53;48;56;75;63;69;71;64;0;No;No;No
6379;10;4;2;8;6;27;20;24;18;29;44;39;0;37;42;48;56;46;47;58;66;72;68;69;63;0;No;No;No
6380;15;13;1;8;2;20;23;29;30;24;42;41;0;43;39;47;49;48;53;46;62;64;74;71;61;0;No;No;No
6381;3;5;9;4;6;28;23;17;25;21;43;32;0;40;41;55;57;46;54;49;70;72;62;64;74;0;No;No;No
6382;3;2;8;7;12;17;18;26;19;29;32;36;0;43;42;58;50;54;52;46;63;65;73;74;68;0;No;No;No
6383;4;15;3;14;13;21;30;16;25;20;34;38;0;35;39;49;52;55;47;53;66;74;71;70;61;0;No;No;No
6384;5;7;2;13;3;27;26;29;25;17;44;33;0;31;40;49;48;55;52;59;65;73;66;72;64;0;No;No;No
6385;8;12;6;14;3;27;26;19;21;28;42;41;0;45;38;60;59;53;55;48;64;68;72;61;67;0;No;No;No
6386;10;11;8;4;2;26;19;24;21;23;43;37;0;34;40;60;47;52;59;58;75;64;74;63;69;0;No;No;No
6387;8;4;12;10;5;27;28;25;26;29;31;36;0;38;44;48;50;60;55;58;73;63;64;74;62;0;No;No;No
6388;2;4;10;7;14;28;27;17;26;19;36;32;0;31;40;60;51;57;53;49;72;64;75;62;66;0;No;No;No
6389;11;12;8;7;14;19;17;28;16;22;42;31;0;43;33;48;51;49;54;53;68;62;72;75;74;0;No;No;No
6390;3;7;6;9;14;28;18;22;17;27;33;36;0;41;40;51;55;54;50;46;71;66;64;61;62;0;No;No;No
6391;7;1;13;8;15;30;18;24;17;21;44;31;0;40;41;58;59;56;52;46;72;71;74;65;69;0;No;No;No
6392;9;7;15;13;8;23;19;24;30;25;44;33;0;31;34;57;60;48;53;47;65;66;67;73;61;0;No;No;No
6393;4;10;12;2;1;25;24;22;28;30;42;38;0;34;31;59;50;51;58;57;70;71;72;66;69;0;No;No;No
6394;14;12;4;9;1;22;18;20;19;17;34;31;0;39;36;47;51;49;54;52;71;69;68;74;64;0;No;No;No
6395;5;8;10;2;13;30;28;23;20;16;38;39;0;36;42;47;58;49;51;53;75;72;61;67;69;0;No;No;No
6396;8;12;1;2;6;21;29;27;26;23;43;38;0;44;39;52;56;58;46;55;62;67;66;68;65;0;No;No;No
6397;11;7;6;3;15;20;29;28;24;27;44;36;0;40;39;49;54;48;47;51;69;65;61;66;62;0;No;No;No
6398;13;4;14;3;8;27;16;23;29;20;43;36;0;37;42;52;49;59;50;55;71;66;68;70;65;0;No;No;No
6399;11;6;7;13;5;30;27;17;22;19;42;33;0;41;39;57;50;48;55;56;64;69;65;72;68;0;No;No;No
6400;13;10;15;7;14;18;25;19;23;17;37;38;0;40;34;54;46;53;57;59;73;69;70;63;72;0;No;No;No
6401;3;11;7;9;2;21;20;24;30;28;42;32;0;31;39;47;52;48;49;58;62;70;63;74;72;0;No;No;No
6402;9;13;7;12;8;29;20;28;27;16;42;40;0;43;35;59;51;55;46;53;67;68;72;75;69;0;No;No;No
6403;11;8;4;14;6;23;18;17;16;22;32;44;0;39;42;49;48;57;53;60;64;68;67;71;62;0;No;No;No
6404;6;11;9;12;5;24;19;17;22;16;44;40;0;42;36;49;51;56;52;46;72;61;69;64;66;0;No;No;No
6405;6;11;12;2;3;20;25;21;26;17;36;44;0;33;35;49;54;59;55;48;74;73;62;64;67;0;No;No;No
6406;4;11;5;14;3;16;17;27;29;24;38;44;0;40;34;50;59;51;46;47;63;66;70;72;64;0;No;No;No
6407;8;12;7;11;9;16;24;23;29;30;35;44;0;42;40;52;59;51;58;53;73;70;67;65;74;0;No;No;No
6408;6;4;3;12;14;16;20;23;30;28;32;35;0;41;33;52;58;55;53;51;71;63;62;72;69;0;No;No;No
6409;9;5;15;7;4;26;18;21;20;29;33;40;0;38;37;60;48;56;55;52;71;65;73;61;67;0;No;No;No
6410;14;13;5;4;6;18;23;22;25;20;40;34;0;31;35;52;58;50;55;47;61;67;68;74;62;0;No;No;No
6411;14;5;4;8;9;21;22;29;28;30;43;33;0;40;39;60;47;53;46;59;71;68;67;63;62;0;No;No;No
6412;14;13;10;6;8;20;23;30;25;17;31;43;0;42;32;60;49;55;54;58;64;61;62;66;73;0;No;No;No
6413;5;1;8;2;13;23;25;20;27;16;41;38;0;34;43;59;52;54;58;51;69;65;74;70;75;0;No;No;No
6414;10;9;14;6;1;22;23;19;20;21;44;38;0;32;43;56;54;57;47;49;74;69;61;62;73;0;No;No;No
6415;13;4;3;12;14;30;18;20;27;24;38;41;0;32;35;52;54;57;48;49;65;68;70;69;63;0;No;No;No
6416;13;2;5;3;6;27;28;17;24;25;38;32;0;40;37;52;59;54;46;53;61;66;74;65;68;0;No;No;No
6417;4;13;9;5;2;20;18;29;27;19;43;33;0;36;39;47;58;60;51;59;67;66;72;71;70;0;No;No;No
6418;11;10;4;7;3;17;21;24;20;23;31;39;0;42;34;46;58;49;48;55;61;71;68;70;66;0;No;No;No
6419;11;15;7;9;5;21;30;20;17;22;41;39;0;43;44;55;49;47;50;56;74;62;72;71;65;0;No;No;No
6420;14;5;4;11;13;24;16;25;28;21;44;35;0;42;31;57;56;51;53;46;64;70;69;62;67;0;No;No;No
6421;9;15;2;6;5;17;20;19;22;24;34;42;0;44;35;47;57;53;52;49;61;62;64;70;75;0;No;No;No
6422;10;11;8;14;13;20;16;29;27;23;40;37;0;38;44;50;57;56;59;52;62;61;72;74;66;0;No;No;No
6423;14;3;6;8;5;29;23;21;26;28;41;44;0;39;32;54;49;52;55;59;65;74;62;68;73;0;No;No;No
6424;14;4;2;3;12;22;25;21;19;30;31;41;0;33;35;50;59;54;52;58;63;66;74;64;68;0;No;No;No
6425;8;7;4;9;10;30;19;20;29;24;31;32;0;43;38;59;53;51;56;58;71;62;65;69;68;0;No;No;No
6426;10;6;5;14;8;21;29;30;22;16;45;33;0;37;40;55;56;53;51;58;66;67;64;72;61;0;No;No;No
6427;8;1;5;3;4;22;19;21;29;17;39;41;0;32;37;48;49;50;55;57;74;61;75;66;72;0;No;No;No
6428;4;12;9;13;7;17;18;28;25;21;42;40;0;38;37;51;53;52;47;49;69;65;62;66;72;0;No;No;No
6429;12;6;5;13;3;29;23;27;30;18;45;42;0;41;44;54;55;50;51;53;72;63;66;69;61;0;No;No;No
6430;2;14;1;13;4;20;27;25;18;26;41;42;0;37;32;50;46;57;48;47;61;75;74;72;71;0;No;No;No
6431;5;13;6;7;8;25;27;16;23;29;36;40;0;38;42;58;56;57;53;47;68;71;62;70;74;0;No;No;No
6432;2;14;4;10;11;20;28;16;24;22;35;45;0;39;33;57;58;46;54;48;61;63;69;68;73;0;No;No;No
6433;4;3;15;5;10;26;29;21;18;28;32;44;0;33;45;57;50;51;46;47;63;67;64;70;73;0;No;No;No
6434;3;7;12;13;5;28;26;30;27;25;36;37;0;31;42;50;46;57;52;51;64;70;61;65;72;0;No;No;No
6435;8;6;13;12;9;27;25;23;20;16;43;44;0;37;41;57;50;56;54;53;71;67;73;65;72;0;No;No;No
6436;4;2;8;10;6;24;21;25;26;17;34;38;0;37;39;49;58;56;57;55;66;62;69;70;61;0;No;No;No
6437;1;2;5;13;3;28;24;26;25;16;35;42;0;41;34;56;48;55;49;51;67;64;63;66;71;0;No;No;No
6438;8;1;12;4;5;25;20;17;26;23;33;43;0;39;35;53;48;46;59;58;68;70;71;63;67;0;No;No;No
6439;10;1;2;13;12;28;29;20;24;23;32;41;0;34;40;57;54;56;50;46;64;62;65;74;61;0;No;No;No
6440;3;6;8;9;14;25;23;27;20;26;35;32;0;38;45;53;57;52;60;47;67;62;70;71;64;0;No;No;No
6441;13;1;10;4;14;30;18;28;21;16;33;32;0;34;45;48;59;52;55;49;67;73;63;69;65;0;No;No;No
6442;13;7;2;12;10;17;27;29;23;26;43;44;0;40;32;48;57;49;50;55;61;69;66;70;64;0;No;No;No
6443;2;11;13;8;3;26;25;23;18;28;35;38;0;31;40;59;56;55;57;54;63;62;72;68;67;0;No;No;No
6444;13;10;2;15;11;27;28;18;21;24;33;37;0;35;32;52;47;57;56;54;68;66;61;75;67;0;No;No;No
6445;5;3;1;7;11;21;23;16;20;19;35;37;0;36;33;55;47;49;53;59;70;75;65;72;73;0;No;No;No
6446;8;12;13;5;4;20;21;17;28;29;37;36;0;43;42;54;51;55;50;57;73;74;71;62;63;0;No;No;No
6447;10;13;2;8;4;22;26;28;25;20;38;33;0;41;31;51;58;49;52;55;73;61;63;64;67;0;No;No;No
6448;7;12;11;10;15;28;18;19;22;20;34;39;0;31;35;49;47;58;57;56;71;61;63;73;70;0;No;No;No
6449;8;6;13;9;3;21;29;25;27;26;40;43;0;42;41;54;57;58;52;56;64;69;66;65;63;0;No;No;No
6450;14;3;6;8;5;17;27;26;16;19;37;43;0;33;40;53;56;54;48;58;67;65;74;70;62;0;No;No;No
6451;14;6;1;9;4;28;20;30;23;18;41;44;0;36;39;55;49;53;46;52;67;70;73;61;72;0;No;No;No
6452;7;11;2;8;15;25;17;30;20;16;34;33;0;32;35;56;47;55;60;51;66;68;67;69;61;0;No;No;No
6453;13;10;9;11;1;27;20;22;24;18;31;36;0;40;35;52;54;46;56;55;72;61;75;68;65;0;No;No;No
6454;13;9;5;4;14;18;28;21;20;16;37;42;0;33;43;50;47;48;60;51;75;63;65;69;66;0;No;No;No
6455;14;3;15;6;1;25;22;26;23;18;31;34;0;39;33;51;46;59;49;52;71;65;64;72;70;0;No;No;No
6456;15;10;2;7;9;30;22;26;18;20;32;40;0;44;36;56;55;46;50;60;70;65;69;67;74;0;No;No;No
6457;10;14;8;7;5;24;22;25;21;20;33;44;0;43;31;46;49;57;55;54;72;68;70;64;61;0;No;No;No
6458;9;11;3;12;2;18;29;30;28;17;40;36;0;44;45;46;56;55;57;51;75;65;66;62;61;0;No;No;No
6459;6;1;9;15;7;20;18;23;29;17;34;35;0;40;39;53;52;51;47;58;63;65;68;73;70;0;No;No;No
6460;8;10;3;4;1;24;20;29;22;27;32;33;0;43;31;50;51;60;56;49;65;73;69;75;68;0;No;No;No
6461;7;3;1;11;12;24;20;27;30;22;32;35;0;33;39;55;47;53;50;52;74;73;66;68;71;0;No;No;No
6462;14;3;10;4;9;28;16;18;26;20;42;32;0;33;40;56;58;53;60;48;66;63;74;71;61;0;No;No;No
6463;8;10;12;14;6;22;27;19;24;18;41;34;0;32;44;51;55;53;58;59;68;62;70;61;65;0;No;No;No
6464;11;6;2;5;4;17;22;16;19;28;37;39;0;36;43;51;47;59;52;49;70;73;71;63;68;0;No;No;No
6465;13;15;14;6;1;17;23;29;22;27;42;35;0;40;31;56;48;57;49;58;67;72;61;71;62;0;No;No;No
6466;12;10;7;5;8;18;25;17;28;16;34;35;0;32;41;47;49;50;58;52;72;65;62;71;61;0;No;No;No
6467;9;8;1;7;10;27;24;22;20;21;43;45;0;32;37;57;53;56;55;49;69;63;66;62;74;0;No;No;No
6468;4;12;11;5;13;25;29;19;26;28;34;40;0;36;35;56;54;55;49;60;63;64;62;65;68;0;No;No;No
6469;14;4;2;6;7;27;22;21;29;23;39;43;0;44;37;49;60;51;46;50;70;65;68;71;61;0;No;No;No
6470;11;7;4;15;1;16;23;29;22;18;43;38;0;45;36;51;48;53;60;56;67;68;62;63;69;0;No;No;No
6471;5;4;1;6;11;28;22;16;29;23;33;40;0;35;32;56;59;53;55;48;63;74;65;73;70;0;No;No;No
6472;7;5;11;14;9;24;17;21;26;22;40;35;0;39;38;51;50;58;48;52;69;74;73;71;61;0;No;No;No
6473;10;14;5;7;11;20;26;28;22;25;41;35;0;36;43;51;55;58;46;53;70;74;71;68;62;0;No;No;No
6474;10;6;9;3;1;17;16;18;25;28;33;31;0;34;43;51;47;57;46;52;74;69;71;62;65;0;No;No;No
6475;7;14;1;9;12;18;16;21;24;25;34;38;0;39;36;57;51;52;53;54;66;71;64;72;74;0;No;No;No
6476;8;6;12;15;4;29;16;19;21;24;32;34;0;37;41;56;47;59;57;51;68;67;70;61;75;0;No;No;No
6477;8;6;2;10;9;24;18;16;20;30;31;36;0;32;43;52;51;55;53;47;71;72;69;65;68;0;No;No;No
6478;6;9;3;2;10;23;22;27;25;29;42;44;0;36;39;59;54;58;50;51;65;72;70;67;66;0;No;No;No
6479;14;4;11;15;13;26;18;29;30;20;33;37;0;32;39;52;60;56;50;51;72;69;65;61;67;0;No;No;No
6480;11;10;2;6;12;19;17;20;16;29;41;32;0;33;39;54;47;49;51;59;69;63;67;75;70;0;No;No;No
6481;9;6;12;13;5;29;21;17;16;22;34;39;0;32;44;55;54;50;53;49;62;74;73;61;71;0;No;No;No
6482;13;9;6;8;2;18;24;22;20;21;45;43;0;33;31;58;60;56;50;49;62;67;71;65;72;0;No;No;No
6483;11;6;14;10;8;18;22;26;28;25;32;31;0;33;45;47;54;59;58;48;63;62;70;61;64;0;No;No;No
6484;8;3;12;4;2;19;20;22;26;16;33;42;0;45;34;55;50;56;48;46;69;72;62;75;73;0;No;No;No
6485;1;5;14;9;8;27;19;16;22;28;32;36;0;44;40;52;54;56;51;57;65;62;73;66;68;0;No;No;No
6486;14;15;11;8;1;28;16;27;29;26;38;41;0;39;31;57;49;46;56;48;64;73;74;71;62;0;No;No;No
6487;11;12;6;1;5;18;20;23;28;25;32;41;0;39;38;48;50;59;57;51;64;61;71;72;68;0;No;No;No
6488;10;1;5;15;11;16;22;23;27;21;34;44;0;39;41;53;60;58;59;55;66;68;67;69;64;0;No;No;No
6489;14;13;3;6;8;22;26;25;29;28;36;31;0;38;40;49;48;52;54;50;68;72;74;67;70;0;No;No;No
6490;4;14;6;10;12;18;17;19;22;30;43;44;0;39;32;50;56;48;51;47;69;67;64;75;66;0;No;No;No
6491;12;11;15;14;7;25;26;21;17;28;43;38;0;34;40;47;46;58;59;54;61;70;72;69;65;0;No;No;No
6492;1;10;12;6;15;22;20;30;21;26;41;40;0;31;44;46;54;52;53;58;73;69;62;63;65;0;No;No;No
6493;5;12;15;4;11;20;27;21;22;23;43;36;0;44;40;51;47;58;48;56;61;66;74;71;70;0;No;No;No
6494;13;1;5;10;14;18;29;23;20;27;37;42;0;44;36;46;56;52;57;58;68;66;69;62;71;0;No;No;No
6495;3;2;7;9;4;20;16;28;29;19;42;32;0;38;39;54;51;58;56;46;67;63;66;68;74;0;No;No;No
6496;7;3;6;10;4;18;23;29;17;21;32;40;0;36;34;59;48;55;50;54;66;72;73;63;64;0;No;No;No
6497;9;2;7;4;14;19;23;26;30;28;32;43;0;44;38;53;46;60;52;54;70;68;72;73;66;0;No;No;No
6498;8;3;1;14;5;29;18;22;17;19;31;42;0;37;32;53;48;51;54;52;63;69;64;72;74;0;No;No;No
6499;9;3;6;5;4;26;19;21;30;23;44;32;0;43;42;50;59;53;55;57;73;67;74;68;65;0;No;No;No
6500;3;12;2;8;14;29;17;26;21;30;40;38;0;44;34;48;54;52;50;58;66;73;67;63;72;0;No;No;No
6501;4;15;1;9;11;24;22;18;20;17;44;33;0;39;43;51;59;60;52;53;64;63;75;67;62;0;No;No;No
6502;15;14;2;3;6;28;26;22;25;16;45;39;0;41;36;48;57;54;51;56;71;65;69;63;62;0;No;No;No
6503;11;10;14;4;7;29;23;19;24;22;45;42;0;37;41;57;51;55;54;49;69;70;68;61;71;0;No;No;No
6504;8;6;11;12;2;24;20;17;16;26;44;37;0;42;31;52;57;51;60;53;61;73;74;65;75;0;No;No;No
6505;10;15;13;9;12;20;24;29;27;18;44;43;0;42;31;56;46;60;51;47;73;65;66;72;61;0;No;No;No
6506;1;14;11;12;5;27;25;18;23;26;44;33;0;37;35;47;57;52;48;55;65;75;61;64;70;0;No;No;No
6507;10;3;1;11;7;30;21;27;19;24;32;33;0;37;39;59;46;50;57;54;75;67;64;72;69;0;No;No;No
6508;6;2;11;10;14;25;27;24;16;28;41;42;0;38;33;53;49;59;57;51;67;69;72;64;71;0;No;No;No
6509;9;10;5;13;8;17;23;22;27;20;33;44;0;34;36;60;51;49;59;54;61;69;68;74;70;0;No;No;No
6510;8;5;13;12;9;22;30;16;28;23;35;37;0;36;34;53;55;54;59;51;71;73;72;62;69;0;No;No;No
6511;8;7;10;11;4;26;19;16;25;29;43;42;0;32;41;47;54;58;49;52;61;63;71;62;67;0;No;No;No
6512;1;2;8;3;4;22;24;18;27;26;42;34;0;41;38;50;51;49;58;55;74;75;71;69;68;0;No;No;No
6513;10;5;9;6;12;21;20;19;23;17;42;43;0;40;35;56;51;57;47;53;61;73;66;63;69;0;No;No;No
6514;2;10;9;11;5;22;23;25;24;29;40;39;0;41;42;55;50;54;58;56;62;68;65;72;71;0;No;No;No
6515;11;5;6;14;1;16;19;26;25;30;38;44;0;36;34;54;47;46;55;53;65;64;61;63;69;0;No;No;No
6516;14;8;6;1;5;17;26;27;29;19;44;39;0;36;33;57;51;59;58;54;74;73;65;72;67;0;No;No;No
6517;14;2;10;9;12;17;24;30;29;19;41;43;0;37;38;47;49;46;59;56;70;61;63;69;72;0;No;No;No
6518;14;1;3;9;11;23;21;25;16;22;32;37;0;40;45;51;56;55;47;48;68;66;67;63;64;0;No;No;No
6519;3;5;4;7;13;30;27;19;20;25;31;41;0;34;38;54;56;55;51;57;70;74;67;71;63;0;No;No;No
6520;14;9;5;1;3;22;20;24;16;17;41;40;0;45;38;46;53;58;59;55;68;61;64;70;63;0;No;No;No
6521;6;3;2;10;1;20;17;28;24;19;35;43;0;33;32;51;48;46;59;52;74;69;73;63;66;0;No;No;No
6522;13;5;11;9;10;25;26;30;29;27;38;43;0;37;31;47;52;48;59;60;70;67;69;71;61;0;No;No;No
6523;10;5;6;13;7;29;22;30;26;20;45;42;0;37;33;54;51;46;52;60;64;74;63;61;68;0;No;No;No
6524;13;1;12;7;2;25;16;28;27;18;35;40;0;38;44;55;52;47;49;53;67;71;73;63;65;0;No;No;No
6525;12;14;7;15;9;27;20;18;24;26;31;40;0;45;35;56;48;51;47;49;68;63;69;65;71;0;No;No;No
6526;11;12;2;14;4;20;29;18;28;16;32;39;0;40;35;55;48;51;52;53;71;61;74;66;75;0;No;No;No
6527;12;1;7;11;3;23;25;24;27;28;40;32;0;35;45;56;47;51;58;60;66;74;70;69;65;0;No;No;No
6528;1;10;12;9;14;24;23;20;25;29;36;32;0;43;37;51;55;49;56;53;73;66;67;68;64;0;No;No;No
6529;6;9;14;1;7;24;28;17;25;20;31;41;0;35;44;48;46;57;47;52;61;68;70;71;72;0;No;No;No
6530;1;15;11;12;3;23;27;28;29;22;38;45;0;44;33;60;46;47;51;52;65;63;70;67;75;0;No;No;No
6531;10;7;2;6;11;25;16;20;29;23;44;42;0;40;36;58;53;52;56;48;61;65;63;75;69;0;No;No;No
6532;8;9;4;1;12;29;23;22;25;20;43;41;0;42;37;52;49;58;57;46;69;61;63;66;65;0;No;No;No
6533;11;2;8;15;5;20;26;29;16;22;43;31;0;37;44;49;55;60;48;47;66;62;73;72;61;0;No;No;No
6534;7;12;15;4;5;30;25;21;16;19;41;38;0;43;42;58;52;51;55;49;72;64;65;63;70;0;No;No;No
6535;11;10;2;9;14;28;27;18;29;26;36;40;0;35;43;60;56;48;46;53;63;68;64;70;69;0;No;No;No
6536;10;8;2;1;3;24;21;28;26;16;35;32;0;33;41;47;56;52;50;46;74;64;73;69;75;0;No;No;No
6537;10;5;11;6;1;24;16;28;20;22;39;33;0;38;40;48;46;59;52;56;74;70;71;66;69;0;No;No;No
6538;10;11;7;5;15;16;29;28;19;22;35;31;0;34;38;58;56;57;60;52;65;72;64;74;61;0;No;No;No
6539;11;2;5;3;4;26;21;28;25;29;36;38;0;34;33;49;46;53;60;56;64;73;63;62;69;0;No;No;No
6540;10;5;1;4;6;24;22;27;26;16;43;35;0;40;39;55;47;57;46;52;71;72;62;70;64;0;No;No;No
6541;4;11;5;10;6;16;28;24;18;27;39;36;0;38;40;58;50;49;48;52;72;73;66;70;74;0;No;No;No
6542;3;9;13;12;11;26;20;23;27;18;43;37;0;38;31;52;48;57;54;47;61;64;66;62;63;0;No;No;No
6543;1;8;2;4;9;17;18;25;16;21;33;32;0;43;35;53;46;50;55;54;72;73;65;62;70;0;No;No;No
6544;12;14;2;8;11;27;23;29;16;21;40;42;0;38;41;50;46;56;59;54;67;68;73;69;64;0;No;No;No
6545;13;6;14;1;12;18;19;24;25;21;36;40;0;39;32;58;47;59;56;54;66;61;71;69;65;0;No;No;No
6546;2;5;4;8;10;29;21;28;26;27;31;41;0;35;39;55;46;53;47;59;72;61;66;75;64;0;No;No;No
6547;14;3;8;6;10;18;23;21;17;26;39;36;0;32;41;47;46;58;59;60;68;63;70;65;62;0;No;No;No
6548;10;11;14;2;13;19;27;23;25;17;43;45;0;40;33;50;47;46;53;48;75;74;65;61;72;0;No;No;No
6549;4;11;12;7;3;26;28;23;21;30;41;35;0;36;32;51;49;48;54;50;66;72;75;74;69;0;No;No;No
6550;8;4;3;5;9;23;19;22;17;29;44;38;0;40;31;53;59;49;55;60;62;63;67;73;71;0;No;No;No
6551;1;12;8;6;13;19;20;23;22;21;41;35;0;38;43;58;50;52;49;48;74;71;63;72;70;0;No;No;No
6552;8;6;9;14;1;26;17;16;23;22;37;32;0;33;43;56;49;58;53;54;64;75;71;66;74;0;No;No;No
6553;6;3;9;8;12;23;25;22;26;19;33;41;0;38;43;49;46;52;50;53;64;61;71;67;72;0;No;No;No
6554;9;12;2;11;8;28;20;22;24;18;31;37;0;35;34;53;55;54;51;50;67;69;62;63;74;0;No;No;No
6555;11;6;3;2;13;20;21;23;24;18;39;32;0;36;34;59;52;56;51;58;69;62;64;67;65;0;No;No;No
6556;12;7;15;3;9;19;27;21;29;25;35;33;0;41;36;59;48;49;54;51;62;69;66;73;64;0;No;No;No
6557;4;9;8;14;13;21;16;22;25;30;37;38;0;39;32;59;46;58;53;51;62;72;63;71;66;0;No;No;No
6558;2;5;14;1;13;21;23;29;19;28;34;43;0;42;35;55;51;54;59;53;62;74;68;63;71;0;No;No;No
6559;8;1;2;10;3;27;22;18;17;25;44;32;0;33;43;53;48;60;55;59;71;69;67;63;66;0;No;No;No
6560;8;4;5;2;9;17;26;16;30;20;31;36;0;41;33;57;47;59;48;49;62;66;70;64;63;0;No;No;No
6561;5;6;10;9;13;23;29;25;16;27;37;35;0;42;43;59;48;50;46;58;63;66;73;67;64;0;No;No;No
6562;8;14;7;11;12;27;16;28;26;20;38;33;0;37;31;48;46;54;59;52;68;61;69;71;66;0;No;No;No
6563;12;3;5;14;7;27;23;22;25;30;40;38;0;36;37;55;52;47;59;53;71;66;74;69;62;0;No;No;No
6564;1;6;14;12;11;18;23;20;27;25;35;32;0;36;42;46;55;48;59;53;74;72;71;73;70;0;No;No;No
6565;7;4;10;6;12;19;16;17;25;27;35;45;0;37;39;50;47;55;53;58;64;73;62;66;67;0;No;No;No
6566;9;12;5;11;4;17;20;26;29;27;45;32;0;44;39;47;60;52;49;55;68;73;75;64;74;0;No;No;No
6567;10;7;4;3;15;30;21;19;24;16;45;37;0;35;44;53;52;60;49;55;62;65;70;73;75;0;No;No;No
6568;11;1;2;9;4;24;26;23;27;16;32;40;0;37;44;46;47;53;60;49;66;63;75;64;70;0;No;No;No
6569;2;9;12;10;14;28;23;19;29;21;33;36;0;44;41;56;49;46;59;52;73;67;70;74;62;0;No;No;No
6570;2;13;14;5;7;28;17;30;24;16;35;38;0;43;41;46;50;51;52;55;70;62;63;73;72;0;No;No;No
6571;6;1;13;8;12;16;29;24;25;18;44;42;0;39;40;47;53;48;56;59;73;70;66;68;61;0;No;No;No
6572;13;10;6;7;5;30;19;24;20;23;37;40;0;32;44;46;49;58;52;54;62;69;75;68;66;0;No;No;No
6573;4;6;5;12;14;24;23;19;25;16;33;35;0;39;40;60;49;47;58;54;72;70;74;66;69;0;No;No;No
6574;7;2;13;3;14;22;16;21;28;20;44;38;0;39;43;57;51;58;46;48;73;71;62;70;64;0;No;No;No
6575;3;14;8;13;1;27;19;21;17;22;34;43;0;42;40;60;52;49;46;53;65;73;68;72;61;0;No;No;No
6576;10;8;6;2;1;30;22;21;19;17;45;36;0;31;39;59;47;58;57;50;74;66;75;65;70;0;No;No;No
6577;12;14;1;10;15;28;23;27;21;24;38;36;0;39;37;57;56;50;47;52;71;62;65;64;66;0;No;No;No
6578;12;14;8;10;7;29;28;19;17;21;31;41;0;37;36;59;58;49;48;47;63;68;69;62;75;0;No;No;No
6579;1;9;13;10;7;29;20;30;25;17;38;37;0;36;41;59;52;56;51;53;64;74;68;62;72;0;No;No;No
6580;10;11;4;12;9;18;25;26;22;29;35;39;0;42;36;49;59;60;47;52;72;71;64;67;66;0;No;No;No
6581;1;2;9;15;8;20;27;28;24;19;31;44;0;36;37;57;55;48;56;58;68;72;62;74;67;0;No;No;No
6582;13;5;12;15;2;26;27;17;20;25;32;45;0;43;35;59;46;58;55;51;72;65;61;70;74;0;No;No;No
6583;1;15;8;2;4;24;21;19;29;25;42;39;0;32;44;52;59;54;51;47;68;71;67;69;61;0;No;No;No
6584;14;9;5;11;2;25;22;27;20;24;40;43;0;39;33;54;47;50;58;53;69;70;73;63;72;0;No;No;No
6585;2;14;8;1;10;26;19;28;27;21;36;39;0;37;43;60;49;55;59;54;63;65;70;69;67;0;No;No;No
6586;10;9;11;14;6;29;25;18;22;17;41;36;0;39;31;54;55;48;58;56;70;72;68;65;64;0;No;No;No
6587;3;8;10;1;11;18;23;30;25;27;34;35;0;32;44;56;53;60;57;50;67;66;62;61;74;0;No;No;No
6588;14;2;4;8;1;19;17;22;20;16;34;38;0;32;40;55;56;46;58;57;61;75;71;62;67;0;No;No;No
6589;9;6;5;1;12;17;27;28;18;19;44;39;0;45;34;48;53;56;49;50;66;68;71;72;65;0;No;No;No
6590;11;12;6;10;8;19;18;22;29;23;39;43;0;34;38;47;59;50;48;54;62;61;70;68;72;0;No;No;No
6591;6;11;10;13;8;20;28;22;26;25;39;38;0;37;36;51;56;47;54;49;70;68;63;75;72;0;No;No;No
6592;1;8;11;14;15;28;26;16;29;25;41;37;0;32;39;46;54;60;52;58;61;73;70;74;71;0;No;No;No
6593;8;11;14;13;5;20;19;21;26;23;34;31;0;37;42;47;51;52;55;53;64;74;67;70;61;0;No;No;No
6594;9;6;7;10;14;24;23;25;28;27;36;40;0;44;37;58;49;52;59;50;74;66;72;69;63;0;No;No;No
6595;13;10;7;1;3;19;20;26;17;18;35;34;0;41;32;54;53;56;55;46;70;74;71;61;65;0;No;No;No
6596;4;9;6;13;15;20;28;24;16;23;31;36;0;45;32;58;54;57;52;60;73;62;64;67;75;0;No;No;No
6597;11;1;8;6;13;21;22;26;19;30;39;35;0;43;33;52;58;48;49;56;65;74;71;67;69;0;No;No;No
6598;1;13;2;10;11;20;25;23;26;16;39;35;0;36;41;50;53;56;60;59;62;71;64;61;67;0;No;No;No
6599;14;3;5;12;8;28;23;24;16;17;34;39;0;31;38;51;46;52;47;60;69;73;72;62;68;0;No;No;No
6600;2;11;6;9;8;29;22;23;26;19;38;33;0;34;32;57;50;46;58;48;70;73;66;74;72;0;No;No;No
6601;1;8;13;10;6;20;23;25;19;29;42;32;0;35;31;58;54;51;46;55;64;75;73;70;62;0;No;No;No
6602;5;11;9;7;12;23;21;25;18;16;33;40;0;36;42;59;60;53;57;55;62;73;69;64;67;0;No;No;No
6603;13;3;12;6;4;18;22;26;20;27;38;41;0;40;44;57;58;49;53;59;62;65;64;66;73;0;No;No;No
6604;13;3;10;12;7;23;29;24;22;20;42;44;0;32;38;57;46;55;56;47;65;69;64;63;62;0;No;No;No
6605;10;6;15;12;1;27;16;25;17;22;42;33;0;32;37;46;58;48;47;49;69;74;64;68;71;0;No;No;No
6606;13;8;11;6;3;17;21;28;24;18;33;43;0;45;42;59;50;56;58;52;68;71;74;65;69;0;No;No;No
6607;4;13;12;1;5;19;18;23;28;20;43;36;0;33;44;49;60;54;50;59;66;74;67;63;62;0;No;No;No
6608;1;14;5;12;7;16;17;23;28;21;43;31;0;35;38;53;52;56;57;51;73;71;64;63;72;0;No;No;No
6609;10;7;5;14;11;22;18;21;27;19;35;37;0;42;41;54;50;47;56;53;61;73;63;64;74;0;No;No;No
6610;1;11;2;8;9;21;27;17;22;28;35;39;0;32;31;51;53;54;56;50;63;61;64;74;67;0;No;No;No
6611;8;15;6;10;11;17;19;27;29;24;33;38;0;44;35;53;58;48;54;52;63;70;74;64;65;0;No;No;No
6612;10;6;9;7;11;18;21;16;29;23;43;45;0;36;44;46;47;52;59;54;62;68;74;75;61;0;No;No;No
6613;9;5;2;6;14;20;27;19;17;28;32;33;0;38;44;52;50;55;47;54;72;62;63;71;65;0;No;No;No
6614;8;11;9;1;14;25;28;30;18;16;39;37;0;41;42;56;59;50;58;47;67;61;66;63;74;0;No;No;No
6615;13;11;14;8;6;22;29;20;26;17;40;32;0;44;37;46;52;56;48;59;69;73;64;74;62;0;No;No;No
6616;9;12;6;13;3;17;28;29;22;20;34;44;0;35;40;54;53;46;50;55;72;65;68;63;64;0;No;No;No
6617;8;1;5;10;4;26;19;20;18;21;43;39;0;45;36;60;52;53;54;56;62;61;63;67;66;0;No;No;No
6618;2;13;9;8;12;24;29;30;21;20;31;41;0;35;36;49;53;58;47;51;68;72;67;62;63;0;No;No;No
6619;9;13;1;12;8;28;27;29;21;20;37;44;0;41;34;51;55;52;54;49;68;73;62;71;69;0;No;No;No
6620;5;9;13;15;6;27;21;23;17;28;40;39;0;35;34;53;49;48;51;54;67;69;72;74;63;0;No;No;No
6621;13;7;3;1;10;17;20;25;18;30;36;31;0;39;32;55;47;46;52;58;64;65;63;74;66;0;No;No;No
6622;8;6;3;4;12;18;27;30;21;26;36;34;0;35;37;56;60;59;52;51;61;62;70;69;75;0;No;No;No
6623;10;14;13;6;5;19;16;21;18;28;37;31;0;42;39;46;48;57;49;54;70;61;71;66;64;0;No;No;No
6624;1;11;3;12;13;17;29;27;23;26;44;32;0;41;33;48;47;49;60;51;65;69;66;73;74;0;No;No;No
6625;2;11;9;13;4;22;19;23;27;29;32;36;0;45;34;51;54;59;49;46;61;73;72;64;67;0;No;No;No
6626;7;13;4;12;9;20;16;28;19;29;37;44;0;40;31;51;46;54;53;59;61;65;67;74;68;0;No;No;No
6627;10;7;3;6;9;23;17;28;29;22;37;45;0;31;39;59;51;46;60;55;63;66;64;65;71;0;No;No;No
6628;9;3;2;6;14;17;22;27;29;24;41;40;0;42;31;55;60;53;51;46;67;65;63;69;66;0;No;No;No
6629;10;9;4;5;6;23;16;21;20;17;41;42;0;44;35;60;59;50;56;55;73;72;66;74;68;0;No;No;No
6630;6;2;1;3;5;21;29;20;18;24;33;43;0;38;42;57;56;46;55;48;71;73;62;75;64;0;No;No;No
6631;1;10;8;13;4;16;18;17;24;25;34;40;0;41;35;59;56;46;48;58;68;71;66;69;63;0;No;No;No
6632;9;3;11;2;15;19;29;21;23;24;39;45;0;35;34;49;59;46;56;55;64;63;66;67;71;0;No;No;No
6633;13;7;3;14;5;21;27;26;28;22;33;35;0;40;31;53;57;51;47;48;75;61;67;70;64;0;No;No;No
6634;12;2;1;14;3;21;30;23;19;18;34;31;0;40;42;53;59;48;50;47;73;74;63;71;68;0;No;No;No
6635;15;7;11;6;1;29;28;17;25;22;43;33;0;39;41;52;55;53;46;59;64;70;73;67;63;0;No;No;No
6636;13;3;8;15;9;21;29;22;17;19;36;34;0;41;45;50;51;48;56;59;73;74;67;64;70;0;No;No;No
6637;4;12;3;1;9;24;27;22;28;30;43;35;0;37;31;51;46;59;55;49;64;65;66;62;69;0;No;No;No
6638;5;7;13;4;1;24;28;26;29;18;31;34;0;33;37;55;56;54;50;52;75;64;65;62;74;0;No;No;No
6639;12;8;9;3;15;27;18;22;21;19;37;40;0;33;34;50;52;51;47;57;69;61;67;74;64;0;No;No;No
6640;3;8;4;2;11;28;17;23;30;24;36;38;0;39;31;58;59;51;47;53;75;65;63;74;72;0;No;No;No
6641;14;10;12;1;4;21;24;18;22;17;39;35;0;38;37;49;51;47;59;54;64;72;68;67;66;0;No;No;No
6642;6;8;15;5;1;25;18;28;17;16;40;37;0;38;34;46;57;56;51;59;61;64;63;68;70;0;No;No;No
6643;8;1;2;14;10;23;26;30;18;20;45;34;0;31;44;54;55;58;53;59;75;66;73;64;72;0;No;No;No
6644;8;11;3;14;4;28;22;18;24;27;44;41;0;34;35;51;46;52;48;47;63;65;72;66;64;0;No;No;No
6645;8;10;11;1;2;22;29;19;16;17;33;44;0;43;42;58;50;57;53;46;72;66;70;64;74;0;No;No;No
6646;1;11;7;14;13;17;22;19;20;24;32;33;0;37;34;55;59;48;51;56;63;71;68;62;61;0;No;No;No
6647;1;7;15;11;12;26;28;24;21;18;41;39;0;37;43;47;53;59;55;58;74;71;72;67;75;0;No;No;No
6648;9;13;8;12;5;21;24;25;20;27;34;36;0;38;42;54;51;57;47;55;69;63;64;67;71;0;No;No;No
6649;7;12;13;14;11;21;28;26;25;30;42;44;0;43;39;46;51;53;49;55;70;69;64;74;65;0;No;No;No
6650;9;4;5;7;2;27;25;18;20;30;32;40;0;35;34;53;58;60;48;49;61;64;74;70;66;0;No;No;No
6651;2;6;14;15;8;28;22;29;23;16;39;37;0;36;31;56;47;58;50;46;67;69;66;62;72;0;No;No;No
6652;10;5;14;6;2;16;27;19;17;18;38;39;0;41;32;51;52;54;58;46;75;68;62;65;69;0;No;No;No
6653;7;8;2;12;15;30;26;19;23;25;40;43;0;38;41;58;59;51;53;48;66;61;68;65;71;0;No;No;No
6654;5;4;15;1;9;25;30;16;29;26;35;33;0;36;39;51;52;58;48;57;69;61;71;67;68;0;No;No;No
6655;5;9;10;13;7;24;23;19;22;21;36;35;0;38;32;46;59;60;58;48;68;64;61;71;73;0;No;No;No
6656;6;3;9;1;13;22;21;27;28;19;35;41;0;40;36;47;51;50;57;58;67;65;73;62;69;0;No;No;No
6657;13;10;5;4;1;19;21;23;26;22;37;35;0;32;44;47;54;58;48;53;65;74;75;69;68;0;No;No;No
6658;14;6;13;8;1;17;25;20;28;24;31;36;0;44;41;47;56;58;48;57;67;62;71;64;61;0;No;No;No
6659;15;11;3;7;10;30;26;20;27;28;44;35;0;41;38;57;52;58;48;47;66;67;62;68;74;0;No;No;No
6660;2;13;4;11;7;23;21;27;26;20;35;32;0;39;37;56;60;52;48;54;69;65;68;72;64;0;No;No;No
6661;11;5;13;12;9;20;24;16;19;29;37;42;0;33;41;53;48;49;46;55;67;72;73;63;69;0;No;No;No
6662;9;13;3;10;5;29;23;28;21;25;44;32;0;40;37;56;57;60;59;58;69;67;72;71;66;0;No;No;No
6663;8;4;14;6;7;27;25;29;18;20;44;40;0;34;37;58;55;51;50;59;64;61;67;72;63;0;No;No;No
6664;8;2;11;6;5;16;26;24;30;23;42;45;0;37;39;48;57;52;53;56;64;63;69;66;65;0;No;No;No
6665;14;11;2;12;15;18;23;20;28;17;37;33;0;31;42;50;51;55;46;58;64;75;72;63;71;0;No;No;No
6666;3;12;5;13;14;29;16;22;25;27;36;44;0;31;38;48;60;47;56;55;62;65;66;74;64;0;No;No;No
6667;13;7;4;14;1;28;24;25;21;20;35;33;0;39;36;54;48;49;60;57;63;70;66;62;68;0;No;No;No
6668;10;5;6;14;2;25;22;20;21;26;31;44;0;41;42;57;50;59;51;49;67;66;65;70;62;0;No;No;No
6669;3;6;10;8;5;24;17;26;23;20;42;41;0;35;34;52;47;54;56;57;73;69;61;63;74;0;No;No;No
6670;4;13;8;14;2;24;26;23;25;27;31;45;0;35;39;52;53;54;46;51;75;69;66;70;65;0;No;No;No
6671;11;10;8;2;4;28;24;22;18;19;37;43;0;41;38;50;58;54;53;51;61;63;66;68;70;0;No;No;No
6672;15;8;3;14;5;27;26;22;17;30;44;33;0;37;41;48;52;47;54;46;69;71;61;65;66;0;No;No;No
6673;13;15;4;7;5;16;22;28;26;17;34;32;0;44;43;58;46;50;57;49;68;75;64;72;70;0;No;No;No
6674;3;4;14;6;11;20;16;17;21;29;42;41;0;45;31;56;53;51;50;49;62;70;69;66;74;0;No;No;No
6675;4;7;1;14;10;23;21;24;16;29;38;33;0;39;43;47;57;55;49;53;64;71;70;68;63;0;No;No;No
6676;15;7;5;6;11;30;21;24;18;16;37;38;0;36;42;48;55;50;53;59;65;74;72;63;64;0;No;No;No
6677;11;2;10;4;1;22;27;16;17;25;39;43;0;44;32;51;54;60;47;46;61;72;71;68;70;0;No;No;No
6678;9;3;4;14;10;21;24;27;17;23;44;39;0;40;43;53;50;46;55;51;63;61;72;66;64;0;No;No;No
6679;12;6;11;14;1;27;28;25;20;18;45;36;0;35;37;55;47;57;56;46;68;74;69;67;71;0;No;No;No
6680;11;5;12;1;10;18;20;30;16;26;42;35;0;37;43;46;53;55;60;47;73;67;70;74;62;0;No;No;No
6681;2;5;12;9;3;25;28;23;30;26;34;37;0;35;43;50;53;57;51;46;71;72;73;61;69;0;No;No;No
6682;9;13;6;8;5;20;19;29;18;25;39;36;0;35;41;52;57;55;54;56;72;68;71;61;66;0;No;No;No
6683;2;11;3;10;4;16;28;17;22;18;37;42;0;31;41;56;59;55;49;52;63;67;69;71;74;0;No;No;No
6684;6;10;15;4;2;19;17;25;18;24;33;40;0;43;35;54;51;55;48;56;66;65;71;63;72;0;No;No;No
6685;4;2;7;12;3;26;21;25;29;18;33;38;0;31;35;56;50;51;52;48;66;64;69;68;65;0;No;No;No
6686;10;5;4;13;11;24;22;21;18;25;31;38;0;37;40;50;54;59;49;55;63;70;72;64;68;0;No;No;No
6687;6;10;13;11;2;16;27;21;23;30;34;32;0;43;44;58;53;55;60;51;68;67;71;65;61;0;No;No;No
6688;10;8;6;2;13;28;29;27;16;21;32;34;0;45;33;53;52;46;50;57;72;66;65;75;70;0;No;No;No
6689;1;12;6;14;10;26;23;28;27;21;42;40;0;39;37;51;49;48;56;47;66;65;64;62;70;0;No;No;No
6690;12;1;14;2;4;16;26;18;23;20;38;45;0;40;36;55;46;58;53;48;61;75;69;70;63;0;No;No;No
6691;11;6;8;13;9;17;26;29;16;25;43;36;0;37;44;59;54;48;57;50;65;68;63;74;75;0;No;No;No
6692;11;1;3;4;10;19;26;21;16;17;40;41;0;32;37;58;60;46;50;53;62;69;63;65;67;0;No;No;No
6693;6;11;14;5;15;25;20;29;30;16;31;44;0;40;41;57;53;52;51;56;74;62;61;64;71;0;No;No;No
6694;8;7;14;3;2;16;17;25;24;23;42;32;0;39;36;54;60;57;46;50;71;74;72;62;66;0;No;No;No
6695;4;11;10;3;13;24;29;28;19;20;42;43;0;36;40;60;48;51;57;49;71;74;64;72;75;0;No;No;No
6696;8;11;13;1;7;29;26;17;21;22;43;31;0;42;33;57;50;60;56;53;63;72;74;69;70;0;No;No;No
6697;10;4;14;12;8;30;22;18;16;28;44;38;0;40;42;56;59;48;54;55;61;62;67;74;68;0;No;No;No
6698;8;6;11;12;9;29;24;25;26;16;32;37;0;35;34;59;49;52;46;55;65;62;70;66;75;0;No;No;No
6699;4;15;5;10;1;20;26;28;29;22;40;31;0;41;34;47;49;53;56;58;74;72;69;70;71;0;No;No;No
6700;14;10;7;9;3;20;21;29;24;19;34;41;0;31;37;48;51;56;55;57;67;73;69;61;66;0;No;No;No
6701;8;4;1;2;12;28;27;26;23;20;38;37;0;32;33;46;53;58;50;51;62;71;63;74;64;0;No;No;No
6702;5;3;15;7;6;26;20;25;24;18;39;40;0;44;34;56;58;53;47;55;65;74;63;72;61;0;No;No;No
6703;9;13;4;1;12;27;19;26;18;24;35;37;0;42;44;56;53;54;58;55;64;61;66;73;65;0;No;No;No
6704;10;1;4;3;8;24;22;16;30;19;37;45;0;36;44;49;46;48;53;59;65;69;63;70;62;0;No;No;No
6705;4;1;10;9;15;17;29;26;21;28;36;33;0;34;44;52;50;47;51;57;63;67;65;61;69;0;No;No;No
6706;9;2;7;6;1;18;16;24;30;29;33;40;0;34;37;48;55;58;59;60;67;65;61;63;68;0;No;No;No
6707;10;8;4;1;11;19;21;22;18;28;43;33;0;41;31;52;51;49;50;59;72;62;67;75;70;0;No;No;No
6708;12;9;10;15;2;27;26;20;19;16;44;40;0;31;41;59;50;56;46;52;73;66;67;75;63;0;No;No;No
6709;9;5;13;8;10;19;29;25;18;16;44;40;0;42;38;51;54;57;56;59;72;73;71;62;75;0;No;No;No
6710;2;4;6;15;3;21;20;25;23;19;43;44;0;31;42;46;47;50;58;51;71;70;66;68;67;0;No;No;No
6711;13;9;1;7;10;19;29;16;17;22;40;45;0;35;36;59;52;50;57;49;67;66;62;63;69;0;No;No;No
6712;4;10;1;5;14;20;25;17;24;27;44;33;0;32;36;56;48;51;50;53;71;72;74;73;68;0;No;No;No
6713;10;7;12;14;13;28;20;17;18;23;39;36;0;41;40;50;54;46;53;51;68;72;67;64;74;0;No;No;No
6714;8;13;12;1;11;20;16;25;18;26;38;44;0;34;37;60;51;56;46;59;69;64;74;61;73;0;No;No;No
6715;7;10;4;13;8;28;20;29;16;24;44;31;0;36;41;47;56;59;49;52;61;62;63;73;67;0;No;No;No
6716;3;1;2;12;4;18;17;25;21;30;40;41;0;31;43;49;60;46;47;56;74;62;75;72;61;0;No;No;No
6717;7;11;8;14;2;25;30;19;21;26;39;32;0;35;36;51;47;57;53;60;74;75;68;69;63;0;No;No;No
6718;10;2;8;9;15;17;28;20;27;26;35;36;0;43;44;55;59;58;50;46;74;61;75;71;67;0;No;No;No
6719;15;7;3;14;8;24;23;27;26;25;38;34;0;31;39;54;50;51;57;59;66;69;63;65;71;0;No;No;No
6720;6;9;14;2;4;25;17;22;21;26;41;36;0;45;34;49;59;56;60;53;65;73;68;67;63;0;No;No;No
6721;4;13;11;12;2;18;20;17;21;29;34;36;0;40;44;58;48;52;57;53;66;67;64;73;61;0;No;No;No
6722;12;14;10;11;4;20;26;19;25;16;37;36;0;38;31;49;48;53;55;50;72;64;63;69;62;0;No;No;No
6723;2;12;10;11;4;18;25;23;29;28;38;31;0;34;40;60;55;48;46;53;70;69;71;61;64;0;No;No;No
6724;14;15;4;3;5;17;18;23;29;24;44;38;0;43;40;53;47;56;54;55;65;74;64;73;67;0;No;No;No
6725;11;8;12;3;6;27;19;18;23;25;36;31;0;44;37;54;55;49;52;51;69;64;61;62;67;0;No;No;No
6726;6;5;12;8;1;19;29;21;24;18;33;39;0;41;38;47;56;52;58;51;64;69;73;63;72;0;No;No;No
6727;11;12;6;10;13;18;21;17;24;26;40;44;0;43;36;58;46;49;56;57;70;71;69;62;63;0;No;No;No
6728;12;14;11;13;10;29;17;25;23;20;40;45;0;34;36;59;54;56;58;53;64;74;73;63;66;0;No;No;No
6729;1;3;9;6;15;16;24;19;27;28;40;31;0;36;44;51;48;55;47;59;62;68;69;66;65;0;No;No;No
6730;2;14;12;10;7;23;18;17;26;21;38;36;0;43;44;46;54;52;55;50;68;63;69;64;65;0;No;No;No
6731;6;12;13;10;11;23;22;19;16;25;39;44;0;34;40;50;53;48;59;54;71;75;62;68;73;0;No;No;No
6732;8;5;7;12;11;17;26;18;24;28;45;32;0;41;43;47;57;53;49;56;63;66;69;73;65;0;No;No;No
6733;8;1;4;3;15;29;27;21;23;17;42;40;0;38;39;50;49;55;59;48;69;62;65;67;61;0;No;No;No
6734;6;1;12;5;9;29;28;24;19;16;32;36;0;38;43;49;59;58;51;46;73;69;71;63;66;0;No;No;No
6735;14;7;11;12;8;27;26;20;17;18;32;33;0;35;39;51;48;49;53;50;64;74;65;68;61;0;No;No;No
6736;15;14;6;10;11;26;22;20;19;17;37;44;0;43;31;56;55;53;57;48;73;69;64;66;62;0;No;No;No
6737;15;5;7;3;8;26;20;17;18;29;42;35;0;32;40;53;58;46;56;59;67;70;64;63;65;0;No;No;No
6738;10;12;6;14;2;28;27;24;17;22;45;34;0;38;40;57;59;47;55;49;64;71;63;69;61;0;No;No;No
6739;14;10;5;1;3;17;22;18;16;27;37;36;0;45;35;50;49;52;51;54;69;70;74;62;71;0;No;No;No
6740;11;4;15;6;13;23;16;17;24;22;32;33;0;41;34;57;52;55;49;56;61;67;74;64;63;0;No;No;No
6741;11;3;2;7;10;16;23;20;26;18;43;38;0;36;37;58;54;49;46;53;70;64;68;73;74;0;No;No;No
6742;4;9;2;1;10;27;16;28;24;21;34;35;0;33;31;46;56;53;54;57;70;73;65;67;75;0;No;No;No
6743;6;1;7;9;2;24;30;25;17;22;40;41;0;38;31;46;48;57;50;53;73;62;68;66;71;0;No;No;No
6744;12;11;1;9;15;22;28;30;25;23;38;31;0;35;45;59;53;54;58;48;69;67;72;70;73;0;No;No;No
6745;15;3;13;11;14;27;21;19;26;16;44;40;0;35;34;54;50;60;46;55;69;67;74;73;61;0;No;No;No
6746;6;11;2;10;7;25;17;19;27;20;32;39;0;35;38;56;51;49;57;48;70;69;72;66;75;0;No;No;No
6747;9;1;4;5;3;18;20;27;16;25;36;37;0;45;34;53;55;54;52;59;69;68;65;73;63;0;No;No;No
6748;11;6;12;5;8;29;19;28;30;26;34;40;0;32;43;50;49;52;47;46;66;64;68;61;71;0;No;No;No
6749;14;9;4;6;11;18;23;16;21;20;42;37;0;36;31;48;59;58;49;55;68;70;65;69;66;0;No;No;No
6750;9;5;11;2;7;26;27;28;25;20;39;43;0;41;34;52;49;57;58;47;66;65;73;61;74;0;No;No;No
6751;5;2;13;4;11;24;28;26;19;22;38;43;0;34;40;47;50;52;46;48;73;63;74;65;72;0;No;No;No
6752;14;5;7;10;1;27;26;29;18;22;34;45;0;38;31;54;47;60;57;46;68;67;74;63;62;0;No;No;No
6753;14;1;5;8;2;25;28;18;30;20;34;44;0;31;42;52;53;46;54;58;66;64;71;67;65;0;No;No;No
6754;10;14;6;11;7;17;24;26;16;23;38;31;0;32;43;56;59;50;53;51;73;70;65;66;63;0;No;No;No
6755;5;10;9;11;6;22;18;20;23;19;38;40;0;34;37;60;49;52;59;57;64;62;72;67;70;0;No;No;No
6756;7;13;4;2;10;16;29;19;28;20;35;39;0;42;40;48;49;54;59;52;70;65;74;69;71;0;No;No;No
6757;13;12;4;6;1;18;24;19;27;21;34;31;0;41;38;57;54;59;55;51;61;73;66;62;70;0;No;No;No
6758;4;7;6;3;8;25;18;28;21;20;44;39;0;38;37;51;50;60;48;58;72;67;68;61;64;0;No;No;No
6759;9;6;1;15;10;27;19;28;20;24;42;45;0;34;36;53;54;59;60;50;63;73;68;69;61;0;No;No;No
6760;11;5;13;14;1;25;28;22;23;30;38;45;0;42;37;49;60;52;46;56;68;72;63;73;70;0;No;No;No
6761;12;14;5;2;6;27;24;26;17;16;38;31;0;34;43;52;54;58;46;49;67;73;69;63;64;0;No;No;No
6762;10;5;9;6;2;22;18;16;27;17;31;41;0;35;44;49;51;55;57;47;68;64;63;74;62;0;No;No;No
6763;1;6;8;3;13;29;22;27;19;17;38;44;0;42;40;54;59;50;53;48;67;68;69;61;63;0;No;No;No
6764;1;8;12;2;7;26;28;24;22;18;32;31;0;38;39;58;55;47;57;46;63;70;66;69;68;0;No;No;No
6765;8;12;11;7;14;28;29;16;18;25;43;36;0;39;44;48;49;52;53;59;68;61;72;71;62;0;No;No;No
6766;13;2;15;11;1;22;30;27;17;21;34;35;0;40;39;55;51;52;56;53;68;64;69;67;70;0;No;No;No
6767;12;9;7;11;8;23;25;24;20;28;39;44;0;45;37;47;56;46;51;55;65;73;61;62;71;0;No;No;No
6768;10;8;2;1;7;30;25;20;24;21;43;37;0;32;40;56;53;55;51;57;71;70;69;61;64;0;No;No;No
6769;12;3;7;10;8;19;23;26;16;27;38;39;0;34;40;59;47;50;53;54;66;73;63;68;74;0;No;No;No
6770;3;7;13;9;1;18;24;16;22;17;32;43;0;38;33;49;59;51;46;50;67;74;64;73;69;0;No;No;No
6771;2;15;8;1;12;23;28;25;19;22;34;43;0;39;32;49;55;54;57;59;65;63;69;64;62;0;No;No;No
6772;1;11;12;8;6;28;18;17;26;16;42;31;0;40;34;56;59;60;50;47;71;70;72;66;64;0;No;No;No
6773;7;11;10;2;14;18;17;23;25;22;34;32;0;38;35;57;52;60;56;48;69;66;64;74;68;0;No;No;No
6774;12;3;10;14;7;16;26;22;17;28;40;31;0;44;41;49;51;58;46;59;74;62;67;70;66;0;No;No;No
6775;8;14;10;6;11;26;23;19;22;20;42;32;0;39;40;58;46;59;57;49;61;67;70;73;69;0;No;No;No
6776;14;1;10;2;6;18;27;21;17;24;36;42;0;34;31;46;53;51;49;55;68;63;74;61;65;0;No;No;No
6777;6;7;1;8;9;18;29;25;22;28;36;42;0;40;31;59;57;49;54;55;61;68;64;73;63;0;No;No;No
6778;6;3;2;8;7;26;22;23;25;27;36;43;0;41;44;53;59;57;56;52;66;68;62;64;75;0;No;No;No
6779;12;4;2;6;11;22;16;20;28;18;39;44;0;43;31;48;51;57;58;46;62;73;71;75;65;0;No;No;No
6780;9;6;3;10;5;28;16;25;18;17;39;38;0;36;35;49;55;56;51;59;68;71;72;67;73;0;No;No;No
6781;9;6;12;13;3;20;22;17;29;26;45;38;0;39;36;50;49;56;59;57;64;61;71;65;75;0;No;No;No
6782;9;15;6;4;3;28;20;23;16;29;33;37;0;39;32;60;50;58;57;53;73;67;69;65;68;0;No;No;No
6783;15;3;6;7;5;26;20;28;24;29;43;40;0;33;39;54;58;51;57;46;71;61;75;62;65;0;No;No;No
6784;8;2;5;7;3;21;27;28;30;18;38;37;0;35;43;56;49;57;52;58;62;71;65;64;68;0;No;No;No
6785;12;10;6;1;14;20;19;18;24;25;32;44;0;38;41;57;58;55;47;52;69;64;67;62;72;0;No;No;No
6786;1;10;7;9;13;20;18;26;22;28;36;33;0;31;32;54;49;58;57;47;71;66;63;69;68;0;No;No;No
6787;14;3;15;2;5;26;29;25;19;22;31;37;0;34;44;51;54;55;47;46;62;70;67;71;73;0;No;No;No
6788;11;3;7;4;12;18;27;19;21;30;37;32;0;44;35;57;52;48;54;50;61;62;63;71;65;0;No;No;No
6789;7;8;3;4;1;19;20;26;28;21;40;38;0;44;34;57;51;55;49;54;72;62;70;61;68;0;No;No;No
6790;8;6;2;5;14;20;16;21;19;18;38;32;0;44;39;47;49;55;46;56;72;70;74;61;73;0;No;No;No
6791;5;8;3;11;14;21;30;17;19;16;37;34;0;42;33;59;50;55;56;47;64;74;66;75;71;0;No;No;No
6792;5;10;2;15;8;16;25;27;30;17;34;44;0;32;33;46;52;57;58;48;63;71;73;66;64;0;No;No;No
6793;9;11;8;10;5;28;29;17;21;20;41;43;0;36;35;50;56;46;53;59;73;68;75;71;61;0;No;No;No
6794;11;14;12;8;9;18;27;30;24;22;33;35;0;42;38;47;52;54;50;53;72;63;65;68;69;0;No;No;No
6795;14;4;11;2;5;29;17;24;27;19;45;42;0;44;34;47;46;60;50;51;64;68;73;71;66;0;No;No;No
6796;14;4;5;6;2;21;30;16;24;25;41;31;0;37;42;48;50;58;53;47;70;75;74;68;61;0;No;No;No
6797;15;7;9;14;1;20;19;16;18;22;36;40;0;43;34;46;58;54;49;50;73;70;71;65;63;0;No;No;No
6798;5;2;9;12;10;25;17;24;27;18;33;42;0;36;35;53;46;47;56;59;65;63;69;72;73;0;No;No;No
6799;10;7;5;6;2;21;30;27;19;24;44;38;0;41;42;49;58;47;53;54;62;73;67;66;65;0;No;No;No
6800;2;11;7;13;10;23;17;16;26;24;44;37;0;42;45;46;47;52;51;50;73;70;68;66;69;0;No;No;No
6801;12;13;1;14;10;17;20;26;28;25;36;42;0;39;38;51;49;53;60;54;64;72;61;63;70;0;No;No;No
6802;4;5;6;11;2;16;23;25;20;28;33;41;0;35;39;54;48;58;49;46;62;75;64;73;61;0;No;No;No
6803;2;11;1;12;4;19;27;18;22;26;38;43;0;31;41;46;54;49;51;59;62;68;63;75;70;0;No;No;No
6804;12;9;13;8;10;27;25;22;24;30;37;38;0;44;39;56;55;51;49;54;71;68;70;75;64;0;No;No;No
6805;9;3;14;13;8;29;24;21;22;26;37;40;0;45;34;53;54;49;46;48;61;64;69;63;74;0;No;No;No
6806;11;15;8;1;2;25;19;23;30;27;38;40;0;43;39;58;52;55;57;60;63;73;70;66;69;0;No;No;No
6807;10;12;9;11;2;30;27;21;22;17;43;31;0;36;34;57;51;48;47;54;75;73;70;68;69;0;No;No;No
6808;13;7;3;4;6;23;28;18;25;19;34;36;0;41;39;46;48;58;55;56;71;64;69;73;68;0;No;No;No
6809;9;5;10;8;12;16;24;29;26;28;35;38;0;40;33;56;57;49;53;55;67;75;65;66;64;0;No;No;No
6810;12;7;13;10;4;20;18;17;19;29;40;38;0;31;37;48;57;56;58;51;69;74;64;68;61;0;No;No;No
6811;3;10;4;9;13;25;18;28;21;27;38;33;0;32;43;53;49;59;55;56;64;72;65;68;62;0;No;No;No
6812;8;12;14;10;6;22;26;29;24;25;35;32;0;40;42;48;49;58;57;46;67;75;72;66;73;0;No;No;No
6813;11;3;14;4;8;27;28;26;29;17;32;42;0;35;38;47;50;49;46;51;71;66;64;70;68;0;No;No;No
6814;13;1;4;5;10;17;25;27;16;20;36;42;0;31;39;58;49;50;46;59;73;64;61;70;63;0;No;No;No
6815;6;14;12;13;4;24;16;28;25;29;40;32;0;45;31;58;50;51;47;56;71;66;68;62;74;0;No;No;No
6816;14;6;7;1;9;16;18;23;22;30;35;37;0;36;33;47;56;53;58;52;72;69;66;68;64;0;No;No;No
6817;4;11;14;6;10;26;25;29;21;20;41;37;0;34;39;48;54;51;58;57;69;64;71;72;61;0;No;No;No
6818;4;10;13;9;7;26;27;23;18;29;44;41;0;45;42;54;47;56;53;55;67;61;70;62;74;0;No;No;No
6819;11;12;14;7;8;26;22;27;19;24;40;36;0;39;34;55;59;54;57;49;68;71;62;65;73;0;No;No;No
6820;2;9;15;8;13;20;19;26;28;17;41;33;0;45;44;56;58;55;57;53;61;65;63;73;66;0;No;No;No
6821;9;13;12;2;14;27;21;29;23;26;38;43;0;36;32;57;49;58;53;47;68;72;65;74;69;0;No;No;No
6822;6;7;1;12;10;17;24;28;20;18;37;39;0;43;34;58;51;54;56;50;71;63;70;74;62;0;No;No;No
6823;2;12;7;9;11;22;25;18;29;26;35;40;0;39;34;54;52;48;60;59;61;74;73;71;69;0;No;No;No
6824;11;5;8;7;3;16;25;21;29;23;42;43;0;41;35;46;58;51;52;55;73;61;67;74;62;0;No;No;No
6825;11;6;9;7;5;23;26;28;18;22;39;32;0;37;42;51;60;48;46;47;67;72;70;69;73;0;No;No;No
6826;6;14;11;13;3;19;24;27;20;18;43;34;0;39;33;51;52;50;59;53;73;67;68;61;69;0;No;No;No
6827;15;9;10;11;5;28;24;16;29;23;41;44;0;43;38;57;60;47;56;50;64;74;70;72;66;0;No;No;No
6828;1;6;15;2;13;18;27;23;16;20;42;37;0;34;39;60;50;48;52;57;72;62;68;63;70;0;No;No;No
6829;2;12;5;11;3;24;16;17;25;20;40;36;0;35;38;57;56;59;49;55;69;73;64;63;72;0;No;No;No
6830;13;6;11;14;8;29;20;21;28;25;34;43;0;35;31;56;48;55;54;49;64;68;70;71;65;0;No;No;No
6831;10;1;12;13;3;17;20;26;23;27;44;31;0;41;40;55;56;49;52;48;70;61;71;67;73;0;No;No;No
6832;10;5;9;11;1;17;23;29;25;24;44;42;0;40;34;52;54;46;59;58;64;61;69;74;73;0;No;No;No
6833;13;9;5;2;7;17;22;19;23;18;40;45;0;39;42;47;56;49;53;54;61;68;72;74;70;0;No;No;No
6834;12;11;3;13;4;23;28;17;27;30;36;40;0;42;37;47;58;49;56;52;74;73;63;70;64;0;No;No;No
6835;5;15;13;2;9;26;21;29;24;18;32;37;0;34;39;60;50;47;58;56;74;73;72;68;61;0;No;No;No
6836;7;12;8;10;11;28;22;19;26;25;37;41;0;43;35;49;59;53;46;58;73;65;67;64;63;0;No;No;No
6837;14;10;11;9;1;19;22;24;23;27;41;32;0;35;33;53;46;47;58;59;72;74;69;66;61;0;No;No;No
6838;5;3;7;12;8;22;25;21;20;18;44;39;0;33;31;51;54;53;50;49;65;71;61;64;68;0;No;No;No
6839;14;12;13;11;8;28;24;16;26;29;38;37;0;35;32;58;52;55;57;53;68;64;69;65;62;0;No;No;No
6840;9;8;7;12;3;20;17;25;21;27;40;39;0;38;33;49;56;46;50;47;62;66;72;74;71;0;No;No;No
6841;14;1;15;4;7;18;26;22;17;24;45;41;0;35;43;59;57;56;48;49;75;64;73;71;72;0;No;No;No
6842;11;6;9;10;3;28;25;27;21;18;45;43;0;44;36;59;55;56;57;47;70;68;72;63;66;0;No;No;No
6843;1;12;13;4;7;23;29;17;27;21;31;40;0;38;35;57;52;55;46;48;73;64;62;74;63;0;No;No;No
6844;1;11;13;7;4;23;18;19;20;24;40;37;0;44;38;47;59;56;57;54;65;73;63;69;68;0;No;No;No
6845;8;13;7;3;15;27;22;28;17;21;36;45;0;31;37;59;56;47;55;50;69;67;74;65;62;0;No;No;No
6846;3;5;13;14;7;24;20;22;29;21;39;36;0;44;37;58;51;60;57;53;69;73;64;63;67;0;No;No;No
6847;15;8;3;11;6;23;16;29;28;20;45;32;0;37;33;55;47;48;53;51;67;74;68;70;64;0;No;No;No
6848;3;4;14;6;1;16;23;19;22;28;31;42;0;37;41;58;53;57;47;50;70;66;73;61;67;0;No;No;No
6849;9;14;7;12;15;28;26;18;20;24;37;43;0;41;40;49;50;51;48;52;72;70;65;66;74;0;No;No;No
6850;10;2;7;6;8;28;19;24;30;21;35;42;0;38;32;56;57;54;49;55;68;63;74;70;71;0;No;No;No
6851;9;13;2;15;14;19;21;25;28;26;35;41;0;34;40;47;52;54;55;50;70;63;72;74;66;0;No;No;No
6852;10;13;6;12;9;29;28;22;26;25;32;44;0;43;36;54;50;59;49;56;63;69;72;70;67;0;No;No;No
6853;8;3;2;15;12;27;22;30;16;26;34;31;0;33;36;53;59;57;46;48;69;73;64;68;72;0;No;No;No
6854;3;1;5;8;11;25;26;29;20;19;35;41;0;34;43;51;46;49;55;54;64;67;66;70;74;0;No;No;No
6855;2;9;6;3;10;20;24;27;18;22;37;31;0;38;40;48;49;51;59;55;72;70;61;65;73;0;No;No;No
6856;3;9;12;1;8;29;25;18;27;20;33;38;0;43;41;57;53;46;59;47;74;72;61;75;65;0;No;No;No
6857;10;5;15;9;6;26;24;28;16;18;35;43;0;34;36;59;54;52;56;55;64;69;62;71;73;0;No;No;No
6858;3;7;8;2;11;26;22;23;19;25;42;40;0;41;34;56;55;47;51;54;68;71;69;62;67;0;No;No;No
6859;6;4;10;8;5;18;19;24;27;23;34;38;0;43;42;51;48;52;54;58;65;74;63;62;66;0;No;No;No
6860;1;12;7;2;10;22;29;19;30;25;34;35;0;36;31;53;48;52;54;55;67;70;62;63;71;0;No;No;No
6861;6;8;4;3;11;30;29;16;28;25;41;42;0;37;31;58;59;47;50;48;69;75;63;62;72;0;No;No;No
6862;12;5;3;6;13;24;21;27;20;25;38;41;0;42;36;59;58;47;53;48;68;65;72;64;66;0;No;No;No
6863;9;14;10;6;11;27;19;24;21;25;36;31;0;32;44;49;56;55;48;51;73;65;69;74;63;0;No;No;No
6864;12;3;9;1;2;30;29;21;27;22;40;42;0;33;32;46;50;51;55;52;74;64;71;65;66;0;No;No;No
6865;3;14;10;8;5;16;25;18;20;26;44;39;0;37;38;46;50;54;47;55;64;67;71;69;68;0;No;No;No
6866;14;8;13;4;2;25;29;19;21;24;32;34;0;39;45;47;60;52;58;56;74;68;63;70;61;0;No;No;No
6867;10;2;6;15;12;19;20;25;21;26;34;39;0;42;38;49;46;50;55;58;63;67;68;72;66;0;No;No;No
6868;11;10;5;4;15;24;19;23;17;18;42;31;0;38;34;56;53;49;55;47;62;66;68;69;73;0;No;No;No
6869;5;11;13;10;8;17;20;24;27;26;44;43;0;42;36;53;60;56;47;59;65;73;74;61;66;0;No;No;No
6870;7;13;2;5;4;25;24;16;19;18;36;35;0;40;38;55;57;58;46;49;70;75;61;72;62;0;No;No;No
6871;2;3;6;13;14;25;26;18;16;29;41;33;0;38;40;50;53;51;58;56;68;65;67;74;72;0;No;No;No
6872;3;5;14;1;6;29;24;20;28;26;39;33;0;43;44;47;57;49;50;46;68;63;62;65;61;0;No;No;No
6873;11;13;15;3;6;19;22;25;24;23;35;40;0;38;44;51;52;57;59;49;68;66;73;67;74;0;No;No;No
6874;14;12;13;4;11;27;28;17;20;23;42;34;0;35;44;47;50;53;52;51;70;64;75;66;65;0;No;No;No
6875;15;11;2;9;7;26;16;21;17;24;38;40;0;37;43;54;48;49;57;55;67;65;72;73;63;0;No;No;No
6876;8;11;7;6;13;26;16;19;17;29;37;31;0;43;40;59;47;56;58;53;66;68;69;61;62;0;No;No;No
6877;10;6;3;12;13;26;29;30;21;17;36;31;0;45;39;46;60;48;51;58;62;75;68;74;69;0;No;No;No
6878;2;9;1;7;13;23;29;20;21;25;37;34;0;39;42;59;49;58;52;54;63;73;65;68;70;0;No;No;No
6879;9;11;2;10;5;22;27;21;28;30;33;41;0;36;38;54;56;50;59;52;73;67;61;68;75;0;No;No;No
6880;14;8;3;5;13;26;17;25;28;16;38;39;0;41;42;58;49;59;55;50;72;68;70;65;63;0;No;No;No
6881;4;11;9;3;1;20;16;30;19;25;42;37;0;32;44;57;59;52;48;60;65;69;72;71;63;0;No;No;No
6882;6;14;9;12;2;29;27;26;18;17;41;40;0;43;34;57;50;58;46;59;71;69;62;74;67;0;No;No;No
6883;4;11;12;1;15;17;27;21;18;19;40;42;0;34;38;60;57;51;58;50;75;62;67;73;63;0;No;No;No
6884;6;1;3;11;8;20;25;30;17;24;44;45;0;38;36;58;55;51;50;57;65;68;66;64;72;0;No;No;No
6885;4;6;13;8;9;24;16;30;23;20;43;34;0;32;42;56;51;58;60;50;67;70;65;68;69;0;No;No;No
6886;8;10;12;11;14;25;18;20;24;19;39;31;0;41;38;48;53;57;55;49;61;68;62;65;71;0;No;No;No
6887;5;15;7;8;3;21;24;27;29;19;31;33;0;34;38;51;49;47;53;57;72;63;71;67;75;0;No;No;No
6888;11;10;4;13;2;18;23;27;24;22;43;32;0;38;45;54;59;52;56;51;63;70;67;72;71;0;No;No;No
6889;13;6;4;14;10;22;25;29;21;26;31;41;0;36;44;52;51;47;59;58;68;66;64;69;65;0;No;No;No
6890;4;8;5;7;15;26;28;18;20;24;36;34;0;40;32;48;47;52;50;46;73;67;65;69;68;0;No;No;No
6891;1;3;7;2;8;23;18;21;22;20;40;42;0;36;34;47;50;51;52;46;70;74;61;63;62;0;No;No;No
6892;8;13;2;9;6;30;19;29;27;24;32;34;0;31;41;56;50;58;53;49;67;61;66;63;70;0;No;No;No
6893;4;12;7;3;10;21;28;18;24;29;39;32;0;41;36;52;53;48;54;49;74;69;67;65;61;0;No;No;No
6894;7;14;11;10;12;26;22;29;18;23;35;36;0;42;34;52;50;54;58;57;74;75;71;63;70;0;No;No;No
6895;7;1;11;3;12;20;22;26;21;24;43;42;0;31;41;59;55;48;56;52;65;69;71;61;63;0;No;No;No
6896;4;1;5;10;6;18;20;21;30;26;33;36;0;40;32;53;54;49;48;46;73;72;66;62;64;0;No;No;No
6897;8;15;1;9;11;16;28;30;20;26;33;36;0;31;41;56;55;47;53;50;66;61;65;67;73;0;No;No;No
6898;2;4;14;11;10;23;19;26;29;28;45;32;0;35;41;55;46;49;58;53;75;70;62;67;69;0;No;No;No
6899;6;8;2;11;14;22;30;20;21;17;43;38;0;41;32;50;58;59;53;56;74;62;72;71;70;0;No;No;No
6900;14;5;6;2;1;19;23;22;17;18;42;34;0;41;44;51;47;49;46;52;71;62;70;67;64;0;No;No;No
6901;3;7;9;11;13;17;16;21;19;20;34;31;0;37;43;48;53;59;52;47;68;71;73;70;74;0;No;No;No
6902;10;15;6;2;9;22;20;21;26;19;40;42;0;36;32;53;46;49;58;55;75;68;62;61;69;0;No;No;No
6903;3;13;4;2;1;23;16;29;21;27;37;33;0;39;34;52;60;54;53;59;64;69;63;66;68;0;No;No;No
6904;10;7;9;15;1;25;28;20;29;19;33;38;0;43;37;55;51;53;48;47;66;68;63;70;61;0;No;No;No
6905;4;13;5;9;6;22;29;30;21;26;36;43;0;45;32;49;52;50;51;56;71;64;74;67;65;0;No;No;No
6906;14;15;5;8;2;20;16;29;19;27;38;35;0;39;33;56;59;57;51;47;68;61;73;67;62;0;No;No;No
6907;8;2;15;11;7;27;24;17;18;29;43;33;0;31;40;50;52;54;59;46;61;66;70;75;62;0;No;No;No
6908;1;6;4;5;14;16;22;28;18;23;31;40;0;33;32;60;53;58;59;52;72;62;68;70;73;0;No;No;No
6909;10;13;1;15;3;26;22;20;23;28;31;44;0;36;43;51;50;52;57;58;63;61;70;71;75;0;No;No;No
6910;2;5;13;10;15;17;25;22;23;18;42;35;0;38;41;46;49;56;60;55;65;71;66;63;72;0;No;No;No
6911;7;14;11;3;12;21;18;22;20;17;41;39;0;43;42;50;51;57;52;59;71;65;72;70;69;0;No;No;No
6912;9;2;10;7;6;28;20;25;19;21;32;44;0;43;42;57;54;56;55;46;63;62;71;61;67;0;No;No;No
6913;13;7;1;6;14;26;29;19;24;20;35;38;0;37;42;56;57;59;53;60;62;66;69;71;63;0;No;No;No
6914;13;12;4;15;11;22;24;17;23;25;37;36;0;31;45;58;60;52;48;47;68;67;74;61;70;0;No;No;No
6915;5;6;3;9;13;17;21;16;22;18;39;33;0;44;34;56;55;52;58;60;73;70;71;64;67;0;No;No;No
6916;13;7;14;10;3;30;22;19;25;17;31;36;0;45;40;51;47;53;56;57;73;64;61;75;68;0;No;No;No
6917;9;12;11;14;7;20;17;23;16;25;38;34;0;42;40;46;49;48;50;52;67;62;64;70;68;0;No;No;No
6918;8;12;10;1;7;25;18;16;27;26;44;42;0;32;43;59;48;56;60;52;63;70;62;71;67;0;No;No;No
6919;4;11;13;8;10;16;25;21;24;18;33;31;0;32;43;54;51;56;58;52;61;65;72;70;71;0;No;No;No
6920;9;10;5;6;11;21;22;30;23;24;43;36;0;45;42;60;56;53;50;58;66;68;67;65;73;0;No;No;No
6921;10;1;5;6;3;21;28;19;29;16;39;33;0;32;35;57;52;47;59;50;67;64;69;74;63;0;No;No;No
6922;14;1;3;15;13;23;30;25;28;19;44;35;0;33;42;50;59;52;53;46;69;64;72;74;65;0;No;No;No
6923;11;10;1;8;12;25;23;28;29;22;41;31;0;42;39;48;56;49;47;51;74;61;70;65;73;0;No;No;No
6924;6;12;5;1;11;27;17;28;24;18;43;39;0;45;33;47;49;60;52;46;71;70;72;73;62;0;No;No;No
6925;12;2;3;11;4;16;20;26;29;27;41;37;0;35;38;51;50;56;53;49;65;63;64;69;71;0;No;No;No
6926;6;10;5;12;2;17;20;23;24;18;32;35;0;40;39;55;53;50;51;48;74;64;65;61;63;0;No;No;No
6927;11;4;9;14;7;25;18;16;22;27;35;34;0;39;45;49;53;57;56;46;65;70;74;64;62;0;No;No;No
6928;10;6;4;12;5;28;21;24;17;25;39;37;0;42;44;55;57;46;56;47;72;61;66;69;67;0;No;No;No
6929;14;10;9;11;4;20;19;26;30;17;36;40;0;38;33;53;50;48;52;49;64;65;67;63;69;0;No;No;No
6930;14;11;8;1;15;26;28;19;30;27;40;39;0;38;33;55;54;56;50;58;70;65;61;73;63;0;No;No;No
6931;4;11;13;8;7;21;27;19;25;29;36;37;0;41;44;48;47;57;55;51;73;65;68;61;70;0;No;No;No
6932;1;7;5;13;9;20;19;30;23;29;39;43;0;41;40;50;46;52;53;59;69;75;67;71;63;0;No;No;No
6933;3;14;7;10;5;25;29;27;23;30;32;43;0;35;33;57;60;58;52;59;70;68;65;71;72;0;No;No;No
6934;12;4;6;9;14;17;23;20;26;30;33;38;0;32;44;56;46;53;47;57;64;69;75;72;71;0;No;No;No
6935;5;8;13;12;6;27;21;22;26;29;34;42;0;37;35;56;53;55;50;46;64;68;62;66;73;0;No;No;No
6936;14;6;5;11;10;30;27;25;19;24;42;33;0;36;38;49;46;53;56;55;64;72;66;71;74;0;No;No;No
6937;10;9;1;5;14;21;25;17;22;26;40;44;0;35;37;58;54;53;55;46;69;62;68;66;71;0;No;No;No
6938;4;3;5;7;8;23;28;20;21;16;32;37;0;42;44;48;58;55;54;49;75;61;62;70;69;0;No;No;No
6939;6;7;10;15;9;26;16;17;27;20;39;43;0;33;42;53;57;55;52;47;69;72;71;64;65;0;No;No;No
6940;2;6;1;11;5;19;18;29;22;30;42;35;0;33;43;48;53;59;49;47;64;62;73;70;74;0;No;No;No
6941;6;9;4;3;1;23;21;22;26;28;34;31;0;39;41;57;59;50;51;56;72;63;68;61;71;0;No;No;No
6942;15;9;4;6;10;18;22;29;25;23;32;37;0;44;31;51;56;58;59;52;72;62;64;73;65;0;No;No;No
6943;8;14;11;4;5;28;27;22;18;25;40;36;0;37;32;54;60;49;56;58;74;67;66;75;64;0;No;No;No
6944;4;8;1;5;3;18;29;24;16;25;32;36;0;42;31;53;56;57;59;51;63;66;71;61;74;0;No;No;No
6945;2;6;8;4;1;30;26;18;21;25;45;41;0;32;43;59;58;52;55;49;74;62;61;65;72;0;No;No;No
6946;11;5;12;6;9;29;26;27;25;22;44;39;0;43;42;51;47;54;55;57;62;72;67;74;68;0;No;No;No
6947;9;10;6;14;5;16;28;27;25;22;45;34;0;33;31;53;48;59;56;47;74;67;66;71;70;0;No;No;No
6948;14;11;2;9;12;29;22;24;18;21;31;35;0;39;38;57;51;50;54;55;72;62;66;73;75;0;No;No;No
6949;14;7;15;5;4;19;26;21;18;29;41;42;0;34;40;52;46;51;59;47;67;74;66;69;68;0;No;No;No
6950;6;9;2;10;7;16;25;17;29;19;32;42;0;41;35;54;53;46;47;52;65;68;72;62;64;0;No;No;No
6951;15;8;2;5;10;17;27;24;20;29;39;38;0;37;40;56;57;60;55;48;69;63;71;66;73;0;No;No;No
6952;2;15;13;9;3;21;27;22;23;17;39;32;0;34;40;59;50;55;56;54;62;72;71;67;68;0;No;No;No
6953;1;6;10;5;12;28;21;20;26;18;32;35;0;43;39;60;47;48;51;59;64;75;66;68;74;0;No;No;No
6954;1;4;14;11;2;20;16;28;24;22;41;34;0;40;37;57;46;51;55;53;61;62;67;75;73;0;No;No;No
6955;11;13;12;9;7;28;22;16;18;24;36;40;0;38;31;54;48;51;56;49;61;71;69;64;68;0;No;No;No
6956;10;13;11;4;2;21;19;18;27;29;37;35;0;43;44;54;50;56;58;53;71;62;67;74;72;0;No;No;No
6957;7;10;6;3;15;26;28;18;23;24;32;42;0;39;41;58;46;49;53;48;67;74;62;69;72;0;No;No;No
6958;3;2;1;10;14;28;22;19;20;18;44;35;0;40;39;55;52;53;49;56;70;73;61;71;63;0;No;No;No
6959;2;1;13;3;11;28;25;19;27;17;32;41;0;33;44;56;49;59;58;47;63;66;68;74;73;0;No;No;No
6960;10;2;5;14;7;25;23;30;16;18;43;41;0;40;33;59;54;55;53;51;68;73;65;62;74;0;No;No;No
6961;2;14;10;6;13;28;19;27;18;22;39;41;0;38;42;47;57;52;51;58;74;67;65;72;69;0;No;No;No
6962;14;1;10;8;3;21;16;24;30;20;37;38;0;31;36;51;52;56;57;60;61;69;65;70;64;0;No;No;No
6963;2;10;1;14;11;16;27;25;23;20;37;40;0;44;33;58;54;50;47;53;66;70;68;65;62;0;No;No;No
6964;5;9;6;11;8;27;16;23;25;22;39;31;0;37;42;48;52;57;55;49;69;68;72;64;71;0;No;No;No
6965;13;15;1;8;6;27;19;24;26;30;34;39;0;35;44;50;58;59;54;56;71;75;73;65;68;0;No;No;No
6966;5;10;7;9;11;18;19;25;17;28;32;34;0;35;39;49;50;53;52;46;63;72;74;69;73;0;No;No;No
6967;14;1;7;5;2;19;24;17;22;25;45;43;0;37;40;59;54;46;58;51;67;66;72;69;75;0;No;No;No
6968;9;7;11;1;12;24;19;16;20;18;40;43;0;44;39;52;58;55;50;49;65;67;62;72;74;0;No;No;No
6969;10;4;7;5;12;30;23;20;28;21;34;38;0;42;44;54;56;53;46;55;67;68;74;61;73;0;No;No;No
6970;11;5;13;3;10;26;25;22;29;30;36;37;0;42;44;58;46;56;48;49;62;64;74;66;68;0;No;No;No
6971;7;14;12;10;3;24;22;29;18;27;32;31;0;43;33;48;49;50;55;56;64;72;62;66;65;0;No;No;No
6972;7;9;11;14;10;17;26;19;29;18;43;40;0;42;37;56;46;52;57;58;67;73;69;71;64;0;No;No;No
6973;8;5;13;7;6;16;18;20;24;25;43;40;0;41;38;59;57;51;46;49;70;66;68;62;71;0;No;No;No
6974;8;11;13;6;10;20;21;19;23;25;42;33;0;39;44;47;53;49;50;56;75;63;67;72;68;0;No;No;No
6975;14;10;9;11;3;16;22;24;18;30;44;32;0;33;38;55;58;49;59;57;66;61;67;74;71;0;No;No;No
6976;14;3;11;7;6;22;19;24;27;16;33;38;0;43;39;56;58;50;49;54;62;65;63;72;66;0;No;No;No
6977;12;5;6;11;4;26;27;24;22;18;33;32;0;40;34;54;53;48;55;47;61;68;65;70;63;0;No;No;No
6978;3;15;2;4;8;27;16;28;25;19;32;40;0;44;39;53;55;50;58;51;74;66;63;61;62;0;No;No;No
6979;15;3;11;10;1;17;28;27;23;24;41;45;0;32;44;56;55;46;54;48;74;68;70;71;65;0;No;No;No
6980;14;13;6;8;7;23;30;21;29;19;41;33;0;40;36;56;58;48;47;52;62;74;71;67;73;0;No;No;No
6981;7;13;3;4;12;26;24;17;25;18;36;31;0;34;33;49;55;46;53;60;69;63;72;67;75;0;No;No;No
6982;4;1;12;8;7;29;24;17;20;21;39;38;0;34;43;55;59;58;56;49;70;63;66;62;67;0;No;No;No
6983;10;15;1;7;8;28;22;17;25;26;33;37;0;32;44;58;52;49;46;47;70;74;64;72;73;0;No;No;No
6984;3;7;12;8;14;27;26;24;29;20;42;34;0;40;32;52;47;56;48;59;73;65;66;61;70;0;No;No;No
6985;4;9;1;14;2;18;20;17;19;26;41;33;0;42;34;57;48;54;58;53;65;72;73;66;74;0;No;No;No
6986;7;13;11;8;3;30;28;20;25;23;33;41;0;39;36;51;48;50;53;52;70;65;64;61;68;0;No;No;No
6987;2;9;4;14;5;22;17;24;27;25;36;41;0;39;32;59;49;51;58;56;69;70;67;74;62;0;No;No;No
6988;1;13;11;14;6;27;19;24;22;28;36;37;0;40;41;54;52;46;55;48;72;70;73;64;66;0;No;No;No
6989;12;5;14;9;8;23;29;28;20;30;32;42;0;43;38;47;51;46;54;58;69;72;66;65;75;0;No;No;No
6990;5;12;4;3;8;21;27;22;23;26;35;40;0;33;38;53;51;49;58;48;73;67;71;66;64;0;No;No;No
6991;6;7;12;11;5;27;20;18;22;17;42;44;0;34;36;51;46;56;59;57;61;70;63;69;67;0;No;No;No
6992;2;11;10;12;3;23;19;16;25;29;33;34;0;36;31;46;56;55;58;59;75;64;70;62;69;0;No;No;No
6993;1;10;14;3;7;19;18;27;28;29;45;40;0;39;41;57;47;52;56;50;64;62;69;70;68;0;No;No;No
6994;4;6;3;7;1;16;24;20;22;29;33;42;0;43;37;46;47;57;53;59;65;66;74;73;67;0;No;No;No
6995;10;13;5;9;1;18;22;19;21;28;40;36;0;38;39;54;47;49;46;57;73;62;75;70;67;0;No;No;No
6996;4;10;2;14;12;18;27;22;29;19;32;38;0;42;43;56;50;47;49;55;68;74;61;65;66;0;No;No;No
6997;3;6;11;12;10;21;18;16;23;30;31;33;0;39;40;58;57;48;49;55;61;65;69;73;68;0;No;No;No
6998;7;11;14;8;9;22;26;16;23;28;32;31;0;42;37;54;52;46;47;53;64;65;61;67;66;0;No;No;No
6999;14;4;5;9;2;22;18;29;23;20;41;38;0;44;32;54;46;56;50;49;66;71;64;62;70;0;No;No;No
7000;3;9;7;5;14;29;20;21;23;18;38;42;0;39;33;51;52;56;46;48;64;71;62;74;63;0;No;No;No
7001;11;8;9;2;13;28;26;21;19;20;44;33;0;42;35;47;52;57;59;56;64;63;66;72;65;0;No;No;No
7002;14;6;13;10;8;27;24;29;22;16;42;33;0;39;34;58;54;46;50;53;61;70;73;65;67;0;No;No;No
7003;5;9;13;6;3;27;22;21;16;19;42;31;0;43;39;60;48;49;50;57;63;72;74;73;71;0;No;No;No
7004;11;6;8;2;5;24;28;22;26;27;39;38;0;31;40;58;50;54;46;49;73;66;69;63;74;0;No;No;No
7005;7;2;9;1;15;18;22;21;17;23;34;32;0;40;36;54;55;59;47;49;62;75;66;72;73;0;No;No;No
7006;8;5;12;9;2;29;25;19;18;28;31;44;0;42;41;46;55;56;47;58;61;64;67;63;75;0;No;No;No
7007;4;8;3;2;1;27;23;22;18;26;44;43;0;37;36;58;56;47;52;48;61;69;66;70;67;0;No;No;No
7008;5;13;8;12;11;19;26;22;21;16;36;32;0;42;43;59;56;48;52;49;73;72;70;65;67;0;No;No;No
7009;6;7;15;13;11;25;24;29;19;27;41;43;0;44;35;58;55;50;47;54;70;65;64;68;67;0;No;No;No
7010;8;3;4;5;13;18;29;17;24;21;33;32;0;31;35;56;52;51;46;54;70;64;74;65;62;0;No;No;No
7011;3;9;7;13;6;28;22;30;20;17;38;41;0;44;39;51;49;46;52;56;69;61;63;72;74;0;No;No;No
7012;10;5;7;11;4;18;26;20;25;19;41;43;0;32;31;50;60;58;52;57;70;73;71;74;65;0;No;No;No
7013;5;4;3;8;9;25;16;19;18;28;33;41;0;38;42;58;52;47;49;50;64;68;61;72;74;0;No;No;No
7014;4;9;12;6;11;30;17;19;16;29;39;43;0;41;38;50;53;52;46;56;74;71;73;75;69;0;No;No;No
7015;14;12;4;7;5;23;21;26;28;24;31;35;0;38;36;54;49;57;52;58;63;71;69;73;64;0;No;No;No
7016;1;9;12;6;3;25;28;29;21;22;39;43;0;38;33;57;49;60;56;50;74;70;66;69;65;0;No;No;No
7017;12;6;1;11;9;25;26;22;28;23;37;33;0;35;32;52;56;46;47;55;70;67;72;73;69;0;No;No;No
7018;6;9;12;13;4;16;23;27;19;30;32;36;0;34;40;46;58;52;53;49;67;65;64;69;74;0;No;No;No
7019;13;5;1;4;10;25;18;21;27;30;38;33;0;44;36;56;47;49;53;46;68;63;75;66;70;0;No;No;No
7020;6;9;11;3;15;21;28;26;29;24;33;43;0;32;36;58;50;51;57;54;67;69;65;61;71;0;No;No;No
7021;2;9;3;5;4;16;22;19;18;17;32;40;0;42;38;58;48;50;57;47;69;63;68;64;74;0;No;No;No
7022;8;12;13;14;4;17;24;29;28;19;43;32;0;34;42;51;57;53;55;50;74;65;62;69;67;0;No;No;No
7023;2;12;5;4;14;20;27;29;23;25;44;37;0;39;40;53;52;55;48;58;69;62;71;68;72;0;No;No;No
7024;2;6;3;5;10;29;21;26;22;30;33;45;0;36;35;58;49;50;53;60;72;65;73;70;64;0;No;No;No
7025;10;12;3;8;6;17;24;27;16;20;44;39;0;37;33;57;58;54;47;56;70;74;72;63;61;0;No;No;No
7026;11;5;12;4;3;29;21;25;24;26;34;42;0;44;37;53;48;60;57;46;67;73;66;65;70;0;No;No;No
7027;11;5;12;6;8;27;24;20;29;16;35;38;0;40;41;47;56;52;55;53;69;62;74;71;73;0;No;No;No
7028;6;1;2;10;14;22;18;30;17;24;39;40;0;36;37;55;48;52;49;46;69;65;66;67;72;0;No;No;No
7029;13;5;6;10;1;20;30;23;26;24;33;36;0;43;39;50;49;59;57;47;70;65;74;64;71;0;No;No;No
7030;7;1;5;6;2;28;18;30;23;16;34;41;0;45;33;49;59;56;58;55;72;65;61;67;62;0;No;No;No
7031;6;9;14;3;10;28;17;30;27;18;41;42;0;32;45;54;50;58;46;49;69;67;68;70;73;0;No;No;No
7032;5;3;6;4;7;22;18;24;20;19;41;33;0;44;40;55;56;57;50;60;62;73;66;68;63;0;No;No;No
7033;9;2;1;5;11;24;26;27;17;18;38;32;0;39;44;47;58;54;48;51;69;70;62;68;64;0;No;No;No
7034;8;14;6;4;11;29;23;19;17;16;37;39;0;33;45;58;49;51;50;48;73;63;74;67;64;0;No;No;No
7035;10;2;11;6;7;30;18;21;28;23;37;39;0;34;35;51;52;50;56;58;73;72;66;61;74;0;No;No;No
7036;2;1;13;10;11;28;24;27;26;18;39;37;0;45;42;50;58;56;51;60;72;67;64;66;74;0;No;No;No
7037;8;2;4;11;5;18;25;20;23;26;41;36;0;37;33;59;46;49;48;57;63;69;74;66;62;0;No;No;No
7038;4;11;1;7;2;26;25;22;29;16;34;32;0;38;33;59;47;53;50;60;75;69;66;62;70;0;No;No;No
7039;3;15;11;13;10;30;19;26;25;21;33;37;0;31;39;52;51;48;50;60;75;67;72;61;70;0;No;No;No
7040;8;14;4;5;3;17;21;19;23;25;36;32;0;42;34;50;48;47;49;54;61;70;69;72;74;0;No;No;No
7041;13;10;2;9;5;21;30;17;22;16;40;38;0;43;44;59;58;50;60;53;66;73;64;72;71;0;No;No;No
7042;3;2;7;6;14;26;18;21;28;23;43;40;0;44;34;46;56;51;54;48;66;62;61;63;72;0;No;No;No
7043;5;14;10;15;8;24;29;26;18;16;42;45;0;33;36;47;57;58;60;54;63;71;61;74;64;0;No;No;No
7044;13;5;9;7;15;17;20;27;21;22;38;45;0;41;40;59;50;47;55;57;67;62;75;68;63;0;No;No;No
7045;10;11;13;4;8;24;28;29;22;30;41;31;0;34;39;50;53;46;55;54;70;62;68;72;63;0;No;No;No
7046;5;14;4;3;1;25;26;21;19;17;34;33;0;37;38;46;51;59;49;57;67;70;69;63;71;0;No;No;No
7047;3;11;6;8;1;22;18;21;30;16;36;33;0;32;38;48;54;51;56;47;71;75;74;64;63;0;No;No;No
7048;13;15;14;4;6;27;20;16;24;26;31;38;0;32;36;54;53;51;50;49;74;71;65;69;68;0;No;No;No
7049;6;12;8;1;14;28;22;30;24;26;39;38;0;33;43;57;54;50;58;47;64;63;62;61;65;0;No;No;No
7050;1;9;15;12;5;28;20;23;19;16;36;41;0;32;40;56;59;46;53;55;75;68;71;64;61;0;No;No;No
7051;8;7;2;1;13;19;24;29;20;17;40;32;0;33;42;46;54;50;51;57;62;69;65;61;75;0;No;No;No
7052;15;11;4;2;14;19;24;30;28;16;35;31;0;41;33;53;49;46;51;59;73;72;63;68;70;0;No;No;No
7053;3;5;10;6;12;16;21;19;25;27;45;31;0;42;35;56;59;55;50;46;63;69;61;73;74;0;No;No;No
7054;6;11;8;14;1;24;29;27;25;19;34;32;0;43;36;57;58;54;46;47;69;63;70;65;73;0;No;No;No
7055;8;13;5;11;12;16;26;20;29;23;38;32;0;40;35;52;51;59;56;48;68;73;66;64;61;0;No;No;No
7056;12;4;2;5;13;22;30;27;25;26;40;43;0;32;44;58;55;59;52;46;73;69;66;63;68;0;No;No;No
7057;14;1;8;11;10;24;17;29;27;22;43;36;0;37;41;56;53;58;49;46;69;65;66;72;67;0;No;No;No
7058;12;11;14;13;2;27;18;23;17;29;39;31;0;41;34;57;54;51;53;48;68;61;69;71;67;0;No;No;No
7059;6;4;1;7;2;24;18;22;29;26;41;35;0;32;36;58;49;48;51;52;66;64;61;65;69;0;No;No;No
7060;8;6;10;13;12;20;19;27;22;23;31;39;0;38;45;54;50;52;59;48;66;74;69;73;71;0;No;No;No
7061;1;8;9;3;6;17;26;27;18;25;45;43;0;44;40;51;56;48;50;57;65;71;64;73;74;0;No;No;No
7062;12;7;8;9;4;17;23;27;18;20;44;37;0;31;35;50;57;51;52;46;68;75;61;64;67;0;No;No;No
7063;6;7;15;8;1;30;28;29;18;23;38;40;0;42;31;58;59;53;50;47;62;63;74;70;67;0;No;No;No
7064;9;3;1;13;10;29;25;30;23;28;41;31;0;38;43;56;50;54;47;52;67;74;64;68;72;0;No;No;No
7065;6;3;8;7;5;25;18;29;28;24;43;32;0;31;40;54;56;59;53;50;65;66;61;62;64;0;No;No;No
7066;8;4;12;1;15;19;26;16;21;25;44;40;0;33;41;46;48;54;56;58;65;70;63;68;66;0;No;No;No
7067;10;4;9;5;8;29;24;27;26;20;43;36;0;34;37;46;56;49;50;48;75;71;67;73;63;0;No;No;No
7068;14;2;6;11;5;21;24;25;18;28;35;34;0;40;38;49;56;57;54;48;72;61;73;64;75;0;No;No;No
7069;4;11;14;13;7;21;24;26;22;30;32;42;0;41;43;60;53;52;48;58;65;64;74;71;67;0;No;No;No
7070;3;10;6;4;8;17;24;18;28;26;43;34;0;44;35;48;58;51;53;49;67;65;75;68;74;0;No;No;No
7071;11;9;12;7;2;19;21;23;18;17;35;38;0;42;36;59;54;57;50;58;69;71;63;62;66;0;No;No;No
7072;7;11;13;4;9;17;20;22;18;25;41;39;0;36;33;46;56;59;48;49;73;64;63;74;68;0;No;No;No
7073;10;9;13;8;3;24;22;23;25;18;36;38;0;43;37;49;57;53;50;58;65;62;71;63;61;0;No;No;No
7074;2;3;13;10;15;21;26;18;17;25;36;35;0;32;41;53;60;59;56;52;61;70;62;73;67;0;No;No;No
7075;5;8;10;11;7;22;26;28;19;27;44;40;0;32;43;50;51;60;48;57;67;74;71;63;73;0;No;No;No
7076;2;9;1;5;3;21;24;18;22;20;40;42;0;31;43;58;53;50;47;55;66;61;62;75;73;0;No;No;No
7077;14;3;2;9;10;29;27;19;25;16;34;43;0;33;31;55;58;53;56;52;65;61;64;73;63;0;No;No;No
7078;11;6;5;7;4;29;16;17;28;25;37;40;0;31;36;60;49;58;50;55;72;66;75;74;61;0;No;No;No
7079;7;9;10;2;8;21;25;20;26;28;36;37;0;35;44;49;51;48;47;53;74;64;73;68;67;0;No;No;No
7080;6;1;3;14;9;26;24;21;22;23;34;40;0;39;36;59;57;47;52;46;64;68;66;61;70;0;No;No;No
7081;8;14;12;4;11;17;19;21;26;29;42;41;0;45;38;58;48;59;47;49;71;64;73;70;68;0;No;No;No
7082;7;5;4;9;10;27;24;18;29;23;40;43;0;38;37;47;55;56;58;57;65;62;70;71;67;0;No;No;No
7083;13;3;14;5;7;24;21;18;29;19;36;38;0;41;34;49;52;48;47;55;73;71;63;67;65;0;No;No;No
7084;14;1;9;11;10;18;25;30;28;22;36;31;0;32;33;51;57;54;47;55;72;65;71;73;64;0;No;No;No
7085;8;7;9;5;3;16;19;29;17;30;43;44;0;37;39;46;58;54;52;50;62;61;64;72;73;0;No;No;No
7086;11;9;5;10;14;23;29;19;26;18;37;33;0;38;36;48;50;56;60;47;67;62;71;63;73;0;No;No;No
7087;12;7;5;10;9;22;26;28;21;29;33;44;0;37;35;51;57;53;48;47;67;70;62;74;64;0;No;No;No
7088;11;4;7;13;14;20;29;28;24;22;31;43;0;36;37;59;56;57;47;50;71;67;65;62;63;0;No;No;No
7089;15;4;9;10;1;20;29;19;16;17;38;31;0;43;37;58;59;46;49;50;64;71;70;62;65;0;No;No;No
7090;11;6;15;10;8;25;24;20;27;16;37;40;0;35;33;58;48;56;59;46;66;69;61;67;63;0;No;No;No
7091;3;2;11;4;5;27;20;24;28;26;33;43;0;34;38;48;56;55;57;47;61;71;74;64;67;0;No;No;No
7092;1;11;3;8;7;23;24;29;26;19;31;43;0;41;44;49;56;52;55;46;62;61;73;64;69;0;No;No;No
7093;8;6;14;13;3;22;23;24;21;20;43;35;0;41;40;57;58;52;56;54;69;70;68;74;73;0;No;No;No
7094;2;1;3;14;13;16;23;24;26;29;44;33;0;38;45;55;47;52;56;50;73;69;67;61;68;0;No;No;No
7095;4;15;14;7;12;23;24;21;20;17;37;34;0;32;41;54;49;46;57;59;69;73;74;66;70;0;No;No;No
7096;3;13;9;10;6;16;27;22;28;25;39;45;0;37;35;57;56;55;51;50;72;62;67;71;63;0;No;No;No
7097;6;1;3;12;5;28;30;20;25;24;34;40;0;35;39;54;56;52;58;55;67;64;75;74;66;0;No;No;No
7098;10;6;8;5;3;16;19;18;28;17;43;40;0;32;39;48;50;46;55;58;65;62;73;63;75;0;No;No;No
7099;7;4;1;11;5;25;18;22;16;26;31;33;0;37;35;55;51;49;60;52;66;72;62;61;68;0;No;No;No
7100;10;9;14;7;12;27;30;25;22;23;37;45;0;31;39;57;46;53;54;59;65;67;61;64;71;0;No;No;No
7101;2;14;9;7;3;19;16;20;27;21;35;37;0;34;36;59;49;55;46;56;73;69;67;63;61;0;No;No;No
7102;7;2;4;9;8;25;29;20;17;19;42;36;0;40;44;60;57;58;52;49;70;69;67;68;63;0;No;No;No
7103;15;9;4;7;6;19;18;26;27;24;40;35;0;38;37;53;47;49;57;60;69;68;72;71;67;0;No;No;No
7104;14;5;10;2;9;26;24;19;30;17;43;37;0;32;31;55;48;52;58;47;68;61;63;73;65;0;No;No;No
7105;3;15;6;7;10;16;25;18;26;19;32;37;0;42;41;56;49;54;52;48;71;62;73;63;69;0;No;No;No
7106;6;14;8;3;4;19;24;22;27;18;31;39;0;43;45;57;50;48;58;52;67;69;63;66;70;0;No;No;No
7107;5;4;7;6;12;19;25;16;24;17;40;33;0;44;41;53;57;55;50;52;73;69;72;74;63;0;No;No;No
7108;10;6;14;3;11;23;28;25;22;29;39;34;0;44;43;50;48;55;46;60;61;70;68;63;67;0;No;No;No
7109;6;9;2;12;3;27;29;16;30;26;40;32;0;38;41;47;54;58;57;53;74;63;61;66;65;0;No;No;No
7110;15;6;7;13;14;26;16;18;23;19;40;44;0;43;33;48;55;60;52;50;61;67;69;71;66;0;No;No;No
7111;6;11;12;2;15;29;25;24;17;19;40;36;0;33;44;51;52;48;60;50;71;75;65;62;67;0;No;No;No
7112;8;5;2;13;10;26;28;21;25;17;33;39;0;35;38;50;58;47;48;57;74;73;64;72;61;0;No;No;No
7113;13;12;10;2;15;24;25;23;16;22;42;41;0;33;31;58;56;52;50;53;63;68;72;69;61;0;No;No;No
7114;9;1;14;10;7;26;28;20;30;19;42;32;0;41;44;53;51;54;56;50;68;67;61;65;71;0;No;No;No
7115;6;9;15;13;12;20;25;27;16;19;34;33;0;42;31;47;48;56;54;58;66;63;69;74;68;0;No;No;No
7116;1;8;9;6;3;22;27;21;20;18;43;33;0;36;32;52;53;57;60;47;67;72;64;74;63;0;No;No;No
7117;4;5;14;11;1;28;21;24;16;27;31;33;0;32;36;53;52;47;60;48;72;66;67;74;73;0;No;No;No
7118;3;14;9;1;11;22;27;26;25;23;32;41;0;40;37;46;50;51;52;58;73;71;74;69;62;0;No;No;No
7119;13;14;1;6;5;20;16;29;26;27;43;35;0;42;45;52;59;58;53;49;68;67;65;61;75;0;No;No;No
7120;5;8;10;3;4;22;20;24;25;23;42;36;0;38;32;59;49;47;48;58;69;64;62;63;72;0;No;No;No
7121;10;8;13;11;14;25;28;24;26;30;33;36;0;42;41;47;58;49;53;56;68;70;73;74;67;0;No;No;No
7122;13;1;12;14;8;19;16;25;28;24;31;42;0;36;40;50;52;48;57;49;63;73;68;69;71;0;No;No;No
7123;7;11;12;5;1;28;16;25;20;21;35;37;0;31;42;46;51;56;47;59;68;71;64;65;67;0;No;No;No
7124;11;2;8;6;4;21;16;18;19;20;33;40;0;44;37;49;47;55;58;56;70;68;72;69;73;0;No;No;No
7125;14;12;2;4;1;29;21;17;22;26;33;36;0;37;42;57;56;51;58;53;62;72;74;61;66;0;No;No;No
7126;10;9;5;11;12;28;21;29;22;17;34;44;0;33;39;59;55;48;54;46;62;74;66;73;69;0;No;No;No
7127;8;9;6;2;3;25;28;21;19;22;35;38;0;41;34;57;54;56;52;48;62;65;74;67;63;0;No;No;No
7128;11;5;9;1;2;19;24;28;21;16;42;32;0;38;40;59;50;48;57;47;70;61;74;63;67;0;No;No;No
7129;7;9;5;10;13;29;16;23;26;21;41;39;0;40;31;58;48;47;57;53;66;65;74;73;67;0;No;No;No
7130;4;6;2;1;5;22;28;27;21;18;33;36;0;43;34;52;48;59;56;47;71;64;61;63;65;0;No;No;No
7131;13;9;11;6;10;20;21;26;27;30;31;39;0;43;37;54;59;46;56;51;65;62;71;72;63;0;No;No;No
7132;9;14;11;2;3;26;24;17;18;22;41;37;0;39;34;58;51;57;56;48;64;73;74;70;69;0;No;No;No
7133;1;5;10;7;14;23;20;22;28;27;36;44;0;39;31;54;56;51;46;58;63;72;70;74;66;0;No;No;No
7134;14;3;12;1;7;22;17;30;27;16;36;32;0;35;42;48;49;58;47;55;70;72;65;63;62;0;No;No;No
7135;14;15;13;4;5;23;20;22;19;24;31;37;0;44;39;49;54;47;56;52;69;63;65;61;68;0;No;No;No
7136;14;9;5;8;7;25;29;24;19;27;31;37;0;40;34;54;48;51;56;55;75;69;72;68;65;0;No;No;No
7137;2;1;11;12;14;19;27;29;21;28;34;44;0;31;32;48;49;51;56;46;64;63;67;72;69;0;No;No;No
7138;5;1;12;6;13;24;29;16;27;23;43;36;0;31;34;60;55;48;51;49;72;67;71;64;73;0;No;No;No
7139;8;7;13;1;10;28;25;29;23;21;31;38;0;40;42;50;48;46;53;58;74;69;72;73;65;0;No;No;No
7140;4;9;14;15;6;17;22;18;30;25;39;38;0;31;42;50;55;54;53;49;71;74;67;68;63;0;No;No;No
7141;14;8;9;10;7;17;19;24;27;26;40;35;0;38;41;48;57;58;59;51;63;65;69;72;61;0;No;No;No
7142;7;8;10;12;1;19;28;30;17;20;34;36;0;33;40;47;51;50;55;56;71;64;69;66;74;0;No;No;No
7143;6;9;10;5;11;20;21;27;25;17;34;38;0;31;42;58;52;57;55;48;70;71;73;66;75;0;No;No;No
7144;5;14;10;3;11;23;17;27;19;22;39;42;0;31;36;58;53;52;54;50;67;73;71;75;61;0;No;No;No
7145;12;15;2;13;9;25;30;23;16;22;34;42;0;31;33;47;52;56;49;50;71;65;70;64;68;0;No;No;No
7146;1;3;4;10;5;19;18;23;30;25;36;44;0;39;40;53;47;60;55;54;68;69;63;65;67;0;No;No;No
7147;1;12;8;13;10;25;27;23;18;26;31;42;0;33;32;55;58;54;52;57;70;68;62;72;74;0;No;No;No
7148;4;3;8;5;14;26;16;20;25;19;32;38;0;36;37;47;54;51;59;50;62;67;65;66;63;0;No;No;No
7149;12;2;9;10;13;27;19;21;16;29;31;43;0;33;40;54;47;52;56;49;67;64;66;71;68;0;No;No;No
7150;6;5;15;9;7;30;16;24;21;23;42;38;0;34;35;49;52;53;58;54;69;65;66;67;74;0;No;No;No
7151;11;8;1;6;2;29;24;27;20;19;42;41;0;37;38;54;47;58;57;49;67;64;74;65;75;0;No;No;No
7152;5;14;8;6;7;23;21;25;18;20;44;42;0;39;41;57;50;58;55;48;65;70;68;72;63;0;No;No;No
7153;5;14;1;4;10;23;21;29;28;27;33;43;0;34;40;56;46;55;49;54;75;62;74;63;70;0;No;No;No
7154;4;12;14;9;6;19;22;27;24;29;44;36;0;37;39;48;54;53;60;57;73;61;62;68;69;0;No;No;No
7155;14;2;4;15;5;20;19;22;24;27;44;34;0;31;37;56;52;57;50;55;62;71;61;65;66;0;No;No;No
7156;12;4;10;2;11;19;21;26;23;25;43;38;0;40;36;47;46;55;59;56;71;69;68;66;63;0;No;No;No
7157;9;11;6;10;7;20;19;17;28;21;39;36;0;35;42;57;46;54;52;49;72;74;69;61;64;0;No;No;No
7158;12;10;15;5;1;23;21;26;25;18;39;40;0;41;34;52;46;51;57;49;70;68;67;71;66;0;No;No;No
7159;11;4;14;13;3;29;23;21;28;19;35;31;0;36;41;52;47;53;57;55;70;72;73;75;62;0;No;No;No
7160;8;15;3;1;9;24;20;23;16;21;36;41;0;37;35;54;57;49;60;56;66;69;63;73;64;0;No;No;No
7161;3;5;4;7;13;27;28;22;16;21;39;45;0;38;35;54;56;57;49;52;73;64;67;75;74;0;No;No;No
7162;14;13;1;15;11;23;21;28;25;26;35;33;0;37;41;56;49;50;53;55;73;71;66;74;68;0;No;No;No
7163;12;5;10;14;6;30;27;17;28;26;44;36;0;31;34;52;56;49;51;46;70;72;63;61;64;0;No;No;No
7164;6;11;7;8;5;20;28;22;24;23;35;33;0;42;36;57;55;48;50;46;75;66;73;72;71;0;No;No;No
7165;4;3;7;1;5;16;24;29;21;27;40;42;0;43;33;49;46;50;55;47;68;70;62;67;72;0;No;No;No
7166;2;4;9;5;3;27;22;28;26;16;39;41;0;36;43;55;59;47;49;56;69;66;68;75;64;0;No;No;No
7167;4;11;10;3;2;27;25;16;20;19;32;33;0;42;37;57;53;47;59;48;63;72;75;64;73;0;No;No;No
7168;15;9;6;4;3;27;18;24;26;20;36;44;0;32;43;50;54;55;51;57;73;66;63;69;72;0;No;No;No
7169;1;11;2;10;7;16;20;28;17;19;34;40;0;44;42;53;54;57;52;51;66;64;72;71;70;0;No;No;No
7170;12;13;2;6;14;23;26;29;22;25;41;42;0;40;33;59;48;52;49;54;70;62;72;63;64;0;No;No;No
7171;14;13;10;15;6;16;30;26;29;24;42;40;0;31;32;59;54;56;46;49;63;70;74;68;73;0;No;No;No
7172;8;2;14;9;10;22;20;26;21;17;36;32;0;45;39;60;51;54;57;53;72;71;63;61;68;0;No;No;No
7173;11;4;15;7;12;26;23;16;24;29;38;40;0;43;41;49;56;55;51;50;75;72;74;69;61;0;No;No;No
7174;7;3;14;10;13;18;26;28;20;22;43;38;0;32;35;47;53;57;59;56;72;73;71;63;74;0;No;No;No
7175;3;1;7;4;8;30;20;27;19;28;40;37;0;44;33;56;58;55;46;60;64;68;67;65;70;0;No;No;No
7176;11;9;3;13;12;26;28;27;17;24;38;43;0;42;33;49;48;60;56;58;68;74;75;64;63;0;No;No;No
7177;3;8;9;10;12;26;19;22;21;28;37;36;0;31;41;54;60;53;49;51;66;62;67;73;61;0;No;No;No
7178;8;9;1;4;14;28;18;23;17;21;34;41;0;35;32;60;52;59;55;48;63;64;75;62;70;0;No;No;No
7179;5;1;9;14;7;28;20;16;17;26;32;36;0;37;41;58;54;59;50;55;66;61;73;72;65;0;No;No;No
7180;8;1;2;13;9;20;16;23;27;22;43;42;0;38;31;46;47;59;53;55;70;75;64;71;68;0;No;No;No
7181;12;11;5;1;13;25;17;28;23;22;33;42;0;39;32;60;51;58;48;53;68;63;72;66;67;0;No;No;No
7182;2;12;9;15;11;26;17;24;19;23;34;40;0;38;44;59;58;50;49;60;68;72;61;71;62;0;No;No;No
7183;13;7;6;4;10;26;20;16;30;19;44;39;0;43;42;56;49;59;50;58;73;66;69;72;65;0;No;No;No
7184;5;12;14;6;3;20;16;18;25;22;43;40;0;44;35;47;49;57;55;52;62;65;74;63;66;0;No;No;No
7185;7;8;5;2;4;26;18;20;23;21;35;31;0;37;42;46;49;52;57;59;64;70;63;71;61;0;No;No;No
7186;3;2;5;4;1;16;25;26;28;19;44;39;0;38;36;56;46;53;49;58;65;70;72;73;68;0;No;No;No
7187;4;14;9;15;2;21;19;23;22;27;45;35;0;36;40;50;54;59;58;47;68;70;74;75;73;0;No;No;No
7188;4;8;6;15;14;17;22;24;21;18;39;34;0;42;38;56;46;54;50;49;70;61;71;63;67;0;No;No;No
7189;9;7;10;11;12;29;16;26;22;19;41;36;0;37;33;57;52;59;56;51;62;66;64;68;70;0;No;No;No
7190;9;7;14;2;8;23;25;17;22;26;41;32;0;40;39;56;55;54;48;60;70;69;67;73;64;0;No;No;No
7191;5;10;3;7;2;30;21;22;23;27;38;37;0;40;39;47;48;50;56;52;75;74;67;64;72;0;No;No;No
7192;12;5;3;2;4;29;23;26;16;27;43;44;0;38;32;59;47;53;46;48;63;74;67;69;71;0;No;No;No
7193;2;8;11;4;6;20;18;22;24;26;33;43;0;35;42;48;54;53;55;50;63;66;68;67;65;0;No;No;No
7194;3;9;2;1;6;24;19;16;27;22;39;35;0;42;41;48;58;57;50;47;63;66;69;62;68;0;No;No;No
7195;7;11;10;6;9;20;25;18;30;29;45;31;0;38;40;57;53;51;54;59;69;71;68;75;72;0;No;No;No
7196;7;13;4;5;8;29;18;25;26;20;42;38;0;34;36;50;57;48;59;52;70;68;72;74;75;0;No;No;No
7197;13;5;12;6;10;20;17;30;27;19;37;33;0;41;45;59;54;52;48;55;69;64;61;66;63;0;No;No;No
7198;6;10;3;5;4;18;23;21;16;29;45;44;0;41;39;51;49;53;56;57;63;62;72;64;66;0;No;No;No
7199;3;9;11;14;4;22;29;28;18;16;37;40;0;41;43;59;57;47;49;52;74;68;61;72;66;0;No;No;No
7200;10;1;5;8;7;16;29;23;25;21;39;36;0;38;31;48;49;56;60;59;62;74;73;64;65;0;No;No;No
7201;3;1;13;9;14;16;20;23;24;27;32;41;0;45;33;55;59;60;48;51;70;61;64;63;71;0;No;No;No
7202;13;5;7;10;4;29;21;20;23;16;42;39;0;38;41;49;52;46;55;60;72;66;75;70;71;0;No;No;No
7203;14;9;8;12;1;24;17;19;16;25;34;42;0;32;40;59;49;46;51;48;66;67;74;71;68;0;No;No;No
7204;10;13;11;6;3;17;19;16;21;27;43;42;0;35;40;50;54;47;51;60;66;65;69;61;62;0;No;No;No
7205;7;12;14;4;10;23;21;18;24;25;38;40;0;37;44;55;52;57;50;53;68;63;71;75;61;0;No;No;No
7206;7;13;12;4;8;22;26;29;19;28;34;38;0;37;40;48;51;50;49;56;63;71;67;75;72;0;No;No;No
7207;11;12;8;13;1;24;19;16;25;18;43;41;0;31;39;50;56;48;60;58;67;61;73;63;74;0;No;No;No
7208;6;3;4;10;14;27;18;16;26;25;41;44;0;43;36;53;51;48;56;47;62;67;63;65;71;0;No;No;No
7209;7;8;6;11;13;20;18;19;22;25;34;38;0;44;39;46;55;48;59;47;72;62;74;69;61;0;No;No;No
7210;7;5;8;6;2;18;28;20;19;25;38;43;0;37;31;58;55;53;59;48;61;74;65;69;71;0;No;No;No
7211;11;12;9;7;3;25;17;23;19;21;36;33;0;43;38;55;59;48;51;50;74;65;68;63;72;0;No;No;No
7212;4;3;6;7;10;22;27;21;30;19;44;37;0;43;39;53;48;54;59;56;64;72;70;69;68;0;No;No;No
7213;1;12;9;8;3;17;19;23;28;18;45;37;0;40;35;50;55;59;60;51;68;65;66;63;64;0;No;No;No
7214;1;6;12;8;13;19;22;28;29;18;31;42;0;36;32;50;51;46;47;48;72;61;74;62;67;0;No;No;No
7215;9;2;12;11;1;22;30;26;28;20;39;33;0;36;43;49;59;56;60;58;66;74;62;73;72;0;No;No;No
7216;15;6;4;13;5;26;21;20;18;25;43;34;0;35;33;46;57;54;51;47;68;65;71;70;62;0;No;No;No
7217;5;6;11;4;13;19;20;23;22;29;39;34;0;44;38;52;48;53;47;57;74;65;62;70;66;0;No;No;No
7218;13;10;1;5;4;20;24;18;22;25;32;34;0;38;44;54;53;52;50;59;72;71;63;62;66;0;No;No;No
7219;1;9;12;5;7;28;20;17;27;25;34;31;0;42;41;59;55;46;51;52;73;63;74;64;70;0;No;No;No
7220;13;5;3;1;7;20;18;19;27;22;40;34;0;33;36;53;55;49;46;60;68;74;64;71;70;0;No;No;No
7221;11;10;14;7;2;24;20;22;27;17;43;36;0;41;39;52;47;53;59;58;64;74;67;70;66;0;No;No;No
7222;9;11;10;8;1;19;21;28;29;17;44;34;0;40;33;59;49;51;56;48;64;71;63;70;61;0;No;No;No
7223;4;3;2;1;7;28;26;23;27;17;38;40;0;37;42;55;54;57;59;49;68;70;63;72;66;0;No;No;No
7224;7;9;4;2;8;20;24;26;27;29;40;31;0;33;43;46;58;54;55;57;61;68;69;62;73;0;No;No;No
7225;9;8;13;7;6;29;17;23;22;24;31;32;0;43;44;52;56;48;51;49;62;74;70;75;73;0;No;No;No
7226;13;3;14;8;10;24;19;16;20;26;31;32;0;38;42;59;51;49;52;58;63;61;68;71;64;0;No;No;No
7227;10;9;11;2;4;24;17;23;27;18;32;39;0;44;37;58;59;52;50;60;74;67;71;64;72;0;No;No;No
7228;9;13;2;3;11;23;17;18;24;25;44;36;0;32;34;49;47;60;46;54;67;63;75;68;65;0;No;No;No
7229;9;7;13;10;1;23;30;22;27;20;44;37;0;35;31;54;48;55;47;57;72;68;70;69;67;0;No;No;No
7230;10;1;9;4;11;21;27;25;19;26;41;34;0;36;31;57;60;54;47;48;74;63;68;73;64;0;No;No;No
7231;9;11;5;6;12;22;30;16;18;23;42;37;0;31;34;55;54;48;46;47;74;75;69;71;66;0;No;No;No
7232;3;5;4;9;2;22;21;16;27;23;34;38;0;41;32;51;58;53;52;50;69;64;68;75;62;0;No;No;No
7233;1;9;2;14;8;25;18;27;20;21;43;33;0;31;40;48;53;47;59;57;70;69;68;71;64;0;No;No;No
7234;8;14;11;7;9;16;30;29;21;28;37;36;0;38;32;58;48;54;57;49;73;72;65;74;62;0;No;No;No
7235;10;5;9;12;4;19;24;18;22;21;43;44;0;34;40;55;58;52;54;56;63;68;64;67;69;0;No;No;No
7236;14;15;5;8;12;27;28;17;22;24;43;33;0;36;35;53;51;52;48;49;70;66;72;61;75;0;No;No;No
7237;4;9;15;3;1;25;28;22;17;27;45;37;0;34;41;57;51;47;59;53;61;64;74;68;69;0;No;No;No
7238;12;7;9;4;6;19;24;23;18;21;33;35;0;32;44;48;49;50;52;47;63;65;67;66;64;0;No;No;No
7239;14;8;15;5;11;22;29;20;16;21;39;40;0;31;43;47;56;49;50;46;66;73;63;65;67;0;No;No;No
7240;4;9;12;11;1;19;30;28;17;21;31;36;0;43;40;51;47;55;52;57;61;70;72;64;66;0;No;No;No
7241;6;3;12;10;14;19;28;25;30;20;42;32;0;38;37;51;56;59;58;50;65;70;64;73;61;0;No;No;No
7242;4;6;1;8;10;22;19;20;18;28;36;45;0;42;43;58;49;46;55;47;66;72;62;63;73;0;No;No;No
7243;6;8;1;12;13;20;19;29;27;28;36;32;0;38;42;49;51;55;58;47;67;73;75;61;64;0;No;No;No
7244;9;1;11;2;4;25;19;17;20;26;37;36;0;33;34;57;53;55;54;52;66;71;69;62;68;0;No;No;No
7245;6;2;14;4;5;22;19;25;28;23;42;40;0;36;41;48;55;53;49;57;62;68;69;66;74;0;No;No;No
7246;5;11;10;9;8;22;29;20;25;28;44;45;0;38;32;57;49;55;48;51;71;66;64;61;65;0;No;No;No
7247;12;11;10;5;2;22;19;20;21;27;32;36;0;38;33;59;56;55;47;48;62;70;72;69;68;0;No;No;No
7248;8;7;1;6;3;29;18;20;21;22;39;37;0;34;38;52;48;60;53;58;74;71;66;73;69;0;No;No;No
7249;13;4;6;7;12;20;28;25;27;23;31;40;0;43;32;60;55;54;47;56;72;75;68;69;66;0;No;No;No
7250;7;15;14;12;5;29;17;18;22;24;42;45;0;43;31;55;54;57;46;60;65;66;61;75;64;0;No;No;No
7251;3;7;1;8;6;26;27;16;29;28;39;31;0;41;37;54;56;49;59;48;74;61;63;72;65;0;No;No;No
7252;6;1;15;13;8;16;24;19;26;21;35;34;0;31;42;56;54;47;48;53;62;70;64;61;71;0;No;No;No
7253;7;13;2;14;8;26;22;18;19;29;39;42;0;36;43;52;48;46;53;54;69;66;65;62;68;0;No;No;No
7254;2;1;14;5;11;21;19;29;26;23;33;35;0;36;38;50;59;58;53;56;65;61;64;70;62;0;No;No;No
7255;5;4;7;9;2;20;16;17;27;18;42;31;0;34;44;56;48;55;57;50;66;72;70;73;67;0;No;No;No
7256;2;9;3;6;8;16;23;29;24;20;36;45;0;40;41;57;53;47;56;51;73;64;70;66;63;0;No;No;No
7257;1;14;8;3;9;26;28;20;25;23;34;36;0;38;39;51;50;54;55;60;65;68;74;72;64;0;No;No;No
7258;8;9;6;1;5;19;18;20;25;26;31;32;0;41;39;51;58;53;47;52;72;62;64;66;69;0;No;No;No
7259;15;3;5;10;6;24;27;20;26;17;40;31;0;38;42;47;55;51;53;50;74;71;66;65;63;0;No;No;No
7260;10;7;14;13;6;20;18;26;17;19;41;42;0;36;35;49;55;48;59;57;74;73;69;63;72;0;No;No;No
7261;7;8;1;6;4;17;28;16;21;22;32;36;0;41;42;59;53;48;56;47;66;73;62;68;74;0;No;No;No
7262;14;12;4;6;3;21;20;17;16;22;44;43;0;37;39;58;55;57;59;54;74;71;67;69;61;0;No;No;No
7263;7;11;8;10;14;17;25;20;22;30;45;33;0;35;37;46;58;55;47;57;70;66;74;69;67;0;No;No;No
7264;9;2;15;3;6;25;28;16;27;18;33;37;0;35;32;54;55;46;59;49;71;74;67;62;70;0;No;No;No
7265;2;11;14;6;13;19;20;22;16;21;34;40;0;37;38;46;58;60;47;52;75;64;73;62;66;0;No;No;No
7266;3;12;8;1;10;22;17;16;20;27;39;31;0;43;32;58;53;49;50;47;71;61;74;73;72;0;No;No;No
7267;14;1;4;12;6;20;28;22;23;17;37;42;0;40;31;57;47;48;53;49;65;71;61;70;74;0;No;No;No
7268;6;1;11;14;2;16;23;21;18;26;44;37;0;42;31;55;53;52;57;46;68;69;67;63;65;0;No;No;No
7269;13;3;5;8;10;27;23;19;16;26;44;35;0;34;41;47;48;54;46;52;65;62;74;68;69;0;No;No;No
7270;1;5;10;7;8;17;20;16;21;28;35;45;0;39;41;48;60;47;51;50;70;73;64;72;61;0;No;No;No
7271;6;2;14;8;12;25;19;16;27;26;39;43;0;45;33;48;53;49;50;55;68;62;63;72;67;0;No;No;No
7272;2;7;9;11;14;17;26;25;21;30;31;41;0;33;39;49;57;52;56;51;74;65;62;69;71;0;No;No;No
7273;9;7;6;13;14;19;23;22;21;24;38;43;0;37;31;50;49;53;46;48;65;67;69;61;64;0;No;No;No
7274;2;8;10;12;9;29;21;25;28;19;43;44;0;34;40;46;48;60;59;57;67;70;74;65;64;0;No;No;No
7275;10;7;3;13;9;16;28;25;26;18;41;38;0;42;34;49;48;57;47;50;65;64;61;69;63;0;No;No;No
7276;11;4;9;3;7;16;28;29;24;21;44;40;0;36;38;53;54;59;50;48;66;61;65;62;73;0;No;No;No
7277;13;6;5;10;4;22;18;20;26;19;35;31;0;43;36;51;47;57;58;54;68;75;71;62;61;0;No;No;No
7278;6;14;1;10;15;18;29;22;21;28;39;41;0;40;42;50;57;60;56;58;73;71;68;63;65;0;No;No;No
7279;15;7;4;8;1;23;25;18;21;20;38;41;0;44;43;48;51;53;57;55;61;73;74;72;67;0;No;No;No
7280;6;5;13;1;3;19;28;20;24;16;33;36;0;40;44;53;58;51;52;50;74;64;69;65;67;0;No;No;No
7281;13;15;14;3;5;21;25;18;24;22;31;39;0;33;42;56;46;51;60;58;63;73;74;61;65;0;No;No;No
7282;11;5;13;14;4;18;26;28;27;21;42;43;0;34;39;46;52;54;58;56;63;66;67;73;69;0;No;No;No
7283;8;9;3;13;10;20;27;19;22;29;35;38;0;40;44;58;48;51;54;46;74;73;65;72;66;0;No;No;No
7284;14;6;5;1;2;29;17;16;21;19;43;42;0;41;32;55;54;51;56;46;61;74;71;66;75;0;No;No;No
7285;1;3;14;15;13;24;28;16;21;30;33;34;0;40;32;58;57;49;51;48;62;64;75;65;68;0;No;No;No
7286;6;11;8;13;3;28;26;23;16;21;33;34;0;41;37;49;59;48;47;53;66;69;75;62;61;0;No;No;No
7287;8;3;5;7;1;23;16;21;28;26;34;38;0;36;43;55;46;52;59;57;68;62;70;61;74;0;No;No;No
7288;3;12;4;6;13;23;29;19;24;27;40;36;0;31;33;57;55;56;53;47;71;72;66;62;73;0;No;No;No
7289;4;5;10;13;6;30;21;18;28;22;38;36;0;34;43;56;48;54;50;51;74;66;69;75;65;0;No;No;No
7290;9;7;3;10;4;18;26;30;16;29;36;44;0;31;32;56;47;50;58;60;69;70;64;71;67;0;No;No;No
7291;9;13;2;8;7;19;17;16;20;24;44;41;0;31;40;51;52;56;59;53;67;74;70;66;65;0;No;No;No
7292;14;3;4;5;13;25;23;16;30;22;37;41;0;31;33;60;51;59;56;49;70;63;67;62;72;0;No;No;No
7293;6;5;3;7;8;21;17;29;19;28;36;34;0;43;39;50;55;54;56;60;69;62;68;73;65;0;No;No;No
7294;7;11;10;13;12;26;24;23;28;22;34;41;0;36;35;47;52;56;53;50;66;67;61;69;73;0;No;No;No
7295;3;9;10;1;7;24;17;20;27;26;39;37;0;34;33;58;48;51;57;56;73;61;68;71;69;0;No;No;No
7296;7;14;10;3;11;28;26;21;30;19;32;40;0;36;31;52;49;46;53;48;74;70;69;65;64;0;No;No;No
7297;1;5;6;15;4;28;29;26;24;21;43;39;0;40;33;48;55;53;49;54;72;69;64;65;66;0;No;No;No
7298;8;15;13;9;12;25;23;21;19;26;42;33;0;32;38;53;51;54;58;55;64;73;63;72;68;0;No;No;No
7299;13;10;6;12;3;18;22;16;19;24;36;35;0;32;41;57;51;53;47;59;71;63;61;65;75;0;No;No;No
7300;3;9;12;10;6;20;29;24;27;30;35;40;0;44;32;51;56;55;58;47;75;66;61;65;73;0;No;No;No
7301;7;3;2;11;10;19;22;16;18;26;33;43;0;32;42;58;52;60;49;48;72;65;71;63;66;0;No;No;No
7302;9;11;13;10;1;18;16;28;17;25;39;32;0;45;43;55;57;47;59;46;70;65;71;62;64;0;No;No;No
7303;3;9;13;7;14;16;29;26;24;28;34;32;0;43;31;48;53;60;58;57;62;72;73;64;71;0;No;No;No
7304;9;7;5;4;15;22;29;23;27;28;37;43;0;42;44;60;50;49;51;55;64;69;66;70;75;0;No;No;No
7305;15;10;7;4;12;22;18;16;26;28;44;43;0;39;41;52;49;55;59;47;75;62;73;70;63;0;No;No;No
7306;1;2;3;8;6;29;19;28;24;16;31;43;0;36;39;52;49;58;54;57;65;71;70;62;67;0;No;No;No
7307;9;2;6;3;1;30;27;19;16;20;43;38;0;32;44;52;50;49;56;48;64;62;73;72;69;0;No;No;No
7308;12;8;3;7;4;26;20;17;27;30;44;33;0;41;38;51;58;46;56;59;61;68;70;75;73;0;No;No;No
7309;8;12;3;10;2;21;24;19;22;20;34;42;0;38;31;48;52;56;58;49;70;65;72;63;61;0;No;No;No
7310;1;12;7;5;11;22;18;19;20;23;39;42;0;31;40;48;46;47;52;55;62;73;72;63;74;0;No;No;No
7311;11;9;1;13;6;24;28;21;27;29;45;38;0;39;37;47;59;51;50;48;69;63;62;71;72;0;No;No;No
7312;7;9;5;4;12;30;17;25;21;23;45;36;0;40;35;58;59;52;53;51;73;63;62;75;67;0;No;No;No
7313;1;14;6;11;7;21;28;17;16;20;35;31;0;44;39;54;50;46;49;55;61;63;64;72;73;0;No;No;No
7314;9;3;13;8;7;17;25;28;29;16;39;32;0;31;44;46;53;47;59;57;74;69;63;66;72;0;No;No;No
7315;12;6;15;9;10;30;27;16;29;18;41;44;0;45;31;56;48;50;49;47;64;67;73;70;72;0;No;No;No
7316;7;8;11;10;13;25;21;27;19;18;37;38;0;45;34;52;59;55;49;46;66;61;64;70;68;0;No;No;No
7317;7;9;6;5;15;23;16;22;17;19;36;34;0;39;37;53;46;58;56;50;72;69;70;65;71;0;No;No;No
7318;6;8;5;9;10;30;23;16;26;17;36;45;0;39;43;53;49;46;51;50;71;68;70;67;66;0;No;No;No
7319;12;2;8;1;7;26;27;22;16;19;40;42;0;41;34;47;48;57;58;52;68;70;75;64;67;0;No;No;No
7320;4;5;6;14;15;18;16;27;21;20;38;34;0;31;32;52;47;59;58;55;68;61;64;73;62;0;No;No;No
7321;2;7;6;3;9;22;17;30;26;27;33;32;0;39;42;58;51;46;49;47;69;64;71;62;67;0;No;No;No
7322;7;6;2;3;1;21;28;26;24;29;33;40;0;45;36;49;46;48;53;59;68;69;75;73;62;0;No;No;No
7323;9;12;2;4;14;26;24;25;19;29;35;44;0;41;32;51;54;59;47;52;68;72;63;61;69;0;No;No;No
7324;12;4;6;7;8;16;17;25;26;30;43;34;0;45;33;60;51;56;50;46;63;69;67;72;64;0;No;No;No
7325;12;11;1;2;4;19;18;16;24;22;44;38;0;41;31;58;56;47;57;50;63;66;71;74;73;0;No;No;No
7326;8;12;5;3;13;23;17;26;25;21;44;38;0;36;45;48;56;58;54;47;70;64;61;63;68;0;No;No;No
7327;12;1;3;11;8;20;28;27;18;16;42;35;0;33;31;55;54;58;59;52;61;69;65;62;63;0;No;No;No
7328;12;3;5;15;9;20;28;24;23;18;43;41;0;35;34;49;52;48;56;60;74;63;70;72;71;0;No;No;No
7329;5;6;1;7;8;28;23;21;18;26;35;31;0;41;37;55;49;58;46;54;70;63;69;72;66;0;No;No;No
7330;12;10;8;9;1;29;28;25;22;21;41;39;0;40;32;60;48;49;51;59;63;69;74;66;73;0;No;No;No
7331;11;6;1;8;10;27;16;17;28;20;43;36;0;39;31;49;53;57;48;55;64;68;69;71;66;0;No;No;No
7332;13;4;8;9;1;25;26;30;29;20;36;35;0;34;40;59;54;49;46;51;61;67;75;69;62;0;No;No;No
7333;9;11;2;12;8;26;25;19;29;23;38;35;0;41;39;57;58;52;47;56;72;73;67;66;62;0;No;No;No
7334;12;2;5;4;6;26;25;30;23;24;36;41;0;44;35;49;57;46;58;47;69;74;63;61;73;0;No;No;No
7335;4;9;2;7;14;30;27;21;20;16;35;44;0;36;34;51;47;55;46;52;71;62;63;67;66;0;No;No;No
7336;7;13;14;10;6;24;19;29;17;20;36;34;0;42;45;50;59;47;49;46;68;65;64;62;61;0;No;No;No
7337;4;11;1;6;12;18;19;22;20;26;34;38;0;36;43;46;52;56;53;54;61;70;73;71;74;0;No;No;No
7338;7;12;2;10;5;24;27;17;22;23;35;32;0;33;37;50;48;55;58;57;69;63;67;70;62;0;No;No;No
7339;14;8;5;4;2;22;18;19;30;24;41;33;0;31;37;53;48;47;56;54;66;65;71;68;74;0;No;No;No
7340;1;13;5;6;8;18;20;28;23;22;44;40;0;38;41;53;57;59;55;54;71;67;69;62;70;0;No;No;No
7341;3;2;6;8;15;29;20;22;23;21;38;31;0;45;42;57;48;55;60;54;66;62;73;71;67;0;No;No;No
7342;1;8;11;10;4;27;16;21;20;17;37;41;0;33;31;56;54;49;59;53;69;71;73;65;61;0;No;No;No
7343;9;2;4;11;1;19;16;21;24;29;37;41;0;34;45;52;50;48;49;58;66;73;65;62;68;0;No;No;No
7344;8;2;12;3;1;18;26;30;17;29;38;32;0;42;44;59;48;47;58;46;70;62;74;72;66;0;No;No;No
7345;14;3;13;12;4;23;20;16;27;29;38;33;0;39;31;53;60;55;48;57;68;69;63;62;61;0;No;No;No
7346;1;7;13;14;11;22;27;30;29;26;34;41;0;36;43;53;48;58;56;52;71;63;70;69;74;0;No;No;No
7347;6;5;10;3;9;25;26;16;17;22;36;42;0;40;33;52;51;58;48;46;64;68;70;63;75;0;No;No;No
7348;6;11;3;4;8;16;27;24;30;25;42;40;0;31;32;55;56;49;51;52;75;62;73;63;68;0;No;No;No
7349;13;3;7;11;10;17;24;29;26;22;44;34;0;33;40;51;46;52;56;53;61;69;72;74;71;0;No;No;No
7350;6;1;13;5;11;18;20;26;25;22;40;37;0;34;44;56;47;50;49;58;65;70;75;72;73;0;No;No;No
7351;14;6;10;7;8;19;16;27;18;26;37;39;0;43;36;55;53;56;47;50;63;74;65;67;69;0;No;No;No
7352;10;8;13;14;11;22;16;26;28;25;39;43;0;42;36;47;54;56;58;48;63;64;61;68;69;0;No;No;No
7353;5;12;13;2;1;25;21;24;23;18;34;40;0;43;38;54;53;57;49;59;75;69;66;71;73;0;No;No;No
7354;8;1;14;13;11;20;18;21;26;24;32;35;0;43;33;51;57;48;58;55;62;66;71;64;68;0;No;No;No
7355;6;11;5;8;4;23;29;22;24;20;38;31;0;33;35;59;53;47;51;56;74;71;63;72;68;0;No;No;No
7356;2;11;7;10;5;24;25;17;20;18;32;31;0;34;37;54;58;52;53;55;71;66;63;73;69;0;No;No;No
7357;5;3;9;8;12;28;26;20;21;19;31;41;0;40;44;46;52;49;54;53;68;72;63;71;65;0;No;No;No
7358;12;10;8;9;3;21;30;25;22;19;37;40;0;33;38;47;59;48;51;57;75;61;64;62;66;0;No;No;No
7359;6;7;4;15;13;28;21;24;29;17;41;36;0;39;42;47;58;51;54;60;67;68;74;62;71;0;No;No;No
7360;4;9;6;10;5;23;16;24;22;28;37;31;0;34;39;54;46;59;49;55;74;71;73;72;64;0;No;No;No
7361;1;13;8;11;5;29;24;16;23;21;39;34;0;45;36;46;54;52;57;58;65;66;74;62;71;0;No;No;No
7362;4;2;10;9;8;22;26;23;16;19;41;38;0;42;33;46;47;59;54;52;64;74;66;73;71;0;No;No;No
7363;9;2;14;12;4;20;18;21;27;16;38;31;0;32;43;54;47;56;57;58;68;67;72;62;64;0;No;No;No
7364;14;7;6;13;4;28;30;17;16;18;42;41;0;45;34;54;55;52;49;57;68;69;70;62;66;0;No;No;No
7365;3;6;4;7;12;22;24;20;16;26;31;40;0;38;32;57;53;58;52;51;71;62;66;74;61;0;No;No;No
7366;11;12;10;8;1;18;25;20;22;28;31;44;0;41;38;59;53;57;52;55;74;65;66;68;64;0;No;No;No
7367;12;8;4;2;11;23;24;25;21;29;41;43;0;32;40;57;59;51;48;46;65;71;63;68;75;0;No;No;No
7368;2;8;4;6;5;17;25;26;22;20;33;32;0;43;40;58;48;47;59;53;67;61;70;63;64;0;No;No;No
7369;9;8;3;10;14;26;25;24;20;16;40;41;0;44;38;51;54;48;53;57;64;67;65;75;70;0;No;No;No
7370;12;9;13;1;2;20;26;17;22;19;38;32;0;43;37;52;56;55;49;50;73;71;70;69;65;0;No;No;No
7371;7;2;12;5;11;28;27;25;19;21;37;31;0;41;43;56;49;53;57;48;70;68;62;71;65;0;No;No;No
7372;10;12;8;1;5;23;20;18;16;27;37;45;0;44;38;46;49;53;56;54;67;72;69;66;65;0;No;No;No
7373;15;6;4;10;2;27;21;18;19;24;40;31;0;37;35;48;56;54;55;49;61;63;69;71;70;0;No;No;No
7374;9;1;8;11;10;16;23;29;28;21;38;32;0;43;36;47;46;53;52;50;72;74;75;69;70;0;No;No;No
7375;7;1;3;6;2;20;19;27;18;16;32;31;0;34;37;51;52;47;60;50;63;65;67;74;64;0;No;No;No
7376;12;13;5;3;11;30;24;19;23;17;39;31;0;33;45;47;53;60;59;49;69;62;63;75;65;0;No;No;No
7377;3;8;10;15;4;29;27;20;24;23;34;31;0;37;40;56;51;46;50;48;73;64;71;69;63;0;No;No;No
7378;4;5;12;8;6;30;20;28;21;26;44;45;0;37;40;55;53;58;49;52;71;70;69;68;61;0;No;No;No
7379;4;8;2;12;3;17;20;18;19;22;31;40;0;44;35;50;51;49;54;47;69;66;72;64;74;0;No;No;No
7380;2;15;5;7;6;20;19;27;28;17;31;42;0;33;37;54;50;60;53;49;67;69;65;70;63;0;No;No;No
7381;9;4;6;8;5;21;19;24;23;26;33;40;0;41;37;48;49;58;60;59;69;72;75;66;73;0;No;No;No
7382;5;15;8;9;6;20;23;24;26;17;34;33;0;43;35;46;48;47;57;59;66;63;68;61;62;0;No;No;No
7383;5;9;1;14;7;21;16;19;25;20;43;31;0;39;37;59;51;53;55;48;69;75;63;66;74;0;No;No;No
7384;11;8;9;5;6;16;28;23;30;18;35;42;0;37;41;47;48;59;54;55;64;74;71;68;72;0;No;No;No
7385;13;1;12;7;14;25;23;30;22;21;35;31;0;38;37;49;48;47;55;54;62;64;72;63;69;0;No;No;No
7386;10;15;7;4;3;28;23;16;26;27;33;40;0;43;32;56;47;46;51;57;63;65;61;70;67;0;No;No;No
7387;4;11;7;9;10;17;16;24;28;27;41;43;0;35;36;58;47;53;55;50;65;66;64;69;72;0;No;No;No
7388;7;14;12;9;15;20;26;24;29;25;34;37;0;32;31;51;48;55;60;49;70;68;69;64;63;0;No;No;No
7389;12;14;5;4;10;16;19;27;25;26;44;38;0;41;36;54;53;50;51;49;63;73;62;71;70;0;No;No;No
7390;8;4;14;3;12;20;26;21;19;28;33;42;0;34;44;54;53;58;47;46;74;68;61;69;73;0;No;No;No
7391;14;2;11;1;7;22;26;21;28;25;31;44;0;40;33;50;59;55;54;58;64;72;74;73;68;0;No;No;No
7392;15;12;11;13;5;16;29;23;27;28;40;34;0;43;44;52;57;46;50;55;73;67;71;66;72;0;No;No;No
7393;14;12;4;5;1;21;29;24;20;27;31;41;0;43;44;46;53;55;47;51;70;73;62;64;74;0;No;No;No
7394;8;15;5;14;4;21;17;18;29;30;44;43;0;42;32;59;48;54;53;55;66;62;74;71;65;0;No;No;No
7395;11;6;4;13;8;16;22;24;29;21;44;38;0;32;43;59;46;50;56;49;61;74;73;69;63;0;No;No;No
7396;14;3;8;9;11;23;21;22;16;17;43;40;0;42;36;47;58;53;52;59;70;74;67;75;61;0;No;No;No
7397;10;8;11;5;14;20;26;23;24;27;38;42;0;45;40;51;47;59;54;52;68;67;66;64;69;0;No;No;No
7398;3;9;5;1;2;23;22;28;21;26;37;42;0;41;40;52;48;49;47;56;65;64;68;63;61;0;No;No;No
7399;1;6;7;4;3;20;17;29;21;24;34;43;0;38;42;58;60;48;50;56;65;73;68;72;75;0;No;No;No
7400;4;12;5;7;9;19;23;26;22;24;42;43;0;39;34;49;54;56;53;59;74;70;65;71;72;0;No;No;No
7401;1;7;5;11;6;19;26;18;27;29;31;34;0;41;43;50;53;55;58;51;66;71;62;61;73;0;No;No;No
7402;3;7;13;5;14;16;27;21;20;29;34;37;0;44;38;47;46;56;53;50;71;75;61;67;69;0;No;No;No
7403;11;10;13;4;6;17;18;21;26;19;35;31;0;33;38;56;50;59;52;57;70;67;63;73;75;0;No;No;No
7404;12;13;8;4;10;26;29;24;22;21;38;33;0;31;40;59;47;46;57;55;64;66;69;70;67;0;No;No;No
7405;9;12;8;5;14;26;20;23;21;16;44;41;0;40;32;54;53;58;47;46;75;71;63;73;68;0;No;No;No
7406;13;2;7;9;6;28;18;20;27;23;41;44;0;37;43;54;58;47;50;51;65;73;68;69;62;0;No;No;No
7407;12;5;3;6;7;29;25;18;22;26;41;37;0;43;44;54;51;56;50;49;62;69;64;63;68;0;No;No;No
7408;10;14;7;12;8;17;16;30;21;25;35;36;0;40;42;57;54;51;46;58;64;73;63;72;68;0;No;No;No
7409;4;5;11;6;8;20;27;24;25;18;38;44;0;45;33;53;46;52;54;55;73;72;71;74;63;0;No;No;No
7410;8;13;5;12;6;19;29;25;26;27;41;38;0;44;37;49;52;50;56;55;63;72;71;73;65;0;No;No;No
7411;6;2;8;10;11;21;18;27;20;29;44;40;0;34;43;49;57;51;58;59;73;74;66;63;61;0;No;No;No
7412;8;6;15;2;14;26;29;17;16;24;44;42;0;41;32;46;47;52;53;51;62;74;61;70;68;0;No;No;No
7413;3;13;4;11;9;16;17;23;27;29;44;42;0;41;40;51;57;58;56;49;74;72;69;61;62;0;No;No;No
7414;3;9;7;5;1;21;28;29;19;25;35;36;0;43;45;46;54;53;48;59;62;65;74;66;73;0;No;No;No
7415;6;10;8;12;9;23;21;16;29;19;41;43;0;34;37;51;58;55;46;48;68;74;63;62;61;0;No;No;No
7416;12;4;11;7;8;25;29;26;24;27;38;35;0;41;34;60;50;52;51;46;71;64;65;68;66;0;No;No;No
7417;11;1;12;13;14;19;25;27;17;20;42;38;0;33;43;46;47;53;49;60;63;62;71;68;67;0;No;No;No
7418;3;14;8;10;12;27;24;28;19;23;31;39;0;36;37;53;52;49;48;46;65;71;70;66;64;0;No;No;No
7419;10;3;11;13;8;21;28;23;27;26;44;39;0;36;32;55;54;59;57;58;61;66;63;70;62;0;No;No;No
7420;9;15;14;7;10;24;30;16;27;28;33;32;0;37;35;49;59;58;46;55;63;66;65;71;68;0;No;No;No
7421;2;6;8;3;4;24;23;22;28;21;37;44;0;38;36;60;46;52;49;51;64;74;73;75;66;0;No;No;No
7422;3;5;4;8;7;23;26;20;28;17;41;37;0;40;38;55;59;53;52;48;61;65;71;74;72;0;No;No;No
7423;14;3;10;12;11;28;25;21;19;26;44;31;0;34;41;58;48;54;55;56;71;68;73;74;66;0;No;No;No
7424;2;8;15;13;14;25;28;26;24;23;38;43;0;35;36;53;60;58;55;47;74;72;64;62;63;0;No;No;No
7425;9;6;11;2;8;23;25;29;26;27;41;32;0;44;45;56;48;46;57;58;65;73;63;67;66;0;No;No;No
7426;14;4;2;8;6;17;27;24;28;21;39;35;0;34;40;50;51;48;53;46;74;67;73;70;63;0;No;No;No
7427;5;1;2;13;7;28;19;20;17;16;32;36;0;39;33;51;55;58;53;60;65;61;68;72;74;0;No;No;No
7428;6;9;5;1;3;29;19;28;17;22;42;37;0;43;31;52;53;51;50;46;71;69;65;67;64;0;No;No;No
7429;11;6;13;4;8;25;26;23;17;16;35;43;0;38;41;60;52;55;47;58;69;68;70;73;65;0;No;No;No
7430;8;2;5;12;11;28;29;19;22;24;39;37;0;31;33;51;52;56;53;46;63;65;68;70;61;0;No;No;No
7431;6;8;13;3;7;26;27;19;17;18;34;32;0;43;39;52;59;49;58;51;73;61;74;69;62;0;No;No;No
7432;12;10;15;13;8;16;24;27;23;25;33;36;0;31;34;52;55;54;51;49;66;74;70;73;64;0;No;No;No
7433;9;15;3;5;12;27;23;24;17;18;43;35;0;33;44;55;54;58;60;52;70;71;64;63;69;0;No;No;No
7434;14;2;13;15;11;25;22;23;18;26;43;45;0;36;37;54;49;52;56;51;72;66;61;68;67;0;No;No;No
7435;10;9;8;4;14;23;21;18;16;28;31;35;0;36;43;48;46;59;47;58;74;68;72;70;73;0;No;No;No
7436;3;7;1;11;15;24;18;26;27;20;42;32;0;31;37;52;51;50;48;57;64;75;68;62;63;0;No;No;No
7437;8;7;4;12;5;28;17;22;18;16;45;32;0;33;39;59;54;56;46;58;65;74;72;69;67;0;No;No;No
7438;14;9;10;3;15;29;23;21;20;28;44;42;0;38;41;58;57;52;49;54;69;73;74;61;66;0;No;No;No
7439;6;1;8;4;13;23;27;21;25;29;44;33;0;42;40;50;59;57;47;52;64;62;70;67;65;0;No;No;No
7440;8;7;14;3;12;19;27;18;21;25;39;31;0;45;34;47;50;57;54;55;66;69;63;64;68;0;No;No;No
7441;9;3;10;5;2;16;22;29;25;20;41;38;0;37;40;54;49;59;55;51;63;65;70;68;71;0;No;No;No
7442;14;13;12;9;1;25;18;29;26;27;41;33;0;36;31;46;52;47;59;51;64;62;67;63;70;0;No;No;No
7443;6;8;3;7;11;24;27;21;16;17;32;42;0;35;34;55;48;60;59;46;73;66;62;63;70;0;No;No;No
7444;13;8;5;2;6;25;21;29;19;20;37;32;0;42;38;48;47;51;56;57;63;72;71;67;73;0;No;No;No
7445;1;9;3;10;2;21;24;19;29;28;35;39;0;40;36;56;48;59;46;54;68;62;67;61;63;0;No;No;No
7446;8;3;7;13;12;24;26;30;19;29;39;37;0;42;43;60;58;46;50;47;66;70;71;65;75;0;No;No;No
7447;13;12;8;7;15;20;21;23;27;24;36;44;0;42;40;53;55;56;49;51;65;61;62;69;75;0;No;No;No
7448;11;9;5;14;8;23;27;18;28;29;31;35;0;42;38;56;48;47;51;53;67;64;71;70;75;0;No;No;No
7449;9;11;14;2;13;22;30;19;25;21;42;33;0;40;37;57;58;56;49;47;65;66;71;75;72;0;No;No;No
7450;8;14;1;3;13;16;25;27;19;26;32;42;0;36;37;51;47;46;58;56;70;64;69;68;62;0;No;No;No
7451;1;9;6;3;10;24;29;17;16;18;34;31;0;35;41;54;53;47;52;48;63;70;73;69;74;0;No;No;No
7452;12;8;3;7;2;25;22;18;17;23;43;42;0;31;44;49;57;47;48;50;68;66;63;64;73;0;No;No;No
7453;4;10;11;2;7;24;29;26;30;25;35;44;0;33;37;60;57;48;58;55;66;71;61;72;62;0;No;No;No
7454;4;1;6;7;12;19;21;26;24;18;41;32;0;36;35;52;46;48;53;58;70;64;72;69;63;0;No;No;No
7455;11;12;13;3;5;27;22;18;25;29;41;43;0;40;38;57;58;48;54;51;65;61;67;66;72;0;No;No;No
7456;5;6;12;10;1;17;20;26;21;18;32;45;0;38;37;46;57;50;51;48;66;74;62;64;63;0;No;No;No
7457;4;2;8;9;14;27;28;18;19;22;39;37;0;38;33;46;52;47;57;48;62;72;61;63;66;0;No;No;No
7458;5;2;6;14;11;29;23;22;26;27;40;45;0;31;32;51;57;49;50;58;63;68;73;72;67;0;No;No;No
7459;6;7;4;12;3;21;20;28;19;16;35;45;0;40;33;56;58;54;52;50;71;67;65;61;66;0;No;No;No
7460;13;11;4;9;14;16;26;18;24;25;43;31;0;40;39;57;54;55;59;52;70;67;74;61;62;0;No;No;No
7461;6;4;11;2;13;18;29;16;27;19;42;35;0;40;36;52;56;49;57;51;74;69;65;75;64;0;No;No;No
7462;5;10;2;15;13;30;25;27;28;24;37;39;0;36;38;48;46;59;53;50;64;62;68;72;73;0;No;No;No
7463;4;13;10;7;8;19;21;27;24;23;36;39;0;41;32;51;58;54;47;56;71;63;73;70;66;0;No;No;No
7464;6;12;11;10;1;17;30;28;23;25;35;37;0;33;36;49;46;50;55;58;67;61;74;70;69;0;No;No;No
7465;8;14;9;2;7;22;16;26;23;18;41;36;0;32;44;47;55;50;46;59;70;66;74;67;68;0;No;No;No
7466;4;9;11;7;2;24;26;30;20;29;36;41;0;42;39;59;57;52;46;51;71;72;63;65;74;0;No;No;No
7467;3;5;12;6;2;17;21;18;25;23;33;34;0;32;35;58;55;59;54;51;69;72;74;66;65;0;No;No;No
7468;6;1;4;7;13;29;26;23;28;16;42;34;0;37;36;52;56;51;55;57;71;70;61;74;63;0;No;No;No
7469;6;9;4;13;7;30;16;17;25;29;41;36;0;37;38;56;47;50;46;55;71;61;74;70;65;0;No;No;No
7470;9;2;5;1;7;27;17;29;24;26;45;40;0;44;32;47;57;54;59;48;72;64;61;73;71;0;No;No;No
7471;9;2;11;5;14;28;17;25;18;22;34;40;0;35;44;47;59;48;56;57;70;66;62;72;67;0;No;No;No
7472;10;9;14;3;5;27;28;30;24;26;40;37;0;33;31;47;57;58;56;50;63;73;66;65;64;0;No;No;No
7473;12;1;10;8;4;29;28;17;26;24;35;44;0;33;34;55;60;50;47;49;69;61;67;71;64;0;No;No;No
7474;15;12;9;3;10;24;20;27;18;25;43;42;0;39;38;50;59;58;55;53;75;64;67;74;65;0;No;No;No
7475;12;9;5;15;8;25;18;19;22;28;32;34;0;36;39;54;48;55;49;56;65;63;62;71;68;0;No;No;No
7476;7;11;15;2;5;24;25;16;17;23;38;41;0;43;35;52;49;58;59;54;65;66;74;75;70;0;No;No;No
7477;14;12;7;8;13;24;28;17;20;16;38;45;0;44;43;56;52;53;54;57;65;67;68;62;64;0;No;No;No
7478;5;6;7;13;3;24;20;21;17;27;42;40;0;37;31;55;46;47;53;50;65;62;64;66;69;0;No;No;No
7479;11;7;4;1;12;23;27;17;19;30;32;41;0;44;37;58;51;56;47;50;71;62;67;70;64;0;No;No;No
7480;6;1;8;14;2;26;21;29;17;19;41;37;0;43;44;56;48;59;52;54;72;66;69;62;74;0;No;No;No
7481;13;2;14;8;9;27;22;20;18;26;36;39;0;40;31;51;47;46;52;54;71;66;69;68;74;0;No;No;No
7482;4;12;8;7;5;18;23;24;22;19;43;33;0;35;40;52;53;56;49;46;75;71;70;72;69;0;No;No;No
7483;14;7;4;10;15;22;16;24;30;18;37;39;0;33;44;51;49;53;56;55;61;73;66;63;74;0;No;No;No
7484;9;4;7;14;5;18;30;29;27;25;42;43;0;45;35;58;57;49;47;54;62;69;64;71;72;0;No;No;No
7485;3;12;10;4;5;16;25;27;24;23;34;41;0;44;37;58;59;51;47;54;73;64;62;74;66;0;No;No;No
7486;9;7;2;14;12;16;29;19;18;28;32;45;0;38;36;49;57;51;54;58;63;68;73;65;74;0;No;No;No
7487;8;10;13;6;1;28;21;27;17;30;43;45;0;33;44;46;54;50;59;58;70;69;68;61;66;0;No;No;No
7488;11;3;5;2;10;26;17;28;27;16;35;33;0;31;44;60;48;52;50;53;73;64;65;69;62;0;No;No;No
7489;14;15;6;13;10;24;17;19;28;27;42;37;0;32;34;47;56;51;60;46;64;66;68;63;74;0;No;No;No
7490;14;10;11;6;13;25;27;22;20;30;31;45;0;38;32;47;54;58;55;48;61;69;71;68;64;0;No;No;No
7491;12;14;8;5;10;30;29;25;27;21;37;41;0;44;34;47;52;48;58;53;62;70;71;72;65;0;No;No;No
7492;6;14;3;4;1;17;28;22;24;30;36;37;0;33;31;57;55;47;52;50;71;74;64;67;61;0;No;No;No
7493;12;10;6;14;7;25;28;29;27;21;43;31;0;36;45;57;54;58;47;50;63;65;72;69;66;0;No;No;No
7494;2;12;10;7;14;24;29;25;16;26;45;42;0;32;40;48;52;56;49;59;64;70;68;73;71;0;No;No;No
7495;14;6;2;8;3;17;26;23;29;21;40;36;0;32;39;47;60;53;55;54;61;68;64;65;75;0;No;No;No
7496;9;15;2;10;11;18;29;17;27;19;32;40;0;43;38;47;58;54;59;57;65;67;69;64;66;0;No;No;No
7497;7;5;10;1;12;18;23;26;29;25;42;32;0;35;36;59;47;53;48;52;67;75;71;72;65;0;No;No;No
7498;1;4;5;10;15;17;30;28;23;16;31;39;0;40;32;56;46;47;50;49;72;68;64;66;63;0;No;No;No
7499;2;1;5;11;12;21;24;26;29;20;39;43;0;36;32;46;51;59;48;54;66;71;61;69;63;0;No;No;No
7500;3;5;4;8;9;28;21;23;30;27;40;42;0;33;35;55;49;46;53;51;71;62;72;67;68;0;No;No;No
7501;14;4;9;10;5;25;27;20;22;18;31;32;0;43;35;48;50;52;58;47;65;73;70;72;67;0;No;No;No
7502;6;11;14;12;9;30;18;23;29;21;45;37;0;35;40;47;46;52;55;53;64;71;62;70;68;0;No;No;No
7503;6;9;12;3;2;17;24;21;29;18;33;35;0;40;34;48;47;59;50;53;61;69;72;66;68;0;No;No;No
7504;10;4;1;9;5;20;16;21;25;17;35;44;0;34;45;59;49;56;48;51;72;70;63;68;71;0;No;No;No
7505;3;11;10;5;12;27;26;29;16;25;38;43;0;32;34;51;59;52;54;58;67;61;62;66;65;0;No;No;No
7506;1;11;2;5;9;19;26;17;23;27;32;43;0;35;33;59;50;49;58;54;72;66;65;73;71;0;No;No;No
7507;15;1;9;11;12;20;17;27;24;26;41;40;0;34;36;51;53;58;47;46;65;71;72;75;74;0;No;No;No
7508;12;4;2;9;7;18;24;26;17;22;36;32;0;35;34;54;46;47;55;58;75;71;74;62;72;0;No;No;No
7509;14;11;1;10;6;19;17;27;26;18;41;40;0;45;44;54;55;59;57;46;66;73;64;74;61;0;No;No;No
7510;1;9;11;2;10;16;17;19;22;23;41;34;0;43;32;47;51;46;54;59;68;71;70;66;64;0;No;No;No
7511;6;9;2;3;5;19;28;27;23;22;43;36;0;34;38;55;58;54;48;49;71;65;75;66;64;0;No;No;No
7512;7;1;13;10;2;20;19;17;18;21;36;41;0;31;39;47;53;48;51;60;65;69;63;62;68;0;No;No;No
7513;13;12;3;8;14;19;27;21;29;17;37;35;0;36;34;56;53;48;59;58;64;73;69;68;75;0;No;No;No
7514;12;8;9;1;14;19;24;28;16;18;33;34;0;32;31;52;46;53;47;49;75;74;69;66;73;0;No;No;No
7515;4;8;13;12;14;27;16;25;22;23;34;44;0;35;42;50;49;52;56;54;69;74;65;71;63;0;No;No;No
7516;6;10;8;2;5;29;20;28;27;25;40;45;0;37;42;55;53;59;57;58;61;70;68;73;71;0;No;No;No
7517;13;12;6;7;3;21;28;30;17;23;40;43;0;36;32;54;59;50;55;51;70;71;69;65;64;0;No;No;No
7518;11;7;4;6;5;18;27;24;28;17;34;33;0;38;42;56;58;46;48;53;70;68;75;67;66;0;No;No;No
7519;7;3;6;9;12;23;19;26;18;17;36;40;0;31;35;53;49;50;55;57;74;66;70;68;71;0;No;No;No
7520;14;11;7;4;13;28;22;21;26;30;39;40;0;34;32;58;48;49;46;57;72;61;68;74;66;0;No;No;No
7521;5;14;13;3;12;18;25;16;20;27;35;31;0;44;40;48;53;47;50;55;71;67;69;68;62;0;No;No;No
7522;2;11;15;6;8;25;29;23;26;19;32;44;0;31;35;57;50;52;56;59;68;72;74;69;62;0;No;No;No
7523;2;1;5;8;15;29;20;28;17;24;43;33;0;31;40;50;47;49;55;53;65;71;74;68;61;0;No;No;No
7524;9;14;13;15;7;17;20;24;29;18;42;45;0;40;33;58;49;48;54;51;66;62;61;65;68;0;No;No;No
7525;13;2;8;3;6;21;26;22;17;19;33;35;0;42;32;56;47;55;52;58;71;69;73;67;66;0;No;No;No
7526;14;11;7;9;2;17;18;24;29;19;38;41;0;40;44;59;57;60;46;48;64;65;68;72;62;0;No;No;No
7527;9;7;2;3;5;25;23;28;19;27;42;38;0;34;36;50;54;51;47;49;73;71;68;70;66;0;No;No;No
7528;5;10;7;8;9;21;28;17;22;27;39;34;0;45;42;52;55;56;47;48;62;61;72;69;67;0;No;No;No
7529;8;13;5;7;3;22;20;29;27;25;31;44;0;43;40;53;49;55;47;59;61;68;66;70;69;0;No;No;No
7530;5;3;15;1;8;21;16;28;20;27;32;31;0;41;44;59;50;58;47;52;75;66;71;73;70;0;No;No;No
7531;1;8;10;3;7;28;20;18;30;22;43;44;0;36;31;57;50;54;52;56;66;69;67;68;61;0;No;No;No
7532;13;4;11;7;9;25;20;30;29;28;34;42;0;41;35;60;50;56;53;47;72;65;66;75;69;0;No;No;No
7533;8;6;5;14;13;23;17;29;16;20;32;42;0;40;45;46;56;51;50;57;61;66;71;65;67;0;No;No;No
7534;1;4;2;7;15;30;16;22;19;26;34;33;0;36;44;57;58;56;46;47;68;66;70;61;67;0;No;No;No
7535;6;5;4;11;3;18;22;21;26;25;42;38;0;33;40;54;47;59;52;51;64;69;73;72;75;0;No;No;No
7536;2;15;13;5;3;25;23;22;24;27;40;42;0;31;33;55;48;54;59;52;62;70;64;67;61;0;No;No;No
7537;8;14;11;2;3;19;28;23;18;27;35;33;0;37;32;60;58;50;52;47;67;69;64;66;72;0;No;No;No
7538;6;3;2;10;7;28;27;26;24;30;37;32;0;45;33;49;56;48;53;47;73;69;64;62;61;0;No;No;No
7539;6;7;13;2;1;20;21;22;24;27;35;44;0;40;31;54;48;55;51;50;62;61;65;64;70;0;No;No;No
7540;3;9;11;6;2;23;18;22;29;19;36;37;0;40;31;48;49;53;46;58;72;67;64;70;69;0;No;No;No
7541;6;11;9;2;5;18;20;16;21;23;42;32;0;36;40;56;54;46;49;59;67;61;74;70;71;0;No;No;No
7542;5;7;2;11;8;21;22;18;17;23;38;44;0;32;40;57;46;51;52;56;74;73;72;71;63;0;No;No;No
7543;5;12;13;7;9;23;17;25;24;18;33;44;0;34;40;56;58;47;52;55;62;65;68;72;73;0;No;No;No
7544;5;10;13;8;3;20;18;16;26;22;37;38;0;43;44;46;60;51;52;54;69;71;63;73;68;0;No;No;No
7545;4;8;15;14;3;20;19;21;29;22;33;34;0;43;42;51;57;55;46;56;74;70;72;69;65;0;No;No;No
7546;3;15;2;11;13;26;22;16;28;23;35;32;0;36;38;46;52;47;53;55;65;70;71;64;63;0;No;No;No
7547;7;5;4;13;1;26;29;24;27;16;43;35;0;37;36;60;47;57;48;49;64;69;63;67;71;0;No;No;No
7548;3;15;1;4;10;24;19;28;30;25;34;33;0;35;39;60;56;46;51;50;66;65;64;72;74;0;No;No;No
7549;8;4;2;13;1;16;19;24;29;22;44;36;0;42;40;48;50;58;52;56;63;67;73;69;75;0;No;No;No
7550;1;12;7;10;3;17;21;24;29;27;31;33;0;36;38;57;52;60;55;48;62;73;65;69;63;0;No;No;No
7551;9;13;4;8;6;26;18;28;27;29;37;35;0;44;38;55;60;46;54;49;63;64;75;74;68;0;No;No;No
7552;10;11;13;7;12;17;29;16;21;22;41;31;0;43;45;52;53;46;59;56;68;62;73;64;71;0;No;No;No
7553;9;5;4;7;2;21;24;28;22;17;35;42;0;33;38;50;48;47;58;51;74;67;70;69;66;0;No;No;No
7554;4;7;2;1;12;24;20;22;18;25;43;34;0;42;38;46;60;58;53;48;65;71;74;72;66;0;No;No;No
7555;5;7;10;3;1;27;19;29;24;26;38;41;0;34;32;50;52;54;46;56;69;63;67;74;71;0;No;No;No
7556;10;11;7;14;1;19;26;23;16;24;41;34;0;42;40;51;54;46;57;58;68;75;73;65;66;0;No;No;No
7557;10;12;14;1;4;27;21;17;26;25;42;43;0;34;37;60;55;53;51;47;71;63;69;66;74;0;No;No;No
7558;3;5;12;11;10;28;26;17;29;22;40;35;0;34;39;56;51;49;59;48;63;72;74;66;68;0;No;No;No
7559;9;15;13;12;2;26;16;23;25;18;43;39;0;44;36;46;49;58;47;48;65;72;74;67;71;0;No;No;No
7560;3;11;8;13;2;25;18;27;20;26;34;32;0;40;36;52;56;57;47;54;73;65;66;64;69;0;No;No;No
7561;15;4;14;12;3;22;29;26;28;23;42;41;0;40;34;58;47;54;50;56;69;72;66;70;73;0;No;No;No
7562;7;2;6;10;3;27;24;20;19;28;42;35;0;34;41;48;50;49;57;56;69;70;63;75;71;0;No;No;No
7563;10;11;14;8;3;22;27;18;24;26;42;43;0;31;36;56;46;55;51;53;73;68;64;62;66;0;No;No;No
7564;14;10;1;12;5;18;30;20;19;22;40;31;0;32;37;48;47;53;56;59;65;70;68;75;64;0;No;No;No
7565;10;1;15;14;5;22;18;16;21;19;34;38;0;37;31;60;53;48;51;46;64;70;72;69;68;0;No;No;No
7566;11;5;1;4;9;29;22;20;23;19;34;42;0;36;41;46;50;48;57;54;64;61;72;66;65;0;No;No;No
7567;1;3;9;8;5;26;27;21;16;24;33;31;0;37;38;51;60;48;50;54;71;64;63;68;65;0;No;No;No
7568;14;3;6;11;12;16;24;29;21;30;42;32;0;31;40;47;52;55;57;59;66;68;70;64;74;0;No;No;No
7569;7;4;10;8;2;28;22;27;26;19;37;43;0;40;39;57;47;53;51;58;72;62;74;65;70;0;No;No;No
7570;6;13;1;10;8;25;27;30;29;19;33;38;0;36;40;48;58;57;53;49;65;75;74;73;66;0;No;No;No
7571;12;2;5;14;7;20;25;21;26;27;37;38;0;39;32;51;46;52;50;47;73;69;61;71;66;0;No;No;No
7572;6;5;10;15;4;27;19;16;20;21;44;40;0;41;32;47;49;54;55;51;63;66;75;74;67;0;No;No;No
7573;13;2;9;11;3;28;20;27;25;21;43;44;0;36;45;55;56;46;49;57;67;71;73;64;68;0;No;No;No
7574;2;4;5;3;1;22;27;16;17;18;32;36;0;38;40;50;51;59;52;56;66;74;69;70;73;0;No;No;No
7575;1;2;5;3;14;17;23;26;25;18;36;42;0;40;38;53;54;59;57;58;62;64;70;73;72;0;No;No;No
7576;10;13;8;15;6;27;28;26;16;25;41;39;0;33;44;49;50;51;52;55;70;64;63;68;65;0;No;No;No
7577;1;3;6;14;11;17;22;26;29;19;44;39;0;33;41;55;47;46;49;58;68;74;62;72;70;0;No;No;No
7578;14;5;10;7;11;16;25;21;24;17;44;42;0;35;40;48;50;56;54;46;69;62;71;65;73;0;No;No;No
7579;11;7;5;10;3;18;19;29;17;20;42;31;0;35;43;51;52;57;47;50;73;72;61;63;68;0;No;No;No
7580;12;11;2;8;4;17;25;22;16;19;38;34;0;40;44;46;59;54;56;48;70;62;73;63;65;0;No;No;No
7581;4;8;14;2;1;20;21;22;16;23;32;36;0;39;41;53;50;49;54;55;64;71;70;67;63;0;No;No;No
7582;10;13;14;12;5;20;29;27;16;25;31;43;0;45;34;47;46;51;48;58;65;71;62;69;73;0;No;No;No
7583;6;12;14;2;13;25;23;27;22;17;34;39;0;36;43;50;48;51;58;46;72;64;67;71;70;0;No;No;No
7584;15;5;2;4;8;28;21;29;26;17;40;39;0;35;32;53;50;52;58;59;61;74;72;75;68;0;No;No;No
7585;9;7;3;13;12;19;27;23;16;25;35;42;0;31;44;48;51;60;56;55;73;61;69;63;62;0;No;No;No
7586;5;3;6;8;4;17;27;20;25;24;35;42;0;34;32;59;54;47;52;60;69;64;67;61;62;0;No;No;No
7587;3;7;14;13;4;26;29;27;20;25;43;31;0;44;36;55;58;53;52;51;69;61;67;65;74;0;No;No;No
7588;12;10;8;9;1;19;24;22;29;26;35;36;0;37;44;51;52;54;55;58;74;71;67;68;65;0;No;No;No
7589;8;6;3;14;9;28;16;25;22;21;39;33;0;36;45;59;48;55;53;50;61;71;75;67;63;0;No;No;No
7590;10;2;12;13;9;23;20;19;18;25;37;39;0;44;32;54;49;47;55;51;68;72;75;71;70;0;No;No;No
7591;5;3;8;2;11;25;29;26;16;18;32;39;0;37;42;49;51;50;55;46;61;68;71;73;67;0;No;No;No
7592;8;2;13;10;12;19;30;21;28;25;35;36;0;32;31;47;50;55;54;48;70;74;68;62;64;0;No;No;No
7593;3;6;9;5;14;24;23;28;21;16;34;33;0;36;43;60;46;56;48;53;67;70;68;62;64;0;No;No;No
7594;10;12;4;13;6;24;29;17;25;18;35;31;0;39;44;51;52;55;50;57;73;61;62;71;72;0;No;No;No
7595;2;13;5;11;9;18;28;24;29;16;36;40;0;37;33;52;49;48;57;56;68;70;74;66;73;0;No;No;No
7596;1;8;3;2;13;18;29;28;26;19;40;39;0;45;32;49;47;48;51;56;70;67;62;63;73;0;No;No;No
7597;3;8;6;9;14;28;18;25;21;29;40;39;0;35;33;48;56;57;54;58;65;71;63;68;64;0;No;No;No
7598;7;4;13;14;1;27;28;23;26;18;44;36;0;37;40;50;51;58;46;47;63;64;70;67;71;0;No;No;No
7599;13;2;6;1;8;25;26;16;19;21;35;33;0;37;38;46;55;57;54;50;73;72;69;68;63;0;No;No;No
7600;1;8;7;12;10;22;26;20;16;21;35;43;0;32;40;58;51;48;56;55;62;66;61;64;71;0;No;No;No
7601;5;10;13;11;2;19;25;17;28;29;44;42;0;31;39;58;47;46;48;50;67;69;74;62;72;0;No;No;No
7602;4;3;8;9;14;23;27;28;21;26;34;39;0;32;36;47;58;56;59;50;72;62;68;70;61;0;No;No;No
7603;12;14;1;9;8;24;29;21;16;23;41;33;0;39;36;55;54;49;58;50;63;72;73;70;65;0;No;No;No
7604;4;12;8;6;13;18;20;16;25;19;36;43;0;31;44;47;46;51;49;59;63;73;64;68;70;0;No;No;No
7605;7;2;1;4;14;26;22;29;16;19;33;42;0;37;34;55;48;46;57;51;62;68;64;71;75;0;No;No;No
7606;12;9;5;6;13;24;27;20;16;26;36;34;0;45;44;49;50;59;54;53;69;68;72;62;75;0;No;No;No
7607;2;6;10;9;4;22;18;26;19;24;35;40;0;36;39;57;47;46;55;56;69;73;67;66;72;0;No;No;No
7608;11;9;14;1;10;16;29;21;30;27;39;43;0;40;32;49;50;47;59;57;73;62;71;63;69;0;No;No;No
7609;10;9;3;6;12;23;20;28;27;17;32;33;0;45;39;47;51;57;59;55;71;74;65;61;75;0;No;No;No
7610;12;7;1;8;2;26;22;19;25;23;36;44;0;34;32;52;59;48;58;50;73;67;61;74;66;0;No;No;No
7611;9;13;2;7;11;20;28;17;29;18;35;39;0;32;40;49;58;59;47;52;65;69;61;63;67;0;No;No;No
7612;13;10;1;14;2;23;19;24;29;26;40;37;0;43;41;54;51;58;56;48;68;72;65;66;63;0;No;No;No
7613;6;5;10;12;11;18;22;20;19;25;32;42;0;33;40;53;56;54;49;46;61;72;62;69;66;0;No;No;No
7614;9;1;8;11;4;22;25;19;30;18;44;38;0;42;34;46;50;47;55;60;62;67;73;70;72;0;No;No;No
7615;9;7;11;8;12;20;17;18;24;21;33;32;0;43;39;60;52;56;48;57;74;72;70;66;71;0;No;No;No
7616;4;13;1;14;5;25;20;24;21;26;43;41;0;35;31;46;49;59;50;58;70;61;64;71;68;0;No;No;No
7617;1;2;12;3;8;27;30;23;17;21;39;31;0;36;32;56;60;49;51;46;61;66;72;64;67;0;No;No;No
7618;1;9;14;12;2;30;18;22;29;21;32;40;0;31;45;56;57;53;58;54;72;64;75;67;69;0;No;No;No
7619;8;9;7;3;1;18;16;20;26;17;35;38;0;36;31;57;58;50;56;46;66;62;65;67;69;0;No;No;No
7620;5;12;10;3;2;26;20;27;21;23;39;35;0;31;44;57;60;52;53;46;62;63;61;66;73;0;No;No;No
7621;1;8;11;10;2;22;16;24;19;25;39;31;0;42;40;48;55;51;57;58;61;70;62;68;64;0;No;No;No
7622;14;8;12;9;2;20;23;27;30;19;37;43;0;36;40;48;49;58;52;47;65;71;64;67;61;0;No;No;No
7623;7;9;10;14;3;23;19;26;20;27;35;36;0;40;43;55;58;47;51;46;69;65;61;63;64;0;No;No;No
7624;1;14;10;4;7;17;20;21;16;29;36;44;0;42;37;57;50;53;59;60;71;65;67;63;64;0;No;No;No
7625;8;13;6;5;10;22;19;18;26;20;38;32;0;34;39;53;50;47;46;55;73;69;68;75;70;0;No;No;No
7626;10;5;12;11;14;16;28;26;23;22;34;39;0;45;41;53;56;59;50;54;67;70;73;68;62;0;No;No;No
7627;12;5;10;2;6;24;21;29;17;26;42;31;0;40;41;54;58;49;52;53;71;70;65;69;75;0;No;No;No
7628;9;14;12;5;4;18;25;22;20;27;35;36;0;33;40;46;48;52;59;50;64;67;65;70;63;0;No;No;No
7629;10;8;11;3;15;29;23;17;25;26;36;43;0;37;41;54;53;46;56;57;69;70;73;71;61;0;No;No;No
7630;11;2;15;10;1;23;26;19;25;28;38;39;0;42;37;55;57;56;59;48;70;71;63;64;68;0;No;No;No
7631;3;6;2;13;9;23;25;22;17;30;36;42;0;34;40;50;59;57;46;48;64;66;70;63;71;0;No;No;No
7632;2;7;4;9;12;24;19;22;20;29;39;40;0;41;36;59;54;53;50;47;73;66;74;63;69;0;No;No;No
7633;10;8;3;9;6;23;19;28;27;26;42;44;0;32;34;50;55;57;51;47;66;71;64;63;67;0;No;No;No
7634;9;4;8;10;1;28;24;23;21;19;31;37;0;36;34;57;48;47;50;58;74;68;70;63;61;0;No;No;No
7635;5;8;1;14;12;29;18;24;20;25;42;40;0;38;34;50;48;46;59;52;75;61;71;68;70;0;No;No;No
7636;9;8;12;6;7;16;28;17;30;26;36;42;0;44;31;58;52;55;48;51;71;67;62;65;73;0;No;No;No
7637;7;10;6;13;5;28;23;21;29;25;37;36;0;34;39;53;48;47;58;52;70;69;74;73;71;0;No;No;No
7638;9;3;2;14;5;30;16;24;27;26;45;38;0;43;36;49;57;54;59;52;73;65;62;61;70;0;No;No;No
7639;2;1;8;6;11;20;22;16;21;30;43;40;0;34;39;53;50;51;55;56;67;70;63;68;71;0;No;No;No
7640;5;2;12;15;13;27;28;20;21;22;41;36;0;33;37;50;53;49;60;54;61;63;62;65;64;0;No;No;No
7641;9;6;11;1;12;22;19;27;16;26;39;34;0;36;37;57;48;59;50;56;73;71;62;61;64;0;No;No;No
7642;1;5;10;8;11;27;22;18;25;19;39;31;0;43;32;46;54;47;56;48;71;73;65;67;62;0;No;No;No
7643;14;10;6;5;13;27;30;22;26;29;40;42;0;41;31;49;59;56;50;48;68;72;75;63;71;0;No;No;No
7644;11;9;10;8;13;28;24;25;30;26;32;35;0;44;41;47;51;55;53;50;75;67;64;70;71;0;No;No;No
7645;12;2;3;9;14;18;22;29;27;25;35;37;0;42;33;55;60;56;50;48;72;73;74;75;61;0;No;No;No
7646;8;1;12;13;2;23;18;29;30;22;36;33;0;39;42;58;54;50;46;51;72;71;68;75;69;0;No;No;No
7647;7;2;4;11;13;16;29;24;19;18;44;31;0;45;33;50;60;58;54;56;70;75;71;62;73;0;No;No;No
7648;8;9;12;4;3;27;26;29;28;21;40;31;0;43;44;47;52;53;55;58;74;62;68;71;63;0;No;No;No
7649;9;1;2;3;4;28;21;20;19;22;35;43;0;31;44;51;46;56;50;47;65;63;67;71;74;0;No;No;No
7650;13;9;8;15;7;21;17;26;28;20;37;38;0;44;33;49;51;55;56;59;69;71;63;73;70;0;No;No;No
7651;1;6;13;4;8;17;24;21;18;16;33;37;0;42;38;57;56;54;48;53;72;62;69;67;61;0;No;No;No
7652;5;2;11;4;8;19;27;26;16;25;39;38;0;43;35;58;56;59;55;57;65;71;67;73;70;0;No;No;No
7653;11;3;8;13;4;19;16;22;20;24;42;44;0;34;43;50;52;56;54;49;61;66;64;62;71;0;No;No;No
7654;14;4;8;7;5;19;25;26;18;21;34;31;0;37;45;54;56;47;46;59;73;68;74;61;67;0;No;No;No
7655;12;9;4;3;7;26;23;30;25;17;40;36;0;34;45;48;57;51;53;59;70;62;71;74;66;0;No;No;No
7656;4;2;12;10;14;18;30;26;17;16;40;38;0;33;34;47;51;56;53;55;63;73;66;65;67;0;No;No;No
7657;2;10;1;3;11;28;22;16;17;20;32;38;0;41;44;48;53;52;57;47;62;69;67;72;65;0;No;No;No
7658;8;7;9;2;10;26;29;28;18;17;39;42;0;40;35;55;58;50;46;51;66;62;67;63;69;0;No;No;No
7659;10;7;8;1;9;24;30;23;19;17;37;45;0;43;35;54;47;52;51;58;69;64;65;68;75;0;No;No;No
7660;6;10;4;5;14;23;27;20;22;21;31;32;0;44;36;50;46;47;53;60;64;62;61;74;73;0;No;No;No
7661;15;14;3;7;13;22;17;26;28;20;44;43;0;35;40;55;56;52;59;60;64;69;62;68;71;0;No;No;No
7662;9;3;14;8;13;19;26;17;30;29;39;31;0;35;36;57;51;54;47;53;74;68;71;62;66;0;No;No;No
7663;9;5;3;13;1;25;29;19;22;16;35;44;0;34;31;55;48;58;60;57;69;73;64;61;65;0;No;No;No
7664;11;4;13;3;1;20;24;30;23;29;33;35;0;38;42;60;58;59;57;54;69;62;63;75;68;0;No;No;No
7665;10;1;15;13;6;24;26;19;30;20;35;40;0;41;31;46;52;59;54;48;63;75;61;73;70;0;No;No;No
7666;9;8;4;1;11;23;27;19;24;22;37;42;0;44;38;46;59;50;47;48;63;65;64;66;74;0;No;No;No
7667;6;5;14;2;4;16;25;23;17;26;41;36;0;37;33;46;55;56;48;53;63;64;68;72;66;0;No;No;No
7668;6;15;8;11;4;16;18;28;19;22;33;42;0;36;44;57;46;47;51;50;73;68;65;72;63;0;No;No;No
7669;5;1;8;3;13;29;24;28;21;17;39;35;0;44;31;47;59;53;56;54;72;67;75;68;70;0;No;No;No
7670;15;1;10;2;13;18;30;24;20;16;42;45;0;32;31;49;46;54;48;50;61;71;68;67;66;0;No;No;No
7671;10;1;3;7;11;29;26;21;28;22;32;43;0;39;35;55;48;58;57;60;66;73;67;64;63;0;No;No;No
7672;3;8;6;12;4;21;28;29;24;27;31;45;0;32;35;57;49;59;47;58;69;74;66;62;65;0;No;No;No
7673;9;6;5;4;1;21;26;25;24;22;35;36;0;41;44;48;56;54;49;55;67;62;72;66;71;0;No;No;No
7674;12;13;10;4;1;19;28;24;23;20;38;35;0;37;41;59;60;51;53;49;69;64;68;72;61;0;No;No;No
7675;9;4;13;1;14;16;30;23;27;28;42;31;0;41;33;56;53;59;51;57;68;62;74;69;63;0;No;No;No
7676;12;7;9;3;5;16;29;21;30;28;39;35;0;32;36;51;59;48;58;55;73;71;72;69;67;0;No;No;No
7677;1;9;5;4;8;18;26;24;29;22;38;41;0;43;42;52;57;46;48;54;75;66;63;69;62;0;No;No;No
7678;10;7;13;8;12;17;28;20;19;21;32;40;0;42;44;51;58;57;56;48;72;67;63;68;66;0;No;No;No
7679;12;11;1;7;4;21;18;20;27;17;34;42;0;33;38;55;46;56;47;52;67;71;72;68;63;0;No;No;No
7680;4;15;10;12;13;27;17;25;28;18;36;34;0;39;44;58;57;49;56;53;73;67;72;64;62;0;No;No;No
7681;13;5;14;7;4;26;29;16;21;27;39;37;0;33;35;54;47;48;52;49;71;73;74;64;63;0;No;No;No
7682;15;11;12;7;1;16;25;27;21;19;41;34;0;42;39;52;53;59;55;49;62;69;73;68;65;0;No;No;No
7683;7;8;12;9;2;23;18;16;30;25;39;45;0;35;33;59;60;50;57;46;65;74;64;62;63;0;No;No;No
7684;14;10;5;2;8;18;27;25;29;17;37;33;0;45;34;51;50;59;53;55;70;62;71;68;73;0;No;No;No
7685;6;3;7;5;12;29;28;19;17;26;41;42;0;44;39;57;49;47;60;53;69;74;66;61;65;0;No;No;No
7686;1;12;2;6;14;22;18;17;20;25;35;39;0;36;37;52;48;58;54;53;67;68;75;61;71;0;No;No;No
7687;10;14;15;13;9;29;18;21;27;28;33;41;0;32;42;47;57;55;56;50;67;65;72;69;63;0;No;No;No
7688;11;3;5;6;4;27;17;21;23;16;38;40;0;33;41;49;53;59;57;50;72;71;62;65;66;0;No;No;No
7689;7;8;2;4;6;18;27;23;26;22;43;37;0;31;36;56;58;59;54;60;63;62;72;71;69;0;No;No;No
7690;5;10;11;14;6;22;23;28;30;21;44;34;0;37;33;59;54;49;57;46;69;65;68;63;72;0;No;No;No
7691;2;5;4;1;8;25;22;16;29;26;36;42;0;35;34;48;49;52;57;47;66;73;63;68;67;0;No;No;No
7692;6;1;14;3;10;20;26;25;18;22;45;36;0;42;34;59;57;50;51;58;75;71;65;64;68;0;No;No;No
7693;2;3;12;11;14;19;22;25;27;20;33;43;0;32;37;47;57;53;50;58;63;62;74;61;71;0;No;No;No
7694;4;2;1;7;12;23;30;17;16;21;42;33;0;43;38;51;46;47;49;59;71;64;70;61;75;0;No;No;No
7695;13;10;2;12;11;18;28;20;16;26;39;33;0;40;44;58;57;47;53;56;63;61;73;66;72;0;No;No;No
7696;7;1;15;14;3;18;26;17;20;25;35;44;0;39;41;59;58;57;47;51;65;66;75;61;64;0;No;No;No
7697;6;14;13;12;10;22;27;19;20;26;41;37;0;36;32;56;60;49;50;48;64;74;69;73;67;0;No;No;No
7698;7;8;12;3;11;22;27;17;25;26;41;33;0;39;43;54;52;60;56;49;64;67;63;62;65;0;No;No;No
7699;9;7;3;1;14;16;22;18;23;20;31;37;0;44;43;48;55;54;50;53;67;69;71;70;73;0;No;No;No
7700;4;5;9;7;6;18;29;26;25;24;39;41;0;40;31;57;49;59;48;50;61;63;74;68;71;0;No;No;No
7701;5;9;13;3;11;28;16;30;20;26;35;37;0;39;40;59;50;54;60;55;61;73;70;74;64;0;No;No;No
7702;8;12;14;2;4;24;21;28;25;30;42;40;0;38;31;49;51;60;47;48;68;64;74;66;69;0;No;No;No
7703;2;4;5;9;8;28;21;27;20;26;37;43;0;33;44;50;49;53;56;52;68;71;61;63;67;0;No;No;No
7704;9;5;10;11;3;25;24;29;19;16;38;34;0;41;32;51;50;52;55;46;74;68;73;65;69;0;No;No;No
7705;12;15;4;7;2;17;18;23;24;30;36;32;0;34;41;56;47;58;52;48;69;66;72;65;68;0;No;No;No
7706;14;6;3;1;13;21;17;24;28;25;33;41;0;37;38;60;48;53;50;51;71;74;75;64;61;0;No;No;No
7707;9;6;8;14;11;28;27;20;18;16;41;39;0;40;37;57;48;49;51;58;75;67;70;74;62;0;No;No;No
7708;10;4;7;13;14;16;23;25;18;30;33;34;0;38;44;59;52;56;51;53;69;74;73;62;71;0;No;No;No
7709;14;12;11;3;1;22;27;26;28;29;31;40;0;45;35;57;48;56;52;55;72;68;71;63;66;0;No;No;No
7710;9;7;6;13;3;28;30;27;24;29;44;43;0;37;31;54;60;49;57;46;61;68;62;64;70;0;No;No;No
7711;6;3;7;12;2;25;18;22;19;23;32;40;0;39;38;46;54;47;59;56;62;73;72;64;66;0;No;No;No
7712;7;13;8;5;2;22;23;17;16;30;34;42;0;31;33;56;53;48;55;47;61;69;73;72;70;0;No;No;No
7713;9;12;6;10;7;24;17;26;25;16;37;43;0;34;39;52;46;51;50;48;61;71;72;62;73;0;No;No;No
7714;3;8;7;13;2;29;28;16;21;24;40;33;0;34;44;47;51;55;46;53;74;70;61;66;64;0;No;No;No
7715;8;13;14;1;12;26;17;19;22;16;42;36;0;32;44;59;54;48;55;53;64;68;65;61;70;0;No;No;No
7716;9;4;8;5;3;17;24;27;30;26;31;44;0;36;39;47;57;52;59;60;63;71;69;62;61;0;No;No;No
7717;12;11;6;9;3;24;19;22;25;28;36;31;0;39;32;47;54;53;56;49;62;72;66;61;71;0;No;No;No
7718;10;11;1;9;13;23;19;29;24;25;41;33;0;45;36;48;60;47;55;57;66;71;64;69;70;0;No;No;No
7719;6;1;3;5;11;16;18;25;20;24;36;32;0;40;41;59;58;49;48;47;62;72;63;68;65;0;No;No;No
7720;13;10;2;4;1;29;21;20;19;26;37;31;0;45;40;58;54;50;52;51;71;62;61;63;72;0;No;No;No
7721;12;4;6;3;10;16;19;18;23;29;37;42;0;44;40;48;55;54;46;58;64;75;62;69;63;0;No;No;No
7722;6;4;10;5;12;25;27;19;17;16;33;38;0;41;39;48;52;59;50;56;64;67;72;74;69;0;No;No;No
7723;14;9;1;10;3;22;28;16;25;21;32;43;0;44;42;57;54;48;50;59;61;63;67;70;65;0;No;No;No
7724;5;3;7;6;14;22;27;16;18;26;37;38;0;42;43;60;53;59;51;55;61;62;68;64;71;0;No;No;No
7725;14;12;1;13;3;20;21;17;18;29;41;31;0;39;43;49;55;46;52;59;63;62;73;75;72;0;No;No;No
7726;6;5;7;11;13;22;16;23;26;24;41;35;0;39;37;49;56;51;54;47;64;70;63;68;71;0;No;No;No
7727;9;4;8;14;10;22;29;16;21;17;32;40;0;45;39;59;48;55;46;47;68;69;73;70;65;0;No;No;No
7728;5;14;2;12;7;25;20;24;19;29;31;34;0;36;33;50;48;57;52;59;69;62;70;68;65;0;No;No;No
7729;7;1;12;6;8;19;17;20;16;22;39;42;0;38;44;56;47;52;48;53;70;66;75;73;67;0;No;No;No
7730;9;14;13;2;5;28;26;20;17;25;39;34;0;38;41;58;59;52;54;47;73;74;62;64;69;0;No;No;No
7731;12;2;8;1;13;20;26;18;22;29;42;32;0;38;40;59;58;60;53;46;73;74;72;69;66;0;No;No;No
7732;13;10;12;4;3;18;19;16;29;28;34;36;0;32;33;60;54;49;55;51;74;75;64;68;65;0;No;No;No
7733;5;1;3;12;8;18;19;27;20;21;42;40;0;38;32;54;52;55;50;53;73;64;74;63;71;0;No;No;No
7734;10;13;11;2;5;26;28;17;25;29;43;44;0;37;39;55;47;58;50;59;61;62;73;68;74;0;No;No;No
7735;9;6;1;13;2;22;23;16;21;25;43;37;0;41;32;50;52;46;47;58;64;61;68;73;63;0;No;No;No
7736;8;13;7;4;12;27;18;28;19;17;37;33;0;39;31;51;46;60;52;56;73;70;63;74;62;0;No;No;No
7737;8;4;11;13;12;23;17;25;24;19;31;32;0;40;39;50;52;54;51;58;63;64;68;69;70;0;No;No;No
7738;10;7;9;12;14;22;25;29;21;17;44;35;0;33;37;49;55;52;48;51;61;74;72;62;73;0;No;No;No
7739;8;13;9;3;6;16;27;18;19;30;44;31;0;32;33;57;48;51;52;47;67;69;66;65;68;0;No;No;No
7740;6;11;15;8;5;21;23;28;25;26;43;36;0;41;35;52;54;46;51;48;71;69;64;66;70;0;No;No;No
7741;2;4;6;12;8;18;26;16;17;27;33;34;0;39;36;51;52;58;57;56;71;70;72;65;64;0;No;No;No
7742;9;10;12;14;8;20;17;29;19;21;38;44;0;34;37;54;53;52;49;55;66;65;64;73;70;0;No;No;No
7743;6;8;13;15;12;24;21;22;27;29;41;31;0;36;42;57;54;53;50;56;73;72;64;63;66;0;No;No;No
7744;3;8;7;10;4;17;23;25;19;24;34;38;0;41;40;57;56;52;54;47;63;75;68;69;65;0;No;No;No
7745;12;11;7;3;2;28;24;16;17;19;32;39;0;33;42;53;54;51;48;50;68;70;67;69;61;0;No;No;No
7746;14;6;11;7;10;17;24;21;26;16;31;40;0;33;34;55;47;56;50;49;64;69;63;70;72;0;No;No;No
7747;12;14;10;5;6;25;22;21;30;26;43;31;0;36;35;58;52;57;50;47;73;61;63;74;71;0;No;No;No
7748;3;10;9;1;11;25;23;22;29;21;35;31;0;34;32;53;51;46;47;50;71;69;63;75;72;0;No;No;No
7749;13;8;11;7;12;26;24;19;28;16;43;35;0;33;31;49;57;59;58;54;74;61;64;73;72;0;No;No;No
7750;5;11;2;3;6;21;17;16;24;26;38;37;0;40;36;51;55;54;56;52;70;65;72;75;66;0;No;No;No
7751;6;10;4;7;1;23;21;24;16;26;40;43;0;32;36;48;57;47;51;58;73;63;70;62;72;0;No;No;No
7752;14;1;11;13;5;27;28;16;22;18;41;36;0;38;39;56;52;48;46;59;61;62;73;71;75;0;No;No;No
7753;14;9;5;3;10;16;19;29;22;30;33;43;0;44;34;51;49;48;57;50;68;66;65;69;63;0;No;No;No
7754;1;12;13;4;10;24;23;17;29;30;44;40;0;35;41;54;50;52;56;46;71;63;66;73;74;0;No;No;No
7755;12;13;9;2;7;29;17;20;19;27;31;36;0;43;37;50;48;59;51;54;67;62;68;71;65;0;No;No;No
7756;10;1;8;15;13;25;20;19;24;28;33;41;0;37;35;55;48;59;50;57;72;63;65;73;68;0;No;No;No
7757;14;11;9;2;4;24;26;25;28;17;42;43;0;32;44;57;50;58;49;60;66;67;64;65;73;0;No;No;No
7758;2;10;4;15;12;29;22;28;27;18;43;45;0;35;37;49;56;50;52;47;62;65;69;61;66;0;No;No;No
7759;13;1;11;4;6;20;26;21;28;25;36;34;0;44;45;59;57;46;55;53;65;61;71;62;75;0;No;No;No
7760;10;7;14;11;1;21;22;19;18;16;36;42;0;31;44;52;49;51;55;48;63;73;71;67;62;0;No;No;No
7761;9;8;14;12;6;24;19;18;29;28;39;36;0;41;43;51;53;48;56;60;73;71;74;66;75;0;No;No;No
7762;8;14;5;10;15;16;19;30;20;29;34;39;0;40;38;58;53;56;54;47;69;72;61;73;74;0;No;No;No
7763;14;13;9;10;15;17;24;25;20;26;41;36;0;37;35;49;59;46;53;52;66;68;75;65;61;0;No;No;No
7764;3;14;9;12;7;23;27;29;22;21;41;32;0;34;43;54;60;56;49;58;63;67;61;72;64;0;No;No;No
7765;14;13;6;11;5;28;21;19;26;30;31;39;0;33;43;46;58;57;49;48;63;69;61;62;70;0;No;No;No
7766;14;12;10;9;8;16;30;23;19;27;39;43;0;38;40;50;53;54;59;47;67;64;73;66;63;0;No;No;No
7767;13;7;5;2;8;24;29;19;28;16;39;41;0;35;43;58;49;54;59;60;62;65;72;67;66;0;No;No;No
7768;9;15;3;5;14;18;27;29;16;22;42;36;0;38;33;59;54;50;48;49;69;66;70;72;67;0;No;No;No
7769;9;10;3;8;4;22;23;30;18;17;39;37;0;44;38;50;58;48;54;47;62;65;70;63;64;0;No;No;No
7770;9;4;11;12;8;25;18;17;19;26;38;39;0;44;42;50;58;59;55;47;61;63;67;71;69;0;No;No;No
7771;11;9;12;14;5;25;23;20;19;24;44;36;0;45;40;47;49;46;56;59;66;72;69;74;63;0;No;No;No
7772;9;12;11;10;6;20;26;22;25;16;36;38;0;32;35;50;60;58;46;55;62;70;61;72;73;0;No;No;No
7773;2;4;10;9;8;16;28;25;18;24;40;34;0;43;33;48;55;46;51;54;71;73;72;70;61;0;No;No;No
7774;9;8;13;4;14;30;21;22;17;27;45;33;0;31;41;57;53;48;54;58;64;65;70;68;73;0;No;No;No
7775;10;12;4;8;5;29;19;20;27;22;37;43;0;31;39;56;58;50;46;48;68;70;64;66;61;0;No;No;No
7776;7;14;2;12;13;30;27;24;18;29;45;40;0;36;44;51;49;60;48;53;69;63;72;61;66;0;No;No;No
7777;3;7;12;4;9;25;22;27;20;24;43;45;0;37;41;51;58;47;50;52;62;64;71;74;66;0;No;No;No
7778;11;6;13;1;5;22;26;20;24;28;43;34;0;31;40;57;60;59;58;49;66;64;61;63;65;0;No;No;No
7779;3;11;5;6;4;22;20;27;25;29;37;42;0;45;32;49;57;50;53;56;66;69;61;67;72;0;No;No;No
7780;4;10;12;15;8;16;20;29;25;22;43;39;0;35;36;56;51;58;53;47;74;69;71;61;72;0;No;No;No
7781;8;1;12;13;15;26;30;22;17;21;37;40;0;35;39;57;54;48;49;58;69;63;73;72;65;0;No;No;No
7782;6;5;4;7;15;17;20;24;28;29;44;43;0;41;31;54;46;49;57;48;69;74;65;61;75;0;No;No;No
7783;5;9;1;2;6;28;19;24;23;16;44;33;0;37;31;50;47;53;60;58;71;66;62;69;67;0;No;No;No
7784;9;2;13;14;10;24;27;19;17;21;32;43;0;36;44;46;49;60;48;56;68;66;73;72;67;0;No;No;No
7785;2;3;9;4;5;19;18;26;25;20;33;31;0;39;45;48;56;47;49;53;68;61;65;62;70;0;No;No;No
7786;13;6;9;7;2;26;21;27;23;17;36;39;0;42;41;46;48;56;53;58;74;63;70;62;64;0;No;No;No
7787;14;1;15;3;6;22;25;23;29;17;43;44;0;42;37;50;49;46;52;56;68;66;74;70;67;0;No;No;No
7788;10;11;3;1;9;21;17;29;20;19;36;34;0;38;32;59;52;54;48;46;69;67;66;64;62;0;No;No;No
7789;13;14;2;7;8;19;23;22;30;24;40;32;0;41;42;53;49;48;56;59;70;63;62;68;67;0;No;No;No
7790;4;14;2;12;11;16;18;28;17;22;39;37;0;43;45;56;51;48;52;55;69;75;63;72;66;0;No;No;No
7791;4;9;3;15;12;16;23;20;30;27;39;38;0;34;41;59;58;48;56;53;66;65;72;70;74;0;No;No;No
7792;10;9;1;4;3;26;23;28;18;25;41;42;0;37;32;55;50;46;51;56;62;72;70;69;73;0;No;No;No
7793;4;5;1;7;3;27;29;20;18;16;33;31;0;41;35;54;47;60;53;50;68;64;65;71;63;0;No;No;No
7794;13;8;11;10;14;22;19;17;28;24;40;36;0;39;41;59;46;54;53;57;62;64;65;66;73;0;No;No;No
7795;7;15;14;13;11;24;23;17;30;26;34;42;0;44;32;47;59;57;55;54;61;62;67;74;69;0;No;No;No
7796;13;14;11;7;3;16;21;27;23;25;34;40;0;42;35;48;59;54;53;58;70;61;72;67;75;0;No;No;No
7797;1;8;5;2;10;29;25;28;22;26;42;39;0;44;35;49;54;46;50;56;67;62;63;65;74;0;No;No;No
7798;5;12;15;2;6;29;30;25;22;26;42;32;0;41;40;53;58;49;54;51;70;62;64;73;71;0;No;No;No
7799;10;11;2;3;13;26;24;16;22;23;36;37;0;44;38;53;58;55;49;54;67;74;65;64;72;0;No;No;No
7800;1;3;2;11;9;18;29;22;25;24;39;34;0;41;32;49;53;57;54;60;66;75;64;67;74;0;No;No;No
7801;4;10;2;9;14;26;24;21;22;16;37;34;0;40;42;59;57;52;54;47;64;61;71;63;68;0;No;No;No
7802;1;2;8;13;10;29;17;28;25;16;45;43;0;35;31;49;59;46;53;50;73;62;70;67;72;0;No;No;No
7803;1;13;14;10;5;24;27;28;22;26;43;40;0;41;44;58;51;50;56;53;65;73;66;71;64;0;No;No;No
7804;8;2;9;13;6;16;30;25;24;18;35;42;0;33;38;56;54;57;58;46;62;65;70;68;75;0;No;No;No
7805;7;4;11;9;3;24;18;23;30;28;34;31;0;43;45;59;55;48;49;56;69;61;68;75;73;0;No;No;No
7806;1;6;8;11;5;29;26;23;21;27;39;42;0;43;33;53;52;49;57;48;73;67;75;72;68;0;No;No;No
7807;7;8;4;14;10;17;18;23;16;26;37;35;0;41;32;54;52;57;48;47;67;64;71;65;72;0;No;No;No
7808;7;6;3;10;1;22;25;20;16;30;35;41;0;33;39;47;50;51;60;48;73;69;74;75;62;0;No;No;No
7809;11;3;12;2;14;24;21;22;16;29;44;34;0;39;33;56;51;55;48;57;64;65;74;68;61;0;No;No;No
7810;1;12;8;4;14;30;28;18;16;21;34;42;0;43;37;58;50;46;54;52;63;67;74;71;69;0;No;No;No
7811;11;3;15;9;5;29;23;17;21;20;42;43;0;40;38;49;53;54;57;51;69;64;66;62;61;0;No;No;No
7812;4;11;8;1;10;25;19;20;18;30;36;33;0;35;40;48;60;55;56;50;73;62;74;61;75;0;No;No;No
7813;12;13;8;14;15;23;30;16;20;29;43;42;0;32;35;49;57;56;47;48;66;62;74;65;68;0;No;No;No
7814;12;7;10;9;14;29;21;20;24;22;41;44;0;38;39;46;57;47;56;59;67;72;68;62;69;0;No;No;No
7815;9;7;14;13;8;23;30;18;19;21;42;45;0;43;31;54;53;58;49;51;70;63;74;71;61;0;No;No;No
7816;1;8;4;13;7;20;16;27;24;18;35;38;0;40;45;46;52;60;57;56;75;63;64;68;74;0;No;No;No
7817;7;5;1;8;3;25;19;29;18;23;35;38;0;36;34;58;55;54;52;60;65;62;66;75;74;0;No;No;No
7818;3;12;1;11;5;22;20;19;30;21;38;32;0;33;37;57;56;49;55;54;64;67;75;63;71;0;No;No;No
7819;5;6;8;9;1;19;24;22;25;20;40;32;0;41;36;52;46;56;49;47;61;65;74;62;63;0;No;No;No
7820;15;6;12;4;10;18;29;16;27;22;39;31;0;35;34;58;47;52;46;48;67;74;72;70;65;0;No;No;No
7821;13;10;2;9;3;28;26;24;22;25;42;37;0;35;33;51;56;50;58;54;69;66;67;73;71;0;No;No;No
7822;14;2;13;3;1;23;29;19;26;22;32;44;0;41;33;57;55;54;59;52;65;68;70;67;73;0;No;No;No
7823;8;7;2;14;6;18;22;21;24;28;35;37;0;36;32;55;53;52;59;49;65;64;73;69;63;0;No;No;No
7824;7;14;4;11;2;25;24;30;29;21;44;43;0;36;32;52;51;50;46;57;63;62;66;72;68;0;No;No;No
7825;8;15;10;11;9;22;28;25;19;16;34;40;0;38;37;55;49;51;46;58;74;68;63;71;65;0;No;No;No
7826;14;12;4;10;7;29;19;21;18;25;38;45;0;31;37;48;50;59;52;58;63;71;67;69;75;0;No;No;No
7827;2;7;9;4;5;17;22;29;20;23;40;44;0;39;41;55;46;59;52;47;63;67;61;66;71;0;No;No;No
7828;13;10;9;2;12;30;29;28;27;25;44;37;0;40;35;55;46;56;48;50;72;70;67;66;63;0;No;No;No
7829;14;4;1;9;6;18;25;28;26;21;35;36;0;31;33;59;50;56;58;48;61;65;73;74;72;0;No;No;No
7830;1;10;15;13;9;21;18;19;20;24;32;38;0;36;41;59;56;52;47;58;73;70;66;67;68;0;No;No;No
7831;4;7;11;9;14;28;29;17;24;23;38;31;0;40;34;52;48;54;59;60;67;75;65;61;64;0;No;No;No
7832;2;13;11;14;1;19;18;26;17;22;37;39;0;31;41;58;52;56;59;55;61;68;69;65;66;0;No;No;No
7833;1;7;14;13;2;20;21;30;27;23;39;43;0;31;36;53;47;54;49;50;69;71;66;72;61;0;No;No;No
7834;13;7;9;6;1;24;21;29;26;20;34;35;0;40;37;49;46;57;50;52;70;65;66;62;67;0;No;No;No
7835;15;13;9;8;4;26;19;17;22;21;32;31;0;43;37;49;56;60;54;47;70;62;61;66;74;0;No;No;No
7836;9;12;11;4;14;21;29;19;26;24;43;39;0;31;45;51;48;46;53;58;70;74;67;68;75;0;No;No;No
7837;8;5;1;2;12;18;19;16;28;27;42;39;0;32;33;56;51;49;50;55;72;67;73;69;74;0;No;No;No
7838;12;4;3;9;5;18;20;17;16;26;36;40;0;38;32;51;59;54;55;48;68;72;67;73;70;0;No;No;No
7839;5;6;2;14;13;22;19;26;28;20;31;35;0;43;34;56;53;59;48;52;61;71;64;65;69;0;No;No;No
7840;8;11;4;5;2;29;30;19;22;20;41;36;0;40;33;59;54;47;49;48;65;61;66;62;63;0;No;No;No
7841;3;1;7;5;10;24;26;16;25;29;42;33;0;36;37;50;52;59;47;48;65;75;70;64;71;0;No;No;No
7842;8;7;11;14;1;20;29;23;22;16;37;40;0;43;36;56;52;51;47;50;67;74;75;62;61;0;No;No;No
7843;14;4;2;10;9;16;22;23;18;25;45;43;0;41;39;48;47;51;52;46;75;73;66;69;67;0;No;No;No
7844;1;2;11;15;12;20;24;19;17;27;41;36;0;32;34;51;52;49;48;58;75;70;65;72;66;0;No;No;No
7845;14;13;7;3;9;22;25;29;21;19;36;32;0;44;40;60;58;56;53;52;65;62;73;72;61;0;No;No;No
7846;9;8;7;12;10;23;19;17;26;24;31;40;0;34;33;48;54;56;51;49;63;74;69;72;70;0;No;No;No
7847;10;9;7;2;1;19;23;22;28;21;35;40;0;33;34;48;59;55;54;52;64;69;73;61;62;0;No;No;No
7848;13;9;10;3;5;23;16;29;19;26;40;32;0;43;34;50;46;55;56;51;66;72;64;68;70;0;No;No;No
7849;14;2;1;5;6;23;29;17;18;27;33;39;0;32;42;59;56;49;47;55;74;62;63;66;73;0;No;No;No
7850;11;12;7;1;8;25;22;27;30;24;36;38;0;42;32;48;58;56;57;51;70;61;62;74;71;0;No;No;No
7851;3;8;12;4;6;21;25;28;17;23;35;41;0;34;43;50;59;55;56;51;64;63;65;68;70;0;No;No;No
7852;8;9;5;14;15;22;24;26;19;21;35;37;0;33;38;59;46;51;58;47;70;64;67;74;66;0;No;No;No
7853;4;14;3;9;7;19;17;28;16;25;34;36;0;38;37;60;58;52;48;59;69;72;70;74;65;0;No;No;No
7854;11;10;3;7;14;17;21;28;22;29;31;35;0;37;33;48;58;57;49;59;65;61;63;67;64;0;No;No;No
7855;8;4;9;1;6;28;23;29;24;18;41;31;0;42;34;58;51;56;50;54;64;71;62;75;68;0;No;No;No
7856;15;13;7;1;10;23;22;21;27;28;41;33;0;40;36;53;54;60;55;59;66;64;72;62;71;0;No;No;No
7857;6;3;7;15;11;16;18;26;27;23;33;32;0;45;34;59;53;49;47;46;71;65;67;72;64;0;No;No;No
7858;7;12;1;4;8;16;27;25;22;21;37;43;0;31;38;54;51;52;49;46;67;62;72;74;63;0;No;No;No
7859;10;1;11;9;8;23;30;28;18;17;33;35;0;37;40;48;50;59;53;51;67;69;61;68;64;0;No;No;No
7860;1;6;7;8;15;25;26;27;17;16;35;40;0;34;44;54;59;50;56;57;68;70;67;65;75;0;No;No;No
7861;15;4;5;13;2;21;18;29;24;16;36;38;0;31;40;50;59;46;60;58;66;62;68;74;64;0;No;No;No
7862;14;9;3;13;5;21;23;20;27;24;38;34;0;39;36;49;48;50;55;59;68;65;69;75;67;0;No;No;No
7863;14;5;7;15;10;26;18;27;20;21;33;36;0;40;41;56;58;47;59;46;67;68;69;70;73;0;No;No;No
7864;1;8;12;14;13;27;29;23;28;26;41;44;0;37;39;59;49;57;54;46;64;71;62;70;74;0;No;No;No
7865;14;13;2;3;12;19;17;24;29;18;38;31;0;36;33;54;55;48;58;53;61;66;67;72;73;0;No;No;No
7866;7;13;8;14;11;22;18;26;23;27;35;36;0;41;33;54;56;53;50;59;63;74;66;62;65;0;No;No;No
7867;13;4;11;5;6;17;24;26;30;22;32;41;0;31;35;52;59;54;60;55;64;61;65;63;69;0;No;No;No
7868;13;1;2;4;12;25;22;20;19;24;43;33;0;41;42;48;50;49;46;54;72;74;70;69;73;0;No;No;No
7869;4;3;9;14;12;21;27;26;23;17;38;31;0;42;39;57;49;50;55;53;67;63;73;71;68;0;No;No;No
7870;15;5;4;11;14;24;30;17;25;27;33;42;0;31;40;56;48;60;55;57;74;72;65;68;70;0;No;No;No
7871;8;6;2;1;12;29;27;25;18;20;32;44;0;39;34;53;56;52;54;50;74;61;66;71;70;0;No;No;No
7872;4;2;11;1;9;21;28;27;20;17;39;44;0;31;42;48;57;53;59;51;72;73;71;65;64;0;No;No;No
7873;4;1;3;10;12;23;22;26;29;17;36;45;0;42;38;49;58;55;48;59;66;69;63;68;71;0;No;No;No
7874;1;14;3;8;11;30;22;29;23;25;38;33;0;41;37;60;57;51;49;52;65;61;64;71;72;0;No;No;No
7875;6;11;14;3;7;23;28;16;26;18;42;39;0;32;41;51;49;55;60;56;74;65;73;62;66;0;No;No;No
7876;13;5;3;6;2;17;18;16;22;29;39;41;0;43;42;50;57;53;48;47;67;62;72;73;61;0;No;No;No
7877;5;13;10;14;4;20;18;21;30;19;38;45;0;44;40;54;57;53;58;51;61;74;66;69;71;0;No;No;No
7878;2;11;6;7;12;23;29;27;30;28;36;45;0;33;41;53;60;59;52;50;69;66;62;73;64;0;No;No;No
7879;1;8;7;14;2;25;26;18;28;19;41;32;0;34;31;49;59;54;53;52;75;68;65;70;71;0;No;No;No
7880;3;12;11;14;2;21;18;26;25;29;34;32;0;42;39;59;53;55;52;56;74;72;71;63;69;0;No;No;No
7881;14;6;13;9;5;17;30;22;26;18;44;36;0;42;39;60;48;56;49;52;73;61;65;62;67;0;No;No;No
7882;9;1;8;6;2;30;20;21;24;19;31;42;0;37;44;47;48;53;57;55;61;69;74;63;64;0;No;No;No
7883;9;10;11;6;3;24;28;21;17;16;42;36;0;39;40;55;56;49;52;47;67;71;64;72;69;0;No;No;No
7884;9;3;15;13;11;26;16;25;28;24;37;31;0;41;36;53;52;59;49;50;71;68;67;72;63;0;No;No;No
7885;2;3;9;11;5;24;26;20;27;28;31;36;0;33;45;57;49;52;50;59;69;68;73;61;67;0;No;No;No
7886;12;1;4;7;2;27;16;22;26;29;43;42;0;40;32;47;54;50;46;57;74;68;61;70;65;0;No;No;No
7887;13;10;4;14;1;24;21;26;25;29;32;38;0;37;36;59;50;52;57;55;62;70;73;66;67;0;No;No;No
7888;12;8;7;9;11;30;22;26;29;25;40;32;0;43;33;46;52;59;56;48;64;69;71;61;66;0;No;No;No
7889;5;13;7;2;10;23;27;17;22;25;38;33;0;34;42;50;58;53;59;57;74;61;70;66;71;0;No;No;No
7890;12;2;14;6;1;17;18;29;16;22;34;43;0;41;37;60;49;56;54;50;72;66;64;65;68;0;No;No;No
7891;8;13;6;10;15;28;22;25;27;26;34;32;0;45;31;55;51;53;48;52;69;61;62;67;68;0;No;No;No
7892;3;11;10;12;8;29;23;16;27;19;36;32;0;41;37;47;46;59;54;57;71;66;75;62;69;0;No;No;No
7893;10;6;4;3;5;16;18;28;25;20;37;41;0;39;38;53;59;48;56;49;65;62;71;61;70;0;No;No;No
7894;9;12;13;7;2;29;25;30;18;21;42;39;0;41;33;52;53;58;50;60;69;72;68;62;75;0;No;No;No
7895;7;8;1;13;11;22;18;28;17;19;31;44;0;35;36;58;57;49;50;60;69;70;75;61;63;0;No;No;No
7896;6;5;2;3;11;21;30;27;20;16;33;31;0;45;32;58;59;47;50;46;67;72;61;65;64;0;No;No;No
7897;3;4;6;5;9;22;29;27;28;26;39;31;0;35;34;59;50;57;60;56;71;72;61;65;63;0;No;No;No
7898;10;13;5;4;14;29;20;28;21;17;41;39;0;38;33;53;55;50;56;49;68;61;62;72;64;0;No;No;No
7899;5;6;13;11;12;26;30;17;18;24;41;31;0;35;36;49;50;53;54;55;65;73;69;72;70;0;No;No;No
7900;7;9;12;10;6;21;25;28;24;16;43;38;0;32;35;49;56;55;58;50;64;71;75;72;73;0;No;No;No
7901;3;2;7;4;8;24;16;30;27;22;36;43;0;41;45;55;47;49;53;56;75;74;71;61;69;0;No;No;No
7902;8;4;1;11;5;29;22;17;19;16;39;38;0;32;43;59;48;52;50;60;74;64;73;71;63;0;No;No;No
7903;6;14;3;7;8;20;26;17;19;27;32;41;0;44;42;46;47;54;53;49;74;65;63;62;73;0;No;No;No
7904;3;4;10;11;2;16;27;20;29;18;43;44;0;31;45;50;56;49;57;52;61;65;64;67;62;0;No;No;No
7905;8;9;7;4;1;29;23;17;24;26;36;43;0;37;31;54;58;52;56;57;73;62;66;63;68;0;No;No;No
7906;1;3;14;9;10;17;18;22;29;19;36;44;0;42;40;47;54;57;51;52;69;72;62;71;66;0;No;No;No
7907;4;12;1;5;9;17;26;27;18;24;42;37;0;31;40;54;53;55;60;49;64;63;65;67;62;0;No;No;No
7908;12;10;7;5;3;20;27;29;19;23;43;45;0;41;36;58;50;55;47;52;64;66;63;68;70;0;No;No;No
7909;2;8;11;10;6;21;25;28;22;23;32;40;0;43;42;48;49;47;57;52;74;65;71;62;66;0;No;No;No
7910;12;10;4;1;7;24;21;19;20;27;37;38;0;43;42;53;59;46;47;48;70;61;69;62;63;0;No;No;No
7911;13;12;8;3;9;29;24;19;25;21;35;31;0;32;39;53;56;49;46;48;69;75;68;62;67;0;No;No;No
7912;1;4;6;7;5;29;17;24;26;18;36;39;0;34;37;53;51;57;46;54;64;68;62;67;66;0;No;No;No
7913;2;3;6;5;9;26;27;28;16;29;41;40;0;35;43;59;58;50;47;51;69;67;68;71;63;0;No;No;No
7914;3;4;5;8;6;25;24;27;17;30;36;31;0;33;32;46;58;56;57;59;64;74;73;72;65;0;No;No;No
7915;9;2;4;8;6;29;24;16;23;27;44;31;0;33;32;55;56;53;58;51;67;68;74;63;73;0;No;No;No
7916;15;9;13;10;5;21;29;26;27;18;41;44;0;33;38;54;52;49;48;55;74;64;62;70;63;0;No;No;No
7917;12;9;7;1;8;16;28;27;26;18;33;42;0;41;43;52;47;60;53;58;70;65;75;61;74;0;No;No;No
7918;4;8;10;2;7;22;21;20;24;27;44;36;0;31;34;56;48;52;53;57;74;69;75;73;71;0;No;No;No
7919;11;10;13;3;14;18;23;21;19;28;33;34;0;37;42;48;50;59;51;47;70;64;73;65;67;0;No;No;No
7920;3;2;9;13;11;20;18;27;19;28;43;37;0;44;33;51;52;47;46;55;63;74;75;67;70;0;No;No;No
7921;4;8;5;6;2;24;17;19;20;30;37;38;0;34;36;60;56;53;54;48;66;69;65;64;74;0;No;No;No
7922;12;14;5;1;3;21;25;22;28;23;34;43;0;33;35;46;55;51;57;59;65;69;64;68;66;0;No;No;No
7923;7;13;10;2;14;26;23;18;24;28;41;34;0;32;35;57;56;53;55;48;62;73;74;75;72;0;No;No;No
7924;3;1;12;7;9;20;19;23;24;27;44;31;0;41;32;58;50;52;53;46;62;72;74;65;63;0;No;No;No
7925;14;4;8;13;12;19;17;29;23;16;43;37;0;32;39;56;52;58;48;54;72;68;73;69;70;0;No;No;No
7926;9;14;8;13;2;24;22;17;20;18;44;36;0;35;37;54;60;57;52;48;71;64;73;66;74;0;No;No;No
7927;12;7;11;3;14;24;23;27;20;19;43;37;0;36;35;59;50;51;54;58;71;66;73;64;72;0;No;No;No
7928;15;3;5;8;13;26;17;22;20;28;31;38;0;40;43;48;56;59;50;57;62;73;72;75;74;0;No;No;No
7929;2;4;7;9;8;29;24;28;21;26;44;37;0;39;41;48;55;57;60;47;61;73;66;65;74;0;No;No;No
7930;14;13;3;6;15;26;16;30;20;27;40;34;0;43;33;48;46;57;47;59;75;72;68;63;69;0;No;No;No
7931;4;8;12;15;6;23;18;25;16;20;40;38;0;43;35;58;52;57;54;48;71;70;67;63;69;0;No;No;No
7932;4;1;8;2;9;27;28;23;29;20;35;38;0;32;40;46;47;49;48;52;66;70;73;63;65;0;No;No;No
7933;2;7;8;13;12;17;24;21;23;22;42;39;0;31;34;59;47;56;53;52;74;70;72;63;71;0;No;No;No
7934;2;9;13;1;10;21;28;30;27;24;41;39;0;36;40;49;54;60;55;57;67;65;72;74;62;0;No;No;No
7935;12;14;2;3;11;18;22;20;27;17;31;45;0;41;39;46;52;55;59;49;68;64;69;72;67;0;No;No;No
7936;15;1;9;6;10;24;16;29;28;23;38;37;0;36;40;59;47;56;49;57;70;65;74;72;75;0;No;No;No
7937;9;12;14;1;3;21;17;24;27;28;41;43;0;33;37;52;53;56;59;48;69;70;71;75;65;0;No;No;No
7938;8;3;2;6;5;16;24;17;20;29;42;34;0;35;37;47;54;48;56;51;62;68;65;69;73;0;No;No;No
7939;13;6;9;1;5;27;18;23;28;25;31;36;0;42;34;55;53;52;54;58;66;69;72;70;68;0;No;No;No
7940;14;5;9;8;1;20;18;23;21;22;42;43;0;44;32;52;54;53;47;58;73;61;65;62;68;0;No;No;No
7941;5;13;3;6;11;24;20;18;21;29;35;42;0;44;31;57;47;60;58;53;69;74;64;63;67;0;No;No;No
7942;7;14;8;1;2;25;28;23;22;27;36;34;0;33;41;55;52;48;50;56;68;65;69;72;73;0;No;No;No
7943;12;9;7;10;5;17;19;24;29;27;33;37;0;31;43;48;51;47;46;52;63;71;65;61;68;0;No;No;No
7944;1;5;3;13;10;26;25;17;29;19;40;43;0;39;36;57;48;46;58;55;65;64;66;63;69;0;No;No;No
7945;10;5;3;9;6;28;26;19;30;18;40;42;0;34;41;57;51;55;54;49;69;63;72;64;67;0;No;No;No
7946;12;1;5;15;7;20;28;29;23;18;43;33;0;31;35;50;49;55;53;48;74;64;72;67;68;0;No;No;No
7947;1;14;6;7;13;18;25;17;21;16;40;38;0;44;41;48;56;60;55;58;65;67;61;70;71;0;No;No;No
7948;14;7;9;8;12;17;29;16;27;23;43;35;0;38;40;46;53;50;52;47;68;70;62;61;71;0;No;No;No
7949;5;1;6;12;7;19;16;17;21;26;45;38;0;36;32;59;46;49;48;53;69;73;72;70;67;0;No;No;No
7950;4;1;11;13;10;18;30;28;16;19;42;35;0;39;36;54;55;53;49;48;67;72;62;71;63;0;No;No;No
7951;9;14;1;5;2;29;27;22;28;18;42;38;0;43;33;56;48;55;47;53;72;67;62;73;63;0;No;No;No
7952;12;8;14;7;10;23;25;21;20;19;44;41;0;36;37;50;48;52;46;47;67;66;71;73;75;0;No;No;No
7953;13;14;15;5;8;30;24;21;17;18;33;43;0;39;41;60;50;51;54;57;71;74;66;64;69;0;No;No;No
7954;12;2;11;6;7;26;25;21;19;27;42;31;0;35;37;46;50;57;48;51;62;69;72;67;64;0;No;No;No
7955;6;8;9;7;3;16;21;18;26;25;31;43;0;36;33;56;55;52;46;49;75;68;72;65;74;0;No;No;No
7956;6;5;9;3;12;16;25;27;24;26;33;37;0;44;39;53;58;50;60;54;62;70;69;65;67;0;No;No;No
7957;6;13;4;1;11;28;23;22;16;25;39;40;0;34;41;60;55;57;48;54;71;66;72;61;64;0;No;No;No
7958;6;12;5;9;14;27;21;23;25;24;34;45;0;33;38;51;53;56;48;55;62;61;63;70;71;0;No;No;No
7959;14;6;10;12;13;26;17;25;21;16;32;43;0;38;42;46;48;59;47;50;68;70;63;71;73;0;No;No;No
7960;12;5;1;15;13;18;28;22;19;24;39;35;0;45;41;58;53;56;55;51;70;66;65;64;68;0;No;No;No
7961;2;1;11;15;13;20;27;29;21;26;32;42;0;31;35;50;55;54;59;49;65;73;71;68;61;0;No;No;No
7962;7;8;4;9;10;25;16;20;28;23;35;40;0;39;33;53;48;58;59;57;61;74;68;65;64;0;No;No;No
7963;4;9;13;8;12;19;26;29;20;25;38;36;0;34;40;51;53;55;47;49;64;71;61;62;66;0;No;No;No
7964;11;9;14;7;6;24;28;25;23;22;44;35;0;38;39;56;53;57;47;51;62;61;67;69;71;0;No;No;No
7965;14;13;9;8;12;29;18;26;22;30;45;31;0;41;34;56;52;46;50;51;71;70;73;66;75;0;No;No;No
7966;5;2;9;8;1;28;22;21;26;20;34;39;0;35;38;54;52;51;50;53;65;63;66;68;62;0;No;No;No
7967;3;1;4;8;9;27;26;19;16;30;31;35;0;45;38;50;47;60;55;51;64;72;62;63;66;0;No;No;No
7968;11;3;10;13;4;22;29;20;30;19;42;33;0;34;39;52;46;50;54;48;62;75;63;71;72;0;No;No;No
7969;8;3;6;15;2;22;24;25;19;28;36;44;0;42;33;55;49;59;60;46;68;67;73;74;72;0;No;No;No
7970;1;14;15;9;6;21;17;29;28;27;37;40;0;33;43;52;47;57;53;50;74;63;73;72;62;0;No;No;No
7971;11;8;12;6;1;25;21;22;26;17;32;34;0;41;37;47;48;56;54;55;73;74;63;70;69;0;No;No;No
7972;7;11;4;15;12;20;29;18;23;21;37;33;0;39;38;57;59;51;48;58;73;64;69;68;66;0;No;No;No
7973;7;13;4;14;11;19;17;27;21;20;32;35;0;42;41;46;56;53;51;52;72;71;67;75;65;0;No;No;No
7974;6;13;10;5;2;23;26;29;25;24;31;43;0;37;40;53;52;57;47;59;61;68;73;71;72;0;No;No;No
7975;4;6;13;3;15;24;23;29;19;21;36;34;0;35;44;55;52;54;59;56;71;65;61;74;73;0;No;No;No
7976;12;8;4;15;11;27;26;29;24;19;42;41;0;34;44;50;48;51;47;59;66;73;70;75;65;0;No;No;No
7977;10;14;1;2;9;17;16;24;23;21;38;45;0;33;35;58;56;52;51;60;61;71;63;72;67;0;No;No;No
7978;14;13;12;7;2;29;30;16;24;25;32;41;0;43;40;50;58;55;54;51;63;66;61;73;62;0;No;No;No
7979;9;5;7;1;14;16;28;23;17;22;39;37;0;43;38;58;49;46;55;59;61;66;63;69;72;0;No;No;No
7980;10;5;4;7;2;18;22;16;29;25;32;43;0;39;38;51;59;48;47;52;64;63;74;71;62;0;No;No;No
7981;4;6;15;14;8;30;29;21;19;23;43;38;0;36;33;56;55;60;57;59;63;61;64;69;65;0;No;No;No
7982;3;13;7;11;15;20;18;28;22;24;38;39;0;32;44;58;52;48;46;54;65;68;72;62;75;0;No;No;No
7983;2;5;10;6;14;21;26;28;17;27;32;39;0;33;44;49;59;60;54;56;67;74;65;62;71;0;No;No;No
7984;9;10;15;7;6;19;24;18;29;17;40;43;0;35;45;56;57;51;49;59;67;63;72;62;68;0;No;No;No
7985;3;11;6;7;13;28;21;19;29;22;40;41;0;31;33;49;46;47;57;54;69;72;73;64;65;0;No;No;No
7986;2;11;5;9;4;29;19;21;27;20;37;42;0;33;40;52;55;46;50;47;73;69;74;71;66;0;No;No;No
7987;3;14;9;7;13;27;21;20;16;25;34;38;0;36;43;52;55;49;46;47;72;65;70;68;69;0;No;No;No
7988;9;5;3;13;1;17;24;25;16;18;41;31;0;43;36;60;52;53;47;57;64;74;67;66;62;0;No;No;No
7989;2;3;6;10;7;20;25;23;22;27;40;44;0;31;41;47;59;58;50;46;61;66;68;63;72;0;No;No;No
7990;11;8;3;4;14;27;26;19;28;25;44;36;0;38;34;58;47;55;51;59;61;75;62;67;70;0;No;No;No
7991;4;13;3;7;14;19;29;28;21;24;36;39;0;40;41;47;55;58;50;51;71;65;67;74;70;0;No;No;No
7992;4;14;11;8;7;26;27;30;23;20;32;40;0;38;39;56;50;49;59;47;64;66;72;68;70;0;No;No;No
7993;15;6;3;7;14;26;22;23;30;19;37;42;0;31;38;46;51;50;48;59;65;66;74;68;73;0;No;No;No
7994;5;12;10;1;6;26;19;30;22;21;43;37;0;36;31;52;46;59;47;56;63;62;61;69;72;0;No;No;No
7995;8;6;10;2;7;16;23;17;26;21;31;34;0;35;42;48;57;60;49;54;69;67;71;62;66;0;No;No;No
7996;11;8;2;14;4;22;24;30;28;16;33;40;0;42;34;56;59;49;48;55;64;66;62;70;69;0;No;No;No
7997;1;6;15;8;7;24;16;21;30;25;38;41;0;44;33;52;55;59;60;51;64;67;63;66;71;0;No;No;No
7998;5;15;3;11;2;27;26;17;29;28;44;42;0;35;31;56;48;60;59;54;73;64;67;61;63;0;No;No;No
7999;12;9;7;1;2;28;24;26;29;23;39;43;0;35;41;58;54;57;47;48;68;70;71;65;62;0;No;No;No
8000;9;2;11;3;1;28;30;25;19;21;44;42;0;35;41;52;58;59;50;47;68;66;62;73;65;0;No;No;No
8001;1;5;11;10;6;20;25;19;17;26;34;33;0;44;35;60;58;49;57;50;75;65;68;71;72;0;No;No;No
8002;8;12;15;10;7;21;30;22;16;18;33;31;0;38;42;48;59;58;56;47;63;70;72;68;65;0;No;No;No
8003;6;5;9;7;8;28;16;21;26;19;34;39;0;37;32;59;53;54;48;60;74;65;70;64;73;0;No;No;No
8004;12;7;8;14;1;30;20;21;18;28;32;35;0;40;37;46;52;53;55;49;61;67;63;73;65;0;No;No;No
8005;7;15;3;11;5;26;19;23;17;28;33;45;0;40;39;47;57;46;52;56;63;70;64;71;72;0;No;No;No
8006;1;2;8;14;15;28;22;16;17;18;33;35;0;31;34;58;59;48;51;50;66;75;64;63;67;0;No;No;No
8007;11;7;4;12;5;20;19;26;23;24;33;42;0;35;45;59;54;46;56;52;61;73;66;65;63;0;No;No;No
8008;4;1;14;10;7;16;30;26;22;19;36;34;0;42;43;51;47;48;59;46;66;69;68;61;74;0;No;No;No
8009;12;5;1;10;7;18;30;26;20;17;35;41;0;39;42;50;49;53;55;51;70;64;74;71;69;0;No;No;No
8010;5;8;3;15;11;19;27;24;20;16;32;36;0;40;33;48;55;54;53;50;65;64;66;68;62;0;No;No;No
8011;7;4;14;3;6;29;22;20;18;19;42;44;0;38;31;56;59;48;58;54;75;67;66;64;69;0;No;No;No
8012;5;7;13;4;1;18;28;21;17;24;35;42;0;32;33;57;59;46;49;55;70;61;75;66;62;0;No;No;No
8013;6;11;14;7;8;24;19;17;21;22;35;38;0;45;41;52;51;58;48;57;61;62;66;74;65;0;No;No;No
8014;10;15;13;4;12;26;27;21;24;20;43;31;0;33;37;57;47;59;53;58;67;72;68;69;63;0;No;No;No
8015;15;6;5;14;13;28;23;17;22;26;31;32;0;43;45;51;52;53;59;56;67;74;69;68;70;0;No;No;No
8016;11;2;7;14;8;20;29;18;25;22;38;45;0;36;39;57;60;49;51;58;68;61;75;71;69;0;No;No;No
8017;9;13;11;6;7;20;26;19;17;21;44;33;0;37;32;49;58;52;60;51;74;66;70;72;62;0;No;No;No
8018;13;3;6;9;15;29;23;16;20;18;33;35;0;45;44;53;49;56;58;52;71;74;64;69;67;0;No;No;No
8019;11;6;1;2;3;20;27;28;24;26;43;38;0;44;32;52;53;60;54;48;74;73;64;75;63;0;No;No;No
8020;3;4;6;13;14;18;20;27;25;19;40;32;0;34;38;48;56;53;51;55;70;73;61;64;66;0;No;No;No
8021;3;7;14;2;13;16;18;23;24;26;36;31;0;37;34;46;49;48;52;54;69;62;66;64;68;0;No;No;No
8022;12;5;10;7;1;21;28;30;25;18;44;40;0;38;42;55;49;56;46;53;63;66;61;70;65;0;No;No;No
8023;9;7;15;12;10;16;23;22;29;26;36;45;0;40;34;46;59;56;54;53;74;62;67;63;72;0;No;No;No
8024;14;3;13;5;2;24;28;23;22;19;39;41;0;33;35;54;56;53;51;58;68;67;70;74;62;0;No;No;No
8025;9;13;10;8;3;24;17;29;28;19;42;32;0;34;44;52;47;53;59;51;61;75;73;71;69;0;No;No;No
8026;14;11;2;10;12;19;16;29;22;18;41;45;0;34;44;51;57;54;50;47;67;74;64;62;71;0;No;No;No
8027;8;5;2;10;4;19;30;23;17;18;34;35;0;42;33;47;51;53;48;50;69;65;66;64;62;0;No;No;No
8028;6;13;7;1;11;26;20;22;28;17;31;34;0;40;32;50;56;48;54;59;69;64;71;70;74;0;No;No;No
8029;9;7;11;3;5;18;17;21;24;28;40;35;0;32;39;53;56;48;54;60;65;74;69;67;63;0;No;No;No
8030;11;5;10;9;14;24;22;16;26;29;44;32;0;35;33;58;53;54;46;48;63;66;68;74;62;0;No;No;No
8031;7;4;11;12;1;22;26;29;25;24;33;40;0;36;35;58;48;53;57;56;73;68;64;74;61;0;No;No;No
8032;15;5;4;1;12;18;25;17;27;16;43;38;0;34;32;52;59;60;46;47;72;64;65;61;62;0;No;No;No
8033;8;3;9;14;4;22;24;27;25;18;42;39;0;40;41;46;54;55;52;60;68;70;62;72;69;0;No;No;No
8034;15;10;1;2;11;25;23;16;21;28;44;34;0;38;35;49;48;55;52;53;70;68;73;69;65;0;No;No;No
8035;13;7;3;1;8;20;23;16;22;29;44;40;0;43;42;54;57;59;56;47;66;61;67;72;63;0;No;No;No
8036;13;6;14;9;2;17;22;29;16;27;35;33;0;41;37;51;52;47;53;50;74;62;70;73;61;0;No;No;No
8037;2;5;9;6;15;17;18;19;21;16;32;40;0;44;35;57;46;51;55;54;69;71;61;64;74;0;No;No;No
8038;3;11;9;13;14;22;30;26;20;21;32;37;0;33;35;52;49;47;46;59;74;68;70;72;67;0;No;No;No
8039;2;14;13;7;5;22;20;23;24;25;33;38;0;35;37;55;50;46;52;60;71;62;69;70;73;0;No;No;No
8040;13;12;8;4;10;21;22;17;27;18;36;32;0;41;39;48;46;53;47;59;74;65;72;75;63;0;No;No;No
8041;2;10;5;6;13;21;19;25;18;29;40;37;0;36;39;52;47;51;59;54;74;62;71;66;69;0;No;No;No
8042;4;8;7;10;6;25;20;30;18;24;44;33;0;42;35;50;51;57;47;54;67;70;74;66;72;0;No;No;No
8043;12;2;14;1;11;29;28;30;16;20;36;44;0;32;31;52;48;55;47;58;67;75;73;74;61;0;No;No;No
8044;6;2;13;7;8;26;27;29;21;30;36;44;0;38;41;58;47;56;59;48;68;72;61;73;69;0;No;No;No
8045;7;15;2;12;1;26;27;22;19;20;36;39;0;43;44;55;56;49;53;51;67;63;62;61;71;0;No;No;No
8046;4;15;10;6;3;27;28;23;19;16;42;43;0;32;39;54;59;49;55;47;69;61;72;64;67;0;No;No;No
8047;8;12;7;10;9;19;16;30;25;29;42;32;0;34;37;56;55;50;54;58;64;73;69;71;74;0;No;No;No
8048;10;9;2;13;6;23;29;20;27;24;40;44;0;32;39;58;50;48;55;54;74;62;69;64;65;0;No;No;No
8049;14;11;8;1;9;17;26;21;20;23;35;41;0;40;42;58;56;50;47;51;66;72;70;67;74;0;No;No;No
8050;9;2;8;3;5;29;25;21;16;20;35;37;0;38;40;55;59;57;54;53;75;66;74;67;73;0;No;No;No
8051;3;11;14;15;12;22;29;18;24;27;36;43;0;44;31;55;50;59;58;53;61;74;66;69;63;0;No;No;No
8052;13;1;4;9;12;26;28;17;25;19;45;41;0;31;36;55;47;54;48;49;62;68;75;64;73;0;No;No;No
8053;4;11;14;12;7;25;20;30;23;17;43;31;0;40;34;53;51;54;56;55;63;61;74;62;66;0;No;No;No
8054;14;9;3;12;1;26;27;29;17;18;32;38;0;34;42;46;56;50;48;58;63;61;72;65;62;0;No;No;No
8055;6;3;14;15;4;25;18;29;24;22;31;34;0;42;36;48;46;51;55;59;68;61;67;69;71;0;No;No;No
8056;14;13;11;8;7;24;30;18;27;16;41;33;0;45;44;48;53;50;59;52;70;63;69;61;67;0;No;No;No
8057;3;15;12;2;1;21;28;19;25;22;38;43;0;45;34;57;55;47;58;60;72;67;71;63;66;0;No;No;No
8058;5;15;3;13;14;19;24;28;26;30;40;31;0;37;45;49;53;51;52;57;72;67;63;61;68;0;No;No;No
8059;1;13;5;4;6;19;16;17;24;22;41;33;0;32;38;54;52;53;51;48;72;68;69;70;64;0;No;No;No
8060;8;7;13;3;11;18;16;22;23;19;43;34;0;44;38;53;59;57;51;60;70;73;72;64;61;0;No;No;No
8061;3;8;13;2;1;27;20;17;23;29;31;36;0;44;38;55;46;48;50;58;68;73;70;69;67;0;No;No;No
8062;7;12;9;10;13;18;16;23;24;30;44;38;0;34;36;50;49;58;54;52;66;68;65;63;64;0;No;No;No
8063;9;10;14;13;2;23;16;25;18;22;39;45;0;34;35;49;59;51;58;50;62;74;64;73;72;0;No;No;No
8064;12;11;9;10;5;20;29;16;17;23;31;44;0;33;41;57;52;50;55;56;69;71;68;65;72;0;No;No;No
8065;9;5;6;3;4;28;18;22;24;20;39;34;0;40;33;54;50;49;56;53;61;72;62;68;69;0;No;No;No
8066;14;2;8;15;3;16;17;27;23;30;34;33;0;35;36;46;48;53;50;54;63;62;65;69;70;0;No;No;No
8067;4;6;1;8;12;22;28;21;19;25;39;33;0;37;36;47;55;60;57;50;70;66;74;69;68;0;No;No;No
8068;11;10;4;12;14;29;28;20;27;26;41;38;0;36;39;50;57;60;56;59;75;67;73;68;63;0;No;No;No
8069;10;3;11;9;13;23;30;28;20;19;42;38;0;41;35;58;60;59;52;57;74;63;70;62;68;0;No;No;No
8070;4;11;2;12;9;22;26;17;30;18;40;31;0;32;34;46;55;53;48;54;63;73;65;67;71;0;No;No;No
8071;10;7;12;11;5;29;24;25;20;26;40;37;0;43;31;58;46;59;52;50;72;73;63;61;69;0;No;No;No
8072;5;7;6;9;12;19;23;25;24;21;33;39;0;41;36;60;48;56;47;57;72;71;74;67;61;0;No;No;No
8073;2;5;6;4;12;30;25;29;19;17;44;34;0;40;45;48;55;51;57;46;69;71;63;66;61;0;No;No;No
8074;6;2;9;13;15;18;25;26;19;28;36;44;0;32;33;57;53;48;51;46;61;73;66;71;67;0;No;No;No
8075;9;10;7;11;14;17;27;29;25;28;37;39;0;43;41;48;59;51;58;49;73;61;66;69;62;0;No;No;No
8076;10;5;14;12;15;25;27;24;30;20;39;45;0;43;33;54;55;52;50;46;72;62;65;74;71;0;No;No;No
8077;4;3;15;10;9;24;20;22;18;25;31;41;0;45;38;55;56;51;49;48;68;66;73;75;72;0;No;No;No
8078;11;7;12;13;6;22;16;27;19;18;36;42;0;43;37;57;46;58;53;59;65;67;72;62;74;0;No;No;No
8079;7;8;12;13;10;24;29;27;30;23;34;33;0;36;40;49;48;51;53;59;65;61;73;69;64;0;No;No;No
8080;13;12;2;8;4;24;26;23;27;19;36;40;0;45;44;49;47;50;59;57;70;65;63;69;74;0;No;No;No
8081;9;11;5;2;14;16;27;24;20;18;33;36;0;42;43;56;58;54;55;49;66;61;62;69;67;0;No;No;No
8082;1;3;9;13;15;21;25;27;22;20;38;36;0;35;40;59;55;53;47;60;61;66;64;71;65;0;No;No;No
8083;4;10;9;7;6;21;19;17;23;29;42;44;0;35;34;48;54;52;56;58;61;69;63;71;74;0;No;No;No
8084;14;2;10;4;12;20;26;16;23;24;36;39;0;35;33;52;49;57;47;56;72;66;71;69;75;0;No;No;No
8085;14;2;12;7;5;17;30;25;29;28;40;44;0;35;33;49;58;51;54;57;62;63;73;74;61;0;No;No;No
8086;2;6;10;13;3;26;23;17;18;19;31;33;0;34;43;47;59;52;54;49;66;62;68;69;64;0;No;No;No
8087;4;12;9;10;11;17;23;19;16;21;41;31;0;36;43;52;49;57;60;53;71;70;64;62;67;0;No;No;No
8088;9;13;6;8;10;18;26;22;21;20;44;34;0;40;43;59;58;57;56;54;63;64;68;61;73;0;No;No;No
8089;7;1;14;5;4;27;26;22;16;18;32;45;0;36;39;59;58;49;51;54;63;66;71;65;61;0;No;No;No
8090;1;7;13;5;11;21;17;27;18;30;40;45;0;35;36;55;59;56;58;50;71;75;61;65;64;0;No;No;No
8091;6;14;11;5;8;20;23;27;28;24;43;35;0;34;39;59;60;47;54;51;65;61;71;72;69;0;No;No;No
8092;6;13;14;4;8;24;29;27;22;25;37;34;0;33;31;59;51;48;56;50;75;68;70;64;62;0;No;No;No
8093;6;9;11;5;13;25;19;28;22;26;39;40;0;42;38;47;58;49;55;51;75;73;63;70;74;0;No;No;No
8094;9;8;4;2;3;28;17;30;20;23;45;34;0;40;43;46;58;60;48;56;61;71;64;67;74;0;No;No;No
8095;10;14;7;1;13;16;27;20;17;26;43;34;0;41;33;57;60;51;46;54;72;64;71;66;62;0;No;No;No
8096;15;2;8;12;4;29;26;28;16;20;35;39;0;38;42;54;50;55;47;52;64;73;62;71;67;0;No;No;No
8097;13;4;1;6;9;16;19;24;22;23;36;31;0;32;34;53;51;50;55;60;73;62;66;68;63;0;No;No;No
8098;1;14;3;11;9;25;27;22;21;16;31;37;0;44;43;50;59;54;56;51;70;73;66;64;61;0;No;No;No
8099;14;9;12;3;11;18;25;23;27;26;35;36;0;37;44;46;47;54;51;56;65;66;69;70;67;0;No;No;No
8100;3;9;7;1;14;30;23;25;19;26;34;44;0;40;33;59;58;46;55;51;67;62;75;64;63;0;No;No;No
8101;6;9;7;1;2;25;21;20;27;23;39;42;0;31;43;52;60;54;47;55;68;73;72;62;64;0;No;No;No
8102;6;10;14;5;11;19;21;16;26;18;45;38;0;36;32;47;53;49;51;59;69;71;62;61;70;0;No;No;No
8103;7;8;1;2;9;16;29;24;22;28;41;32;0;44;31;60;56;58;59;50;70;69;65;71;61;0;No;No;No
8104;2;12;1;10;3;21;20;24;18;26;45;43;0;40;32;56;48;54;46;49;63;70;72;61;65;0;No;No;No
8105;9;8;2;14;3;24;28;21;20;18;43;31;0;39;42;54;49;56;46;57;73;67;66;68;65;0;No;No;No
8106;5;10;8;12;6;16;21;22;27;19;44;39;0;38;31;55;54;56;59;50;74;72;62;64;73;0;No;No;No
8107;6;2;15;8;9;29;27;28;20;18;34;39;0;33;36;47;50;52;46;49;72;70;74;67;66;0;No;No;No
8108;8;11;5;9;4;25;29;23;24;17;34;39;0;37;44;49;47;55;50;57;72;69;70;66;61;0;No;No;No
8109;14;5;1;4;15;19;27;20;29;26;34;41;0;33;31;56;47;54;52;51;62;74;65;67;63;0;No;No;No
8110;2;15;6;9;4;27;17;29;30;26;32;43;0;34;35;55;48;58;59;56;69;73;63;61;74;0;No;No;No
8111;6;7;3;5;13;21;24;18;17;22;31;35;0;45;36;49;53;57;52;55;67;75;62;61;64;0;No;No;No
8112;14;13;15;11;1;22;25;28;19;18;43;39;0;44;37;58;51;59;56;53;63;73;66;74;64;0;No;No;No
8113;2;12;13;6;9;19;28;17;26;20;39;37;0;40;44;49;48;53;51;50;67;71;72;64;75;0;No;No;No
8114;10;11;15;1;9;16;23;22;28;18;31;42;0;34;37;48;58;54;51;52;65;62;64;71;61;0;No;No;No
8115;8;14;5;11;1;28;18;22;24;25;31;43;0;42;32;58;51;47;54;55;70;74;73;65;64;0;No;No;No
8116;15;2;14;1;5;25;26;20;19;17;39;37;0;31;34;58;57;47;59;53;74;63;62;72;68;0;No;No;No
8117;13;2;1;12;7;27;16;20;24;22;37;38;0;40;34;59;52;60;49;53;68;62;71;75;72;0;No;No;No
8118;13;4;12;2;8;21;18;20;28;16;33;37;0;36;35;59;48;54;47;57;73;72;67;71;63;0;No;No;No
8119;2;6;15;4;7;27;26;20;17;28;44;40;0;43;34;47;48;49;50;58;72;71;65;75;70;0;No;No;No
8120;14;10;3;11;13;17;18;29;28;22;33;31;0;38;40;46;59;52;50;55;71;65;63;74;69;0;No;No;No
8121;6;12;2;3;4;29;18;17;28;27;40;42;0;37;43;58;47;49;52;56;74;63;68;67;64;0;No;No;No
8122;9;7;10;13;11;18;17;16;19;21;42;45;0;41;39;48;55;49;51;56;71;65;70;69;62;0;No;No;No
8123;5;11;12;10;3;29;25;26;22;16;32;41;0;34;35;48;53;54;58;60;70;71;72;66;75;0;No;No;No
8124;8;9;10;5;12;20;21;17;16;27;41;35;0;39;34;53;55;54;56;48;68;62;71;61;70;0;No;No;No
8125;10;9;6;7;1;28;17;16;29;26;42;32;0;43;33;53;48;52;57;60;70;61;67;62;65;0;No;No;No
8126;7;10;11;15;6;29;21;20;28;18;42;37;0;39;32;46;55;56;52;49;71;75;64;67;74;0;No;No;No
8127;11;8;15;9;5;16;27;26;22;19;38;44;0;33;39;51;50;53;48;49;70;72;66;64;61;0;No;No;No
8128;6;4;15;12;1;23;17;21;25;29;33;42;0;40;38;49;53;47;51;54;75;65;61;64;66;0;No;No;No
8129;11;4;6;13;14;26;25;27;29;18;38;41;0;35;33;51;50;52;58;47;66;74;69;64;63;0;No;No;No
8130;7;3;13;4;9;17;24;26;20;27;31;40;0;34;45;56;58;49;59;55;67;74;73;68;71;0;No;No;No
8131;9;14;13;10;4;18;23;22;29;16;35;32;0;36;42;56;50;46;48;51;68;69;66;70;73;0;No;No;No
8132;3;11;7;4;10;16;17;24;27;28;39;40;0;43;37;56;49;46;55;57;73;62;69;63;66;0;No;No;No
8133;5;1;11;9;3;30;24;23;16;19;39;43;0;38;33;55;53;46;50;58;63;67;66;68;72;0;No;No;No
8134;13;4;14;5;6;27;25;26;19;20;37;39;0;40;36;54;60;55;46;51;68;63;62;72;71;0;No;No;No
8135;14;9;12;6;13;25;22;16;23;17;45;36;0;42;32;48;58;47;56;57;65;67;68;69;73;0;No;No;No
8136;13;2;4;14;6;21;30;29;23;18;37;44;0;34;32;56;52;50;49;51;63;68;61;64;70;0;No;No;No
8137;1;6;5;8;4;23;24;30;20;16;37;35;0;41;42;57;49;56;55;58;72;74;69;61;63;0;No;No;No
8138;2;1;9;8;7;24;20;28;25;17;45;44;0;32;38;57;54;59;46;55;65;73;67;62;69;0;No;No;No
8139;15;11;8;5;4;27;16;28;23;20;44;37;0;32;35;47;59;46;51;56;68;67;73;72;70;0;No;No;No
8140;5;13;3;2;12;25;28;18;23;19;39;37;0;33;38;59;58;55;57;49;74;65;71;68;67;0;No;No;No
8141;10;3;12;8;11;25;20;27;16;23;34;41;0;44;40;59;46;54;49;57;65;62;64;67;71;0;No;No;No
8142;3;8;1;10;7;25;24;26;20;28;40;32;0;31;35;54;48;50;59;46;73;68;63;66;74;0;No;No;No
8143;7;4;8;9;14;27;29;17;24;28;37;41;0;35;39;51;50;55;56;46;74;68;63;73;65;0;No;No;No
8144;9;2;15;7;14;19;27;21;25;26;32;39;0;42;31;52;47;58;48;57;63;72;65;74;64;0;No;No;No
8145;12;10;8;4;9;18;24;29;19;30;39;43;0;42;38;51;49;58;57;48;62;75;69;71;63;0;No;No;No
8146;11;9;12;13;4;16;20;29;27;18;37;40;0;38;41;46;59;53;50;60;63;66;68;74;67;0;No;No;No
8147;8;2;6;7;4;22;16;19;20;17;42;44;0;32;40;55;47;57;46;51;66;61;67;74;64;0;No;No;No
8148;12;15;2;8;11;29;23;25;18;26;40;33;0;31;42;56;58;60;48;55;66;72;63;68;69;0;No;No;No
8149;13;1;6;3;4;20;16;29;28;25;34;43;0;39;40;47;59;55;54;53;72;62;73;61;63;0;No;No;No
8150;4;8;2;10;3;22;19;30;26;20;32;33;0;38;37;54;60;52;57;48;71;62;65;70;74;0;No;No;No
8151;9;5;15;11;6;18;21;29;19;28;40;43;0;34;39;50;52;51;57;59;62;74;68;63;69;0;No;No;No
8152;4;1;5;12;8;23;17;16;26;18;35;38;0;39;43;51;46;50;57;53;73;66;62;63;61;0;No;No;No
8153;3;11;9;10;13;29;28;27;20;19;35;42;0;40;38;53;58;55;47;48;61;71;64;65;66;0;No;No;No
8154;9;10;7;3;1;22;29;24;23;18;32;35;0;37;31;59;49;54;57;56;67;75;68;72;71;0;No;No;No
8155;7;5;3;13;11;28;27;19;21;30;36;44;0;41;43;56;49;55;54;47;73;71;66;63;74;0;No;No;No
8156;9;8;2;1;6;22;21;26;28;27;41;35;0;36;38;49;47;57;56;55;74;68;65;72;62;0;No;No;No
8157;1;14;12;4;9;30;18;19;27;23;37;42;0;39;38;55;56;51;57;52;63;72;61;69;62;0;No;No;No
8158;11;2;13;14;1;28;29;27;16;30;35;44;0;34;39;55;47;54;46;52;74;61;71;65;69;0;No;No;No
8159;8;11;13;1;5;27;23;24;25;17;37;39;0;32;34;49;47;58;51;56;71;67;70;62;66;0;No;No;No
8160;4;15;12;5;1;29;23;21;18;30;41;31;0;34;35;52;56;46;54;58;66;62;65;69;68;0;No;No;No
8161;9;4;2;11;6;21;17;27;19;26;42;34;0;33;35;58;48;47;51;57;68;69;70;61;62;0;No;No;No
8162;10;12;15;6;3;26;22;16;27;29;33;31;0;38;40;51;52;48;47;53;71;64;75;72;66;0;No;No;No
8163;1;7;14;13;11;26;27;20;21;29;34;35;0;36;33;50;59;54;55;49;72;73;70;66;71;0;No;No;No
8164;5;3;9;13;8;28;25;27;26;18;36;33;0;41;34;50;60;59;47;57;67;66;63;68;69;0;No;No;No
8165;3;15;12;1;7;26;29;22;19;28;36;39;0;38;31;49;53;56;57;46;65;62;73;64;74;0;No;No;No
8166;7;5;1;9;10;23;20;29;25;24;45;36;0;38;44;57;47;55;50;59;69;74;73;70;61;0;No;No;No
8167;6;13;14;5;9;30;21;16;29;22;35;45;0;42;34;59;53;50;52;60;61;65;73;69;62;0;No;No;No
8168;1;12;3;11;14;26;30;21;16;19;34;40;0;37;36;51;52;56;57;55;64;69;65;71;61;0;No;No;No
8169;14;10;9;4;12;28;18;17;29;26;31;34;0;44;33;46;54;51;59;48;70;65;63;64;74;0;No;No;No
8170;2;10;4;12;14;16;24;26;20;17;43;41;0;35;39;59;50;53;55;56;69;63;65;61;73;0;No;No;No
8171;8;14;10;5;6;20;22;19;27;16;41;36;0;42;44;55;47;56;59;58;75;65;61;68;72;0;No;No;No
8172;1;2;8;3;4;22;27;17;28;21;41;43;0;33;40;46;57;49;48;54;70;63;69;65;68;0;No;No;No
8173;13;4;11;7;5;20;28;22;24;21;34;36;0;33;45;51;46;59;58;49;62;67;64;73;61;0;No;No;No
8174;1;15;10;14;6;19;22;24;21;16;38;40;0;34;41;47;52;48;54;50;67;66;65;68;70;0;No;No;No
8175;1;2;6;9;8;30;27;28;20;29;36;38;0;33;44;53;54;58;46;60;69;65;67;62;66;0;No;No;No
8176;15;2;6;14;13;19;17;25;28;18;32;37;0;34;35;47;56;50;49;58;64;65;62;67;69;0;No;No;No
8177;3;4;5;6;8;17;18;16;20;27;35;36;0;34;39;50;55;46;56;59;72;64;62;67;68;0;No;No;No
8178;12;9;10;15;8;22;16;18;30;26;40;37;0;31;39;53;52;48;46;55;63;68;61;62;67;0;No;No;No
8179;10;2;12;14;4;25;28;16;21;20;34;44;0;35;41;52;51;58;56;55;71;62;64;75;61;0;No;No;No
8180;3;10;1;13;12;23;16;17;29;24;31;40;0;43;41;60;55;47;52;58;64;72;62;66;67;0;No;No;No
8181;10;15;7;4;5;19;25;20;22;27;32;44;0;34;41;47;52;54;51;56;74;67;61;65;64;0;No;No;No
8182;3;8;13;14;10;23;20;29;25;24;39;41;0;33;31;58;48;46;60;57;61;70;66;67;75;0;No;No;No
8183;13;4;6;1;14;16;23;25;21;30;45;37;0;32;41;53;58;56;55;59;68;75;64;65;73;0;No;No;No
8184;8;6;3;12;2;23;16;25;29;19;41;36;0;37;34;56;59;58;54;46;62;64;65;74;61;0;No;No;No
8185;5;11;14;4;2;27;20;23;19;17;31;38;0;45;44;46;47;48;59;49;71;65;73;68;67;0;No;No;No
8186;3;9;10;1;7;19;22;21;16;18;40;33;0;38;31;53;57;55;48;50;71;67;63;74;69;0;No;No;No
8187;6;13;5;1;3;20;16;19;21;17;34;42;0;33;45;60;52;47;57;53;62;72;70;65;74;0;No;No;No
8188;6;8;7;2;4;23;28;25;27;30;39;37;0;45;34;49;46;56;55;59;70;69;61;67;65;0;No;No;No
8189;10;6;5;7;9;24;18;16;19;25;44;33;0;36;42;52;48;54;59;56;75;66;72;73;65;0;No;No;No
8190;6;14;13;3;7;24;30;28;16;23;41;37;0;31;42;48;51;59;55;53;64;73;61;70;69;0;No;No;No
8191;14;13;9;1;2;19;30;29;27;21;36;44;0;35;43;52;46;56;58;55;64;67;61;69;68;0;No;No;No
8192;9;5;4;8;2;28;22;25;18;24;34;38;0;36;39;60;49;56;51;46;62;66;69;61;72;0;No;No;No
8193;11;8;7;5;4;20;18;21;17;30;31;44;0;35;39;54;48;55;50;51;67;62;73;71;63;0;No;No;No
8194;7;6;2;8;10;19;17;24;22;30;33;44;0;38;37;59;47;53;52;55;68;61;62;69;63;0;No;No;No
8195;11;9;13;14;2;27;25;20;23;16;44;40;0;31;43;55;56;59;53;50;66;74;71;70;72;0;No;No;No
8196;4;2;8;13;7;25;18;22;21;28;38;37;0;33;39;50;54;51;57;53;70;66;69;74;68;0;No;No;No
8197;8;14;7;13;3;17;28;29;18;19;42;45;0;41;43;46;50;55;56;51;75;70;69;67;73;0;No;No;No
8198;9;7;1;8;10;21;29;19;30;27;37;31;0;34;39;48;51;57;58;59;72;75;63;74;71;0;No;No;No
8199;4;6;1;7;13;21;25;16;26;24;31;33;0;34;36;53;50;57;56;51;73;68;69;71;61;0;No;No;No
8200;10;1;4;13;7;28;22;30;21;19;33;41;0;40;31;47;57;52;46;49;68;65;71;66;69;0;No;No;No
8201;7;8;5;14;6;17;27;25;26;18;33;44;0;37;38;48;46;54;58;51;68;73;64;66;63;0;No;No;No
8202;12;10;2;1;6;25;23;29;18;20;33;40;0;38;37;47;53;50;55;49;61;64;70;66;69;0;No;No;No
8203;11;6;8;7;5;19;20;22;16;24;32;37;0;41;36;54;55;46;57;50;71;62;67;65;64;0;No;No;No
8204;10;9;12;1;2;19;18;27;25;21;40;44;0;42;37;54;56;58;55;49;64;68;72;70;62;0;No;No;No
8205;15;3;6;4;2;24;22;19;28;29;34;32;0;43;41;56;58;57;51;47;63;70;72;68;73;0;No;No;No
8206;7;9;12;13;2;16;28;25;17;18;31;41;0;38;43;48;56;47;49;51;66;68;72;65;74;0;No;No;No
8207;7;12;9;8;10;26;25;30;21;23;34;32;0;37;35;49;51;53;47;46;71;72;70;68;74;0;No;No;No
8208;7;12;6;10;2;23;20;22;16;26;37;35;0;41;42;52;46;47;48;58;71;61;73;64;72;0;No;No;No
8209;4;3;9;13;10;16;28;23;18;22;37;41;0;33;44;59;57;46;51;56;69;73;63;68;62;0;No;No;No
8210;7;4;6;15;11;23;24;16;30;20;33;34;0;36;40;47;49;46;53;48;65;72;62;61;70;0;No;No;No
8211;2;11;8;9;1;20;23;21;29;22;33;42;0;36;34;46;53;57;47;55;61;66;67;72;68;0;No;No;No
8212;2;10;13;12;3;28;19;18;23;21;37;39;0;42;36;47;56;51;49;52;73;69;62;65;72;0;No;No;No
8213;12;2;6;13;4;22;29;25;26;19;42;34;0;37;41;52;47;51;59;46;62;61;74;68;73;0;No;No;No
8214;13;3;12;10;7;18;25;28;21;20;40;41;0;38;44;46;49;57;58;52;69;73;68;61;65;0;No;No;No
8215;9;3;10;14;2;30;25;26;23;28;33;43;0;39;37;54;56;60;50;55;67;63;68;66;73;0;No;No;No
8216;13;6;12;9;8;27;26;16;25;17;44;36;0;41;42;49;46;50;56;53;68;67;66;71;64;0;No;No;No
8217;1;2;10;11;4;22;17;26;21;29;41;36;0;43;35;51;47;60;46;56;64;61;74;67;71;0;No;No;No
8218;9;2;14;6;8;25;28;20;16;26;45;31;0;41;38;55;53;47;46;58;68;61;74;71;70;0;No;No;No
8219;14;2;12;3;11;21;26;23;29;17;41;40;0;44;39;53;58;50;54;59;66;72;64;75;68;0;No;No;No
8220;7;9;3;6;5;22;17;30;26;24;41;36;0;40;31;46;53;59;54;52;67;61;73;63;75;0;No;No;No
8221;6;1;15;9;11;16;25;29;27;18;34;35;0;42;31;54;48;51;50;52;72;65;63;74;71;0;No;No;No
8222;10;9;13;4;1;30;28;19;23;24;39;41;0;36;31;51;49;50;46;55;68;75;64;69;66;0;No;No;No
8223;11;9;4;5;15;20;30;26;17;29;44;39;0;34;42;59;46;54;50;51;70;74;63;62;69;0;No;No;No
8224;9;5;4;3;14;23;16;20;21;19;33;44;0;34;39;48;56;54;49;52;73;69;68;70;71;0;No;No;No
8225;8;9;1;12;2;23;17;20;29;21;39;32;0;35;41;56;55;54;48;50;64;62;67;72;70;0;No;No;No
8226;12;3;1;8;5;25;21;28;17;20;43;44;0;35;38;55;51;47;52;46;73;63;61;70;72;0;No;No;No
8227;13;2;11;10;6;24;21;19;22;26;33;41;0;42;39;56;46;49;55;47;73;62;70;61;67;0;No;No;No
8228;6;8;11;4;2;19;20;22;30;29;37;33;0;38;40;53;56;59;51;47;69;71;64;70;74;0;No;No;No
8229;2;5;7;13;4;26;22;24;21;23;31;40;0;38;42;56;51;52;58;53;73;65;72;75;70;0;No;No;No
8230;4;9;10;5;3;20;29;19;24;30;44;33;0;38;42;47;53;56;50;51;66;74;69;73;71;0;No;No;No
8231;5;14;6;15;8;16;18;27;29;17;43;40;0;35;39;55;46;49;57;60;63;71;74;69;67;0;No;No;No
8232;6;11;5;14;12;18;27;23;17;29;33;44;0;39;40;48;47;57;56;50;62;65;71;67;75;0;No;No;No
8233;11;10;15;6;5;26;18;29;19;23;32;41;0;37;38;46;55;47;57;56;71;73;65;67;61;0;No;No;No
8234;7;13;10;14;12;18;16;29;30;19;38;37;0;45;34;50;58;52;56;53;71;63;67;68;74;0;No;No;No
8235;2;6;4;8;10;19;25;29;26;30;34;41;0;43;42;47;50;49;56;48;68;64;63;66;65;0;No;No;No
8236;9;11;15;8;1;23;18;20;17;26;41;35;0;40;33;46;56;57;59;52;63;75;66;62;61;0;No;No;No
8237;2;7;3;14;12;20;22;21;23;26;35;42;0;37;34;50;56;58;49;55;67;69;62;64;65;0;No;No;No
8238;14;11;6;1;9;25;20;26;30;18;32;36;0;38;45;51;58;59;48;56;72;73;70;68;62;0;No;No;No
8239;15;9;14;13;4;18;21;30;16;29;40;34;0;43;37;59;49;54;56;48;68;64;70;74;71;0;No;No;No
8240;11;13;6;3;12;29;20;16;19;24;31;44;0;41;34;59;49;47;51;46;73;70;67;63;61;0;No;No;No
8241;4;6;10;7;11;17;20;18;27;25;40;34;0;33;41;55;46;53;52;49;63;69;67;61;74;0;No;No;No
8242;10;9;4;12;1;16;24;17;18;23;35;39;0;40;44;56;53;58;48;46;71;66;62;73;72;0;No;No;No
8243;9;8;10;11;6;22;19;26;16;20;41;35;0;45;43;49;53;47;51;48;63;66;73;74;70;0;No;No;No
8244;9;5;12;7;6;29;28;22;21;20;40;41;0;43;35;47;51;53;54;56;67;74;61;64;63;0;No;No;No
8245;10;2;4;13;12;16;30;20;21;18;32;44;0;36;34;54;47;51;56;52;67;62;70;71;73;0;No;No;No
8246;12;10;8;15;3;19;28;16;25;21;43;42;0;34;37;56;57;49;58;55;67;61;69;62;75;0;No;No;No
8247;12;10;13;1;4;27;26;18;17;25;39;41;0;40;31;57;53;55;46;51;67;65;66;70;69;0;No;No;No
8248;4;2;5;13;15;21;17;18;27;29;41;32;0;37;34;50;48;58;60;55;66;72;64;61;65;0;No;No;No
8249;12;2;7;11;9;20;18;24;29;30;37;41;0;32;35;56;49;59;57;53;62;74;70;73;63;0;No;No;No
8250;4;5;1;6;9;26;22;28;25;17;34;33;0;32;40;53;59;55;50;58;65;75;67;70;71;0;No;No;No
8251;4;5;2;15;13;28;20;25;30;27;36;35;0;33;38;50;58;52;51;47;63;62;69;68;71;0;No;No;No
8252;8;3;1;2;14;18;16;29;26;28;32;39;0;45;41;52;54;46;48;49;69;72;64;74;67;0;No;No;No
8253;4;7;8;2;12;19;29;23;20;24;39;43;0;44;42;56;50;48;55;57;70;68;64;72;71;0;No;No;No
8254;2;12;6;1;7;23;17;26;19;16;35;34;0;43;42;58;60;47;59;53;62;61;71;63;66;0;No;No;No
8255;8;9;7;12;10;20;23;16;19;17;39;44;0;33;41;58;55;52;47;60;74;72;61;65;70;0;No;No;No
8256;2;12;5;11;7;16;17;27;19;22;34;43;0;41;37;49;47;56;52;55;61;66;75;62;69;0;No;No;No
8257;8;7;6;5;3;29;21;26;25;22;34;43;0;31;35;58;56;54;49;59;68;62;66;67;65;0;No;No;No
8258;3;4;7;9;11;16;18;20;27;17;39;44;0;31;33;59;48;46;56;54;62;61;63;72;74;0;No;No;No
8259;12;5;2;13;10;29;21;27;17;24;44;37;0;41;40;47;58;52;51;46;65;74;71;66;69;0;No;No;No
8260;11;12;14;8;13;17;18;24;27;20;36;38;0;37;31;57;51;50;59;49;63;67;64;66;62;0;No;No;No
8261;14;2;8;7;11;16;30;21;26;24;43;37;0;42;39;59;57;56;50;53;64;63;66;75;70;0;No;No;No
8262;6;4;7;12;2;27;18;20;19;23;33;44;0;43;34;49;46;50;56;52;75;67;65;64;68;0;No;No;No
8263;11;5;9;2;4;17;30;19;28;16;35;41;0;36;32;53;48;46;59;51;63;74;61;62;70;0;No;No;No
8264;1;12;8;2;3;20;21;28;29;18;39;38;0;40;41;51;52;60;50;54;73;67;71;70;75;0;No;No;No
8265;7;8;9;14;4;28;27;24;30;17;38;31;0;37;34;54;47;46;59;50;63;68;73;69;61;0;No;No;No
8266;12;14;3;2;5;17;26;16;18;19;37;34;0;36;45;54;50;57;53;49;70;65;74;68;69;0;No;No;No
8267;13;7;14;4;5;23;19;17;29;22;40;45;0;38;37;55;51;54;58;59;67;71;73;65;63;0;No;No;No
8268;14;7;8;13;3;25;16;28;24;30;42;31;0;36;44;46;54;50;58;56;70;66;64;69;61;0;No;No;No
8269;4;8;1;14;7;19;28;29;30;22;42;39;0;43;33;51;59;50;58;56;66;62;61;73;74;0;No;No;No
8270;12;6;13;11;1;17;25;16;29;24;36;41;0;37;45;59;46;50;52;56;62;68;73;65;64;0;No;No;No
8271;6;3;10;14;5;26;21;19;20;17;31;37;0;35;44;55;52;49;58;53;69;68;63;70;64;0;No;No;No
8272;13;6;8;14;1;24;19;29;22;18;32;45;0;41;42;56;46;54;51;49;61;71;65;67;70;0;No;No;No
8273;7;4;8;13;6;18;21;23;17;24;43;34;0;36;40;51;47;52;49;54;65;69;70;68;62;0;No;No;No
8274;4;10;6;9;7;20;26;18;29;16;41;33;0;37;36;46;48;52;55;49;61;68;65;73;70;0;No;No;No
8275;6;7;14;8;4;16;20;27;23;30;40;34;0;39;43;46;55;51;50;48;65;73;61;72;70;0;No;No;No
8276;10;14;13;1;3;24;29;19;20;26;38;39;0;40;43;57;51;56;59;49;66;74;75;63;61;0;No;No;No
8277;7;15;3;2;12;17;29;18;20;28;33;36;0;39;43;51;60;49;57;59;65;68;67;62;61;0;No;No;No
8278;10;1;7;4;12;23;29;25;21;17;32;33;0;37;36;53;58;47;56;49;72;63;69;67;71;0;No;No;No
8279;13;3;1;6;9;16;28;29;18;22;38;37;0;40;36;52;59;48;58;53;68;64;65;62;71;0;No;No;No
8280;12;3;2;13;10;28;20;23;19;18;35;44;0;41;42;47;53;58;48;56;65;64;75;73;61;0;No;No;No
8281;13;5;8;2;11;17;18;29;19;25;44;36;0;43;40;47;52;53;57;46;68;69;72;65;64;0;No;No;No
8282;15;12;14;1;3;18;16;30;29;22;34;44;0;31;42;47;49;55;57;48;74;66;64;67;61;0;No;No;No
8283;6;10;12;1;7;25;28;22;30;19;39;34;0;41;37;59;57;58;49;56;74;61;62;75;64;0;No;No;No
8284;8;11;13;10;1;27;26;18;16;20;39;41;0;33;35;55;52;59;60;53;68;73;72;61;63;0;No;No;No
8285;3;11;4;5;7;26;29;17;19;21;35;38;0;41;44;51;55;52;46;53;61;68;70;69;63;0;No;No;No
8286;2;10;3;12;14;20;17;29;26;28;43;33;0;32;37;46;58;55;47;59;69;68;62;74;67;0;No;No;No
8287;9;1;7;10;8;22;28;16;29;24;45;44;0;42;37;53;50;56;59;49;65;73;61;68;67;0;No;No;No
8288;1;11;7;4;13;26;27;19;22;28;31;38;0;36;42;60;49;59;47;57;67;71;63;68;64;0;No;No;No
8289;13;3;2;11;10;16;26;28;25;21;42;44;0;31;33;56;57;59;54;49;63;72;65;67;73;0;No;No;No
8290;3;5;6;15;12;28;22;21;20;17;42;32;0;38;43;50;48;52;54;59;71;70;61;66;72;0;No;No;No
8291;1;10;12;14;7;17;16;19;22;29;41;31;0;43;36;48;50;54;52;47;63;74;73;64;66;0;No;No;No
8292;3;5;15;10;1;23;21;25;22;26;39;38;0;33;37;58;50;57;46;48;66;74;62;72;70;0;No;No;No
8293;1;8;9;6;3;26;28;16;18;21;40;35;0;33;36;57;59;52;55;48;62;73;70;65;69;0;No;No;No
8294;6;1;11;4;5;18;28;21;16;26;33;39;0;44;38;48;60;52;49;55;66;73;68;71;72;0;No;No;No
8295;5;6;11;12;10;18;28;22;20;21;41;44;0;33;42;47;53;52;59;54;62;63;72;74;66;0;No;No;No
8296;2;7;3;6;13;25;19;27;22;26;44;32;0;40;31;47;58;52;57;50;63;73;75;68;62;0;No;No;No
8297;3;7;10;11;5;19;23;20;27;21;39;33;0;32;38;52;49;48;47;51;74;67;69;66;62;0;No;No;No
8298;4;10;1;7;13;16;21;29;26;30;41;43;0;34;42;47;49;59;50;56;61;66;63;68;64;0;No;No;No
8299;2;7;8;6;10;18;21;23;19;25;43;36;0;33;44;57;52;56;58;50;65;74;61;70;62;0;No;No;No
8300;14;1;12;6;5;17;29;30;22;18;41;40;0;33;31;56;49;46;53;54;61;62;67;65;73;0;No;No;No
8301;8;12;5;15;9;22;16;19;20;29;38;40;0;35;34;55;47;50;54;57;74;67;69;73;64;0;No;No;No
8302;9;5;10;8;1;16;23;26;28;29;43;39;0;34;32;56;54;48;49;58;62;75;74;70;64;0;No;No;No
8303;10;4;12;8;11;17;24;16;19;26;43;35;0;32;33;55;51;52;49;46;75;71;72;62;67;0;No;No;No
8304;7;11;9;14;8;19;23;17;28;18;44;40;0;42;38;57;53;48;46;52;70;61;71;68;65;0;No;No;No
8305;3;10;2;9;1;25;23;24;27;16;33;42;0;43;40;52;51;56;58;59;69;75;67;71;66;0;No;No;No
8306;2;12;3;5;8;23;24;17;19;18;32;43;0;34;31;55;51;60;46;57;69;71;68;61;72;0;No;No;No
8307;1;3;11;6;9;16;23;24;22;25;35;43;0;36;41;50;46;47;57;59;72;68;70;67;63;0;No;No;No
8308;4;9;12;5;1;23;21;27;20;24;43;41;0;37;40;58;56;52;48;59;63;67;61;64;73;0;No;No;No
8309;12;7;3;15;6;23;20;28;16;27;45;31;0;39;42;48;58;54;49;50;72;66;69;73;74;0;No;No;No
8310;11;4;9;10;2;29;21;27;26;19;35;39;0;40;37;54;46;57;50;51;67;75;65;69;70;0;No;No;No
8311;8;4;13;3;2;22;19;29;21;24;31;32;0;35;33;51;54;46;60;52;73;62;64;74;68;0;No;No;No
8312;13;8;6;10;4;28;20;19;26;23;45;35;0;42;43;56;46;54;47;58;62;61;74;63;72;0;No;No;No
8313;14;10;9;15;13;23;18;17;26;27;32;33;0;38;35;59;56;48;55;54;71;70;69;72;63;0;No;No;No
8314;10;4;1;3;12;21;29;24;26;20;42;43;0;37;33;54;56;58;57;48;70;66;75;63;64;0;No;No;No
8315;11;13;14;5;1;23;20;16;17;26;42;35;0;39;38;60;55;59;46;56;74;69;62;65;71;0;No;No;No
8316;9;11;12;14;10;27;18;21;16;26;45;36;0;40;31;53;59;49;47;46;67;75;63;72;61;0;No;No;No
8317;2;8;11;13;6;23;26;29;27;18;42;44;0;43;33;57;54;55;48;50;74;66;62;63;67;0;No;No;No
8318;6;11;12;3;13;18;19;17;28;22;41;31;0;35;42;46;55;52;51;53;63;66;64;71;73;0;No;No;No
8319;4;1;5;14;11;28;27;21;19;16;36;32;0;38;34;60;48;59;57;51;75;73;74;61;69;0;No;No;No
8320;14;8;15;11;3;23;30;25;19;20;33;34;0;43;41;46;59;56;50;53;66;68;65;62;71;0;No;No;No
8321;4;5;7;12;11;23;17;16;27;30;39;36;0;42;43;57;52;54;46;53;65;71;64;69;63;0;No;No;No
8322;12;2;13;7;9;28;26;24;27;25;33;45;0;42;44;57;46;56;49;52;71;69;70;64;61;0;No;No;No
8323;6;9;8;3;1;25;23;24;29;22;32;43;0;42;39;56;46;58;59;52;64;74;73;68;72;0;No;No;No
8324;6;3;7;13;1;21;23;18;25;26;31;38;0;35;33;55;48;58;53;49;69;72;67;66;63;0;No;No;No
8325;9;15;11;7;1;18;23;26;28;22;40;35;0;37;41;47;51;58;57;53;72;65;63;69;75;0;No;No;No
8326;8;10;6;11;3;20;24;18;19;21;43;36;0;32;39;56;52;54;53;48;63;72;61;73;69;0;No;No;No
8327;7;9;6;8;2;24;26;16;28;30;42;35;0;43;33;56;58;53;47;55;65;69;70;66;64;0;No;No;No
8328;13;3;8;1;15;25;27;22;30;26;32;37;0;34;39;50;47;55;46;54;70;68;63;75;74;0;No;No;No
8329;1;12;7;3;6;16;25;27;18;26;42;31;0;33;36;46;49;56;59;47;71;69;66;72;70;0;No;No;No
8330;2;1;11;10;12;26;29;16;28;23;40;36;0;44;43;57;55;50;54;56;69;61;68;74;62;0;No;No;No
8331;11;9;14;5;12;17;28;24;21;19;43;35;0;36;32;49;46;60;48;54;72;61;69;66;64;0;No;No;No
8332;14;11;13;9;2;16;24;17;30;29;41;40;0;35;45;52;60;48;57;56;67;70;74;73;63;0;No;No;No
8333;1;13;15;10;5;28;21;24;20;25;41;43;0;36;33;54;58;59;56;49;67;71;68;66;65;0;No;No;No
8334;13;3;10;11;8;21;18;17;22;19;37;44;0;45;34;49;59;46;48;60;69;75;63;73;72;0;No;No;No
8335;11;7;4;12;14;26;25;19;23;16;36;31;0;41;43;46;58;52;51;47;71;64;74;72;69;0;No;No;No
8336;13;6;15;8;12;28;19;26;20;25;36;40;0;31;42;50;48;57;53;56;65;69;61;64;63;0;No;No;No
8337;11;3;15;10;14;19;16;17;18;24;31;33;0;35;40;59;56;54;60;55;65;66;74;69;63;0;No;No;No
8338;7;13;11;15;8;16;26;23;28;18;36;33;0;42;32;58;54;46;47;53;63;72;71;61;67;0;No;No;No
8339;4;1;13;2;10;18;20;28;29;24;38;31;0;39;34;49;52;58;55;60;75;72;62;73;66;0;No;No;No
8340;9;5;4;6;2;26;25;27;23;18;45;43;0;40;39;48;51;54;53;60;66;63;70;73;75;0;No;No;No
8341;4;3;11;6;2;20;17;29;24;26;40;34;0;44;33;47;50;56;59;55;66;71;70;73;64;0;No;No;No
8342;3;9;10;12;2;19;23;17;25;18;34;37;0;35;40;58;53;49;59;57;72;67;69;68;64;0;No;No;No
8343;3;8;11;4;14;28;24;23;26;25;35;40;0;37;41;58;50;49;59;56;71;70;67;74;69;0;No;No;No
8344;6;9;2;3;4;26;22;28;16;20;35;32;0;42;44;57;46;52;54;58;61;74;68;65;67;0;No;No;No
8345;13;6;11;5;14;24;19;22;27;17;38;40;0;37;36;48;58;50;60;49;72;70;63;73;69;0;No;No;No
8346;10;13;8;6;2;19;21;26;17;20;38;39;0;37;42;58;50;56;52;59;62;75;64;61;74;0;No;No;No
8347;9;4;5;10;2;22;24;25;28;19;41;34;0;43;40;57;51;47;54;59;67;73;68;65;74;0;No;No;No
8348;7;4;1;8;15;21;23;16;30;24;36;34;0;42;43;55;60;49;53;54;62;69;63;61;66;0;No;No;No
8349;4;5;8;1;13;24;17;19;30;16;37;31;0;43;42;50;47;53;57;54;71;72;75;64;68;0;No;No;No
8350;8;3;6;4;13;26;22;23;28;29;42;41;0;31;37;46;49;55;51;52;61;73;62;70;64;0;No;No;No
8351;6;9;8;12;4;18;25;26;23;24;41;38;0;40;31;46;53;50;59;52;69;68;75;70;72;0;No;No;No
8352;2;14;9;15;10;30;25;28;24;22;36;32;0;35;39;55;53;47;52;56;70;66;67;61;63;0;No;No;No
8353;1;11;10;9;3;18;26;27;16;29;39;33;0;35;37;56;52;51;55;46;74;75;71;70;64;0;No;No;No
8354;7;14;5;4;13;23;29;20;22;21;40;43;0;38;31;46;51;55;56;47;69;72;66;70;67;0;No;No;No
8355;13;7;1;15;12;17;23;29;30;19;42;37;0;44;31;49;47;55;48;59;68;72;65;70;67;0;No;No;No
8356;1;9;13;3;10;25;19;27;22;18;44;31;0;36;33;50;58;55;56;48;74;63;66;64;69;0;No;No;No
8357;1;4;2;7;5;19;25;22;20;30;38;42;0;34;39;51;48;47;50;53;61;67;71;68;72;0;No;No;No
8358;13;14;2;11;9;27;23;30;19;16;33;44;0;40;39;56;50;54;60;58;69;75;61;74;73;0;No;No;No
8359;2;10;1;3;7;28;30;19;26;25;43;44;0;31;39;49;48;47;52;46;69;72;64;70;68;0;No;No;No
8360;10;3;4;13;7;28;25;26;16;27;34;33;0;44;41;53;56;47;50;52;65;63;71;67;68;0;No;No;No
8361;7;6;1;8;14;24;16;25;27;23;42;43;0;33;40;51;49;55;48;58;63;65;68;67;61;0;No;No;No
8362;8;2;6;14;10;17;29;20;26;23;36;39;0;45;35;49;51;47;53;59;64;74;65;75;61;0;No;No;No
8363;15;11;2;13;6;25;24;30;22;28;31;43;0;33;42;47;46;57;54;58;61;63;75;70;71;0;No;No;No
8364;3;7;5;1;10;25;29;23;21;27;38;31;0;37;35;51;47;54;57;49;69;71;75;70;61;0;No;No;No
8365;11;2;12;3;4;21;27;30;17;28;39;35;0;36;40;54;51;49;50;52;69;62;71;68;65;0;No;No;No
8366;8;4;12;14;13;21;24;26;27;16;34;33;0;32;35;54;57;55;59;58;75;62;69;74;71;0;No;No;No
8367;15;2;1;7;6;30;22;29;26;24;39;43;0;37;35;48;54;59;55;53;62;72;71;65;74;0;No;No;No
8368;12;9;7;1;3;25;29;22;20;27;37;42;0;31;44;56;46;51;50;59;73;70;71;68;62;0;No;No;No
8369;8;7;11;5;12;16;24;18;19;21;32;34;0;40;36;52;49;46;54;60;74;72;67;69;65;0;No;No;No
8370;6;10;11;3;4;23;21;20;22;19;35;43;0;44;31;55;54;59;48;57;75;63;65;62;73;0;No;No;No
8371;10;6;8;3;7;27;28;24;25;22;35;44;0;43;42;47;56;53;59;55;63;71;64;66;62;0;No;No;No
8372;10;4;5;6;3;22;17;28;20;21;42;40;0;44;37;57;56;50;53;49;63;69;61;62;68;0;No;No;No
8373;8;15;3;9;1;17;16;20;21;29;44;39;0;32;40;56;48;53;46;58;67;70;63;61;64;0;No;No;No
8374;1;3;10;5;7;28;26;23;16;22;34;32;0;33;41;48;46;52;58;49;69;74;66;64;70;0;No;No;No
8375;9;11;4;5;3;19;21;16;28;30;38;42;0;45;31;52;49;56;46;53;71;70;64;72;65;0;No;No;No
8376;13;2;11;1;4;19;22;20;26;17;31;42;0;33;43;49;53;46;51;60;71;64;69;72;62;0;No;No;No
8377;5;13;7;9;12;21;26;28;16;27;45;44;0;40;34;52;58;47;59;55;70;68;66;61;72;0;No;No;No
8378;1;13;10;8;12;25;28;27;24;21;44;31;0;36;34;60;58;55;52;54;67;74;68;69;73;0;No;No;No
8379;6;2;4;10;1;29;25;28;19;18;37;35;0;32;33;53;49;57;51;58;64;71;70;74;66;0;No;No;No
8380;14;13;7;12;11;28;29;16;26;19;39;43;0;34;41;59;57;53;54;51;66;61;68;72;67;0;No;No;No
8381;14;1;4;11;7;26;27;18;16;23;40;44;0;38;31;48;57;46;54;58;72;66;61;63;75;0;No;No;No
8382;8;2;13;15;5;27;28;30;25;24;43;42;0;37;41;50;48;53;57;52;62;72;65;69;61;0;No;No;No
8383;5;9;8;11;3;18;22;23;25;24;42;32;0;41;31;48;47;49;57;52;62;69;68;63;72;0;No;No;No
8384;11;7;15;6;13;30;29;21;25;23;33;44;0;37;40;56;55;46;53;50;66;70;65;67;64;0;No;No;No
8385;3;5;9;14;13;20;23;24;25;28;38;35;0;33;36;51;59;58;52;55;61;63;62;65;72;0;No;No;No
8386;9;3;14;4;7;21;27;17;19;18;33;40;0;37;34;47;55;59;52;50;63;74;62;66;69;0;No;No;No
8387;10;4;15;8;3;26;16;18;19;21;44;34;0;40;32;50;51;58;57;47;66;67;68;63;69;0;No;No;No
8388;14;10;4;1;2;29;25;22;27;16;32;40;0;38;43;49;57;48;55;52;68;69;62;65;66;0;No;No;No
8389;5;8;6;10;7;22;29;19;17;26;40;39;0;35;43;52;54;58;47;50;71;62;66;72;74;0;No;No;No
8390;13;7;4;12;2;16;30;21;20;19;42;38;0;43;32;50;58;47;51;55;75;68;69;70;61;0;No;No;No
8391;9;3;7;4;14;26;30;19;29;18;31;32;0;38;42;55;58;57;59;48;65;68;73;70;64;0;No;No;No
8392;4;11;5;14;6;19;27;17;26;29;35;36;0;38;44;54;51;46;56;49;72;66;61;65;69;0;No;No;No
8393;14;13;5;3;1;20;29;18;28;22;39;42;0;41;37;51;60;58;52;54;62;72;73;61;69;0;No;No;No
8394;13;11;10;4;12;27;28;19;24;18;43;36;0;42;41;51;56;54;49;47;63;74;71;62;69;0;No;No;No
8395;2;11;1;3;4;23;29;24;27;17;41;33;0;42;35;47;49;50;53;48;73;61;74;62;71;0;No;No;No
8396;14;5;11;7;2;18;25;27;22;19;34;35;0;40;45;56;54;58;49;46;65;68;67;70;74;0;No;No;No
8397;7;9;12;3;14;17;21;29;16;24;42;35;0;43;32;55;57;58;46;59;68;67;66;73;62;0;No;No;No
8398;6;12;4;11;8;25;17;22;29;26;42;31;0;32;35;48;52;53;47;51;61;73;64;71;65;0;No;No;No
8399;7;4;3;11;8;26;23;17;28;22;34;38;0;32;41;48;50;59;46;53;70;63;61;65;62;0;No;No;No
8400;8;1;6;14;2;26;22;20;30;27;41;42;0;32;34;53;51;52;50;48;66;73;75;64;61;0;No;No;No
8401;12;15;4;14;5;25;19;17;20;22;33;45;0;32;40;57;52;54;48;47;69;64;66;63;73;0;No;No;No
8402;6;1;10;13;3;19;16;27;21;28;45;31;0;32;37;46;54;51;56;57;64;70;75;73;65;0;No;No;No
8403;1;15;3;11;5;19;17;23;24;25;42;43;0;40;38;47;51;52;49;46;68;63;72;71;70;0;No;No;No
8404;14;6;1;13;9;24;23;19;26;18;45;42;0;37;34;54;47;57;49;55;71;61;63;70;75;0;No;No;No
8405;11;7;14;5;6;22;17;30;20;19;31;33;0;36;43;52;55;51;57;48;67;65;61;62;68;0;No;No;No
8406;4;9;13;7;3;20;25;22;21;27;33;34;0;31;32;55;56;46;51;60;63;74;66;61;70;0;No;No;No
8407;14;9;3;12;1;18;22;21;30;20;40;39;0;34;36;57;56;58;59;52;65;70;61;64;68;0;No;No;No
8408;1;10;6;3;8;16;28;20;23;26;35;32;0;37;33;52;50;53;46;59;62;63;70;67;64;0;No;No;No
8409;12;9;10;13;14;20;23;21;26;17;31;41;0;42;37;46;51;56;57;54;75;67;74;70;63;0;No;No;No
8410;1;2;11;10;12;22;19;25;23;24;32;39;0;41;45;57;54;49;48;53;71;72;64;61;63;0;No;No;No
8411;9;11;6;4;5;30;23;26;24;17;42;35;0;31;33;56;53;51;48;54;62;71;67;65;61;0;No;No;No
8412;14;11;10;13;12;16;18;23;21;25;41;38;0;36;33;49;47;46;58;54;67;64;65;73;62;0;No;No;No
8413;8;4;10;12;6;27;17;25;22;19;44;33;0;41;38;53;54;60;46;55;72;61;71;63;68;0;No;No;No
8414;1;5;10;6;7;30;22;27;18;17;32;44;0;38;39;49;52;48;53;50;68;74;62;75;63;0;No;No;No
8415;12;5;3;13;9;20;17;18;23;21;36;39;0;31;35;60;55;58;59;52;70;72;64;74;65;0;No;No;No
8416;12;1;5;8;4;17;19;24;30;29;41;36;0;35;43;59;54;49;46;58;71;69;72;70;61;0;No;No;No
8417;13;6;9;4;10;20;19;18;25;29;38;37;0;39;45;48;57;53;46;56;61;68;71;66;70;0;No;No;No
8418;2;7;3;10;11;21;26;29;27;17;34;44;0;35;43;48;52;56;55;50;65;66;64;75;72;0;No;No;No
8419;5;10;3;4;12;24;21;30;18;17;41;35;0;43;31;60;52;51;54;46;66;73;75;64;62;0;No;No;No
8420;4;1;5;8;13;23;24;17;25;28;32;38;0;31;37;50;56;53;57;58;72;67;70;64;62;0;No;No;No
8421;8;3;10;13;9;16;29;26;19;20;32;34;0;43;42;58;56;46;60;55;61;73;62;72;64;0;No;No;No
8422;9;14;12;3;11;26;20;19;29;27;33;43;0;40;39;51;55;59;56;50;69;62;64;70;68;0;No;No;No
8423;8;5;15;14;3;18;20;22;30;24;40;45;0;31;34;47;46;57;52;60;64;71;65;61;67;0;No;No;No
8424;13;2;1;14;8;18;25;17;26;29;41;35;0;43;44;50;52;53;55;54;65;73;71;62;68;0;No;No;No
8425;14;4;13;6;2;21;19;17;20;24;41;34;0;36;39;48;53;50;56;51;64;68;63;61;71;0;No;No;No
8426;3;9;7;4;11;19;23;17;26;21;35;34;0;38;42;51;55;54;46;60;63;69;66;72;74;0;No;No;No
8427;11;13;5;3;2;25;20;28;24;16;38;33;0;36;37;47;58;53;59;56;65;63;69;62;68;0;No;No;No
8428;5;8;3;9;1;23;29;30;28;17;39;38;0;44;45;59;49;55;54;51;71;72;65;73;75;0;No;No;No
8429;1;2;5;6;13;23;22;28;29;18;34;40;0;32;33;54;47;51;53;50;68;73;69;71;74;0;No;No;No
8430;10;13;7;1;8;19;21;28;17;24;43;34;0;44;37;48;51;57;52;50;67;69;66;64;73;0;No;No;No
8431;13;12;10;3;9;21;20;25;27;28;32;45;0;39;41;50;49;54;46;52;62;69;72;71;65;0;No;No;No
8432;1;15;12;11;6;23;16;24;17;18;33;37;0;42;32;50;48;47;56;52;61;74;64;65;68;0;No;No;No
8433;3;7;6;2;5;20;19;28;27;23;44;43;0;42;36;54;51;48;55;56;62;68;61;64;73;0;No;No;No
8434;4;12;7;11;9;16;25;30;24;28;39;38;0;34;36;53;51;60;55;59;64;66;69;61;72;0;No;No;No
8435;1;2;6;8;5;17;25;29;22;20;35;36;0;38;44;58;55;48;59;49;68;66;63;72;61;0;No;No;No
8436;7;2;1;6;8;18;17;29;21;27;33;45;0;35;41;52;50;60;56;51;61;72;70;64;65;0;No;No;No
8437;3;6;7;5;8;24;17;23;16;19;44;34;0;36;38;54;59;57;47;53;68;72;67;70;66;0;No;No;No
8438;4;1;2;10;3;28;19;27;20;29;37;45;0;35;42;58;47;55;54;48;70;64;73;67;68;0;No;No;No
8439;14;5;12;11;10;23;18;16;22;29;37;40;0;33;34;54;50;58;59;48;66;67;71;72;70;0;No;No;No
8440;2;6;3;14;7;16;23;28;17;18;33;40;0;42;34;52;50;59;57;60;62;69;63;64;61;0;No;No;No
8441;6;9;1;11;13;27;21;22;25;24;44;37;0;40;36;53;59;57;48;49;61;72;71;73;64;0;No;No;No
8442;1;9;4;10;2;16;27;19;30;22;32;36;0;31;34;56;51;48;58;53;65;69;74;66;67;0;No;No;No
8443;11;14;5;2;9;30;28;20;16;27;33;31;0;40;42;48;50;53;58;47;63;71;62;75;69;0;No;No;No
8444;4;14;11;13;5;22;19;21;28;23;34;41;0;31;42;52;48;56;58;50;72;64;69;63;66;0;No;No;No
8445;14;7;11;10;13;26;18;24;23;22;33;43;0;37;45;56;52;54;48;51;64;71;72;62;68;0;No;No;No
8446;2;1;8;14;7;28;25;22;27;30;35;39;0;38;37;57;47;51;60;53;64;69;70;72;73;0;No;No;No
8447;5;13;7;2;14;30;28;29;16;27;42;33;0;40;31;54;55;51;59;46;67;66;62;68;73;0;No;No;No
8448;8;11;1;4;9;29;26;16;23;30;38;39;0;36;45;60;52;54;48;46;67;68;73;70;75;0;No;No;No
8449;7;13;1;9;11;25;24;17;21;22;44;39;0;37;41;57;58;47;60;55;69;63;74;62;67;0;No;No;No
8450;1;14;12;10;5;24;19;21;29;27;36;38;0;37;40;59;50;54;51;56;73;65;64;69;66;0;No;No;No
8451;12;6;9;4;14;29;18;23;20;21;39;32;0;42;36;58;51;49;46;50;62;64;72;74;71;0;No;No;No
8452;5;11;12;14;3;29;20;16;25;23;36;35;0;32;31;53;46;48;52;50;63;61;68;71;66;0;No;No;No
8453;7;4;2;11;10;19;17;18;28;25;37;38;0;33;39;59;48;56;58;55;65;66;74;75;73;0;No;No;No
8454;12;8;14;10;2;23;18;19;26;24;33;34;0;36;31;57;58;50;53;48;64;70;66;74;63;0;No;No;No
8455;15;9;3;1;2;24;19;22;26;29;38;33;0;43;42;59;49;57;54;56;67;66;70;61;72;0;No;No;No
8456;4;10;5;13;8;19;17;29;21;23;33;40;0;43;35;58;59;54;48;57;74;62;70;67;72;0;No;No;No
8457;1;8;9;5;6;22;29;16;23;18;43;32;0;31;33;57;51;55;56;50;72;73;64;69;61;0;No;No;No
8458;4;10;5;9;2;23;20;18;19;28;43;37;0;41;33;46;57;58;48;59;70;64;68;69;62;0;No;No;No
8459;7;2;8;12;11;24;27;21;16;23;38;31;0;44;32;55;46;49;50;51;66;67;62;74;70;0;No;No;No
8460;14;6;3;9;10;17;26;22;19;29;35;45;0;44;31;54;53;49;48;59;75;70;66;63;73;0;No;No;No
8461;1;2;3;15;8;19;16;25;22;23;39;35;0;38;32;49;47;46;59;60;62;63;66;71;65;0;No;No;No
8462;14;10;13;8;6;16;25;26;20;28;38;34;0;32;33;49;57;55;59;46;66;73;70;63;72;0;No;No;No
8463;4;2;12;6;5;23;21;25;30;26;37;33;0;36;34;53;57;49;50;47;71;67;65;62;63;0;No;No;No
8464;15;8;13;11;3;27;19;24;20;17;45;42;0;32;41;52;53;57;56;51;66;72;61;68;69;0;No;No;No
8465;1;4;7;14;8;20;25;17;18;24;45;35;0;33;36;58;49;55;53;56;64;74;62;72;70;0;No;No;No
8466;8;1;9;15;11;18;16;23;20;26;33;40;0;35;39;59;54;53;50;48;62;75;64;74;68;0;No;No;No
8467;10;3;14;1;8;21;29;16;28;26;43;33;0;39;38;55;52;57;56;59;71;67;65;69;72;0;No;No;No
8468;10;7;4;2;15;23;16;28;20;18;35;33;0;37;39;48;55;51;58;56;69;73;74;64;65;0;No;No;No
8469;3;12;14;7;15;29;25;22;24;26;41;32;0;36;43;47;55;59;58;53;68;70;64;66;65;0;No;No;No
8470;8;3;5;10;14;28;24;16;21;23;32;33;0;31;35;52;55;54;46;47;74;65;73;71;72;0;No;No;No
8471;9;7;8;14;3;19;16;25;29;23;42;35;0;44;37;55;47;54;58;50;62;68;74;69;66;0;No;No;No
8472;14;2;10;5;4;17;29;27;19;26;34;43;0;40;39;49;52;47;50;56;69;67;63;65;74;0;No;No;No
8473;10;5;14;6;12;23;25;16;21;29;42;33;0;37;41;56;58;49;50;60;65;64;68;70;72;0;No;No;No
8474;1;10;3;13;2;23;27;24;22;19;34;31;0;44;35;57;54;59;56;46;75;64;72;73;74;0;No;No;No
8475;2;5;13;1;7;18;29;27;22;30;45;37;0;32;38;55;57;52;50;59;67;63;65;74;69;0;No;No;No
8476;10;5;2;4;11;19;26;30;28;22;40;42;0;31;35;53;47;59;49;51;65;67;69;74;66;0;No;No;No
8477;12;6;4;5;13;21;20;24;17;28;32;37;0;35;44;52;53;49;60;58;71;75;62;65;74;0;No;No;No
8478;6;3;7;8;14;24;26;21;30;27;35;40;0;33;36;58;47;50;54;56;68;65;69;62;61;0;No;No;No
8479;5;1;8;11;2;23;16;20;26;18;38;40;0;35;34;50;47;60;57;55;62;61;64;72;69;0;No;No;No
8480;11;1;3;15;14;29;22;24;20;21;36;43;0;38;40;46;51;56;58;49;72;65;64;73;67;0;No;No;No
8481;14;10;5;15;9;17;19;22;29;25;33;43;0;42;38;46;57;56;55;50;72;63;69;65;61;0;No;No;No
8482;8;9;1;13;14;25;24;20;18;22;34;36;0;41;31;51;48;59;55;54;66;73;63;68;74;0;No;No;No
8483;10;15;9;13;8;16;18;23;26;28;33;37;0;31;42;47;46;53;52;48;64;62;69;75;72;0;No;No;No
8484;10;9;4;8;14;22;29;21;27;25;35;43;0;41;37;51;54;52;50;49;69;66;71;64;65;0;No;No;No
8485;3;5;13;15;9;21;27;20;22;19;42;32;0;40;31;48;56;55;59;50;67;73;68;74;71;0;No;No;No
8486;4;10;9;5;6;27;21;22;25;20;36;43;0;35;37;52;46;51;58;56;74;65;66;71;63;0;No;No;No
8487;4;9;8;7;2;18;17;22;20;21;33;34;0;42;36;51;46;58;53;48;68;75;63;71;61;0;No;No;No
8488;14;5;8;12;13;28;18;23;27;16;38;37;0;39;42;53;50;59;47;48;65;68;63;74;72;0;No;No;No
8489;11;10;13;9;7;16;29;22;24;17;34;38;0;35;39;57;50;49;47;58;75;63;62;72;71;0;No;No;No
8490;12;2;11;14;4;24;19;29;17;16;33;41;0;43;37;47;52;51;57;53;66;72;67;71;65;0;No;No;No
8491;1;14;9;4;5;17;29;24;27;18;44;35;0;37;39;54;46;56;55;51;67;61;64;62;69;0;No;No;No
8492;11;4;9;5;8;27;20;26;30;29;43;33;0;44;34;48;57;46;54;55;66;64;61;71;69;0;No;No;No
8493;12;4;8;3;11;16;20;17;25;19;41;35;0;43;42;51;57;59;58;56;61;69;63;65;62;0;No;No;No
8494;6;9;4;5;8;21;29;30;24;16;32;44;0;35;31;59;48;53;55;49;63;67;65;75;73;0;No;No;No
8495;5;14;8;15;10;17;26;29;22;25;38;33;0;34;40;59;57;54;56;53;72;63;74;69;71;0;No;No;No
8496;4;3;10;1;8;19;21;24;27;29;40;41;0;33;42;58;51;53;56;54;64;71;73;72;65;0;No;No;No
8497;9;3;12;14;5;19;29;26;24;16;35;44;0;34;38;55;60;59;54;49;68;73;66;72;63;0;No;No;No
8498;4;7;12;15;8;16;23;27;17;18;42;36;0;44;31;54;59;56;47;58;68;71;64;75;62;0;No;No;No
8499;8;7;11;4;15;17;16;21;20;25;42;34;0;40;39;50;59;54;49;48;74;64;68;69;72;0;No;No;No
8500;10;8;2;9;5;22;28;25;24;26;33;32;0;39;44;58;55;52;47;56;62;74;65;71;72;0;No;No;No
8501;4;1;11;3;7;19;21;29;30;24;45;42;0;38;43;59;60;56;53;51;70;66;64;69;63;0;No;No;No
8502;1;13;6;12;3;17;29;28;20;25;42;43;0;33;34;58;52;54;59;56;67;66;61;70;64;0;No;No;No
8503;9;12;5;10;6;18;19;17;30;27;41;31;0;34;33;48;60;47;54;59;63;68;62;65;73;0;No;No;No
8504;15;10;2;7;9;25;18;16;26;27;33;35;0;36;39;49;46;52;57;54;68;70;74;64;69;0;No;No;No
8505;13;11;6;10;4;28;30;17;29;24;43;38;0;35;44;55;56;46;59;54;70;61;62;63;72;0;No;No;No
8506;14;10;12;2;4;19;21;24;20;25;31;36;0;32;34;58;49;53;57;47;68;66;69;71;61;0;No;No;No
8507;7;15;5;1;6;20;22;29;23;16;39;35;0;32;37;48;47;49;50;60;72;67;64;68;66;0;No;No;No
8508;9;4;12;6;15;17;25;22;21;29;39;42;0;44;36;52;57;48;55;49;66;63;75;72;64;0;No;No;No
8509;13;4;7;12;10;23;17;24;29;18;36;33;0;37;31;56;57;52;49;58;65;70;62;61;75;0;No;No;No
8510;12;8;1;9;6;24;23;25;26;18;39;31;0;43;38;49;59;60;48;56;65;75;68;66;64;0;No;No;No
8511;5;3;11;14;6;26;18;30;16;29;36;44;0;40;43;56;59;49;53;57;66;68;65;70;63;0;No;No;No
8512;1;5;4;11;14;21;26;23;16;18;45;37;0;40;34;46;56;58;48;52;72;62;68;70;65;0;No;No;No
8513;13;4;8;14;5;28;24;22;25;29;38;36;0;42;34;58;59;51;52;57;66;62;65;74;73;0;No;No;No
8514;9;5;6;1;3;17;26;19;21;30;39;42;0;44;43;48;52;55;54;50;75;64;73;63;66;0;No;No;No
8515;1;4;13;5;9;28;29;18;24;22;34;35;0;41;37;58;48;51;53;54;74;73;61;71;63;0;No;No;No
8516;13;4;5;8;11;24;29;30;16;26;43;38;0;32;36;49;54;57;56;55;63;72;66;65;75;0;No;No;No
8517;11;13;10;3;8;21;16;18;26;30;44;40;0;43;35;57;59;51;56;54;72;65;71;70;69;0;No;No;No
8518;5;1;8;14;12;28;21;22;23;17;37;32;0;34;42;53;49;54;55;48;69;63;71;66;70;0;No;No;No
8519;7;11;6;10;3;22;24;25;23;16;34;37;0;40;42;58;49;55;48;51;68;72;70;66;75;0;No;No;No
8520;10;14;1;4;11;20;29;19;25;16;31;35;0;37;36;59;52;53;51;56;63;62;75;73;71;0;No;No;No
8521;5;7;12;3;8;26;21;29;27;23;32;43;0;44;36;54;57;46;49;51;69;67;71;65;61;0;No;No;No
8522;15;11;2;9;6;28;26;27;18;16;42;34;0;41;33;59;50;52;48;49;69;72;74;71;61;0;No;No;No
8523;14;6;2;12;13;25;26;16;20;19;44;37;0;33;31;51;53;54;60;48;62;68;73;65;66;0;No;No;No
8524;8;6;13;7;10;17;30;28;24;29;34;31;0;38;33;59;58;50;48;57;70;74;69;67;65;0;No;No;No
8525;14;5;13;1;7;28;27;16;19;17;31;38;0;32;37;59;52;47;48;50;72;66;69;62;68;0;No;No;No
8526;14;4;6;7;8;28;29;17;24;16;40;38;0;33;31;51;56;53;47;54;74;65;71;69;67;0;No;No;No
8527;6;14;15;3;2;28;16;29;26;21;37;38;0;39;41;47;55;52;53;51;69;74;75;61;66;0;No;No;No
8528;2;10;7;3;1;22;25;18;19;28;45;40;0;37;36;47;55;59;58;52;73;62;69;71;74;0;No;No;No
8529;13;1;11;6;4;23;28;29;22;17;38;41;0;45;32;46;58;56;57;55;71;62;75;67;66;0;No;No;No
8530;14;3;13;4;9;28;21;25;17;24;42;34;0;36;41;56;60;54;53;59;72;69;63;74;75;0;No;No;No
8531;11;12;8;14;7;19;16;29;26;30;44;40;0;41;36;56;57;48;47;58;64;62;65;69;68;0;No;No;No
8532;4;2;14;13;10;18;19;20;27;24;33;42;0;43;34;58;49;60;47;54;74;62;61;68;71;0;No;No;No
8533;6;9;5;8;10;20;26;21;27;22;40;37;0;38;43;59;57;48;49;60;71;67;74;68;62;0;No;No;No
8534;1;7;15;10;2;24;18;21;27;22;34;42;0;44;41;47;60;48;57;46;69;68;62;67;75;0;No;No;No
8535;11;10;13;14;2;19;28;26;29;16;35;40;0;36;44;49;50;53;55;56;65;71;69;72;64;0;No;No;No
8536;7;6;2;14;1;19;29;27;25;18;40;38;0;41;39;54;53;59;56;60;69;64;72;71;68;0;No;No;No
8537;4;10;9;3;8;30;19;22;20;27;36;42;0;43;31;56;49;53;52;59;66;63;74;61;72;0;No;No;No
8538;4;13;7;3;2;28;17;16;20;25;42;39;0;35;37;51;59;54;50;57;75;63;70;64;62;0;No;No;No
8539;7;13;10;15;4;24;16;25;30;22;40;39;0;42;36;60;57;52;46;56;69;63;65;70;62;0;No;No;No
8540;6;1;5;11;3;24;23;27;29;17;37;42;0;32;43;46;57;50;48;53;64;73;74;70;62;0;No;No;No
8541;5;9;12;11;6;23;22;19;18;27;36;45;0;37;40;57;46;58;53;55;64;67;61;73;68;0;No;No;No
8542;10;3;2;8;5;23;27;28;21;18;41;37;0;34;38;51;58;59;56;54;62;63;64;74;67;0;No;No;No
8543;6;11;4;2;12;23;20;26;29;25;32;44;0;43;40;56;57;46;54;47;63;67;61;68;64;0;No;No;No
8544;7;12;14;1;11;24;23;28;25;27;40;42;0;34;37;58;47;46;54;49;71;62;69;70;73;0;No;No;No
8545;3;2;13;4;1;19;18;26;23;20;42;32;0;44;36;56;54;58;50;59;70;75;72;61;63;0;No;No;No
8546;12;2;14;7;10;22;19;27;23;20;32;33;0;44;40;58;46;56;55;53;67;66;70;73;71;0;No;No;No
8547;14;4;7;5;2;20;19;24;29;18;36;40;0;38;41;46;50;49;57;54;67;73;65;74;72;0;No;No;No
8548;5;8;7;14;1;17;28;19;18;20;39;41;0;35;44;55;52;56;54;57;67;69;75;63;65;0;No;No;No
8549;7;5;12;13;1;20;19;25;17;27;43;39;0;41;34;46;60;47;49;54;70;62;66;61;68;0;No;No;No
8550;8;9;14;10;2;23;20;29;22;21;43;32;0;38;42;59;49;53;56;46;69;67;72;64;74;0;No;No;No
8551;12;2;10;11;1;17;28;22;24;23;35;43;0;32;44;56;58;51;50;57;73;62;72;69;65;0;No;No;No
8552;7;3;5;6;10;16;20;23;17;28;33;41;0;38;32;57;54;49;51;59;72;68;61;71;62;0;No;No;No
8553;7;10;6;3;2;19;27;21;16;24;41;44;0;42;31;50;56;54;48;59;71;66;65;61;72;0;No;No;No
8554;1;3;12;10;13;18;20;28;24;26;31;39;0;35;40;55;53;59;49;58;73;71;66;70;64;0;No;No;No
8555;15;7;9;8;3;27;25;21;24;16;42;40;0;45;32;57;58;59;54;46;66;68;69;67;73;0;No;No;No
8556;6;5;10;7;3;17;29;26;21;18;44;35;0;42;36;58;46;47;52;57;73;68;70;72;63;0;No;No;No
8557;12;1;10;8;13;16;17;21;20;19;33;40;0;44;42;58;52;53;56;59;69;71;65;63;66;0;No;No;No
8558;13;3;4;7;11;18;28;25;16;19;35;39;0;34;43;53;54;59;52;58;67;65;69;66;71;0;No;No;No
8559;13;11;5;8;7;16;18;25;20;29;42;32;0;38;36;48;58;55;59;49;67;64;65;75;72;0;No;No;No
8560;7;14;13;10;12;23;26;21;22;17;37;36;0;34;32;59;48;49;46;60;74;62;69;73;70;0;No;No;No
8561;13;6;12;3;4;25;23;20;22;27;33;35;0;44;32;49;60;56;48;52;69;74;67;71;63;0;No;No;No
8562;15;10;5;8;12;17;16;22;27;21;35;31;0;44;41;53;50;52;46;51;62;72;63;71;74;0;No;No;No
8563;2;1;13;14;5;23;22;26;24;28;43;38;0;33;42;60;47;50;49;57;68;62;69;64;66;0;No;No;No
8564;14;4;3;5;7;29;26;17;19;18;31;44;0;41;39;59;50;52;51;56;74;64;75;61;70;0;No;No;No
8565;3;10;12;7;1;18;25;27;17;23;36;33;0;31;35;59;54;55;52;48;71;72;62;74;64;0;No;No;No
8566;4;7;10;13;5;17;26;29;24;20;36;37;0;38;40;48;54;53;47;56;68;66;63;62;61;0;No;No;No
8567;10;1;8;7;5;21;29;23;18;24;32;31;0;35;37;50;51;49;46;53;70;63;68;69;66;0;No;No;No
8568;11;7;13;8;10;26;23;25;16;27;31;40;0;38;34;58;60;46;53;48;65;75;66;73;74;0;No;No;No
8569;2;13;14;6;3;28;26;16;27;25;32;38;0;34;33;54;46;52;55;51;65;63;62;64;71;0;No;No;No
8570;9;3;11;6;4;25;26;30;27;19;32;34;0;31;40;46;52;57;48;56;61;74;65;68;70;0;No;No;No
8571;10;6;5;11;12;19;24;17;30;20;32;37;0;44;41;47;55;59;58;50;64;61;66;71;62;0;No;No;No
8572;3;13;8;2;5;16;18;17;20;28;34;39;0;33;40;50;57;48;58;55;64;63;61;71;72;0;No;No;No
8573;1;6;7;14;15;20;22;26;18;17;38;43;0;36;39;47;53;50;54;58;72;73;71;69;62;0;No;No;No
8574;2;11;10;9;15;20;23;16;28;29;43;44;0;42;38;47;46;50;55;56;71;74;72;73;66;0;No;No;No
8575;2;13;1;4;8;22;26;20;21;29;35;43;0;44;39;48;57;51;47;54;64;69;74;61;73;0;No;No;No
8576;13;3;11;5;12;21;16;17;25;20;36;38;0;42;34;55;49;48;57;54;67;71;63;68;65;0;No;No;No
8577;1;2;7;11;12;21;20;18;29;16;44;38;0;43;37;48;57;55;54;53;62;68;70;67;66;0;No;No;No
8578;3;13;15;11;1;16;28;25;27;18;44;41;0;38;42;46;59;50;49;52;63;71;64;61;62;0;No;No;No
8579;7;8;11;12;3;25;21;28;26;18;41;43;0;45;40;59;49;60;55;51;74;68;71;66;67;0;No;No;No
8580;7;13;14;9;5;19;28;17;23;24;39;38;0;32;41;60;54;57;50;47;71;74;70;61;69;0;No;No;No
8581;7;2;9;13;14;30;17;25;16;29;37;38;0;39;43;50;55;47;49;57;71;65;73;72;63;0;No;No;No
8582;13;10;15;2;8;19;25;22;21;27;38;37;0;31;42;55;57;53;60;54;62;66;65;69;70;0;No;No;No
8583;6;4;9;2;12;22;19;24;17;16;35;43;0;36;41;47;54;46;49;58;70;68;73;62;72;0;No;No;No
8584;2;3;9;6;1;28;18;21;24;23;45;36;0;33;35;53;51;46;52;49;73;63;71;74;64;0;No;No;No
8585;6;11;3;9;13;24;20;17;23;28;31;36;0;33;41;60;50;58;47;51;63;68;70;73;65;0;No;No;No
8586;13;2;4;12;10;20;29;23;19;28;38;34;0;41;37;53;49;58;57;59;72;64;69;63;74;0;No;No;No
8587;12;11;1;5;13;23;24;22;29;26;41;34;0;35;36;48;47;46;53;55;63;72;65;70;67;0;No;No;No
8588;5;12;11;9;10;16;18;26;30;29;43;35;0;33;36;52;54;51;48;49;62;68;61;72;66;0;No;No;No
8589;7;3;12;15;4;19;18;28;24;17;34;31;0;33;39;52;57;46;51;56;63;69;73;65;70;0;No;No;No
8590;8;5;11;7;4;28;29;22;26;20;43;31;0;44;37;47;55;53;49;56;61;64;66;68;71;0;No;No;No
8591;11;5;15;10;9;20;26;29;30;25;39;33;0;41;37;53;46;56;51;57;68;71;69;74;72;0;No;No;No
8592;10;7;1;6;14;25;21;26;24;17;32;31;0;42;39;59;60;53;49;55;71;62;70;61;72;0;No;No;No
8593;14;4;13;7;11;24;16;29;28;30;41;31;0;44;36;46;48;52;47;58;65;62;64;73;74;0;No;No;No
8594;5;3;14;10;12;23;28;20;21;26;34;41;0;42;31;51;49;53;46;52;74;64;73;68;72;0;No;No;No
8595;14;3;12;4;2;24;19;16;23;18;43;34;0;44;40;59;57;50;49;58;66;67;72;68;70;0;No;No;No
8596;10;5;13;8;4;27;26;18;23;30;33;39;0;34;31;53;51;55;48;59;64;73;71;63;70;0;No;No;No
8597;1;13;8;9;14;29;26;27;19;20;33;38;0;34;32;48;56;46;51;58;68;66;69;73;61;0;No;No;No
8598;12;8;2;3;10;29;26;28;21;18;36;34;0;33;37;46;51;50;59;53;75;65;68;67;64;0;No;No;No
8599;12;11;7;5;8;29;18;26;16;24;37;33;0;35;34;58;57;59;56;54;64;72;69;65;68;0;No;No;No
8600;12;13;4;5;8;25;22;20;27;19;40;43;0;37;44;46;53;56;51;55;64;72;69;71;74;0;No;No;No
8601;7;8;14;13;11;24;18;25;19;26;41;39;0;37;40;58;52;59;60;47;68;69;73;62;61;0;No;No;No
8602;1;9;11;10;13;25;30;16;23;24;34;38;0;44;42;52;59;46;53;55;64;73;70;61;72;0;No;No;No
8603;4;14;15;10;11;17;27;29;18;28;37;32;0;41;38;57;54;46;51;48;63;66;70;67;74;0;No;No;No
8604;15;12;1;14;4;17;27;28;20;24;41;31;0;33;37;46;56;52;57;54;75;68;66;70;73;0;No;No;No
8605;10;8;1;2;13;25;20;22;16;19;32;41;0;38;34;55;47;60;58;54;72;74;61;66;73;0;No;No;No
8606;14;1;7;10;5;25;28;24;29;18;38;34;0;40;31;47;57;60;48;50;71;63;68;75;72;0;No;No;No
8607;11;8;5;13;10;24;18;19;30;22;32;40;0;36;38;51;55;56;46;58;69;67;75;72;68;0;No;No;No
8608;13;2;3;14;4;22;19;17;16;21;39;35;0;34;32;56;50;48;46;60;65;74;70;64;63;0;No;No;No
8609;13;11;9;12;6;17;16;25;20;28;39;42;0;35;31;50;53;51;46;47;72;65;64;71;61;0;No;No;No
8610;7;3;1;6;9;20;21;30;26;23;33;43;0;34;38;56;46;58;53;49;74;70;71;75;73;0;No;No;No
8611;8;14;2;7;11;20;23;22;21;25;39;34;0;40;31;57;55;53;52;49;75;61;73;71;69;0;No;No;No
8612;15;10;8;11;6;19;21;16;27;18;39;35;0;34;33;54;58;53;60;46;72;67;70;73;66;0;No;No;No
8613;12;5;7;6;13;17;30;27;19;23;34;39;0;32;44;55;58;52;54;50;71;73;70;74;67;0;No;No;No
8614;13;3;11;1;6;16;23;30;17;21;33;32;0;31;34;59;57;55;49;54;71;62;64;67;70;0;No;No;No
8615;11;12;10;6;2;19;21;17;28;23;33;39;0;35;32;47;46;51;52;56;65;68;75;70;71;0;No;No;No
8616;2;7;14;8;11;23;29;19;26;16;45;37;0;34;43;47;58;56;53;46;71;75;65;67;66;0;No;No;No
8617;13;8;6;2;3;17;21;19;16;24;35;39;0;36;43;57;53;58;52;56;61;64;69;67;71;0;No;No;No
8618;1;9;4;12;5;29;30;17;26;19;32;40;0;43;37;60;59;56;49;54;72;73;66;71;65;0;No;No;No
8619;8;12;9;5;1;26;22;19;21;23;32;31;0;43;42;57;60;55;52;51;74;62;72;67;69;0;No;No;No
8620;1;14;4;12;3;27;17;20;25;30;32;36;0;35;34;46;49;58;48;59;66;68;73;71;74;0;No;No;No
8621;9;13;6;7;15;17;26;20;21;24;34;39;0;43;32;55;57;51;50;47;61;72;63;67;66;0;No;No;No
8622;12;2;7;15;6;19;21;27;24;17;44;32;0;39;42;52;46;54;57;56;61;65;73;64;66;0;No;No;No
8623;3;2;15;11;9;21;26;19;23;25;36;32;0;42;33;47;54;57;60;46;66;74;69;67;65;0;No;No;No
8624;3;7;10;8;14;28;29;18;26;23;44;41;0;43;35;56;49;48;57;55;73;72;61;75;74;0;No;No;No
8625;11;14;2;4;5;16;29;22;17;25;35;37;0;44;34;48;52;57;50;46;67;64;62;73;61;0;No;No;No
8626;6;10;1;12;11;16;25;27;24;17;36;41;0;33;40;46;53;48;60;59;69;74;66;61;67;0;No;No;No
8627;3;6;14;9;4;25;28;18;23;20;43;39;0;36;37;49;54;47;48;52;65;61;69;72;64;0;No;No;No
8628;9;12;10;2;15;24;29;21;27;20;45;35;0;41;32;59;47;57;58;51;64;71;63;74;70;0;No;No;No
8629;12;14;10;7;15;23;16;28;26;18;33;41;0;32;42;52;56;55;53;50;68;73;67;69;75;0;No;No;No
8630;14;4;5;12;3;28;21;19;20;23;44;39;0;42;32;56;59;47;54;53;73;68;74;63;67;0;No;No;No
8631;7;3;10;11;8;27;25;20;29;24;32;45;0;34;41;49;52;53;48;55;65;72;63;68;62;0;No;No;No
8632;6;1;14;7;13;18;20;23;29;27;37;35;0;36;31;60;57;58;55;48;64;61;71;63;69;0;No;No;No
8633;10;9;4;14;8;22;27;28;26;29;40;31;0;34;37;54;52;57;60;59;69;74;63;66;75;0;No;No;No
8634;1;11;4;5;9;28;29;25;22;26;36;41;0;33;40;48;51;59;54;58;74;64;71;65;70;0;No;No;No
8635;10;13;5;14;11;29;26;25;28;20;39;45;0;38;41;52;53;48;51;49;68;64;66;62;70;0;No;No;No
8636;4;3;6;7;11;17;24;29;26;30;44;38;0;32;42;50;53;55;60;48;69;63;68;74;64;0;No;No;No
8637;14;8;3;1;11;20;23;26;27;17;39;31;0;43;33;55;49;48;46;51;66;73;72;63;70;0;No;No;No
8638;4;2;11;7;8;23;17;25;19;27;34;36;0;31;44;52;55;54;49;58;69;62;66;75;68;0;No;No;No
8639;11;4;5;8;13;21;25;26;27;28;37;44;0;33;39;46;55;54;56;48;64;73;72;66;74;0;No;No;No
8640;14;7;1;13;11;16;29;17;30;23;32;37;0;31;33;59;55;52;57;50;74;64;68;71;66;0;No;No;No
8641;6;12;7;13;4;24;27;29;28;18;44;39;0;42;32;55;52;51;57;47;73;68;61;66;74;0;No;No;No
8642;14;10;2;11;8;24;30;22;19;28;32;42;0;31;33;53;57;58;55;51;68;66;70;62;71;0;No;No;No
8643;4;7;9;11;5;18;29;27;20;23;40;36;0;34;44;46;52;58;56;48;62;66;68;61;65;0;No;No;No
8644;3;7;6;5;13;29;22;17;19;20;45;35;0;37;36;54;50;48;46;52;71;63;68;64;70;0;No;No;No
8645;5;1;11;4;3;20;17;23;26;29;40;44;0;32;42;48;49;52;54;51;70;71;73;61;62;0;No;No;No
8646;7;14;15;9;13;19;20;17;26;21;33;38;0;31;45;49;46;47;59;55;67;65;71;61;70;0;No;No;No
8647;10;6;13;7;15;28;22;20;30;17;38;34;0;44;37;58;54;49;50;53;70;69;65;63;67;0;No;No;No
8648;10;1;14;4;2;19;20;26;27;22;37;43;0;33;36;54;50;48;46;59;67;68;75;69;74;0;No;No;No
8649;13;9;11;1;6;23;25;26;28;27;44;41;0;38;35;55;59;51;50;56;66;64;73;71;67;0;No;No;No
8650;2;15;3;5;13;23;26;28;27;20;39;36;0;33;31;52;57;58;54;50;72;65;62;69;70;0;No;No;No
8651;7;5;15;2;10;22;18;19;29;27;43;41;0;34;39;49;53;47;58;60;63;73;66;69;64;0;No;No;No
8652;5;4;2;9;1;21;20;29;28;24;31;36;0;37;33;57;47;51;58;54;69;63;67;74;71;0;No;No;No
8653;1;12;15;14;5;27;19;26;23;16;33;35;0;45;43;56;54;57;47;51;69;67;73;71;74;0;No;No;No
8654;12;1;8;2;11;28;19;27;29;25;44;45;0;38;37;59;48;49;53;50;65;70;67;69;63;0;No;No;No
8655;7;3;9;10;6;24;22;17;18;25;36;43;0;39;34;48;51;60;47;54;63;72;70;69;65;0;No;No;No
8656;10;13;6;4;7;22;29;24;30;19;39;37;0;40;32;53;51;48;58;56;74;73;68;62;61;0;No;No;No
8657;2;9;8;3;10;25;19;23;28;16;39;45;0;40;38;53;48;49;59;56;70;71;61;62;68;0;No;No;No
8658;11;13;3;10;8;20;26;23;25;16;40;43;0;37;42;54;48;51;55;52;64;68;71;74;72;0;No;No;No
8659;10;13;8;1;2;24;22;21;17;28;44;43;0;45;41;57;56;50;58;55;71;67;72;69;70;0;No;No;No
8660;12;10;4;1;7;16;28;25;19;30;35;43;0;34;41;60;48;47;53;56;71;68;72;64;63;0;No;No;No
8661;5;2;12;3;14;19;28;24;30;20;35;43;0;38;39;49;48;54;51;58;69;75;61;73;68;0;No;No;No
8662;4;8;1;14;11;29;22;17;24;30;34;33;0;37;40;54;55;49;59;53;70;72;71;69;73;0;No;No;No
8663;6;2;3;12;10;20;26;21;27;19;33;31;0;43;38;46;56;55;50;59;65;61;68;67;72;0;No;No;No
8664;2;4;7;10;3;20;22;18;23;24;34;38;0;45;35;57;59;58;53;49;64;67;68;63;71;0;No;No;No
8665;7;4;14;6;2;21;23;24;22;28;41;35;0;32;45;56;58;48;54;49;74;75;68;70;71;0;No;No;No
8666;9;7;13;1;2;23;24;27;25;18;38;40;0;42;33;46;58;56;57;47;73;65;68;64;72;0;No;No;No
8667;12;14;8;6;10;24;27;22;23;19;39;42;0;38;34;59;56;50;52;58;66;72;61;65;71;0;No;No;No
8668;12;6;7;1;8;18;26;17;20;19;36;34;0;35;40;53;51;57;48;50;69;64;71;65;73;0;No;No;No
8669;12;1;9;10;4;18;28;27;25;23;32;31;0;45;33;53;46;60;54;52;70;64;68;72;62;0;No;No;No
8670;7;9;11;3;10;17;16;19;28;25;36;31;0;40;38;52;60;47;46;51;75;67;61;66;71;0;No;No;No
8671;9;3;11;6;15;17;29;19;26;18;44;34;0;36;39;57;49;56;54;50;72;68;61;62;67;0;No;No;No
8672;12;6;5;7;8;27;21;23;22;29;33;31;0;32;41;53;47;59;50;57;65;61;75;72;69;0;No;No;No
8673;12;3;4;5;6;16;23;21;26;25;35;32;0;40;31;50;58;48;60;59;61;74;70;66;62;0;No;No;No
8674;3;4;6;10;5;25;16;26;29;22;43;33;0;41;42;57;56;51;50;59;70;73;71;67;65;0;No;No;No
8675;7;1;9;11;13;25;16;23;22;24;44;42;0;41;32;50;57;60;51;49;61;70;63;68;69;0;No;No;No
8676;9;11;4;8;13;24;17;25;20;26;44;37;0;35;38;48;53;58;52;46;68;62;67;73;64;0;No;No;No
8677;4;2;8;10;5;24;28;30;18;22;34;31;0;35;41;51;52;46;55;56;63;65;64;75;71;0;No;No;No
8678;1;12;11;2;6;23;30;22;18;25;42;33;0;36;43;57;48;59;47;50;70;67;72;62;73;0;No;No;No
8679;5;12;10;7;15;28;17;24;25;18;31;43;0;44;34;60;58;56;48;51;63;65;69;74;70;0;No;No;No
8680;8;11;7;4;13;21;20;25;19;22;40;43;0;31;44;51;49;50;46;56;69;64;63;61;72;0;No;No;No
8681;3;11;1;5;14;21;26;17;28;19;36;39;0;44;31;51;47;56;53;49;74;66;64;69;68;0;No;No;No
8682;12;10;15;5;11;25;22;20;23;24;44;43;0;41;40;48;49;53;46;52;64;70;71;68;67;0;No;No;No
8683;14;5;12;4;1;20;24;28;25;16;45;33;0;44;42;53;49;48;46;60;70;68;62;73;63;0;No;No;No
8684;10;5;9;14;15;18;21;24;23;25;35;41;0;39;44;53;46;58;52;48;67;64;68;72;75;0;No;No;No
8685;12;3;2;10;13;26;21;19;16;18;37;43;0;40;32;56;59;51;49;46;72;67;68;71;70;0;No;No;No
8686;14;10;6;4;1;23;28;20;17;29;44;40;0;32;31;53;52;51;46;59;72;69;64;61;67;0;No;No;No
8687;3;10;12;5;11;27;24;26;16;20;34;32;0;42;37;48;55;52;53;54;64;75;70;71;66;0;No;No;No
8688;4;8;7;3;11;27;17;16;25;18;37;34;0;33;31;56;53;47;51;60;72;70;66;71;62;0;No;No;No
8689;11;1;5;6;12;21;28;30;26;27;44;32;0;39;43;57;59;51;46;55;72;63;62;64;65;0;No;No;No
8690;12;11;1;14;10;16;28;23;18;19;31;43;0;41;40;47;56;53;52;50;70;65;61;62;72;0;No;No;No
8691;11;5;6;13;9;23;17;30;19;18;41;34;0;37;32;54;50;57;56;47;67;66;72;74;70;0;No;No;No
8692;6;10;11;1;3;17;21;27;25;29;42;31;0;37;36;48;52;50;47;59;62;63;67;64;61;0;No;No;No
8693;10;7;3;9;12;28;24;29;30;23;45;39;0;33;40;56;47;53;60;59;61;71;62;73;69;0;No;No;No
8694;9;1;13;11;4;16;18;27;28;24;39;45;0;38;33;46;51;54;57;56;73;65;66;72;64;0;No;No;No
8695;7;4;9;14;11;16;21;20;23;22;42;36;0;41;38;57;50;52;55;48;69;70;67;72;66;0;No;No;No
8696;6;13;14;3;2;21;20;19;18;28;41;36;0;42;37;55;53;58;60;49;62;70;67;73;68;0;No;No;No
8697;5;10;3;12;14;29;23;18;28;19;42;37;0;40;31;58;60;53;57;55;61;66;73;70;64;0;No;No;No
8698;1;7;12;2;4;16;19;28;20;18;36;43;0;45;37;55;57;50;59;48;65;68;75;62;67;0;No;No;No
8699;6;14;3;7;9;25;22;21;19;28;37;32;0;31;36;53;52;47;48;59;71;61;63;69;70;0;No;No;No
8700;7;4;11;12;15;16;29;26;22;24;37;33;0;42;39;50;56;47;48;53;71;68;67;61;63;0;No;No;No
8701;1;11;14;12;4;26;17;21;29;25;32;40;0;42;33;57;59;51;48;56;64;63;65;71;62;0;No;No;No
8702;7;3;13;2;12;17;25;26;28;30;44;40;0;33;35;52;46;57;50;59;70;74;67;62;66;0;No;No;No
8703;3;4;11;13;7;19;18;24;27;20;37;43;0;41;35;59;53;58;49;56;71;72;69;67;61;0;No;No;No
8704;12;5;2;4;1;21;25;18;19;23;32;36;0;42;44;48;49;51;52;53;74;68;72;65;64;0;No;No;No
8705;9;14;11;10;15;28;18;20;24;16;34;43;0;37;38;51;56;53;48;54;61;68;62;65;73;0;No;No;No
8706;3;6;5;13;11;20;18;23;16;27;39;33;0;43;32;57;54;52;46;50;71;69;61;74;63;0;No;No;No
8707;11;4;5;12;10;20;22;21;17;28;38;37;0;44;43;60;53;47;59;49;69;61;72;73;70;0;No;No;No
8708;14;5;9;13;1;18;26;16;20;27;42;32;0;35;38;60;50;52;58;57;75;70;63;62;68;0;No;No;No
8709;3;12;8;6;13;20;26;17;19;29;42;45;0;36;44;54;50;51;46;48;62;64;61;74;71;0;No;No;No
8710;8;2;15;6;5;22;25;19;23;27;44;33;0;40;31;58;57;53;47;48;65;68;62;64;61;0;No;No;No
8711;5;6;2;4;7;20;30;29;24;25;40;41;0;39;38;49;57;54;56;47;71;61;63;62;64;0;No;No;No
8712;1;4;3;9;5;25;22;24;21;20;39;38;0;33;35;49;51;55;46;47;66;67;68;62;63;0;No;No;No
8713;14;12;8;2;7;18;26;27;17;21;43;33;0;34;40;52;46;48;49;51;64;71;65;61;73;0;No;No;No
8714;9;13;12;8;3;28;23;22;30;21;37;43;0;39;38;54;60;58;47;52;66;70;61;63;75;0;No;No;No
8715;6;12;3;13;11;20;21;19;18;28;43;35;0;33;34;58;57;56;47;48;63;71;74;70;66;0;No;No;No
8716;14;1;7;10;15;16;23;29;19;27;43;41;0;39;34;60;50;53;57;48;63;72;69;61;70;0;No;No;No
8717;13;7;8;9;14;25;27;19;16;23;44;40;0;37;35;50;58;51;54;57;61;73;69;72;63;0;No;No;No
8718;3;11;14;10;6;19;26;29;24;16;36;40;0;41;44;55;51;50;57;56;64;68;70;63;65;0;No;No;No
8719;13;2;3;4;9;18;22;20;29;27;31;40;0;41;34;56;59;54;57;47;74;71;69;73;64;0;No;No;No
8720;13;9;2;6;14;21;30;25;28;18;41;37;0;44;35;54;55;57;59;50;65;73;72;70;66;0;No;No;No
8721;4;7;14;15;11;20;24;19;28;29;32;44;0;39;43;48;49;53;55;52;75;65;71;70;72;0;No;No;No
8722;14;6;4;2;7;26;17;16;21;18;38;40;0;44;32;57;50;53;48;56;62;69;67;75;61;0;No;No;No
8723;14;11;6;7;13;18;17;20;21;27;33;41;0;31;43;59;47;55;58;57;70;72;71;67;64;0;No;No;No
8724;5;4;10;2;3;23;19;22;25;21;41;35;0;31;40;46;57;53;54;51;74;70;65;63;67;0;No;No;No
8725;12;10;13;9;3;20;26;28;16;22;34;40;0;41;44;46;47;52;55;54;64;74;63;62;68;0;No;No;No
8726;8;13;6;2;1;16;29;22;24;20;37;42;0;44;34;56;46;47;50;60;70;68;67;61;71;0;No;No;No
8727;5;11;13;2;6;18;17;21;28;29;39;37;0;42;34;54;59;47;53;49;65;66;70;74;67;0;No;No;No
8728;7;15;12;1;3;24;23;16;27;26;39;32;0;40;38;59;56;47;60;55;63;67;65;71;68;0;No;No;No
8729;9;7;10;14;1;18;28;25;17;27;41;42;0;38;43;54;57;60;48;49;71;75;74;68;73;0;No;No;No
8730;10;13;14;6;1;25;19;27;17;29;31;45;0;38;42;52;46;53;58;50;65;63;66;68;75;0;No;No;No
8731;13;8;7;5;15;20;25;22;18;17;32;41;0;45;35;50;53;48;49;46;65;67;68;70;69;0;No;No;No
8732;3;15;5;9;10;16;18;17;20;24;41;34;0;38;42;46;56;48;59;53;74;62;71;73;67;0;No;No;No
8733;7;13;5;6;4;23;26;21;20;24;32;34;0;44;38;56;53;50;47;59;74;66;71;64;70;0;No;No;No
8734;4;7;10;14;6;29;27;28;22;19;36;35;0;38;43;46;54;49;56;47;74;71;63;64;65;0;No;No;No
8735;12;15;11;1;14;27;22;17;24;29;32;40;0;41;38;59;49;56;52;51;65;68;67;63;61;0;No;No;No
8736;14;13;7;10;8;27;29;16;17;25;38;36;0;33;41;52;58;47;50;59;63;62;65;72;64;0;No;No;No
8737;10;6;1;5;13;25;20;21;29;27;43;41;0;34;40;49;48;56;58;59;62;74;63;73;64;0;No;No;No
8738;7;1;13;2;9;30;28;26;20;22;39;33;0;38;36;53;51;59;52;56;63;64;72;73;70;0;No;No;No
8739;13;14;6;2;8;23;29;21;17;16;32;36;0;37;39;48;54;56;58;55;64;71;66;73;63;0;No;No;No
8740;7;12;1;2;14;24;23;17;29;25;32;40;0;42;31;47;57;58;59;50;74;72;68;70;61;0;No;No;No
8741;9;8;5;10;4;30;23;25;24;27;33;44;0;43;32;48;53;59;55;47;67;62;63;68;72;0;No;No;No
8742;11;13;6;12;8;18;28;26;25;23;45;32;0;31;41;59;49;54;57;51;66;63;67;71;68;0;No;No;No
8743;6;8;4;5;2;17;16;26;30;18;35;34;0;44;39;56;48;57;47;59;70;73;72;65;63;0;No;No;No
8744;5;4;1;8;14;27;17;26;18;23;40;44;0;42;39;47;51;48;56;50;71;62;68;64;65;0;No;No;No
8745;4;6;11;8;9;28;21;20;23;24;44;43;0;40;35;50;51;60;53;57;71;64;70;67;73;0;No;No;No
8746;7;14;8;1;9;21;29;22;20;30;35;39;0;36;32;53;50;55;59;52;74;66;71;68;72;0;No;No;No
8747;13;7;10;8;12;27;17;18;24;29;32;44;0;40;42;57;50;59;47;58;65;73;62;72;69;0;No;No;No
8748;5;11;6;8;4;29;20;23;16;17;40;38;0;41;31;52;60;50;56;59;64;73;62;68;67;0;No;No;No
8749;10;4;14;9;11;27;17;19;26;21;34;41;0;37;35;56;48;47;59;58;71;68;67;73;61;0;No;No;No
8750;1;8;5;3;13;30;26;16;29;19;35;31;0;42;37;48;53;54;55;52;67;63;66;73;72;0;No;No;No
8751;9;4;7;10;14;16;30;20;19;25;32;42;0;35;33;57;59;53;51;55;69;73;74;64;68;0;No;No;No
8752;14;6;10;4;8;28;20;16;19;17;37;41;0;43;33;55;49;56;53;59;61;63;65;74;67;0;No;No;No
8753;9;8;15;5;13;17;19;29;24;27;31;32;0;40;38;59;55;58;52;46;67;63;69;74;70;0;No;No;No
8754;11;12;10;1;2;17;29;27;24;21;31;42;0;36;34;46;58;51;54;49;72;66;67;73;69;0;No;No;No
8755;14;10;12;9;5;17;24;27;29;18;44;33;0;45;38;46;55;51;49;60;72;64;74;68;70;0;No;No;No
8756;11;10;9;12;6;17;29;24;16;27;39;40;0;37;44;58;55;53;47;51;71;73;64;62;68;0;No;No;No
8757;4;10;8;12;7;23;29;19;25;27;45;31;0;37;36;56;54;52;46;50;73;69;72;63;65;0;No;No;No
8758;13;4;14;7;5;20;28;24;29;22;43;42;0;31;39;53;54;60;49;50;64;66;62;75;68;0;No;No;No
8759;6;12;3;4;14;26;30;29;25;17;31;37;0;39;38;55;48;58;54;50;62;66;69;72;73;0;No;No;No
8760;9;14;12;1;8;22;17;18;27;26;34;35;0;41;36;54;55;47;60;52;67;64;71;73;65;0;No;No;No
8761;13;15;3;5;6;21;29;20;18;27;45;35;0;33;34;51;54;58;48;56;61;62;67;74;73;0;No;No;No
8762;9;4;12;2;5;21;20;30;18;19;45;41;0;31;38;50;59;47;58;56;62;73;71;63;65;0;No;No;No
8763;14;1;10;3;11;22;20;18;28;17;32;41;0;34;42;55;50;53;59;49;67;71;68;64;61;0;No;No;No
8764;4;1;5;15;14;18;19;27;20;17;34;38;0;33;32;49;59;54;51;53;68;72;70;61;69;0;No;No;No
8765;6;8;14;13;12;21;18;16;27;26;33;31;0;41;36;54;53;49;52;58;61;68;64;67;74;0;No;No;No
8766;9;3;4;7;6;18;26;27;28;16;42;36;0;41;31;48;54;60;47;57;73;70;71;61;64;0;No;No;No
8767;10;7;4;6;9;28;17;24;21;19;34;32;0;36;31;57;47;54;58;48;70;73;66;64;62;0;No;No;No
8768;13;12;1;11;8;23;19;26;17;30;44;41;0;31;38;52;53;57;46;59;66;63;70;69;72;0;No;No;No
8769;1;14;4;3;11;16;28;21;29;19;41;43;0;45;39;50;58;54;56;48;73;61;72;64;70;0;No;No;No
8770;4;10;7;1;11;18;23;22;16;27;37;41;0;39;42;56;55;57;46;48;70;73;62;74;68;0;No;No;No
8771;2;8;12;9;5;19;20;16;17;23;37;32;0;36;41;56;58;52;60;46;74;68;73;65;61;0;No;No;No
8772;5;14;3;6;13;29;23;20;27;21;36;41;0;45;33;57;48;54;46;55;70;61;66;65;73;0;No;No;No
8773;6;12;5;1;4;22;25;20;16;30;43;37;0;44;42;57;53;51;47;52;68;63;65;73;71;0;No;No;No
8774;12;15;2;4;3;20;17;21;22;16;34;36;0;44;33;59;58;57;46;50;68;70;67;62;65;0;No;No;No
8775;2;6;5;1;10;25;22;21;27;18;39;38;0;32;44;57;48;49;46;58;74;70;63;71;69;0;No;No;No
8776;13;10;14;3;6;26;23;18;17;22;40;31;0;43;42;49;55;53;47;56;66;67;69;71;65;0;No;No;No
8777;3;15;12;2;4;24;22;28;20;29;33;39;0;40;34;60;48;46;55;59;73;62;67;65;70;0;No;No;No
8778;1;5;9;2;11;21;16;29;18;25;40;43;0;44;31;48;59;46;58;56;62;73;72;71;69;0;No;No;No
8779;7;1;4;12;15;18;20;17;25;24;44;32;0;42;35;49;50;52;53;46;69;61;71;68;66;0;No;No;No
8780;14;10;3;5;9;22;24;18;21;17;31;38;0;42;41;50;53;46;57;58;61;64;74;72;62;0;No;No;No
8781;10;1;3;12;13;16;22;27;18;25;34;37;0;42;31;56;49;55;59;54;72;71;67;61;66;0;No;No;No
8782;4;14;5;10;8;27;26;21;25;28;40;39;0;41;34;49;51;47;48;60;73;64;66;65;69;0;No;No;No
8783;6;4;13;3;1;17;29;24;30;23;38;33;0;43;35;47;50;56;52;51;74;66;62;61;73;0;No;No;No
8784;3;2;6;9;8;20;19;27;21;17;45;32;0;37;39;57;47;51;53;55;72;70;74;66;69;0;No;No;No
8785;5;7;6;4;11;22;29;23;16;25;38;36;0;40;44;53;56;46;59;58;75;67;62;66;73;0;No;No;No
8786;10;7;9;8;4;19;22;21;23;18;43;32;0;33;34;53;55;51;46;52;70;73;62;68;61;0;No;No;No
8787;14;13;4;12;1;18;25;24;27;30;41;37;0;43;32;48;54;51;46;56;66;75;70;71;65;0;No;No;No
8788;11;8;5;1;2;23;27;26;19;25;32;43;0;44;36;47;56;50;57;52;67;62;66;61;74;0;No;No;No
8789;4;9;11;6;12;19;22;18;26;24;32;33;0;44;43;49;47;54;51;48;73;75;61;74;63;0;No;No;No
8790;2;13;6;4;10;25;19;24;21;29;43;45;0;33;41;59;57;48;56;58;71;61;73;74;72;0;No;No;No
8791;8;10;3;13;11;23;24;28;21;29;34;31;0;41;39;56;51;57;49;55;71;67;68;73;74;0;No;No;No
8792;5;6;14;3;9;19;26;21;16;27;31;37;0;44;40;60;46;59;52;53;73;65;67;63;64;0;No;No;No
8793;12;5;6;7;2;26;19;24;30;23;33;43;0;42;40;52;59;48;56;60;61;69;63;70;74;0;No;No;No
8794;4;9;3;12;11;19;26;16;18;20;36;33;0;42;40;59;55;56;47;58;73;61;69;74;68;0;No;No;No
8795;11;8;15;14;6;18;24;25;21;22;37;45;0;42;44;58;48;46;51;60;71;73;64;67;63;0;No;No;No
8796;1;11;4;12;14;28;21;24;23;22;36;35;0;39;40;57;53;46;49;50;67;69;71;72;61;0;No;No;No
8797;12;11;1;2;8;17;26;19;29;20;35;32;0;42;40;46;49;51;53;55;68;66;75;63;64;0;No;No;No
8798;6;12;14;8;7;24;20;28;25;22;42;36;0;41;33;53;54;52;46;57;73;75;62;72;64;0;No;No;No
8799;12;5;11;7;9;17;28;18;24;26;36;37;0;31;32;51;60;56;48;57;62;66;72;65;70;0;No;No;No
8800;4;15;6;8;5;21;24;27;19;30;42;45;0;37;39;47;46;48;51;52;66;72;74;62;71;0;No;No;No
8801;4;10;7;14;2;29;19;26;20;25;41;42;0;40;37;52;48;53;56;50;71;64;68;61;65;0;No;No;No
8802;2;1;6;11;5;22;26;17;29;28;31;42;0;44;39;58;49;57;48;52;74;67;65;63;72;0;No;No;No
8803;10;12;9;2;1;28;26;24;18;23;33;39;0;31;32;47;46;54;55;58;69;67;74;70;64;0;No;No;No
8804;3;11;12;6;7;28;25;23;18;16;40;31;0;38;32;57;58;50;48;49;73;72;67;63;64;0;No;No;No
8805;3;10;2;4;6;26;16;29;19;27;31;35;0;32;38;48;58;59;47;51;68;67;64;74;63;0;No;No;No
8806;9;15;2;12;11;25;21;22;29;23;35;32;0;36;41;52;57;56;58;47;62;71;70;66;73;0;No;No;No
8807;1;8;14;13;10;27;19;25;23;18;42;43;0;38;34;58;59;52;51;46;65;63;61;62;74;0;No;No;No
8808;3;12;7;5;4;17;25;18;21;26;33;32;0;37;31;55;48;52;49;59;75;69;65;70;66;0;No;No;No
8809;14;11;8;10;1;17;16;22;24;28;42;38;0;40;37;60;51;52;50;59;71;65;64;67;69;0;No;No;No
8810;10;1;12;3;7;24;19;28;17;26;43;44;0;38;37;60;46;55;56;57;71;73;66;62;70;0;No;No;No
8811;11;15;1;8;13;18;16;17;22;26;39;36;0;35;38;48;53;50;59;46;67;66;64;73;72;0;No;No;No
8812;1;14;7;9;10;26;18;27;17;24;41;31;0;35;42;53;54;60;57;59;69;68;64;63;74;0;No;No;No
8813;6;13;2;3;9;20;18;27;25;21;41;35;0;38;37;51;47;55;54;56;63;74;75;67;65;0;No;No;No
8814;7;6;4;2;13;24;26;16;29;25;34;32;0;42;35;60;58;57;46;50;75;65;70;74;61;0;No;No;No
8815;6;10;2;9;5;17;22;18;25;27;44;42;0;43;33;51;57;52;58;50;63;67;75;68;71;0;No;No;No
8816;1;3;12;4;10;21;28;20;16;24;45;43;0;38;44;50;56;55;58;59;64;71;61;74;73;0;No;No;No
8817;5;8;14;11;12;19;28;23;24;20;36;35;0;40;41;53;56;52;54;48;68;72;74;62;73;0;No;No;No
8818;9;6;2;12;4;29;22;25;28;23;39;35;0;43;44;56;59;58;49;51;70;71;73;65;61;0;No;No;No
8819;10;12;8;2;1;16;27;29;23;28;44;40;0;35;43;52;55;57;51;56;62;65;69;66;71;0;No;No;No
8820;10;2;8;7;15;30;25;28;22;16;36;41;0;42;33;48;56;47;51;58;66;71;73;62;61;0;No;No;No
8821;13;9;3;12;4;17;29;19;21;23;44;38;0;33;34;54;49;50;51;53;62;67;64;71;63;0;No;No;No
8822;2;4;12;13;10;21;24;29;20;26;35;41;0;42;38;60;50;55;53;49;62;65;74;66;61;0;No;No;No
8823;3;2;4;6;8;29;21;20;22;23;39;32;0;38;43;47;58;55;53;49;72;63;62;61;69;0;No;No;No
8824;12;15;13;10;9;25;26;20;22;16;41;36;0;40;43;55;46;52;47;51;69;65;67;68;64;0;No;No;No
8825;14;4;12;5;10;30;17;21;16;20;37;35;0;34;36;48;47;51;55;58;65;71;63;68;61;0;No;No;No
8826;14;13;2;3;1;24;27;29;22;16;36;44;0;41;39;50;60;51;48;54;67;62;75;69;66;0;No;No;No
8827;5;13;11;9;10;25;27;29;23;19;41;33;0;44;43;52;50;54;60;48;71;64;66;72;74;0;No;No;No
8828;4;13;9;8;2;22;24;19;21;26;37;43;0;33;34;59;46;51;47;50;73;63;68;67;71;0;No;No;No
8829;12;1;8;2;10;29;27;20;28;16;35;36;0;42;37;59;55;53;51;54;73;71;70;69;61;0;No;No;No
8830;14;6;5;10;9;29;21;26;25;17;33;37;0;34;32;52;48;60;58;57;73;62;65;74;70;0;No;No;No
8831;7;13;10;12;4;26;28;24;29;30;44;40;0;34;37;47;60;52;50;59;61;66;62;70;65;0;No;No;No
8832;9;12;15;11;14;25;26;27;17;30;32;42;0;45;39;48;55;56;51;54;73;62;71;70;63;0;No;No;No
8833;4;10;9;8;11;26;29;28;22;25;42;34;0;33;31;54;53;56;50;57;61;63;65;70;69;0;No;No;No
8834;10;2;15;12;7;27;18;26;23;22;44;41;0;39;37;56;53;58;49;50;62;67;64;65;61;0;No;No;No
8835;5;8;4;13;9;29;30;17;21;25;35;32;0;41;40;57;46;49;54;59;71;73;67;72;68;0;No;No;No
8836;11;6;14;5;10;24;28;22;26;17;34;38;0;44;32;59;48;46;54;53;63;72;73;65;71;0;No;No;No
8837;3;6;2;9;11;25;20;26;27;18;32;44;0;33;35;46;48;52;53;50;67;73;72;74;70;0;No;No;No
8838;12;6;10;14;8;24;23;28;29;22;38;40;0;36;37;59;53;56;52;54;69;64;74;73;62;0;No;No;No
8839;10;1;14;3;12;29;27;26;25;18;32;34;0;36;33;55;46;56;47;54;71;69;73;61;64;0;No;No;No
8840;12;4;14;7;13;30;17;23;21;19;37;41;0;40;32;49;47;50;59;56;74;70;65;61;75;0;No;No;No
8841;3;10;7;8;15;26;22;20;24;18;33;37;0;35;34;52;60;46;48;50;67;66;69;70;68;0;No;No;No
8842;1;8;11;12;4;16;17;24;23;20;41;44;0;43;40;50;51;56;59;55;66;68;72;74;71;0;No;No;No
8843;2;13;1;14;9;18;24;25;19;20;37;31;0;42;43;50;55;46;57;48;73;65;71;69;72;0;No;No;No
8844;14;8;13;6;11;17;25;21;20;23;38;45;0;44;34;51;47;60;46;56;72;66;74;63;62;0;No;No;No
8845;2;1;7;4;12;27;18;22;28;16;39;44;0;33;40;58;52;59;53;49;65;68;74;61;70;0;No;No;No
8846;13;10;3;2;8;29;18;21;27;28;45;33;0;40;41;48;50;56;53;54;74;64;73;71;68;0;No;No;No
8847;6;5;1;12;13;19;27;17;23;24;44;32;0;34;37;48;53;50;59;57;63;74;73;66;71;0;No;No;No
8848;3;5;10;11;1;24;30;25;22;19;44;36;0;31;33;60;46;57;47;48;70;68;69;71;63;0;No;No;No
8849;5;3;12;4;2;28;17;24;22;19;40;42;0;44;32;51;56;50;57;49;63;64;68;72;73;0;No;No;No
8850;6;4;3;13;5;20;28;23;25;22;43;37;0;39;38;46;48;53;59;52;71;75;67;61;65;0;No;No;No
8851;8;9;3;7;13;18;22;30;24;21;45;35;0;37;38;55;54;56;57;58;61;74;71;63;67;0;No;No;No
8852;9;1;13;5;15;30;27;16;21;29;34;40;0;31;37;55;50;56;47;54;62;70;61;66;75;0;No;No;No
8853;11;13;8;4;14;17;20;21;16;28;40;35;0;44;32;54;50;56;52;57;68;69;71;70;61;0;No;No;No
8854;10;11;3;8;14;19;21;28;17;30;41;31;0;35;40;47;55;46;53;49;68;62;73;72;74;0;No;No;No
8855;14;13;1;12;8;25;22;21;19;26;40;45;0;35;44;51;56;60;58;50;67;75;68;61;69;0;No;No;No
8856;3;10;12;8;11;17;21;23;16;29;38;41;0;34;44;53;48;51;47;49;67;72;66;62;68;0;No;No;No
8857;8;4;15;5;6;23;28;17;18;20;36;33;0;31;37;58;55;59;53;51;71;67;74;61;70;0;No;No;No
8858;8;14;12;2;13;27;29;23;16;26;31;33;0;41;42;49;56;47;57;53;65;69;68;61;73;0;No;No;No
8859;13;11;1;9;12;29;20;25;24;26;31;37;0;36;34;56;57;58;52;49;73;74;70;69;63;0;No;No;No
8860;2;1;5;14;12;17;29;21;25;28;45;44;0;35;40;53;49;48;58;60;63;69;72;62;74;0;No;No;No
8861;6;14;3;2;13;17;29;24;22;27;33;39;0;43;38;46;51;48;60;57;75;65;64;69;62;0;No;No;No
8862;7;6;14;10;4;20;16;27;30;23;41;36;0;40;37;56;49;53;50;46;68;62;69;63;71;0;No;No;No
8863;6;13;4;12;5;26;27;17;18;22;42;34;0;33;36;47;56;57;54;58;61;68;69;65;70;0;No;No;No
8864;4;9;12;13;6;25;17;20;24;16;35;41;0;31;33;58;48;50;52;47;64;68;63;71;70;0;No;No;No
8865;14;15;13;9;11;25;27;17;20;19;35;43;0;32;44;54;56;52;60;51;68;67;75;73;65;0;No;No;No
8866;14;1;10;9;8;25;20;18;19;22;41;43;0;35;36;51;49;56;48;59;66;68;71;64;74;0;No;No;No
8867;7;10;2;1;8;30;24;22;16;26;39;35;0;43;41;52;57;51;46;53;62;64;70;71;61;0;No;No;No
8868;12;4;3;10;5;28;27;20;29;23;44;43;0;38;41;50;46;56;54;53;71;65;68;73;64;0;No;No;No
8869;13;7;5;4;6;16;25;28;22;18;38;31;0;35;36;53;51;54;57;55;72;61;67;71;74;0;No;No;No
8870;9;1;3;6;4;16;28;20;25;24;43;42;0;35;44;60;50;48;51;59;68;72;67;73;63;0;No;No;No
8871;6;1;7;2;5;16;27;21;18;19;33;36;0;31;35;53;54;52;59;49;73;66;65;70;75;0;No;No;No
8872;1;9;15;11;10;21;18;17;24;20;36;41;0;38;39;49;55;52;59;57;61;66;73;63;65;0;No;No;No
8873;5;2;9;12;1;23;20;22;24;25;43;41;0;39;31;48;50;59;54;58;73;65;63;70;72;0;No;No;No
8874;4;5;9;15;8;23;24;19;28;17;40;41;0;42;34;46;59;50;53;47;66;73;67;70;62;0;No;No;No
8875;11;9;5;14;8;26;23;20;18;28;36;43;0;40;39;55;59;51;46;58;65;64;63;68;66;0;No;No;No
8876;5;7;11;9;12;23;27;29;28;20;38;42;0;41;34;50;53;58;49;51;65;72;70;74;68;0;No;No;No
8877;13;1;10;8;11;17;18;26;29;20;34;43;0;40;36;59;53;57;51;54;64;65;66;73;72;0;No;No;No
8878;6;13;1;8;12;28;27;29;24;22;44;45;0;40;36;57;49;50;59;47;63;74;67;69;64;0;No;No;No
8879;15;14;9;3;1;25;27;19;20;16;31;36;0;40;34;48;51;46;55;49;68;63;73;66;64;0;No;No;No
8880;8;4;2;6;5;28;29;21;22;19;31;34;0;35;40;55;49;50;47;48;75;74;63;71;69;0;No;No;No
8881;8;4;1;2;11;28;29;20;26;22;45;44;0;31;40;51;53;59;46;56;74;65;69;72;61;0;No;No;No
8882;3;6;2;4;13;20;22;26;28;21;44;42;0;40;37;54;47;58;52;56;64;73;69;70;62;0;No;No;No
8883;9;7;1;6;8;21;17;29;16;20;35;44;0;38;41;49;48;53;56;52;65;62;74;68;63;0;No;No;No
8884;9;14;6;5;1;17;18;26;27;29;43;33;0;35;44;53;46;50;55;57;66;74;64;72;61;0;No;No;No
8885;4;3;10;14;7;27;26;25;19;16;40;38;0;35;42;58;54;55;51;46;68;69;74;62;61;0;No;No;No
8886;6;2;5;15;14;24;29;17;25;20;31;44;0;35;34;51;46;52;47;49;64;63;74;72;67;0;No;No;No
8887;11;7;13;5;10;18;22;27;24;28;36;38;0;32;33;56;51;58;57;53;70;64;75;65;68;0;No;No;No
8888;14;13;9;4;5;27;29;26;16;18;43;44;0;45;34;51;55;49;48;52;69;66;61;64;68;0;No;No;No
8889;11;9;8;5;13;22;25;21;18;28;36;42;0;35;39;51;59;48;50;47;65;70;62;66;63;0;No;No;No
8890;8;4;6;1;3;30;25;21;23;19;35;32;0;36;34;51;49;59;57;60;66;64;65;67;69;0;No;No;No
8891;12;15;10;5;1;20;30;23;22;17;43;37;0;34;39;51;55;56;47;49;65;70;73;68;72;0;No;No;No
8892;9;11;4;5;15;27;24;22;23;30;33;34;0;37;40;60;59;56;58;46;74;61;63;68;67;0;No;No;No
8893;2;5;14;6;1;29;20;26;27;18;33;41;0;39;37;57;46;53;50;55;66;65;61;67;71;0;No;No;No
8894;11;4;1;15;9;27;22;24;21;26;32;43;0;44;36;53;57;47;56;58;72;63;75;65;73;0;No;No;No
8895;10;14;13;9;2;16;20;28;19;23;38;32;0;41;36;52;49;47;60;48;61;68;62;66;70;0;No;No;No
8896;3;5;9;8;15;28;18;30;23;24;45;42;0;44;37;52;49;60;57;55;71;74;73;64;68;0;No;No;No
8897;10;5;4;9;6;27;28;24;20;29;44;41;0;42;37;49;52;50;47;48;72;69;74;66;63;0;No;No;No
8898;15;3;12;4;1;24;16;21;25;22;38;40;0;31;35;49;55;56;50;47;68;74;70;64;71;0;No;No;No
8899;5;14;1;8;15;23;28;30;19;17;33;31;0;36;35;54;51;52;49;56;73;63;65;72;74;0;No;No;No
8900;14;5;11;9;4;24;18;29;19;22;38;31;0;36;42;57;58;48;47;55;62;70;69;71;66;0;No;No;No
8901;1;12;8;7;11;23;25;20;17;29;38;39;0;34;44;49;56;54;46;51;67;65;69;73;70;0;No;No;No
8902;1;6;9;4;11;28;16;26;27;20;42;44;0;43;41;58;57;55;56;53;63;64;70;62;71;0;No;No;No
8903;5;11;10;2;1;18;26;23;28;27;34;36;0;40;39;55;58;56;60;57;75;68;72;66;61;0;No;No;No
8904;10;3;2;4;14;27;29;17;16;26;43;31;0;34;36;53;46;56;55;47;61;75;63;64;69;0;No;No;No
8905;7;10;11;3;1;22;26;19;20;18;31;40;0;37;34;58;59;50;48;47;62;73;66;72;65;0;No;No;No
8906;6;10;12;14;8;20;22;29;26;18;33;35;0;42;31;52;57;50;59;54;69;62;75;66;64;0;No;No;No
8907;9;14;8;10;7;23;28;26;16;27;41;37;0;39;43;47;52;59;54;50;62;73;65;69;61;0;No;No;No
8908;1;15;12;4;6;18;24;23;26;21;34;39;0;31;43;58;48;50;55;57;61;73;70;65;63;0;No;No;No
8909;1;11;3;6;2;24;22;21;17;16;32;31;0;41;33;56;51;46;55;52;69;65;66;67;71;0;No;No;No
8910;2;4;11;10;12;24;19;16;20;17;38;35;0;39;32;48;60;50;57;55;64;63;67;75;69;0;No;No;No
8911;8;14;7;2;12;28;29;24;19;27;34;38;0;36;45;56;58;55;51;46;65;73;66;71;69;0;No;No;No
8912;8;10;5;13;1;22;25;18;26;16;33;40;0;43;37;55;52;57;47;60;68;65;67;61;74;0;No;No;No
8913;1;3;11;10;12;24;18;25;19;17;40;42;0;34;35;51;47;52;46;58;61;70;71;74;64;0;No;No;No
8914;4;9;13;8;7;19;24;21;26;16;40;35;0;42;34;52;51;57;58;48;65;64;61;66;70;0;No;No;No
8915;1;14;2;5;4;27;22;29;26;19;32;39;0;43;41;50;55;59;58;49;68;64;67;63;69;0;No;No;No
8916;7;14;1;11;6;18;29;28;20;27;45;37;0;38;35;60;58;48;56;57;72;71;73;67;66;0;No;No;No
8917;2;4;10;3;14;19;28;18;24;26;34;42;0;36;33;58;46;53;47;60;67;70;73;63;72;0;No;No;No
8918;3;9;1;14;7;23;20;18;17;28;33;43;0;37;35;53;48;58;49;59;70;74;63;72;62;0;No;No;No
8919;6;7;9;10;15;18;20;24;26;16;35;41;0;32;31;48;49;46;52;50;65;62;66;68;72;0;No;No;No
8920;2;11;12;9;13;17;19;28;25;29;34;40;0;38;32;55;60;47;48;49;61;66;74;68;70;0;No;No;No
8921;14;3;8;2;7;16;30;17;18;22;31;43;0;34;40;59;49;51;55;48;69;67;68;61;65;0;No;No;No
8922;2;13;7;6;8;28;23;26;25;24;42;45;0;34;32;59;46;58;50;51;70;64;73;62;75;0;No;No;No
8923;14;1;5;9;3;17;16;27;25;26;44;31;0;35;38;53;52;46;50;47;71;69;74;70;65;0;No;No;No
8924;6;2;3;9;8;20;16;24;29;18;35;43;0;33;38;47;52;49;55;48;62;71;65;64;66;0;No;No;No
8925;11;8;15;3;1;24;25;23;19;26;43;35;0;39;34;48;47;51;60;54;65;74;66;70;63;0;No;No;No
8926;11;6;10;3;13;19;20;26;23;29;33;31;0;42;37;55;49;48;46;58;62;67;65;71;66;0;No;No;No
8927;8;15;9;11;12;17;27;18;29;24;33;38;0;35;40;59;49;57;53;58;63;62;71;74;67;0;No;No;No
8928;9;1;2;8;14;18;28;22;27;19;34;35;0;43;32;59;57;55;58;50;71;75;62;64;73;0;No;No;No
8929;1;11;10;12;4;25;16;20;24;26;32;45;0;34;43;52;51;60;50;59;75;65;61;74;71;0;No;No;No
8930;12;3;7;9;11;29;28;22;20;23;38;39;0;41;40;48;51;58;59;49;63;61;64;74;75;0;No;No;No
8931;7;5;11;4;13;27;18;28;30;21;36;44;0;38;31;56;55;59;53;46;67;66;69;63;72;0;No;No;No
8932;15;7;11;10;2;24;18;26;25;27;37;31;0;32;39;52;56;51;47;54;66;69;75;72;73;0;No;No;No
8933;15;10;5;11;7;28;24;25;30;26;35;34;0;31;42;52;49;57;54;51;67;72;70;62;63;0;No;No;No
8934;4;1;2;7;6;21;26;25;29;28;35;44;0;40;38;49;50;55;46;48;71;67;65;68;72;0;No;No;No
8935;10;6;8;13;12;21;16;20;25;24;40;35;0;31;39;60;51;59;57;58;64;65;67;61;66;0;No;No;No
8936;10;14;8;15;3;29;16;25;21;19;33;31;0;34;37;49;54;59;56;47;67;72;66;70;62;0;No;No;No
8937;6;9;14;4;13;20;22;29;30;23;43;44;0;34;32;51;47;52;48;54;74;69;73;72;67;0;No;No;No
8938;13;2;6;8;3;26;17;29;28;22;44;39;0;34;38;58;53;54;47;55;74;67;70;62;61;0;No;No;No
8939;13;9;3;4;14;25;30;26;17;18;39;36;0;32;33;46;55;50;56;54;73;68;70;72;71;0;No;No;No
8940;13;3;14;7;4;18;27;21;24;25;38;41;0;39;42;49;53;46;50;56;64;72;68;69;70;0;No;No;No
8941;14;2;3;6;9;22;23;17;25;29;38;45;0;32;36;51;56;59;48;52;69;67;63;68;64;0;No;No;No
8942;7;10;13;1;2;29;28;24;22;16;42;40;0;41;32;55;46;54;51;47;72;64;71;67;73;0;No;No;No
8943;5;14;15;1;7;29;22;18;30;17;42;36;0;45;41;50;53;58;52;49;72;61;64;75;66;0;No;No;No
8944;13;6;11;2;5;19;20;27;30;24;35;42;0;39;33;58;53;54;55;52;74;72;61;62;68;0;No;No;No
8945;1;3;11;15;14;16;25;27;29;18;31;41;0;33;43;47;46;51;55;56;70;67;62;73;61;0;No;No;No
8946;14;4;13;5;12;18;26;28;21;22;34;41;0;44;36;58;59;55;49;53;73;70;67;61;66;0;No;No;No
8947;10;12;5;9;4;19;26;23;22;25;36;44;0;35;41;57;53;55;49;50;65;61;62;72;67;0;No;No;No
8948;13;2;6;7;14;28;27;26;22;29;40;33;0;38;43;52;55;47;59;46;65;63;62;67;64;0;No;No;No
8949;7;10;8;3;12;16;17;29;25;23;35;39;0;31;41;50;54;46;58;59;73;71;72;70;66;0;No;No;No
8950;13;9;10;2;3;24;17;28;26;21;44;42;0;37;31;47;60;55;51;59;67;66;71;68;61;0;No;No;No
8951;13;5;9;14;1;18;20;24;30;27;36;44;0;37;43;57;52;54;46;51;72;63;65;62;66;0;No;No;No
8952;5;4;11;9;3;20;29;16;19;18;41;43;0;40;38;46;48;59;57;52;74;71;70;67;72;0;No;No;No
8953;2;11;7;12;10;19;28;21;27;25;39;37;0;32;35;58;57;56;59;52;73;70;71;64;67;0;No;No;No
8954;15;13;1;5;10;26;30;21;20;27;31;32;0;36;38;47;59;54;57;46;69;73;62;74;65;0;No;No;No
8955;11;13;8;10;4;21;30;29;24;27;37;38;0;36;33;57;50;54;48;52;75;74;71;70;64;0;No;No;No
8956;2;10;7;12;5;19;28;30;21;18;42;43;0;33;39;49;56;46;51;54;61;63;75;65;73;0;No;No;No
8957;15;2;10;4;12;20;24;21;26;18;31;40;0;34;37;49;48;46;50;47;64;73;61;75;68;0;No;No;No
8958;8;11;7;12;3;29;16;22;17;26;35;41;0;36;42;47;52;46;48;58;73;69;72;67;75;0;No;No;No
8959;5;4;9;12;1;25;22;24;29;26;33;34;0;31;44;57;49;60;56;55;63;72;73;67;64;0;No;No;No
8960;12;11;13;6;14;23;29;24;26;25;39;37;0;42;43;51;59;52;46;49;67;66;70;68;72;0;No;No;No
8961;5;13;9;4;10;16;20;22;25;23;32;37;0;34;36;56;60;48;54;59;70;65;71;72;68;0;No;No;No
8962;6;15;3;11;9;26;22;16;25;28;36;34;0;45;39;51;52;54;59;48;69;72;64;61;62;0;No;No;No
8963;9;14;2;8;6;22;23;24;25;16;36;40;0;45;31;48;59;57;47;54;75;70;68;69;64;0;No;No;No
8964;8;2;5;7;9;24;19;16;27;21;39;35;0;33;34;59;48;55;54;51;72;66;63;67;69;0;No;No;No
8965;4;10;13;12;7;29;22;16;27;24;39;34;0;38;41;58;56;51;60;52;67;75;66;63;70;0;No;No;No
8966;6;2;10;13;14;29;25;26;19;18;43;35;0;38;34;50;52;54;55;49;75;72;74;63;65;0;No;No;No
8967;7;11;5;3;9;22;19;28;24;21;40;35;0;33;36;46;53;52;54;49;70;65;75;62;71;0;No;No;No
8968;14;6;12;9;2;18;29;20;17;22;36;45;0;44;37;50;48;53;55;56;74;66;65;68;64;0;No;No;No
8969;7;5;9;10;14;26;24;25;23;18;40;33;0;37;31;53;57;48;58;55;71;65;67;74;61;0;No;No;No
8970;13;8;6;5;9;19;21;16;25;30;42;40;0;32;36;49;58;53;47;59;71;73;66;67;75;0;No;No;No
8971;14;7;2;6;4;19;22;21;25;23;44;31;0;40;37;46;50;47;52;60;73;66;70;74;75;0;No;No;No
8972;10;12;3;1;2;25;26;23;20;27;38;33;0;42;44;47;55;51;59;57;62;65;66;64;70;0;No;No;No
8973;10;5;9;8;4;20;19;29;21;22;32;41;0;38;36;52;59;58;50;55;70;69;66;73;68;0;No;No;No
8974;2;6;9;14;10;24;22;30;21;23;41;31;0;32;33;47;51;58;56;46;72;70;61;66;75;0;No;No;No
8975;9;7;5;6;11;28;18;21;17;30;34;35;0;43;38;53;57;60;58;49;61;62;66;75;74;0;No;No;No
8976;2;13;7;11;9;29;25;19;23;17;31;39;0;34;33;55;57;52;58;54;73;64;71;74;72;0;No;No;No
8977;8;10;7;4;11;23;24;20;19;22;31;32;0;34;39;53;56;52;51;59;66;67;70;73;63;0;No;No;No
8978;4;2;10;14;11;23;16;22;17;26;39;36;0;41;43;48;57;51;52;56;72;69;73;61;64;0;No;No;No
8979;15;5;12;9;2;27;24;22;28;30;32;43;0;38;33;48;51;57;55;52;64;69;61;70;74;0;No;No;No
8980;7;15;10;12;3;28;25;21;26;20;31;33;0;32;38;49;51;54;56;52;72;73;71;74;63;0;No;No;No
8981;2;8;14;12;5;20;29;25;24;27;32;44;0;38;37;53;49;48;47;59;72;71;67;66;62;0;No;No;No
8982;4;11;14;10;13;24;29;30;23;22;34;37;0;35;41;59;50;57;58;49;72;74;67;62;73;0;No;No;No
8983;4;7;9;1;10;17;28;27;21;22;36;40;0;35;44;59;52;54;47;56;69;73;72;65;61;0;No;No;No
8984;14;11;1;2;4;16;23;18;19;20;31;44;0;32;39;59;47;60;52;48;61;73;74;63;65;0;No;No;No
8985;13;11;7;9;3;25;26;19;24;29;41;44;0;32;35;59;55;53;56;51;63;73;74;64;62;0;No;No;No
8986;15;6;7;5;9;26;28;20;19;29;35;33;0;37;34;48;55;54;47;49;74;70;67;69;73;0;No;No;No
8987;14;10;6;8;11;19;29;28;21;22;37;31;0;42;41;50;60;46;53;51;69;63;70;72;65;0;No;No;No
8988;9;12;8;15;13;28;26;23;25;19;43;34;0;31;42;49;55;51;46;53;68;64;73;65;74;0;No;No;No
8989;13;12;1;5;14;26;28;18;16;29;38;33;0;32;35;58;47;46;50;53;63;71;66;64;73;0;No;No;No
8990;7;4;9;6;1;19;27;20;26;18;40;42;0;32;37;58;54;60;52;53;71;70;64;63;61;0;No;No;No
8991;13;9;3;5;2;16;22;23;24;27;31;38;0;33;40;51;59;54;47;58;69;66;61;73;74;0;No;No;No
8992;3;5;14;4;6;19;25;16;26;22;34;45;0;44;38;51;49;55;58;56;72;73;61;67;69;0;No;No;No
8993;4;9;1;12;6;16;23;18;26;25;34;33;0;44;38;48;53;56;46;51;71;73;65;66;67;0;No;No;No
8994;11;9;7;14;3;21;24;28;23;26;35;31;0;39;41;49;58;55;48;59;67;65;66;63;62;0;No;No;No
8995;6;11;4;14;7;24;17;30;22;27;42;41;0;34;31;57;56;50;51;58;69;72;67;64;63;0;No;No;No
8996;5;6;1;4;14;16;24;26;30;18;32;39;0;44;45;51;58;46;60;47;68;73;66;74;62;0;No;No;No
8997;3;8;1;2;15;20;18;30;26;27;35;32;0;44;37;54;55;57;51;59;70;69;64;65;71;0;No;No;No
8998;6;12;2;5;15;20;28;22;25;18;42;40;0;33;34;50;59;48;57;52;72;62;75;69;71;0;No;No;No
8999;7;12;3;6;13;17;19;28;30;22;31;38;0;44;37;48;54;56;59;58;74;62;63;73;65;0;No;No;No
9000;13;12;10;3;7;24;22;20;17;28;44;33;0;34;39;52;59;48;49;47;62;64;73;70;69;0;No;No;No
9001;14;12;13;9;3;30;24;25;21;23;36;39;0;32;38;58;50;49;57;56;63;69;71;64;74;0;No;No;No
9002;4;7;2;15;13;24;23;25;22;16;33;38;0;42;44;52;47;50;55;57;62;65;75;73;74;0;No;No;No
9003;2;14;12;1;15;22;28;29;21;17;32;43;0;38;42;47;51;56;46;58;70;71;67;61;74;0;No;No;No
9004;1;7;9;13;8;26;22;17;16;24;34;33;0;36;38;54;56;46;47;57;68;70;75;66;64;0;No;No;No
9005;1;10;14;4;15;28;26;24;21;25;31;37;0;36;34;55;47;49;52;46;72;64;73;74;68;0;No;No;No
9006;8;9;4;12;3;20;16;27;25;17;41;38;0;37;39;46;58;52;57;48;72;63;67;65;73;0;No;No;No
9007;12;6;14;3;9;18;29;26;23;20;38;32;0;36;39;58;55;49;56;47;74;70;68;72;73;0;No;No;No
9008;2;14;1;5;4;22;30;18;29;24;44;32;0;33;36;56;58;53;49;46;61;72;73;65;70;0;No;No;No
9009;5;8;6;15;12;20;18;24;21;16;40;39;0;34;41;52;48;57;46;56;74;64;73;71;62;0;No;No;No
9010;1;13;11;14;6;24;29;16;23;22;35;39;0;41;33;54;52;51;55;58;73;67;64;74;71;0;No;No;No
9011;7;5;14;3;8;26;22;24;30;27;36;31;0;35;45;53;48;49;59;60;66;65;74;70;73;0;No;No;No
9012;7;12;10;8;11;26;19;28;24;20;44;32;0;39;40;49;54;50;58;46;63;75;69;71;74;0;No;No;No
9013;13;3;9;4;14;16;21;18;23;25;37;40;0;32;42;57;50;54;59;48;73;61;72;63;68;0;No;No;No
9014;11;12;3;1;9;20;26;23;21;29;33;44;0;34;39;55;59;47;52;50;71;62;67;61;70;0;No;No;No
9015;1;15;9;14;7;24;18;22;26;17;37;35;0;44;31;52;55;53;48;46;68;70;74;61;72;0;No;No;No
9016;9;1;15;14;11;18;17;19;27;21;34;37;0;38;41;52;57;51;55;46;65;67;71;66;62;0;No;No;No
9017;7;9;14;6;12;16;27;26;25;29;36;34;0;44;37;51;52;46;58;54;63;62;67;69;66;0;No;No;No
9018;10;11;13;7;14;24;23;18;28;26;43;31;0;44;36;60;53;51;52;48;61;63;62;67;73;0;No;No;No
9019;13;1;2;12;11;17;24;21;27;25;43;40;0;34;31;46;49;56;57;59;67;64;74;71;62;0;No;No;No
9020;8;11;2;4;7;26;22;19;20;25;32;39;0;38;44;57;60;49;48;52;72;71;62;69;67;0;No;No;No
9021;3;12;2;1;11;22;29;27;28;21;39;44;0;34;37;51;53;60;49;57;68;71;72;70;73;0;No;No;No
9022;2;3;4;11;14;29;18;22;30;21;36;34;0;43;44;47;52;54;46;57;64;63;66;61;71;0;No;No;No
9023;6;2;1;11;13;24;27;21;17;29;43;34;0;33;35;48;47;55;57;50;67;65;69;70;75;0;No;No;No
9024;1;14;5;13;4;27;20;30;26;28;36;40;0;39;45;51;59;57;55;53;65;67;61;62;68;0;No;No;No
9025;11;5;9;4;12;22;29;19;28;24;44;32;0;40;37;50;57;58;59;51;68;72;73;71;70;0;No;No;No
9026;4;7;10;11;5;25;27;30;29;28;42;40;0;35;41;60;51;49;55;48;71;74;72;64;69;0;No;No;No
9027;10;15;13;8;5;23;28;18;29;17;33;38;0;34;43;52;50;48;59;51;73;67;68;66;74;0;No;No;No
9028;9;6;5;14;13;24;20;29;18;26;40;34;0;41;39;47;57;59;52;48;66;67;64;68;62;0;No;No;No
9029;14;8;13;6;3;19;25;28;17;22;40;42;0;38;39;53;55;52;47;57;64;61;73;69;75;0;No;No;No
9030;8;6;15;12;10;21;18;29;30;23;31;42;0;32;45;55;52;59;54;53;61;64;71;72;67;0;No;No;No
9031;1;4;14;6;11;17;19;18;26;21;36;45;0;38;31;57;58;52;50;47;63;62;69;70;61;0;No;No;No
9032;15;13;14;7;11;19;16;17;30;24;33;36;0;35;32;56;55;57;46;54;69;63;62;67;71;0;No;No;No
9033;10;11;6;7;4;26;22;16;28;29;37;39;0;40;43;46;59;58;49;50;68;71;72;62;63;0;No;No;No
9034;10;9;12;4;8;18;28;29;19;26;33;39;0;37;36;58;46;48;49;53;72;61;62;70;67;0;No;No;No
9035;3;2;7;12;6;28;19;21;20;18;42;36;0;38;32;53;50;47;56;46;68;64;66;71;67;0;No;No;No
9036;2;13;1;14;5;20;25;21;19;27;40;43;0;38;37;57;52;47;48;59;75;70;67;72;61;0;No;No;No
9037;5;9;7;6;14;16;30;21;24;20;36;32;0;42;38;50;49;52;59;56;68;71;67;74;66;0;No;No;No
9038;15;8;6;9;11;22;28;16;21;27;40;33;0;35;39;52;59;50;56;54;75;70;69;66;67;0;No;No;No
9039;3;7;1;13;9;18;16;22;29;17;41;31;0;34;42;49;52;47;53;55;64;68;70;67;66;0;No;No;No
9040;7;1;14;5;12;27;20;21;28;18;32;33;0;41;42;49;57;50;51;46;64;62;63;67;74;0;No;No;No
9041;4;3;10;9;13;20;28;29;17;19;36;40;0;38;42;46;49;48;50;59;63;65;72;62;64;0;No;No;No
9042;14;5;10;4;13;19;24;25;29;22;37;31;0;41;33;47;58;57;46;60;70;63;69;61;62;0;No;No;No
9043;7;4;3;5;14;28;20;17;25;26;34;32;0;37;36;56;57;54;58;59;74;66;63;68;62;0;No;No;No
9044;4;5;14;7;3;22;19;17;29;27;37;40;0;42;31;58;46;51;47;59;68;66;64;69;61;0;No;No;No
9045;12;2;8;4;9;16;19;21;24;25;39;41;0;34;43;47;53;59;56;50;69;64;67;61;65;0;No;No;No
9046;6;10;13;9;4;30;27;19;29;21;38;36;0;34;35;50;55;57;60;48;67;68;62;70;74;0;No;No;No
9047;6;4;15;10;1;21;18;30;23;24;38;35;0;32;42;48;59;60;57;52;61;62;64;73;71;0;No;No;No
9048;9;8;7;12;14;20;28;19;17;27;38;34;0;31;37;53;55;49;59;47;61;62;63;67;75;0;No;No;No
9049;9;8;1;5;10;16;22;25;21;19;34;42;0;40;44;58;54;53;51;50;69;71;62;63;61;0;No;No;No
9050;9;4;6;8;13;27;23;16;17;19;37;40;0;33;36;46;58;47;48;51;61;63;68;73;62;0;No;No;No
9051;14;9;11;10;5;29;27;20;22;19;37;34;0;44;43;54;51;49;53;52;72;65;63;67;73;0;No;No;No
9052;14;6;9;8;12;28;20;26;18;23;36;41;0;33;32;56;48;59;55;47;70;69;71;68;65;0;No;No;No
9053;12;1;10;3;4;27;21;30;16;26;40;41;0;31;38;46;59;57;51;54;63;64;69;71;61;0;No;No;No
9054;7;15;4;10;6;26;18;28;16;24;34;33;0;32;45;57;58;52;50;51;69;62;74;71;67;0;No;No;No
9055;7;4;12;8;9;27;29;26;17;23;42;45;0;38;39;47;58;52;56;53;63;73;68;65;70;0;No;No;No
9056;7;14;12;9;8;25;29;24;23;16;37;43;0;42;31;57;50;49;59;51;72;74;62;66;61;0;No;No;No
9057;12;10;13;7;4;25;22;19;24;20;31;35;0;37;40;46;52;50;58;60;65;70;75;74;62;0;No;No;No
9058;11;12;14;3;2;25;20;18;19;28;32;35;0;38;37;56;55;50;60;46;70;71;72;69;68;0;No;No;No
9059;12;3;11;4;5;18;17;28;20;22;43;40;0;42;33;55;59;52;56;47;68;67;66;70;73;0;No;No;No
9060;5;7;14;2;11;24;18;19;29;23;41;33;0;44;35;57;51;53;48;52;67;65;68;64;75;0;No;No;No
9061;13;1;5;11;2;22;18;16;26;20;34;37;0;31;36;54;49;46;55;53;72;65;71;68;70;0;No;No;No
9062;4;6;5;8;12;28;23;16;18;20;44;36;0;35;34;51;50;59;48;47;64;72;69;66;70;0;No;No;No
9063;5;8;4;13;7;18;16;23;20;22;36;38;0;34;42;53;47;56;48;49;72;64;65;75;71;0;No;No;No
9064;12;4;11;7;15;21;28;23;20;29;43;35;0;40;38;49;51;46;60;58;65;63;74;62;66;0;No;No;No
9065;8;2;11;10;12;25;28;19;21;27;37;44;0;42;41;57;56;54;59;49;62;68;72;66;63;0;No;No;No
9066;9;4;11;6;7;24;27;18;30;19;43;38;0;45;34;53;47;54;50;46;71;68;61;72;63;0;No;No;No
9067;10;2;9;8;12;26;16;23;29;28;42;45;0;32;43;60;58;53;56;46;67;73;69;74;72;0;No;No;No
9068;3;13;15;7;8;17;18;21;22;27;31;34;0;44;35;53;59;47;58;50;70;72;62;74;75;0;No;No;No
9069;5;7;6;10;14;23;24;29;19;18;36;34;0;31;43;48;52;59;47;58;67;68;63;65;72;0;No;No;No
9070;2;14;12;13;10;23;20;16;28;21;40;35;0;34;39;52;59;57;46;50;66;73;67;74;69;0;No;No;No
9071;7;5;3;8;11;29;25;28;23;17;41;31;0;34;40;60;59;50;46;47;69;64;73;68;70;0;No;No;No
9072;5;6;13;2;11;18;29;16;20;25;36;32;0;39;37;59;58;50;51;52;62;65;72;66;67;0;No;No;No
9073;7;13;10;1;12;17;28;25;22;26;32;41;0;40;36;56;59;48;58;50;62;71;61;63;67;0;No;No;No
9074;4;5;10;13;14;19;29;18;27;20;43;37;0;40;35;53;47;54;50;60;74;64;67;63;73;0;No;No;No
9075;15;12;11;14;13;23;24;30;22;18;35;43;0;33;37;49;50;54;55;58;63;67;62;68;72;0;No;No;No
9076;9;6;13;7;15;23;25;28;19;29;45;44;0;41;40;51;60;47;49;53;73;74;72;62;64;0;No;No;No
9077;2;3;11;14;13;20;28;23;30;29;37;34;0;39;40;46;55;48;47;51;69;67;63;74;61;0;No;No;No
9078;4;13;6;5;14;19;29;27;21;23;41;44;0;38;42;50;58;51;55;48;73;66;63;74;61;0;No;No;No
9079;1;10;3;4;8;29;19;17;18;25;32;39;0;35;31;49;59;53;50;46;65;71;62;64;67;0;No;No;No
9080;12;4;10;3;13;21;30;23;25;20;32;31;0;44;36;51;55;52;47;60;72;66;67;74;70;0;No;No;No
9081;3;12;15;5;4;25;24;27;16;29;41;37;0;39;42;57;48;55;54;59;75;66;64;74;63;0;No;No;No
9082;4;10;9;11;5;27;23;29;26;22;39;31;0;40;34;59;49;53;57;55;62;61;67;63;65;0;No;No;No
9083;3;12;13;7;10;16;20;30;27;17;31;36;0;35;44;50;55;56;48;51;74;63;71;70;68;0;No;No;No
9084;9;14;10;5;8;25;19;20;18;28;36;31;0;37;39;51;49;47;58;59;68;72;73;62;65;0;No;No;No
9085;2;8;6;5;15;22;30;25;26;27;34;42;0;45;35;53;60;55;50;56;64;71;69;74;62;0;No;No;No
9086;10;4;12;8;11;29;16;19;26;30;33;43;0;36;38;57;47;49;46;48;68;66;75;69;65;0;No;No;No
9087;9;11;4;10;12;28;22;26;19;20;36;32;0;44;38;46;50;58;53;51;65;67;68;70;66;0;No;No;No
9088;5;10;8;6;11;24;20;23;17;29;37;38;0;39;41;56;47;59;53;50;69;66;72;70;61;0;No;No;No
9089;1;8;12;3;15;28;25;23;29;24;40;35;0;38;31;51;50;46;49;58;62;65;64;61;70;0;No;No;No
9090;2;1;12;5;7;17;19;18;28;20;43;42;0;37;45;58;57;55;50;56;67;72;75;63;66;0;No;No;No
9091;6;15;9;13;2;24;26;25;16;27;40;39;0;38;33;50;48;52;54;58;67;64;70;68;66;0;No;No;No
9092;8;14;5;3;10;27;24;25;29;18;33;37;0;36;38;59;47;46;52;48;74;64;66;72;70;0;No;No;No
9093;6;13;9;14;3;21;18;24;17;19;37;36;0;35;41;58;54;56;48;50;70;62;64;72;67;0;No;No;No
9094;13;3;2;14;9;28;24;22;26;16;35;44;0;32;41;58;59;54;49;46;65;72;71;70;74;0;No;No;No
9095;1;2;9;10;15;18;23;25;27;17;34;44;0;37;41;53;48;55;52;59;74;69;62;61;75;0;No;No;No
9096;12;6;2;4;8;19;21;26;29;18;44;41;0;36;38;50;46;49;59;51;72;61;73;74;66;0;No;No;No
9097;1;4;13;11;2;21;23;22;24;18;32;44;0;33;43;55;46;49;59;53;72;63;73;71;69;0;No;No;No
9098;9;13;3;4;12;29;20;27;19;21;34;36;0;37;43;55;57;59;53;47;67;66;69;64;73;0;No;No;No
9099;10;8;13;3;6;30;29;25;17;16;36;39;0;32;38;54;57;51;52;56;63;69;72;73;67;0;No;No;No
9100;11;10;2;14;5;21;27;29;25;20;34;37;0;43;33;49;53;47;50;55;70;71;75;69;63;0;No;No;No
9101;13;11;1;3;4;17;25;18;22;26;35;38;0;36;45;57;51;58;50;46;64;66;70;62;69;0;No;No;No
9102;8;10;4;6;3;29;28;21;26;23;41;40;0;39;34;47;50;56;59;55;72;71;61;63;67;0;No;No;No
9103;11;5;2;7;4;19;25;21;24;28;39;44;0;36;31;46;58;49;53;50;65;67;63;66;71;0;No;No;No
9104;1;2;7;8;13;28;16;25;29;23;34;45;0;42;31;48;47;57;46;54;70;69;64;72;71;0;No;No;No
9105;11;8;3;4;6;23;24;25;17;29;33;45;0;36;35;57;51;60;52;50;72;71;73;68;66;0;No;No;No
9106;11;9;14;8;10;25;28;22;24;29;34;44;0;35;42;52;57;53;58;51;62;66;72;65;70;0;No;No;No
9107;12;7;3;5;4;21;26;28;29;18;44;32;0;41;35;55;50;51;48;58;67;64;70;61;65;0;No;No;No
9108;12;9;3;10;11;26;23;30;29;16;40;36;0;39;42;54;51;47;55;59;71;67;75;61;65;0;No;No;No
9109;14;12;10;7;8;22;28;24;26;18;32;38;0;37;45;50;52;58;59;46;74;63;67;61;73;0;No;No;No
9110;9;4;15;7;1;21;29;28;30;22;45;35;0;44;37;48;46;47;50;53;74;64;66;67;63;0;No;No;No
9111;10;8;13;5;9;21;24;25;27;19;36;34;0;42;44;54;48;60;49;57;66;70;73;74;72;0;No;No;No
9112;9;11;3;7;1;25;19;24;29;28;43;32;0;45;36;53;55;56;49;47;63;62;61;67;64;0;No;No;No
9113;2;14;8;6;13;27;20;17;26;25;35;33;0;43;36;47;52;57;60;54;73;68;69;66;61;0;No;No;No
9114;1;5;10;8;12;17;19;29;30;27;36;43;0;33;31;55;53;52;59;51;68;61;73;72;62;0;No;No;No
9115;4;9;15;1;8;26;19;24;25;21;40;42;0;32;31;49;59;50;46;54;63;70;68;73;74;0;No;No;No
9116;10;4;13;12;14;22;24;23;28;17;36;33;0;38;35;55;56;59;58;49;62;64;61;73;72;0;No;No;No
9117;5;2;8;7;6;17;29;25;24;20;32;31;0;43;39;49;52;56;48;59;62;74;66;68;71;0;No;No;No
9118;11;1;3;4;2;26;20;30;22;18;41;31;0;37;44;56;55;48;58;47;66;71;61;72;74;0;No;No;No
9119;4;5;7;11;10;28;25;24;20;18;38;31;0;36;39;53;55;48;60;50;68;71;63;66;73;0;No;No;No
9120;13;8;5;15;12;20;27;19;22;18;39;35;0;32;43;57;54;55;60;46;68;74;75;65;61;0;No;No;No
9121;3;4;6;8;13;23;22;21;29;27;32;36;0;38;41;48;49;60;55;56;63;68;67;62;71;0;No;No;No
9122;5;3;13;12;15;18;16;25;26;20;40;44;0;42;35;55;54;46;57;58;73;68;71;69;74;0;No;No;No
9123;14;10;15;1;7;18;22;23;21;26;39;31;0;43;38;50;55;59;52;49;74;61;69;67;71;0;No;No;No
9124;4;6;3;14;5;24;22;18;20;17;37;42;0;33;45;47;59;54;50;46;69;68;72;66;65;0;No;No;No
9125;11;8;1;14;4;25;19;24;21;28;31;34;0;39;36;49;53;48;51;58;68;69;75;63;74;0;No;No;No
9126;3;9;11;13;10;22;18;19;24;23;33;34;0;35;42;59;53;50;49;46;65;67;63;62;66;0;No;No;No
9127;1;14;10;11;9;28;20;17;19;25;45;36;0;43;38;58;48;49;52;53;71;69;64;67;66;0;No;No;No
9128;3;11;7;9;2;27;21;25;26;22;32;42;0;39;31;46;48;51;49;54;74;64;65;69;67;0;No;No;No
9129;13;4;9;1;8;29;30;24;26;19;42;33;0;39;45;55;46;47;56;53;65;67;61;66;70;0;No;No;No
9130;8;1;7;12;11;30;20;29;22;26;41;42;0;36;38;51;59;56;52;49;72;71;74;67;73;0;No;No;No
9131;13;9;8;5;3;17;26;22;21;27;32;38;0;41;37;51;52;59;50;60;68;72;69;62;61;0;No;No;No
9132;2;8;15;3;1;25;28;27;20;21;32;44;0;40;38;58;47;50;59;52;68;74;69;73;64;0;No;No;No
9133;9;12;1;6;13;30;16;17;25;26;38;32;0;41;40;46;49;50;53;47;67;75;70;71;61;0;No;No;No
9134;10;11;3;12;4;21;24;25;28;30;37;44;0;43;33;57;54;46;60;48;67;71;62;68;75;0;No;No;No
9135;15;9;2;5;10;27;24;26;16;17;33;44;0;36;32;46;59;57;50;52;69;63;65;64;62;0;No;No;No
9136;4;5;10;2;9;17;22;19;28;29;32;43;0;37;31;55;58;50;46;59;61;70;62;69;72;0;No;No;No
9137;4;7;12;2;10;28;27;22;18;29;33;42;0;34;36;56;51;47;49;48;72;71;61;66;64;0;No;No;No
9138;14;2;13;10;11;20;27;16;29;24;44;40;0;39;32;51;53;47;52;57;69;67;61;66;65;0;No;No;No
9139;10;1;11;14;2;27;16;21;22;18;37;41;0;34;38;56;55;47;48;54;69;72;74;71;75;0;No;No;No
9140;10;11;9;13;7;29;18;21;28;23;32;36;0;39;45;47;59;52;49;60;72;63;66;70;69;0;No;No;No
9141;13;8;2;12;7;27;19;16;26;25;40;44;0;34;42;58;51;56;49;55;61;71;66;62;73;0;No;No;No
9142;5;1;11;3;10;28;20;24;19;29;39;38;0;33;43;47;51;46;54;52;65;72;61;67;71;0;No;No;No
9143;6;2;4;14;5;24;27;18;25;21;44;35;0;37;42;52;55;56;54;57;66;63;68;71;61;0;No;No;No
9144;4;7;10;8;12;22;27;17;24;16;35;31;0;40;34;52;48;53;54;59;69;75;73;71;66;0;No;No;No
9145;11;12;2;5;10;29;28;25;24;16;36;38;0;39;35;54;58;46;47;56;63;75;64;73;68;0;No;No;No
9146;10;11;1;13;12;26;24;23;29;25;33;31;0;42;35;57;59;54;49;58;63;69;75;70;73;0;No;No;No
9147;4;8;10;11;5;27;24;26;28;29;42;39;0;31;34;48;60;59;52;57;72;66;65;67;62;0;No;No;No
9148;2;9;7;10;4;29;28;24;22;21;42;32;0;43;36;50;59;46;54;51;73;67;70;69;68;0;No;No;No
9149;6;3;9;11;5;17;26;18;19;23;32;44;0;38;31;52;49;53;47;57;69;73;62;74;63;0;No;No;No
9150;12;4;3;6;7;17;23;28;19;27;31;33;0;41;42;51;49;46;57;58;72;63;71;64;68;0;No;No;No
9151;4;5;12;7;14;30;17;16;19;28;33;41;0;42;40;48;46;55;53;57;69;66;64;73;74;0;No;No;No
9152;11;12;5;10;14;29;16;17;24;26;42;38;0;36;39;53;56;52;49;46;74;62;64;68;63;0;No;No;No
9153;11;14;12;10;9;24;29;28;16;21;43;39;0;44;35;47;54;58;50;57;70;65;71;61;66;0;No;No;No
9154;7;13;2;4;3;25;16;29;27;19;42;35;0;37;36;48;59;58;47;55;71;68;75;70;63;0;No;No;No
9155;12;2;5;7;11;24;29;28;16;19;32;31;0;36;35;46;52;56;49;58;72;62;75;73;74;0;No;No;No
9156;8;5;2;13;10;29;28;20;30;17;44;43;0;35;34;47;57;56;50;48;62;66;61;70;72;0;No;No;No
9157;12;11;4;14;6;20;27;26;17;21;35;44;0;43;37;59;51;48;55;58;66;73;72;68;69;0;No;No;No
9158;1;7;4;3;14;20;21;26;16;17;37;43;0;44;39;56;46;49;60;58;61;73;69;74;71;0;No;No;No
9159;3;5;10;14;4;21;28;18;29;25;35;36;0;42;41;56;50;46;48;55;68;62;73;74;66;0;No;No;No
9160;5;7;14;10;6;20;23;22;18;28;41;37;0;33;31;58;52;46;53;48;75;61;64;72;70;0;No;No;No
9161;11;14;4;3;9;27;17;22;19;30;40;32;0;35;44;51;55;46;53;59;69;70;63;73;61;0;No;No;No
9162;1;5;4;12;13;27;28;24;19;29;42;40;0;31;39;56;51;47;49;53;73;72;63;66;65;0;No;No;No
9163;10;5;2;1;14;18;17;19;28;22;44;42;0;39;32;59;56;52;51;48;65;68;67;70;72;0;No;No;No
9164;4;15;2;12;10;18;22;30;27;19;31;43;0;42;41;47;54;49;57;58;73;71;69;61;64;0;No;No;No
9165;10;6;11;7;14;20;27;22;17;28;34;35;0;40;36;52;56;53;46;57;70;71;74;65;73;0;No;No;No
9166;1;3;7;6;4;25;19;24;17;29;42;41;0;38;40;58;52;55;47;54;71;74;67;68;62;0;No;No;No
9167;13;4;3;5;8;27;25;24;21;23;32;31;0;35;42;54;55;53;57;50;64;73;68;65;74;0;No;No;No
9168;3;2;4;13;15;19;28;23;22;16;43;40;0;41;34;48;47;59;46;56;72;74;66;67;62;0;No;No;No
9169;12;13;3;2;15;22;16;29;26;17;36;45;0;41;39;54;52;48;50;53;66;69;61;70;64;0;No;No;No
9170;10;3;8;15;7;23;21;28;24;29;43;32;0;41;44;57;51;58;49;46;69;64;73;75;63;0;No;No;No
9171;12;5;7;2;10;16;22;24;25;20;31;39;0;38;33;50;52;56;53;59;70;73;61;67;65;0;No;No;No
9172;5;13;9;11;7;29;27;26;21;18;43;33;0;38;42;50;48;49;46;53;62;72;71;74;65;0;No;No;No
9173;7;5;2;13;9;20;19;29;24;23;32;40;0;39;44;51;56;52;54;49;71;68;69;70;63;0;No;No;No
9174;12;14;3;10;2;25;21;28;24;17;39;38;0;34;41;51;52;53;50;49;72;68;75;74;63;0;No;No;No
9175;10;7;4;8;1;26;23;24;22;28;31;44;0;38;45;57;56;54;55;58;67;74;65;71;72;0;No;No;No
9176;7;12;15;10;2;23;26;21;28;18;41;36;0;37;42;55;52;47;58;56;62;65;61;70;64;0;No;No;No
9177;7;3;8;13;11;25;28;23;19;22;37;38;0;40;36;51;52;56;55;57;70;63;73;72;62;0;No;No;No
9178;12;3;5;11;2;23;18;19;24;25;39;35;0;31;40;53;58;48;59;52;61;64;67;63;69;0;No;No;No
9179;13;2;1;14;8;22;26;23;24;19;36;38;0;44;43;59;47;50;55;48;66;71;70;63;62;0;No;No;No
9180;8;5;11;9;3;30;18;24;27;20;37;39;0;43;36;50;54;49;53;56;61;66;72;62;65;0;No;No;No
9181;4;5;13;1;3;24;16;26;30;22;41;37;0;42;44;47;53;59;48;56;64;63;62;70;72;0;No;No;No
9182;9;10;7;6;3;18;17;19;20;26;34;37;0;44;42;60;50;46;56;49;63;70;69;62;65;0;No;No;No
9183;14;8;10;5;1;16;26;27;18;29;35;40;0;42;45;55;53;51;52;56;70;66;61;62;63;0;No;No;No
9184;12;8;9;10;14;22;16;21;18;20;44;34;0;45;37;57;60;53;47;52;62;70;67;71;73;0;No;No;No
9185;12;6;11;10;14;20;25;18;19;28;42;33;0;41;43;59;46;57;55;53;67;73;71;64;62;0;No;No;No
9186;7;10;5;15;14;26;23;24;29;17;43;42;0;38;35;50;51;52;49;54;71;69;61;70;67;0;No;No;No
9187;6;13;5;7;11;20;17;19;24;29;31;32;0;34;35;53;52;50;49;60;74;63;68;70;62;0;No;No;No
9188;8;6;15;7;2;16;25;28;29;21;31;41;0;44;32;48;57;49;54;52;63;65;61;71;72;0;No;No;No
9189;3;9;5;10;7;27;16;28;26;29;42;31;0;44;36;49;47;60;50;53;72;74;63;68;71;0;No;No;No
9190;4;8;15;14;12;18;28;25;19;29;31;32;0;35;42;51;56;48;50;57;64;74;63;67;69;0;No;No;No
9191;4;3;12;11;9;24;20;27;25;29;38;31;0;44;42;57;47;53;59;46;67;65;70;64;74;0;No;No;No
9192;7;8;13;12;6;24;16;19;17;23;38;42;0;43;31;50;53;57;52;46;64;66;69;62;61;0;No;No;No
9193;1;12;4;5;15;24;19;18;29;26;39;38;0;34;32;52;46;57;50;53;67;74;71;66;63;0;No;No;No
9194;12;2;8;3;14;16;21;28;23;17;33;36;0;43;41;59;58;52;46;54;62;64;70;66;73;0;No;No;No
9195;13;14;1;12;7;25;24;20;26;29;31;41;0;34;40;56;53;49;48;50;67;72;70;71;65;0;No;No;No
9196;14;4;1;8;12;27;28;29;19;25;35;34;0;37;42;50;58;52;47;53;61;65;66;68;62;0;No;No;No
9197;3;7;6;12;13;23;22;29;21;19;43;34;0;39;31;57;58;54;48;49;69;64;70;74;68;0;No;No;No
9198;1;2;3;4;10;21;29;20;24;17;45;40;0;35;41;57;50;55;47;52;74;68;69;75;65;0;No;No;No
9199;10;14;11;12;1;20;26;22;17;16;38;37;0;34;31;53;60;56;59;55;67;75;71;64;63;0;No;No;No
9200;5;8;3;12;11;22;25;28;18;24;43;39;0;36;38;53;56;59;55;58;62;64;67;65;72;0;No;No;No
9201;1;9;10;4;2;24;22;17;20;26;45;39;0;40;33;58;57;51;55;60;66;63;70;61;74;0;No;No;No
9202;12;5;8;3;10;17;22;20;27;30;33;32;0;45;37;54;56;53;50;51;71;62;64;69;66;0;No;No;No
9203;7;14;15;6;1;28;19;24;25;18;40;43;0;33;44;59;46;57;56;51;62;66;72;63;65;0;No;No;No
9204;9;2;14;11;6;28;26;23;19;17;32;39;0;33;37;52;48;47;49;57;70;68;64;61;62;0;No;No;No
9205;4;6;12;2;11;23;27;25;20;30;34;39;0;36;33;51;54;57;53;52;65;73;71;63;67;0;No;No;No
9206;11;4;3;2;7;24;18;25;29;20;40;37;0;42;39;49;54;46;59;50;66;65;73;71;70;0;No;No;No
9207;13;4;3;7;10;18;17;22;24;30;42;44;0;32;38;46;56;47;58;53;72;67;62;63;70;0;No;No;No
9208;5;4;7;8;10;23;26;28;21;20;33;38;0;43;39;53;55;52;50;58;62;63;70;64;74;0;No;No;No
9209;6;5;13;8;10;20;19;29;24;18;33;44;0;37;35;55;59;53;58;57;64;69;75;73;65;0;No;No;No
9210;11;14;6;7;13;20;28;19;17;22;34;35;0;37;31;49;56;59;47;46;74;66;72;61;63;0;No;No;No
9211;8;4;10;14;13;30;27;24;16;17;32;38;0;43;44;51;59;57;54;49;73;67;68;70;71;0;No;No;No
9212;1;11;2;14;5;23;16;21;25;30;45;43;0;35;31;55;53;59;49;51;66;69;67;71;70;0;No;No;No
9213;1;5;14;12;7;21;28;23;17;29;39;31;0;41;44;55;58;59;56;51;69;70;66;74;63;0;No;No;No
9214;9;6;11;5;2;16;25;18;23;20;42;35;0;39;43;49;47;59;46;55;75;63;73;64;68;0;No;No;No
9215;9;4;8;12;7;22;18;24;17;21;32;43;0;44;35;58;54;46;57;50;73;70;71;61;75;0;No;No;No
9216;7;10;13;4;3;22;18;29;20;19;31;42;0;35;43;51;46;57;48;59;68;63;73;75;66;0;No;No;No
9217;14;12;7;13;15;21;28;24;27;18;32;44;0;45;42;46;50;57;55;54;70;65;64;72;63;0;No;No;No
9218;12;13;6;8;11;29;16;23;21;22;35;34;0;32;41;47;56;52;59;46;67;63;65;62;68;0;No;No;No
9219;11;14;2;9;1;18;28;16;17;20;39;37;0;40;38;48;60;50;52;46;61;71;68;62;64;0;No;No;No
9220;11;5;13;14;2;28;26;21;18;16;34;42;0;43;31;58;51;47;57;60;62;72;66;65;69;0;No;No;No
9221;6;8;3;7;4;21;18;25;27;30;43;41;0;34;44;50;58;55;48;54;64;70;73;66;65;0;No;No;No
9222;9;1;8;12;11;22;26;29;24;23;33;32;0;42;35;54;46;58;50;55;70;64;71;67;65;0;No;No;No
9223;6;8;2;10;14;18;27;19;25;23;43;39;0;40;31;50;48;53;54;56;63;65;61;69;64;0;No;No;No
9224;3;4;2;5;8;23;25;21;28;16;33;34;0;31;41;46;59;49;47;48;71;70;61;65;73;0;No;No;No
9225;7;14;12;13;10;30;26;20;29;22;45;41;0;34;39;57;48;55;47;51;61;69;70;71;73;0;No;No;No
9226;3;12;2;13;8;24;27;17;20;21;35;41;0;34;38;55;52;57;59;51;68;71;64;70;65;0;No;No;No
9227;5;15;10;11;1;30;21;20;17;26;36;44;0;34;37;51;53;55;57;46;66;61;68;71;69;0;No;No;No
9228;11;14;15;8;4;16;24;28;25;21;44;43;0;38;42;56;55;51;47;59;69;73;64;68;65;0;No;No;No
9229;1;4;7;2;11;29;24;26;17;18;34;37;0;44;40;55;52;46;54;47;61;74;69;73;63;0;No;No;No
9230;7;13;9;6;14;29;17;28;24;30;43;41;0;34;38;49;46;58;56;48;74;66;67;69;62;0;No;No;No
9231;1;10;4;2;5;23;20;18;24;19;31;32;0;35;33;53;56;59;49;60;70;72;62;61;67;0;No;No;No
9232;1;3;10;8;7;17;27;30;29;18;38;44;0;41;39;51;46;50;52;48;66;73;61;74;68;0;No;No;No
9233;2;11;1;6;9;18;22;28;29;20;33;31;0;44;38;57;51;53;55;56;74;62;61;73;65;0;No;No;No
9234;13;7;10;3;6;16;29;23;21;22;41;39;0;43;32;57;55;53;59;50;63;68;70;71;75;0;No;No;No
9235;8;6;7;13;12;24;29;22;26;21;43;37;0;40;35;49;59;55;60;48;72;61;64;68;71;0;No;No;No
9236;11;9;6;15;5;16;29;21;25;26;41;37;0;35;42;56;59;58;48;57;65;61;74;73;66;0;No;No;No
9237;12;5;9;4;2;16;23;27;18;24;40;37;0;34;36;55;56;46;52;51;62;65;67;61;75;0;No;No;No
9238;7;13;1;12;11;21;27;16;29;20;44;34;0;38;42;47;57;48;46;59;73;75;64;71;61;0;No;No;No
9239;12;13;11;7;1;27;19;25;18;26;44;38;0;39;43;48;50;55;46;51;71;68;75;61;73;0;No;No;No
9240;13;15;14;4;7;25;28;20;19;27;33;41;0;32;36;53;48;52;50;49;73;64;66;63;74;0;No;No;No
9241;5;8;7;4;9;19;29;17;25;22;32;40;0;36;42;56;59;47;48;58;63;66;71;73;62;0;No;No;No
9242;5;12;3;11;10;27;25;17;19;22;34;43;0;45;39;50;55;54;58;57;63;70;73;68;69;0;No;No;No
9243;9;4;10;14;7;19;21;29;26;24;36;35;0;40;43;50;47;59;56;51;66;61;72;73;71;0;No;No;No
9244;9;8;12;1;14;21;26;19;27;18;32;42;0;37;36;55;50;56;51;47;73;65;68;66;72;0;No;No;No
9245;4;12;8;3;15;23;26;17;30;18;34;39;0;41;40;56;54;46;55;52;64;67;74;72;71;0;No;No;No
9246;14;2;7;10;3;26;24;30;17;19;41;45;0;36;34;49;56;58;55;57;68;70;71;72;74;0;No;No;No
9247;12;13;7;2;10;23;27;28;19;16;42;32;0;33;40;60;49;55;50;54;63;62;74;68;71;0;No;No;No
9248;2;1;7;3;10;23;20;16;28;30;32;36;0;38;41;48;57;58;54;46;64;75;68;72;73;0;No;No;No
9249;15;14;5;12;2;17;23;22;24;27;31;32;0;39;44;52;50;56;46;59;61;62;66;64;73;0;No;No;No
9250;2;3;7;6;1;16;27;17;28;25;32;40;0;45;39;53;50;46;48;59;68;62;70;66;72;0;No;No;No
9251;6;9;12;2;8;23;19;27;18;17;32;36;0;41;34;55;53;46;58;50;62;65;64;61;73;0;No;No;No
9252;2;8;9;10;13;26;27;25;24;28;32;43;0;42;44;52;48;46;55;56;61;64;63;66;68;0;No;No;No
9253;14;4;2;1;9;26;28;22;20;21;33;43;0;42;44;59;55;54;56;53;61;66;62;72;70;0;No;No;No
9254;7;3;5;8;11;21;25;16;26;19;40;34;0;36;31;46;51;55;49;52;68;67;65;64;69;0;No;No;No
9255;9;10;8;1;12;23;24;20;27;28;31;44;0;41;42;54;49;48;55;58;66;70;63;64;68;0;No;No;No
9256;3;10;9;15;5;23;29;24;30;20;40;31;0;33;34;55;50;48;52;53;68;61;62;63;66;0;No;No;No
9257;14;11;5;8;10;24;22;20;17;19;41;43;0;32;42;56;57;60;47;55;74;61;73;70;62;0;No;No;No
9258;8;11;2;4;12;20;28;22;16;21;36;32;0;42;31;60;46;53;49;57;64;70;67;75;71;0;No;No;No
9259;12;13;14;7;9;25;17;29;26;28;41;42;0;34;39;56;46;54;58;52;68;74;73;71;64;0;No;No;No
9260;7;2;9;5;3;27;22;28;23;29;35;33;0;44;36;55;50;47;53;51;71;64;69;73;62;0;No;No;No
9261;5;6;8;9;10;30;16;27;29;25;44;31;0;42;33;46;48;54;51;50;75;70;72;63;66;0;No;No;No
9262;5;9;6;1;4;20;21;28;30;19;34;36;0;43;39;46;52;57;48;53;62;63;65;73;68;0;No;No;No
9263;12;8;13;14;9;19;16;18;22;20;34;41;0;39;38;52;50;49;57;56;66;73;68;62;71;0;No;No;No
9264;13;6;7;5;10;30;20;29;25;23;35;44;0;45;43;51;58;49;54;46;64;74;67;63;73;0;No;No;No
9265;10;2;8;12;3;17;18;20;26;16;33;34;0;35;45;53;51;52;56;46;63;61;65;68;69;0;No;No;No
9266;8;7;5;15;12;24;20;18;27;16;36;43;0;38;42;55;46;50;60;52;62;69;64;63;68;0;No;No;No
9267;1;12;6;3;14;28;24;23;22;26;41;38;0;40;32;56;54;48;52;53;69;74;61;67;63;0;No;No;No
9268;15;6;1;10;2;22;27;16;19;23;37;41;0;32;39;46;51;52;56;50;67;64;69;72;62;0;No;No;No
9269;14;11;12;6;1;23;26;28;22;16;42;35;0;38;41;49;48;58;55;51;74;66;73;64;67;0;No;No;No
9270;12;1;4;6;8;22;16;18;27;17;38;35;0;34;31;50;51;49;54;52;67;72;70;65;63;0;No;No;No
9271;14;13;4;2;12;26;30;23;16;27;31;43;0;37;39;50;56;48;51;59;66;62;61;70;67;0;No;No;No
9272;5;11;6;2;10;19;27;25;29;26;31;40;0;38;43;57;58;54;48;49;69;66;63;70;62;0;No;No;No
9273;14;11;8;13;6;21;29;23;17;26;32;38;0;35;37;48;49;51;56;54;73;75;63;66;67;0;No;No;No
9274;2;4;13;10;15;16;29;19;22;27;36;38;0;37;42;54;47;52;59;60;62;67;69;72;70;0;No;No;No
9275;11;7;1;14;10;16;25;30;26;29;36;38;0;32;40;58;51;49;55;46;73;74;64;67;71;0;No;No;No
9276;9;11;10;4;13;28;23;22;21;16;35;33;0;36;39;59;52;49;46;50;68;64;70;72;74;0;No;No;No
9277;11;15;4;13;5;22;25;28;19;27;34;42;0;31;43;51;57;59;52;55;64;73;65;63;69;0;No;No;No
9278;3;2;11;8;5;27;29;25;24;21;32;43;0;38;40;51;57;55;58;54;75;66;71;65;69;0;No;No;No
9279;11;10;15;14;3;17;26;20;22;23;38;43;0;37;35;48;58;49;51;54;71;70;62;64;72;0;No;No;No
9280;8;5;4;3;12;29;23;25;17;26;45;33;0;40;39;47;57;51;46;53;70;71;61;63;67;0;No;No;No
9281;2;6;7;5;3;24;16;20;29;17;39;44;0;43;38;58;50;46;51;53;71;61;70;73;63;0;No;No;No
9282;10;9;8;11;4;21;23;24;16;27;35;40;0;42;33;60;47;48;54;50;62;75;66;72;69;0;No;No;No
9283;1;14;9;3;7;28;24;17;21;20;43;32;0;33;35;60;49;46;57;50;64;62;61;73;68;0;No;No;No
9284;9;14;8;10;7;29;22;17;28;16;40;42;0;45;31;56;53;54;50;58;65;73;67;69;64;0;No;No;No
9285;8;1;2;13;15;26;23;21;24;17;34;35;0;44;32;53;52;47;57;56;62;67;73;65;70;0;No;No;No
9286;2;14;7;12;6;26;22;27;17;30;35;31;0;37;33;46;58;53;51;54;73;64;65;66;71;0;No;No;No
9287;11;9;1;5;3;28;26;27;23;17;41;44;0;38;37;46;56;51;52;58;68;69;70;66;67;0;No;No;No
9288;7;11;14;15;12;29;19;28;25;24;36;39;0;43;37;53;48;56;58;59;63;69;64;72;66;0;No;No;No
9289;8;12;11;6;4;24;17;19;23;22;40;35;0;44;43;50;48;59;49;47;70;67;74;64;63;0;No;No;No
9290;11;8;7;12;1;28;22;19;23;18;34;36;0;32;42;47;48;49;50;58;70;69;72;74;75;0;No;No;No
9291;6;13;14;7;4;29;21;24;19;18;39;37;0;45;41;53;46;47;57;49;68;70;69;74;62;0;No;No;No
9292;4;13;12;7;14;20;27;26;29;16;43;42;0;34;40;52;56;46;60;48;61;65;69;68;63;0;No;No;No
9293;12;10;8;2;3;16;27;22;26;21;35;34;0;36;41;57;55;54;52;47;62;74;75;63;72;0;No;No;No
9294;3;6;7;15;12;23;25;24;26;20;44;34;0;38;33;48;58;55;59;49;72;63;64;73;68;0;No;No;No
9295;5;9;4;13;14;26;17;24;18;27;33;35;0;39;36;47;50;46;52;58;62;63;61;75;66;0;No;No;No
9296;13;7;5;6;11;25;16;26;22;23;32;39;0;43;37;58;57;56;60;47;66;70;67;71;64;0;No;No;No
9297;5;9;7;3;10;26;27;20;28;18;37;43;0;38;42;49;58;53;50;54;70;71;62;74;63;0;No;No;No
9298;11;12;7;8;4;25;17;23;18;16;39;32;0;43;37;59;58;48;47;57;70;62;74;66;72;0;No;No;No
9299;5;7;6;14;13;20;21;28;25;16;34;43;0;32;40;50;51;53;57;58;69;64;61;63;62;0;No;No;No
9300;12;1;9;10;3;19;17;21;29;25;36;38;0;33;37;54;51;57;50;59;64;63;67;71;65;0;No;No;No
9301;4;9;10;14;11;21;19;22;30;26;34;36;0;31;43;51;59;50;53;56;72;71;69;67;65;0;No;No;No
9302;14;13;11;4;3;30;28;25;21;17;33;39;0;40;43;57;49;58;52;54;71;65;66;69;74;0;No;No;No
9303;7;4;11;5;15;17;21;27;23;16;31;32;0;35;42;53;47;52;46;55;63;67;71;75;73;0;No;No;No
9304;1;2;14;8;3;19;27;24;21;23;40;42;0;44;38;47;56;48;51;54;63;64;74;67;65;0;No;No;No
9305;7;5;6;14;4;18;20;25;17;23;31;33;0;41;37;60;54;48;51;58;66;69;73;68;61;0;No;No;No
9306;14;13;11;15;3;25;23;30;24;16;44;40;0;41;31;53;50;55;51;57;64;75;66;65;71;0;No;No;No
9307;5;13;3;7;2;24;26;20;27;25;42;31;0;36;44;51;47;57;59;54;73;67;69;72;68;0;No;No;No
9308;9;14;4;3;2;26;27;22;18;30;33;40;0;37;41;56;60;53;46;51;71;66;70;64;75;0;No;No;No
9309;1;10;13;4;7;24;27;23;16;21;44;31;0;36;40;57;46;50;53;59;61;67;72;71;75;0;No;No;No
9310;7;5;1;13;8;23;28;27;20;21;44;34;0;41;31;59;55;47;50;58;64;72;67;68;62;0;No;No;No
9311;2;10;8;6;11;17;24;19;23;21;33;37;0;32;38;46;53;60;50;59;67;75;64;73;72;0;No;No;No
9312;4;6;14;11;5;27;28;16;25;23;43;35;0;33;32;47;59;57;51;53;74;67;71;61;68;0;No;No;No
9313;11;5;10;13;6;24;27;22;28;19;35;37;0;34;45;52;47;49;60;51;69;72;65;75;66;0;No;No;No
9314;9;8;12;14;1;17;25;20;30;21;34;32;0;40;41;48;58;55;46;47;72;65;73;74;69;0;No;No;No
9315;12;15;1;2;4;23;18;20;25;30;36;33;0;34;31;52;54;56;50;53;68;73;67;63;70;0;No;No;No
9316;11;6;4;9;10;27;28;21;26;24;41;39;0;31;43;56;57;48;47;53;69;73;66;61;72;0;No;No;No
9317;7;3;11;5;13;23;19;24;28;29;42;31;0;40;37;60;46;59;55;58;75;72;74;71;69;0;No;No;No
9318;13;2;3;10;11;28;22;19;26;16;40;41;0;42;44;46;56;60;51;50;72;63;75;62;73;0;No;No;No
9319;3;10;13;12;9;24;27;17;20;19;44;38;0;37;39;55;53;57;54;46;73;64;61;74;68;0;No;No;No
9320;11;13;8;5;15;23;28;24;18;20;36;41;0;35;39;58;48;50;47;56;61;72;69;64;71;0;No;No;No
9321;9;13;14;8;10;28;21;16;22;29;40;35;0;37;38;47;53;49;59;56;73;62;74;67;63;0;No;No;No
9322;15;2;9;1;7;28;24;29;19;23;33;38;0;36;43;52;49;56;47;46;69;67;61;70;66;0;No;No;No
9323;9;11;12;4;5;16;21;23;18;22;34;33;0;39;31;58;51;46;53;48;73;65;71;72;63;0;No;No;No
9324;8;1;5;6;10;26;19;24;20;27;35;34;0;37;33;48;49;52;57;55;72;63;75;68;74;0;No;No;No
9325;7;2;11;6;12;23;17;29;22;26;41;39;0;35;36;54;58;47;49;48;71;69;73;61;72;0;No;No;No
9326;7;12;3;4;6;28;26;22;18;16;31;36;0;40;33;54;48;47;46;56;65;71;66;62;68;0;No;No;No
9327;1;11;2;4;7;27;28;22;18;26;40;41;0;44;32;46;51;48;58;47;61;74;65;70;63;0;No;No;No
9328;11;8;15;13;6;17;19;24;21;29;41;32;0;36;31;59;48;52;58;47;67;61;71;69;64;0;No;No;No
9329;4;10;8;12;5;29;17;26;23;28;39;41;0;35;33;54;49;48;59;50;64;67;69;73;72;0;No;No;No
9330;2;6;13;9;14;17;21;16;29;19;35;36;0;31;40;50;57;53;58;49;64;62;71;67;72;0;No;No;No
9331;14;9;3;2;1;17;22;23;25;27;32;37;0;40;35;53;46;51;59;47;65;74;67;69;68;0;No;No;No
9332;13;7;1;2;15;19;16;26;20;27;36;35;0;33;34;60;57;58;49;59;64;62;73;72;67;0;No;No;No
9333;6;4;7;5;9;20;27;16;19;29;44;42;0;35;31;51;59;50;60;58;69;70;63;64;68;0;No;No;No
9334;5;3;12;2;8;19;26;28;29;22;32;33;0;41;42;47;50;56;49;52;61;75;62;74;65;0;No;No;No
9335;9;8;5;14;7;21;30;27;23;18;40;35;0;37;34;47;58;46;49;56;68;71;73;67;70;0;No;No;No
9336;12;9;3;4;5;19;16;21;29;20;42;34;0;41;31;53;57;49;48;52;70;73;71;74;62;0;No;No;No
9337;6;5;8;2;12;25;24;28;21;19;40;37;0;32;43;47;50;59;46;56;66;68;70;72;69;0;No;No;No
9338;6;1;10;13;3;24;20;25;18;19;33;39;0;32;41;49;59;53;51;56;67;64;69;68;75;0;No;No;No
9339;11;9;14;3;13;18;26;20;23;25;38;39;0;37;34;55;46;49;51;56;74;67;71;73;64;0;No;No;No
9340;4;7;11;13;9;17;25;19;26;27;31;42;0;35;34;60;52;47;50;59;70;61;65;62;66;0;No;No;No
9341;7;3;8;13;14;16;28;29;25;19;45;38;0;33;31;51;57;48;54;46;64;70;69;61;72;0;No;No;No
9342;8;12;11;3;7;28;23;26;19;29;33;40;0;39;36;52;48;51;56;55;63;61;72;69;74;0;No;No;No
9343;10;2;12;13;11;16;26;23;22;17;41;31;0;32;35;59;49;58;47;55;68;72;65;70;62;0;No;No;No
9344;6;13;4;12;8;19;21;24;22;23;42;38;0;45;41;55;47;49;51;48;67;66;64;70;68;0;No;No;No
9345;4;6;13;2;1;22;26;25;21;18;41;33;0;38;39;57;60;54;46;52;70;64;74;65;63;0;No;No;No
9346;13;3;12;2;8;20;28;24;29;18;31;45;0;40;42;52;46;58;53;60;67;68;72;62;61;0;No;No;No
9347;8;3;14;1;2;25;30;23;22;21;40;39;0;33;32;57;55;59;47;60;69;64;74;71;70;0;No;No;No
9348;6;10;9;2;1;23;27;20;26;22;34;44;0;36;31;50;56;52;55;47;66;61;62;70;74;0;No;No;No
9349;14;15;11;12;1;28;17;27;23;24;39;42;0;40;34;49;46;60;53;52;68;70;72;62;63;0;No;No;No
9350;2;4;8;1;13;18;20;19;28;16;31;42;0;32;39;60;49;53;58;56;72;62;68;65;71;0;No;No;No
9351;4;8;12;9;6;28;19;25;29;26;38;41;0;32;45;53;50;55;49;59;61;67;74;71;69;0;No;No;No
9352;9;2;7;5;11;21;18;28;19;26;39;35;0;37;33;53;60;48;56;52;74;70;61;64;71;0;No;No;No
9353;2;10;12;5;11;22;21;19;20;23;31;37;0;45;43;53;59;58;51;52;71;72;67;69;64;0;No;No;No
9354;5;12;2;6;13;22;23;24;16;18;34;42;0;36;39;59;51;49;57;46;69;74;66;71;73;0;No;No;No
9355;6;13;3;2;4;22;24;17;19;20;41;38;0;31;34;49;53;48;57;58;73;67;72;74;66;0;No;No;No
9356;13;5;14;3;10;29;27;28;16;21;39;36;0;34;32;56;50;49;47;58;70;65;73;68;66;0;No;No;No
9357;9;3;2;13;1;17;29;16;26;18;40;34;0;45;41;48;50;54;56;51;62;73;66;74;70;0;No;No;No
9358;1;5;10;2;4;25;16;19;18;22;45;31;0;44;34;49;52;60;47;59;69;71;68;62;66;0;No;No;No
9359;8;5;15;4;9;18;17;20;29;19;40;39;0;36;45;47;49;60;58;51;67;73;63;72;69;0;No;No;No
9360;13;6;8;15;1;20;29;21;26;22;39;44;0;45;43;54;58;53;52;57;67;66;65;70;74;0;No;No;No
9361;9;7;3;8;6;20;29;18;26;19;43;35;0;36;41;47;53;59;48;55;65;64;62;75;73;0;No;No;No
9362;1;2;3;6;12;30;19;22;16;23;38;45;0;33;43;52;58;59;54;50;63;71;69;70;67;0;No;No;No
9363;1;8;3;7;2;26;22;28;19;29;44;37;0;45;33;55;56;53;59;48;71;72;66;67;64;0;No;No;No
9364;11;3;13;9;5;26;28;17;16;24;32;41;0;31;36;55;48;53;47;50;65;67;73;74;66;0;No;No;No
9365;7;9;5;10;3;29;21;22;19;28;33;39;0;38;32;46;49;51;58;53;62;65;63;66;71;0;No;No;No
9366;1;8;6;7;10;26;21;24;17;25;33;40;0;36;35;53;57;46;50;51;64;71;74;68;73;0;No;No;No
9367;10;3;8;1;4;17;25;24;21;19;34;43;0;44;35;60;51;47;46;53;72;66;62;71;63;0;No;No;No
9368;5;14;10;8;9;27;16;28;20;24;40;37;0;32;42;50;55;60;54;58;69;70;73;61;65;0;No;No;No
9369;2;6;8;4;11;23;22;26;19;24;32;33;0;41;35;55;53;52;58;50;61;67;70;72;73;0;No;No;No
9370;2;3;6;9;10;18;28;30;17;25;31;35;0;43;34;46;48;54;59;51;69;66;67;64;74;0;No;No;No
9371;4;13;8;12;9;23;25;18;28;26;32;38;0;31;43;53;57;50;52;56;67;74;75;68;64;0;No;No;No
9372;1;11;13;12;10;23;27;20;29;17;44;32;0;31;41;48;46;60;56;51;73;74;67;64;75;0;No;No;No
9373;10;5;9;3;4;26;28;23;18;24;40;39;0;43;37;55;56;51;57;47;62;72;67;65;74;0;No;No;No
9374;13;11;9;2;10;29;26;30;25;22;36;41;0;38;35;55;58;56;49;57;61;67;72;68;69;0;No;No;No
9375;6;3;12;2;5;29;16;26;25;24;34;42;0;40;39;49;57;46;55;52;65;72;64;71;66;0;No;No;No
9376;9;6;11;5;12;19;26;20;25;24;34;31;0;41;42;56;46;54;49;47;75;63;61;66;72;0;No;No;No
9377;13;1;8;5;4;16;17;29;22;28;39;38;0;37;43;51;50;57;58;59;63;74;75;71;68;0;No;No;No
9378;9;10;14;3;8;27;24;18;16;21;34;38;0;40;39;49;56;50;54;52;65;64;69;63;68;0;No;No;No
9379;1;5;11;10;8;29;16;26;20;24;40;32;0;31;37;49;46;58;47;50;68;75;73;66;70;0;No;No;No
9380;5;6;4;2;10;27;16;25;22;29;34;31;0;38;40;56;51;60;52;50;62;61;66;69;70;0;No;No;No
9381;3;12;1;15;9;28;30;22;20;27;36;33;0;40;43;54;49;50;60;59;61;72;74;71;69;0;No;No;No
9382;11;5;4;3;12;28;23;25;19;21;31;44;0;34;38;58;59;49;57;51;65;62;61;67;69;0;No;No;No
9383;2;10;5;8;14;16;30;26;28;23;34;43;0;42;35;55;46;47;53;59;71;72;69;64;74;0;No;No;No
9384;8;15;14;2;10;18;29;16;17;20;31;32;0;42;33;55;50;48;58;56;64;71;65;67;75;0;No;No;No
9385;6;5;2;3;10;19;28;27;21;17;41;39;0;35;45;54;49;59;48;55;71;67;66;72;68;0;No;No;No
9386;5;12;2;8;15;27;16;22;25;24;31;45;0;38;40;56;50;55;46;54;66;61;74;73;67;0;No;No;No
9387;12;8;2;13;10;29;23;25;22;28;40;43;0;33;44;59;49;46;56;58;62;66;61;65;75;0;No;No;No
9388;1;3;4;12;2;30;21;22;16;26;42;40;0;31;45;46;59;50;53;48;66;64;63;65;70;0;No;No;No
9389;7;9;5;11;6;25;27;18;26;20;43;31;0;42;35;46;57;59;52;56;73;62;71;70;67;0;No;No;No
9390;4;7;1;15;8;20;27;29;24;16;43;31;0;37;33;51;50;48;54;58;61;71;66;63;68;0;No;No;No
9391;1;6;14;9;13;17;29;24;20;23;39;43;0;35;44;57;51;55;47;60;64;68;62;63;66;0;No;No;No
9392;1;10;8;14;6;17;19;27;28;24;32;33;0;45;38;53;54;47;46;60;69;61;68;64;63;0;No;No;No
9393;12;3;9;1;8;18;28;24;17;27;34;43;0;44;39;56;52;50;48;46;61;65;69;75;63;0;No;No;No
9394;10;8;2;1;4;24;27;17;26;20;43;42;0;36;31;54;49;53;46;51;62;68;72;71;69;0;No;No;No
9395;1;11;10;3;14;18;16;20;30;25;32;35;0;42;37;57;50;51;58;49;72;75;69;73;70;0;No;No;No
9396;4;1;6;2;10;16;29;25;26;24;39;42;0;40;38;46;55;47;54;57;66;65;64;63;73;0;No;No;No
9397;14;8;2;13;12;22;23;30;16;25;36;41;0;45;40;48;56;55;60;51;66;65;68;61;75;0;No;No;No
9398;14;10;1;8;3;16;27;22;25;23;40;34;0;33;37;47;58;52;57;56;61;70;65;72;74;0;No;No;No
9399;8;15;4;1;7;19;22;26;20;27;36;40;0;37;35;47;57;52;49;51;63;71;69;67;62;0;No;No;No
9400;12;11;6;13;10;19;16;28;26;22;34;33;0;40;45;46;59;48;58;60;61;69;74;62;71;0;No;No;No
9401;15;3;9;14;4;28;30;25;29;17;38;31;0;43;45;54;50;51;57;49;66;68;70;67;71;0;No;No;No
9402;3;7;13;14;8;20;21;24;17;25;37;44;0;32;43;48;47;58;59;57;68;74;72;75;65;0;No;No;No
9403;2;6;5;10;12;16;29;21;17;22;42;32;0;45;33;48;51;53;46;54;71;69;67;68;74;0;No;No;No
9404;9;14;7;3;4;21;25;19;29;23;32;37;0;42;44;55;59;51;60;54;72;74;65;68;73;0;No;No;No
9405;14;2;10;1;6;17;26;22;23;24;45;37;0;42;41;57;59;60;55;56;71;61;62;74;75;0;No;No;No
9406;5;6;15;11;12;17;28;30;23;29;43;35;0;32;42;49;48;50;56;58;64;74;61;68;73;0;No;No;No
9407;13;4;2;14;12;21;24;20;16;30;42;41;0;31;33;52;55;49;48;54;64;70;63;65;75;0;No;No;No
9408;4;12;10;13;2;18;26;23;28;24;43;37;0;32;41;59;46;58;55;53;64;74;71;69;70;0;No;No;No
9409;10;3;13;6;8;20;29;23;19;28;45;44;0;36;38;54;50;51;57;56;69;72;62;64;68;0;No;No;No
9410;2;11;8;7;3;17;20;24;19;30;34;36;0;31;42;58;55;56;46;47;67;61;64;71;63;0;No;No;No
9411;1;10;4;7;2;27;29;22;19;26;32;39;0;40;35;52;51;50;48;47;65;66;74;61;72;0;No;No;No
9412;14;5;7;4;13;19;23;25;24;26;37;36;0;32;39;47;49;59;57;46;71;63;69;75;68;0;No;No;No
9413;6;2;13;11;10;20;16;23;18;26;34;37;0;31;35;49;52;51;55;53;63;72;74;61;73;0;No;No;No
9414;1;11;10;9;8;24;19;16;18;29;33;44;0;37;39;59;51;48;57;46;68;74;66;64;67;0;No;No;No
9415;5;9;3;1;8;20;22;25;27;19;38;42;0;31;44;51;57;46;47;56;61;74;72;70;68;0;No;No;No
9416;11;10;5;13;6;26;17;22;21;24;37;36;0;39;33;47;48;56;49;59;64;72;66;75;70;0;No;No;No
9417;2;14;8;15;6;21;26;27;25;16;42;34;0;38;33;58;51;48;54;47;62;67;65;63;73;0;No;No;No
9418;5;1;12;11;8;27;21;26;28;19;36;40;0;31;35;47;57;59;56;55;70;74;69;68;63;0;No;No;No
9419;12;11;3;13;8;22;17;19;30;28;43;40;0;32;35;56;53;57;58;46;71;70;73;74;68;0;No;No;No
9420;12;4;9;8;11;29;28;27;24;26;32;38;0;31;39;54;47;52;51;48;71;63;73;64;67;0;No;No;No
9421;6;9;13;5;11;20;25;27;23;29;37;43;0;42;44;46;49;55;56;51;74;68;61;62;64;0;No;No;No
9422;4;6;2;5;11;19;26;21;25;24;42;32;0;37;45;48;59;47;53;46;74;75;71;64;66;0;No;No;No
9423;3;4;7;8;12;18;23;17;29;30;43;32;0;37;41;51;47;46;52;57;72;74;73;68;69;0;No;No;No
9424;14;9;4;11;2;23;17;24;20;28;44;33;0;31;38;46;48;49;57;47;74;61;65;63;68;0;No;No;No
9425;9;12;6;13;4;28;17;30;24;18;40;43;0;36;44;49;60;50;46;59;63;68;74;67;71;0;No;No;No
9426;14;4;8;6;15;23;24;28;25;22;45;31;0;37;42;54;49;52;46;56;71;62;67;61;69;0;No;No;No
9427;1;5;2;9;13;29;24;20;22;16;32;37;0;39;42;46;52;49;57;47;74;67;75;71;69;0;No;No;No
9428;6;2;15;10;1;22;23;20;19;26;38;37;0;39;36;50;55;58;56;59;73;63;71;70;67;0;No;No;No
9429;10;5;2;8;12;22;23;20;27;30;45;38;0;32;31;49;50;54;53;46;74;61;73;63;70;0;No;No;No
9430;12;14;7;10;6;17;22;28;19;30;36;42;0;35;45;54;50;51;53;48;64;69;62;61;63;0;No;No;No
9431;2;6;13;4;11;23;27;24;16;17;36;41;0;43;34;47;57;60;50;54;69;75;61;64;73;0;No;No;No
9432;5;14;11;12;2;24;17;22;18;20;44;34;0;40;43;50;55;52;60;54;66;68;73;63;62;0;No;No;No
9433;6;8;12;13;14;25;22;17;20;23;32;41;0;33;42;47;48;51;49;59;63;66;67;75;70;0;No;No;No
9434;14;9;8;1;2;19;22;29;18;21;35;42;0;33;44;48;50;51;49;53;63;73;69;67;64;0;No;No;No
9435;10;5;6;13;15;25;28;21;22;23;42;40;0;45;36;56;50;52;46;48;61;63;73;69;68;0;No;No;No
9436;6;14;11;2;15;21;22;23;26;20;42;36;0;37;40;53;56;55;50;49;67;73;65;62;63;0;No;No;No
9437;14;9;12;8;2;23;27;29;22;26;38;45;0;34;42;53;50;58;47;46;75;61;74;70;67;0;No;No;No
9438;15;6;14;1;10;17;18;22;24;28;37;41;0;40;44;57;59;51;52;58;72;66;75;69;74;0;No;No;No
9439;11;13;4;9;7;29;18;22;20;16;38;41;0;42;31;51;49;54;58;48;62;74;69;68;71;0;No;No;No
9440;8;6;2;3;1;16;27;18;17;19;41;39;0;35;43;56;52;58;53;51;64;61;72;66;63;0;No;No;No
9441;2;9;13;1;12;18;29;19;22;25;36;35;0;34;37;58;55;51;53;56;64;61;72;74;71;0;No;No;No
9442;12;3;14;5;4;18;21;26;30;20;32;35;0;41;38;54;55;48;52;51;75;72;68;63;70;0;No;No;No
9443;13;11;3;1;9;27;22;21;24;26;43;38;0;39;32;50;56;48;53;46;70;67;72;73;65;0;No;No;No
9444;3;1;2;11;13;20;24;27;23;18;42;40;0;36;34;51;47;48;46;52;69;68;71;62;61;0;No;No;No
9445;7;8;9;12;2;17;23;29;18;22;42;43;0;41;44;50;58;47;57;60;70;64;63;65;74;0;No;No;No
9446;15;2;14;12;11;24;20;27;28;29;39;43;0;33;35;57;53;56;59;49;72;74;65;69;70;0;No;No;No
9447;9;5;14;1;7;28;26;30;24;29;41;32;0;40;39;52;56;47;50;46;73;66;68;69;62;0;No;No;No
9448;14;3;7;8;13;21;23;25;19;26;34;38;0;40;43;54;59;47;46;53;67;68;70;66;75;0;No;No;No
9449;3;6;14;4;7;17;24;27;19;26;38;42;0;39;31;53;56;48;49;54;70;71;72;62;64;0;No;No;No
9450;4;7;2;13;10;16;26;24;20;29;36;42;0;37;34;53;46;51;48;59;63;66;62;72;69;0;No;No;No
9451;4;8;10;3;5;21;29;16;22;18;38;34;0;39;37;48;47;52;58;53;62;67;71;73;68;0;No;No;No
9452;7;4;13;5;14;22;26;17;28;24;41;42;0;38;36;60;58;56;54;50;63;61;64;73;70;0;No;No;No
9453;4;1;13;5;11;19;29;25;17;23;43;38;0;42;40;50;56;53;59;58;63;70;64;67;69;0;No;No;No
9454;13;2;8;1;15;25;17;16;24;26;42;41;0;36;34;52;47;48;56;50;70;74;67;68;75;0;No;No;No
9455;5;2;12;11;9;16;23;20;26;24;35;36;0;34;31;56;48;57;59;60;73;62;69;68;63;0;No;No;No
9456;4;7;1;12;5;20;27;24;21;19;39;31;0;36;35;59;50;48;56;57;73;62;71;66;68;0;No;No;No
9457;10;1;6;4;9;18;16;29;24;20;43;37;0;40;42;49;57;46;54;52;61;68;64;66;71;0;No;No;No
9458;13;4;11;5;9;21;19;27;17;23;37;45;0;40;36;58;54;57;55;48;68;73;64;67;61;0;No;No;No
9459;7;4;8;6;11;24;17;19;23;16;38;44;0;32;31;55;47;48;49;56;62;70;74;73;68;0;No;No;No
9460;11;7;9;14;6;29;19;24;25;16;40;33;0;37;39;56;53;60;51;46;66;67;68;73;69;0;No;No;No
9461;11;10;5;15;3;26;28;24;23;27;32;44;0;40;42;46;48;55;50;49;74;65;61;64;71;0;No;No;No
9462;8;9;3;2;14;19;22;21;27;16;32;38;0;45;44;51;49;52;46;59;69;66;65;68;72;0;No;No;No
9463;2;4;12;9;10;24;21;28;23;25;37;35;0;34;42;46;59;57;50;55;61;73;71;70;65;0;No;No;No
9464;14;4;1;6;11;27;17;24;28;18;31;42;0;34;44;50;49;52;51;55;68;66;75;70;74;0;No;No;No
9465;7;1;11;14;8;16;29;26;20;23;34;42;0;44;33;46;48;57;47;52;64;74;66;61;69;0;No;No;No
9466;1;2;6;11;8;30;20;27;17;16;32;42;0;38;43;46;49;58;53;60;64;62;75;65;74;0;No;No;No
9467;9;4;1;10;7;20;23;21;26;27;39;44;0;38;34;52;51;49;56;58;74;64;72;69;70;0;No;No;No
9468;3;8;1;14;6;23;30;26;22;16;39;32;0;40;31;47;46;58;55;56;73;67;65;62;72;0;No;No;No
9469;14;4;12;8;9;26;23;22;17;20;35;34;0;33;45;48;56;59;57;54;61;66;63;72;69;0;No;No;No
9470;2;11;6;9;8;26;20;29;23;25;39;35;0;37;34;53;50;54;58;46;69;62;64;71;68;0;No;No;No
9471;2;3;14;1;5;17;27;22;16;23;34;44;0;39;38;51;58;52;56;46;73;61;75;63;74;0;No;No;No
9472;3;1;6;10;7;25;16;17;26;28;43;41;0;39;42;49;56;46;52;58;62;74;68;65;71;0;No;No;No
9473;10;6;9;11;8;17;23;26;28;25;36;33;0;43;38;46;51;57;52;58;75;66;65;74;67;0;No;No;No
9474;10;5;12;1;7;19;26;17;27;16;42;43;0;32;34;57;47;48;54;55;72;61;63;65;67;0;No;No;No
9475;1;9;4;6;5;27;29;23;19;28;34;43;0;37;35;60;59;51;57;49;66;70;73;61;75;0;No;No;No
9476;14;11;10;1;12;23;25;28;17;27;31;44;0;45;33;49;57;56;54;46;65;62;70;66;64;0;No;No;No
9477;14;9;10;8;1;20;28;19;27;17;40;41;0;31;36;52;57;55;53;59;66;62;61;70;65;0;No;No;No
9478;4;5;1;3;7;19;27;30;26;21;40;34;0;41;32;49;50;48;51;46;75;71;69;64;61;0;No;No;No
9479;5;10;8;2;12;23;28;22;29;18;40;38;0;32;43;51;52;49;59;46;73;72;69;61;67;0;No;No;No
9480;4;3;8;5;6;26;19;16;23;28;40;43;0;42;34;51;48;46;55;47;73;70;74;68;64;0;No;No;No
9481;14;2;11;6;5;25;19;27;24;17;41;36;0;35;34;56;48;51;59;58;65;67;72;71;61;0;No;No;No
9482;1;9;2;11;8;26;24;29;19;20;33;38;0;40;42;47;58;52;59;54;66;65;71;61;64;0;No;No;No
9483;10;13;6;14;15;19;21;24;26;30;42;34;0;41;33;55;60;59;57;54;63;72;64;75;70;0;No;No;No
9484;5;15;6;2;14;27;16;28;23;25;32;31;0;42;45;51;46;52;60;58;68;67;62;61;74;0;No;No;No
9485;1;9;8;11;2;28;23;20;18;17;35;39;0;38;34;48;54;52;57;56;70;71;62;65;74;0;No;No;No
9486;15;4;5;13;8;18;24;16;17;29;35;31;0;45;34;55;53;52;54;50;61;73;75;67;70;0;No;No;No
9487;14;3;7;4;5;17;22;26;23;16;33;36;0;34;37;53;46;50;47;54;68;73;64;67;70;0;No;No;No
9488;4;12;7;5;9;26;23;18;22;20;44;38;0;39;31;60;58;53;52;46;75;74;72;73;65;0;No;No;No
9489;13;9;12;4;1;23;28;24;27;30;45;41;0;43;44;50;56;46;51;55;74;69;65;64;70;0;No;No;No
9490;6;7;5;1;12;22;25;21;23;20;41;39;0;32;45;46;51;50;53;56;68;63;69;71;70;0;No;No;No
9491;4;6;7;5;12;30;21;28;22;29;43;33;0;40;44;52;55;54;57;47;75;72;64;74;67;0;No;No;No
9492;5;6;12;3;8;20;22;23;25;21;40;32;0;31;35;50;51;55;57;47;72;61;68;69;64;0;No;No;No
9493;3;1;13;5;11;27;19;17;18;22;31;36;0;33;38;58;48;53;52;56;68;64;70;66;74;0;No;No;No
9494;2;10;7;12;15;19;20;25;18;26;41;44;0;43;35;46;50;57;52;47;71;67;70;74;69;0;No;No;No
9495;11;10;6;13;7;26;20;29;22;17;41;38;0;40;32;50;55;53;54;59;74;73;67;68;69;0;No;No;No
9496;10;6;11;7;5;18;25;23;16;22;31;32;0;37;39;55;59;49;57;60;63;61;62;70;71;0;No;No;No
9497;4;6;8;5;11;18;24;21;26;25;33;41;0;32;34;57;49;56;59;52;61;66;62;64;73;0;No;No;No
9498;10;1;7;15;14;17;21;18;28;22;40;37;0;42;33;59;55;47;50;53;73;61;62;72;64;0;No;No;No
9499;4;9;7;2;12;27;19;23;30;29;38;39;0;32;35;56;60;54;50;51;63;66;74;72;75;0;No;No;No
9500;5;9;10;6;3;19;16;22;29;25;45;44;0;40;43;51;48;52;47;59;69;74;68;64;75;0;No;No;No
9501;4;3;15;13;2;21;22;27;25;26;34;32;0;37;38;48;49;52;56;47;62;71;64;70;67;0;No;No;No
9502;9;15;14;1;3;16;24;26;18;25;43;31;0;37;45;51;54;50;58;55;63;65;70;62;72;0;No;No;No
9503;2;6;11;4;3;20;22;29;30;17;43;36;0;31;34;56;52;57;51;53;73;61;62;66;69;0;No;No;No
9504;6;5;9;10;7;22;16;27;20;24;40;45;0;42;38;50;46;57;49;54;65;69;71;72;67;0;No;No;No
9505;4;5;9;8;15;22;18;19;28;26;33;31;0;32;38;49;56;57;46;48;64;70;62;72;75;0;No;No;No
9506;6;4;13;11;10;19;23;22;25;21;35;31;0;44;41;57;52;54;56;55;75;65;69;73;62;0;No;No;No
9507;7;13;5;12;14;18;16;27;24;20;32;38;0;42;35;47;59;53;56;46;61;68;73;72;63;0;No;No;No
9508;14;5;9;11;10;16;29;17;26;18;31;40;0;37;41;53;49;50;57;55;66;71;61;62;75;0;No;No;No
9509;8;14;12;1;11;28;17;25;21;24;33;32;0;40;34;53;60;55;47;54;66;70;69;65;62;0;No;No;No
9510;14;2;9;1;4;16;23;22;19;17;40;37;0;38;31;60;49;52;50;47;73;72;61;71;74;0;No;No;No
9511;8;12;15;3;13;25;27;22;20;21;36;41;0;35;34;51;55;46;59;47;61;64;70;66;73;0;No;No;No
9512;8;1;10;11;14;18;29;28;26;24;42;40;0;38;37;51;53;55;48;59;61;68;71;74;67;0;No;No;No
9513;12;8;4;13;5;23;22;29;21;25;42;31;0;43;45;50;54;55;51;57;64;67;70;69;66;0;No;No;No
9514;12;6;7;4;1;27;21;24;29;19;40;43;0;42;41;54;57;46;55;52;65;74;67;70;61;0;No;No;No
9515;9;2;4;7;5;19;30;26;22;21;32;33;0;38;45;49;56;57;55;54;71;72;73;65;62;0;No;No;No
9516;11;10;2;14;6;27;16;23;19;18;41;40;0;31;44;57;50;54;52;53;61;72;62;63;66;0;No;No;No
9517;6;11;13;8;12;23;20;26;25;29;42;32;0;34;40;59;48;46;52;53;73;72;62;75;68;0;No;No;No
9518;9;10;3;7;6;28;22;16;29;25;31;40;0;41;33;55;59;52;51;56;74;63;73;68;72;0;No;No;No
9519;9;5;4;11;13;26;27;18;20;16;34;39;0;40;32;59;49;47;53;58;72;62;67;69;74;0;No;No;No
9520;6;10;3;8;4;18;29;30;21;28;38;31;0;42;44;52;47;49;57;58;61;67;65;71;62;0;No;No;No
9521;11;7;1;10;14;17;26;27;28;16;40;38;0;35;32;46;47;53;51;52;62;67;66;69;65;0;No;No;No
9522;9;12;1;7;14;22;28;29;23;20;36;31;0;38;37;56;54;48;58;52;72;63;62;65;73;0;No;No;No
9523;15;3;11;9;6;21;28;19;25;24;33;41;0;34;43;52;59;50;56;53;74;72;63;70;71;0;No;No;No
9524;11;14;2;7;3;21;17;27;19;23;36;40;0;38;35;55;52;51;50;56;73;74;61;71;68;0;No;No;No
9525;8;5;14;1;11;29;28;21;18;26;32;39;0;37;31;60;59;48;53;52;73;70;63;61;64;0;No;No;No
9526;5;1;2;9;12;24;26;25;18;28;37;38;0;40;41;47;46;52;59;60;66;62;67;74;70;0;No;No;No
9527;3;1;9;8;11;19;23;26;29;28;38;34;0;44;31;46;53;58;59;48;71;65;62;70;64;0;No;No;No
9528;1;7;12;4;3;17;26;23;16;22;43;35;0;40;45;53;46;56;55;60;69;74;67;65;68;0;No;No;No
9529;14;1;11;12;3;21;27;29;22;28;43;35;0;39;37;50;52;46;59;49;66;72;70;75;62;0;No;No;No
9530;11;7;9;1;4;16;27;26;23;19;35;39;0;45;31;49;51;55;59;47;63;62;73;66;65;0;No;No;No
9531;13;2;1;3;12;22;29;20;21;19;39;40;0;38;43;57;55;53;56;59;73;61;67;69;75;0;No;No;No
9532;10;6;3;7;9;16;18;22;23;25;33;37;0;40;32;47;51;57;48;55;61;64;74;72;69;0;No;No;No
9533;2;4;7;11;8;18;26;27;16;30;43;37;0;41;34;49;46;50;60;52;61;69;66;73;65;0;No;No;No
9534;6;13;4;10;2;29;18;20;25;21;34;43;0;35;40;51;46;58;48;57;61;74;69;62;66;0;No;No;No
9535;15;2;8;9;7;27;23;26;30;24;37;36;0;32;43;47;59;48;57;53;61;70;66;62;68;0;No;No;No
9536;12;1;2;8;5;25;30;17;23;29;41;36;0;39;43;55;46;50;57;56;66;74;71;73;72;0;No;No;No
9537;12;11;9;2;14;29;18;17;28;30;38;32;0;37;39;55;49;46;57;53;62;70;63;64;75;0;No;No;No
9538;13;8;3;14;1;16;22;18;28;25;35;43;0;36;45;58;50;55;57;52;65;74;71;72;66;0;No;No;No
9539;10;15;2;7;5;26;22;23;27;19;45;42;0;33;31;56;49;48;60;54;71;64;65;69;73;0;No;No;No
9540;4;6;7;12;8;28;21;29;24;27;37;43;0;31;35;57;55;58;51;54;65;72;62;71;74;0;No;No;No
9541;11;7;12;4;6;22;30;28;24;16;45;39;0;32;31;57;54;58;55;53;74;62;61;72;67;0;No;No;No
9542;12;6;9;3;15;28;27;29;19;20;39;44;0;34;40;54;51;48;46;60;65;63;67;73;75;0;No;No;No
9543;4;5;11;2;10;24;19;18;23;29;34;32;0;36;38;49;57;54;47;52;67;61;73;69;70;0;No;No;No
9544;1;3;2;5;11;28;18;23;27;21;39;42;0;34;37;53;47;52;46;60;64;69;71;67;74;0;No;No;No
9545;3;1;10;7;11;27;25;28;21;30;35;41;0;32;31;50;51;58;54;52;66;62;69;73;63;0;No;No;No
9546;7;8;11;5;9;28;17;21;30;16;34;33;0;37;32;59;53;51;47;49;70;74;71;73;72;0;No;No;No
9547;7;9;12;4;8;19;27;24;23;22;44;42;0;37;45;57;53;59;52;49;64;62;75;63;71;0;No;No;No
9548;12;10;5;9;3;22;28;20;27;17;31;35;0;43;37;47;46;56;60;53;67;64;69;72;66;0;No;No;No
9549;6;12;9;15;8;28;25;30;29;27;33;38;0;34;43;50;59;55;51;46;70;67;75;74;72;0;No;No;No
9550;1;10;12;6;3;16;18;23;17;28;40;38;0;44;41;47;46;52;58;49;61;71;64;69;70;0;No;No;No
9551;7;3;13;10;14;17;29;20;18;22;35;37;0;34;40;60;58;49;59;50;73;67;68;63;74;0;No;No;No
9552;5;11;4;7;8;21;16;22;23;18;35;32;0;41;39;56;55;53;47;49;71;61;72;62;70;0;No;No;No
9553;9;7;3;5;8;23;16;21;17;27;42;38;0;34;32;53;50;47;57;49;63;69;67;71;74;0;No;No;No
9554;6;12;5;9;8;16;24;22;19;23;35;31;0;33;44;58;49;53;50;52;64;61;69;63;73;0;No;No;No
9555;11;1;13;5;6;23;24;26;27;25;42;37;0;33;34;56;51;52;53;57;74;70;73;72;68;0;No;No;No
9556;10;4;7;2;13;25;19;16;17;24;34;31;0;42;39;55;56;59;52;50;61;73;74;69;62;0;No;No;No
9557;12;5;14;10;13;28;17;27;21;24;32;39;0;37;45;58;59;51;46;55;65;74;73;67;62;0;No;No;No
9558;14;6;4;1;7;26;16;18;25;30;42;33;0;32;38;51;59;55;53;47;73;64;67;69;61;0;No;No;No
9559;4;11;3;7;2;21;22;20;24;23;33;39;0;45;36;47;46;50;58;51;63;71;65;75;61;0;No;No;No
9560;2;10;5;11;8;16;20;28;18;25;41;43;0;45;31;46;56;59;50;48;71;66;63;74;67;0;No;No;No
9561;11;1;12;7;9;21;17;18;19;24;37;41;0;35;32;51;57;53;52;49;67;66;70;74;62;0;No;No;No
9562;11;9;8;6;3;18;27;28;23;20;35;37;0;33;45;50;58;49;59;56;64;68;61;66;63;0;No;No;No
9563;7;9;6;1;12;18;26;29;27;22;43;38;0;37;35;59;46;48;60;54;71;70;61;65;72;0;No;No;No
9564;15;12;8;7;9;27;26;17;22;23;40;34;0;38;44;46;52;48;57;53;62;61;65;74;69;0;No;No;No
9565;6;5;15;4;13;17;21;22;29;23;36;34;0;31;33;51;49;53;57;58;63;70;62;74;73;0;No;No;No
9566;7;1;12;14;15;23;25;21;20;16;35;39;0;37;33;56;55;58;47;59;72;66;62;65;71;0;No;No;No
9567;6;13;2;14;1;24;28;26;18;22;36;44;0;42;43;48;58;57;49;54;61;73;65;68;72;0;No;No;No
9568;5;10;11;3;12;29;23;28;19;17;34;43;0;31;38;47;53;59;48;46;74;70;61;73;69;0;No;No;No
9569;3;2;12;13;9;19;28;17;26;20;44;36;0;34;32;49;59;47;57;53;75;74;61;66;69;0;No;No;No
9570;8;10;1;3;7;18;17;30;21;27;33;31;0;37;34;55;52;56;49;58;73;62;66;72;64;0;No;No;No
9571;7;10;6;14;11;16;22;24;20;27;42;31;0;41;32;53;49;47;56;55;69;70;74;65;71;0;No;No;No
9572;4;1;14;7;12;22;18;29;21;20;36;43;0;33;40;48;47;59;56;50;67;62;72;63;74;0;No;No;No
9573;3;13;10;2;8;23;18;25;22;24;35;40;0;37;32;50;49;53;55;56;69;62;65;68;73;0;No;No;No
9574;5;3;9;12;7;16;17;28;18;19;41;31;0;32;40;52;47;48;51;53;66;65;62;61;72;0;No;No;No
9575;13;1;2;8;15;27;24;19;23;18;40;35;0;31;41;58;56;48;59;54;73;68;63;74;64;0;No;No;No
9576;5;6;13;8;3;27;18;29;22;26;36;32;0;35;41;54;60;48;55;46;74;71;61;63;72;0;No;No;No
9577;3;1;2;5;12;30;20;21;23;19;33;43;0;37;32;49;48;51;59;46;73;64;74;68;62;0;No;No;No
9578;2;11;5;12;14;23;20;29;27;19;36;37;0;33;40;60;52;46;57;48;73;66;63;64;61;0;No;No;No
9579;3;9;4;13;10;18;28;16;20;29;31;45;0;44;37;59;53;48;58;46;74;70;62;65;71;0;No;No;No
9580;2;7;11;3;13;25;27;21;28;22;45;33;0;39;38;49;55;51;48;54;72;69;73;66;70;0;No;No;No
9581;6;13;14;12;9;24;17;19;18;21;34;44;0;37;40;57;48;56;49;54;71;72;68;66;61;0;No;No;No
9582;14;6;13;15;11;19;18;27;17;22;36;44;0;31;35;47;51;60;55;53;68;70;65;69;61;0;No;No;No
9583;6;2;3;13;5;19;30;26;20;18;43;35;0;45;33;53;52;48;51;60;69;63;62;73;75;0;No;No;No
9584;9;15;6;8;2;23;26;22;24;28;38;40;0;41;37;52;53;57;58;48;68;71;69;64;61;0;No;No;No
9585;4;7;6;10;12;28;26;18;17;19;37;39;0;35;38;57;56;59;53;60;66;74;71;69;70;0;No;No;No
9586;15;13;11;5;1;16;20;22;24;18;45;42;0;43;34;56;48;58;53;59;66;61;62;68;70;0;No;No;No
9587;3;4;5;7;14;25;27;29;18;23;41;38;0;39;43;46;54;47;50;60;67;74;68;70;63;0;No;No;No
9588;2;6;11;4;14;19;18;26;23;16;41;31;0;39;38;54;53;48;47;59;71;63;69;74;62;0;No;No;No
9589;12;8;7;10;15;27;30;16;17;29;40;42;0;32;36;58;54;48;55;53;68;67;65;71;66;0;No;No;No
9590;5;2;7;1;6;22;25;27;26;23;45;43;0;38;37;55;51;47;59;54;63;75;65;71;68;0;No;No;No
9591;9;4;7;12;1;16;18;21;20;23;34;40;0;39;33;55;48;54;51;52;69;70;74;71;62;0;No;No;No
9592;1;3;12;6;11;22;29;16;21;24;33;32;0;43;37;58;53;59;56;50;64;73;66;67;75;0;No;No;No
9593;1;10;13;6;4;18;16;21;19;22;40;37;0;33;34;49;48;57;47;58;64;69;63;75;74;0;No;No;No
9594;15;1;11;8;3;17;20;30;27;29;37;42;0;33;41;47;56;55;48;51;68;69;71;67;65;0;No;No;No
9595;2;5;6;13;1;18;19;17;26;20;43;44;0;33;41;46;49;54;50;47;74;64;70;66;62;0;No;No;No
9596;1;12;4;9;13;25;28;18;22;27;37;34;0;39;35;52;60;55;59;46;71;62;72;73;68;0;No;No;No
9597;10;13;8;6;7;29;30;25;26;18;43;34;0;33;44;56;54;50;57;48;73;67;69;62;70;0;No;No;No
9598;8;10;6;1;4;28;20;24;16;22;39;36;0;38;40;55;54;51;56;60;73;66;71;75;74;0;No;No;No
9599;13;1;2;4;14;20;22;16;17;21;43;36;0;33;38;49;55;51;56;50;69;70;72;71;74;0;No;No;No
9600;7;14;2;6;15;29;16;19;24;18;39;43;0;44;31;59;47;60;57;53;61;72;75;64;65;0;No;No;No
9601;12;5;8;2;4;25;24;22;26;19;36;43;0;32;33;56;52;48;58;50;75;64;67;74;66;0;No;No;No
9602;7;1;5;9;11;24;22;19;21;25;43;39;0;36;35;57;56;59;51;52;68;73;74;62;64;0;No;No;No
9603;1;8;2;14;4;24;19;26;18;25;36;31;0;42;34;57;59;55;51;47;62;70;69;73;72;0;No;No;No
9604;13;15;2;10;14;25;27;16;29;18;37;36;0;35;32;47;56;57;46;51;62;72;61;68;63;0;No;No;No
9605;5;8;3;11;2;18;24;30;21;16;44;41;0;31;45;47;48;49;52;51;66;64;65;71;72;0;No;No;No
9606;6;3;8;14;1;24;28;16;25;26;41;36;0;39;31;49;52;54;46;48;67;68;73;65;70;0;No;No;No
9607;8;13;5;3;12;25;30;18;23;22;42;41;0;38;33;56;55;53;47;48;67;66;61;63;69;0;No;No;No
9608;14;2;4;12;11;23;20;21;17;18;40;33;0;41;43;46;48;55;50;59;64;71;69;65;66;0;No;No;No
9609;13;5;9;15;11;17;26;19;24;22;43;37;0;41;32;58;54;51;52;60;73;63;66;74;64;0;No;No;No
9610;2;8;6;12;11;18;23;24;20;17;43;37;0;42;41;48;52;50;60;56;64;70;66;75;71;0;No;No;No
9611;7;10;13;8;14;21;24;29;25;23;35;33;0;32;44;50;56;54;46;49;73;67;74;62;72;0;No;No;No
9612;5;1;10;6;14;16;22;19;28;24;33;42;0;31;39;59;53;48;54;49;71;73;66;65;67;0;No;No;No
9613;6;1;5;8;14;19;18;28;17;25;33;32;0;40;37;60;51;57;46;54;69;64;66;63;70;0;No;No;No
9614;5;3;9;13;11;30;20;27;17;25;43;38;0;40;39;46;48;47;49;56;67;73;68;65;72;0;No;No;No
9615;7;6;11;13;1;27;28;22;17;26;35;39;0;43;38;57;50;58;47;55;67;63;65;68;74;0;No;No;No
9616;6;11;10;1;13;25;20;17;27;19;42;40;0;45;43;54;50;49;47;53;75;72;64;71;68;0;No;No;No
9617;6;10;4;7;1;18;22;25;30;29;35;39;0;37;41;52;56;59;51;47;65;63;70;66;73;0;No;No;No
9618;1;9;10;7;13;26;27;20;17;28;42;38;0;37;41;46;48;49;58;54;67;75;61;62;63;0;No;No;No
9619;8;11;2;5;10;20;27;26;29;24;34;43;0;40;38;46;47;51;54;53;62;63;74;64;67;0;No;No;No
9620;6;9;1;8;14;28;16;17;22;20;36;44;0;33;40;47;57;52;51;48;70;61;75;71;62;0;No;No;No
9621;4;2;14;5;9;20;21;30;16;23;43;42;0;36;31;52;46;48;57;51;67;65;68;66;74;0;No;No;No
9622;7;4;6;3;13;19;18;29;17;25;41;40;0;32;39;55;54;58;57;52;69;61;73;70;63;0;No;No;No
9623;14;8;5;9;2;23;25;24;17;22;44;34;0;41;43;55;48;53;52;56;62;74;73;66;68;0;No;No;No
9624;7;1;13;8;15;21;22;27;29;24;35;38;0;42;33;49;52;53;51;58;74;68;69;66;72;0;No;No;No
9625;8;5;13;2;6;25;21;22;29;23;41;31;0;42;35;48;49;47;54;53;63;64;62;70;71;0;No;No;No
9626;14;8;9;15;5;24;17;21;29;19;35;33;0;40;43;50;48;49;51;56;65;70;69;63;73;0;No;No;No
9627;12;9;1;10;4;20;28;21;30;18;44;34;0;40;38;50;49;59;55;48;71;69;72;65;61;0;No;No;No
9628;8;2;9;10;6;30;27;22;25;26;43;39;0;44;31;46;53;52;51;55;68;66;73;70;72;0;No;No;No
9629;13;12;3;9;6;20;17;19;23;25;38;44;0;40;31;56;52;60;46;55;61;65;74;68;73;0;No;No;No
9630;3;11;1;2;5;19;26;24;23;17;31;34;0;42;37;47;48;50;59;54;73;66;68;67;69;0;No;No;No
9631;11;8;12;6;5;28;16;25;18;20;44;35;0;40;43;52;55;46;59;57;70;65;62;68;64;0;No;No;No
9632;6;8;2;9;1;30;25;26;19;17;31;36;0;33;34;54;56;57;58;59;69;72;61;67;62;0;No;No;No
9633;1;7;8;12;14;20;16;21;19;22;35;31;0;41;32;58;49;50;57;51;68;64;65;74;75;0;No;No;No
9634;5;6;10;11;12;18;20;24;21;25;31;35;0;36;44;60;47;52;50;55;71;61;63;62;64;0;No;No;No
9635;3;8;5;1;4;16;23;24;27;28;38;39;0;44;32;59;46;53;52;54;74;71;62;73;63;0;No;No;No
9636;1;10;7;13;15;29;24;16;26;22;38;41;0;31;35;52;48;60;59;47;69;72;68;67;71;0;No;No;No
9637;8;3;12;1;13;24;30;21;25;22;36;35;0;39;31;59;46;57;51;49;61;63;68;74;69;0;No;No;No
9638;10;4;14;2;1;21;29;25;19;28;43;39;0;33;35;60;46;52;47;48;64;71;61;67;66;0;No;No;No
9639;12;2;7;9;6;16;29;24;19;22;32;38;0;41;40;55;58;51;52;49;74;66;63;71;64;0;No;No;No
9640;5;4;11;14;13;23;21;18;24;28;33;38;0;37;31;50;53;48;52;58;73;61;64;68;62;0;No;No;No
9641;11;1;9;10;3;26;23;25;29;18;41;37;0;38;43;47;50;54;58;51;73;66;72;68;71;0;No;No;No
9642;3;6;9;7;14;18;30;22;16;26;39;44;0;36;34;50;54;52;59;57;74;69;61;67;63;0;No;No;No
9643;5;10;4;2;11;29;16;28;18;30;37;35;0;43;32;47;46;50;59;49;71;68;74;63;70;0;No;No;No
9644;10;15;12;11;5;17;26;25;19;22;36;44;0;35;38;48;49;54;50;59;69;73;70;61;65;0;No;No;No
9645;12;10;1;14;8;17;19;26;25;16;33;43;0;38;34;50;60;53;47;52;66;64;61;69;73;0;No;No;No
9646;8;5;15;4;1;20;17;22;29;25;44;31;0;34;33;46;48;53;58;47;66;64;74;75;65;0;No;No;No
9647;1;8;15;4;13;17;27;24;19;30;36;35;0;37;39;55;46;47;50;60;66;70;63;68;64;0;No;No;No
9648;1;11;2;14;9;22;29;27;20;19;41;37;0;33;35;51;56;54;49;60;73;67;70;61;64;0;No;No;No
9649;1;9;5;4;6;18;25;24;29;26;37;39;0;35;31;50;57;51;47;56;65;69;66;71;70;0;No;No;No
9650;13;6;8;5;4;25;22;26;16;23;44;38;0;36;43;55;46;48;54;53;72;65;73;75;71;0;No;No;No
9651;12;6;10;11;15;29;19;24;22;21;33;42;0;38;39;46;50;53;59;55;64;71;62;65;70;0;No;No;No
9652;10;1;12;2;15;26;21;20;23;18;31;35;0;42;37;50;58;49;46;56;66;63;73;70;67;0;No;No;No
9653;12;11;4;3;13;18;29;22;26;28;44;42;0;39;40;60;58;57;47;53;63;74;68;66;61;0;No;No;No
9654;11;3;12;5;6;28;27;29;25;21;41;42;0;39;35;54;59;52;49;53;64;75;70;71;68;0;No;No;No
9655;10;13;5;8;12;24;20;19;28;23;36;39;0;37;38;53;56;51;46;59;71;61;63;73;64;0;No;No;No
9656;10;2;7;13;4;30;16;25;27;23;35;43;0;32;41;53;50;56;59;52;69;72;65;71;73;0;No;No;No
9657;9;11;3;12;7;17;28;30;29;23;38;43;0;40;41;59;60;51;54;52;73;71;70;69;68;0;No;No;No
9658;6;7;2;3;5;20;16;26;18;29;33;34;0;43;32;50;54;52;53;55;61;72;66;63;70;0;No;No;No
9659;2;5;8;12;13;28;21;25;19;29;33;37;0;42;39;57;56;51;48;59;70;68;71;65;64;0;No;No;No
9660;3;5;13;1;4;21;16;25;23;17;33;44;0;43;36;48;57;46;50;49;61;67;62;69;75;0;No;No;No
9661;8;11;15;10;5;28;24;20;16;29;34;42;0;41;45;52;48;50;51;57;61;67;74;70;68;0;No;No;No
9662;7;6;12;14;4;18;22;21;25;17;42;43;0;36;33;52;55;48;60;54;74;70;69;68;66;0;No;No;No
9663;10;3;15;4;2;26;27;17;20;16;44;43;0;36;32;51;52;46;59;56;68;67;73;64;66;0;No;No;No
9664;15;9;13;7;10;18;25;27;24;26;43;36;0;42;44;50;47;59;52;51;73;62;67;65;75;0;No;No;No
9665;6;3;14;15;4;16;28;27;17;21;33;41;0;44;39;50;47;57;46;55;74;64;69;65;73;0;No;No;No
9666;5;8;7;14;11;27;28;24;16;19;44;35;0;41;43;58;50;55;53;59;63;62;73;69;75;0;No;No;No
9667;13;1;12;6;7;26;27;22;20;17;45;33;0;43;34;59;47;60;50;53;67;69;74;62;73;0;No;No;No
9668;10;11;12;1;13;26;29;24;27;30;33;40;0;39;42;48;57;60;50;49;71;75;65;64;66;0;No;No;No
9669;10;12;7;13;2;16;25;21;30;24;42;36;0;44;41;48;46;55;49;51;68;71;66;74;63;0;No;No;No
9670;1;12;7;9;11;29;16;21;24;22;32;38;0;39;44;49;55;50;46;48;69;73;66;61;63;0;No;No;No
9671;8;1;12;6;11;19;21;17;25;28;35;41;0;40;44;50;60;48;59;52;65;70;62;74;72;0;No;No;No
9672;1;8;15;6;5;16;28;24;30;17;36;42;0;34;32;56;59;52;49;47;64;73;68;71;63;0;No;No;No
9673;9;14;4;8;13;17;25;20;23;28;36;42;0;33;31;48;58;56;54;51;68;61;73;74;64;0;No;No;No
9674;3;8;2;11;7;29;25;27;16;20;45;41;0;36;40;48;56;50;59;54;71;65;63;73;64;0;No;No;No
9675;3;6;1;11;7;25;23;28;24;27;39;34;0;41;37;56;57;52;47;49;64;62;66;63;69;0;No;No;No
9676;3;2;8;9;5;19;16;26;30;25;37;36;0;34;45;57;49;52;53;46;61;66;71;69;63;0;No;No;No
9677;7;1;9;3;11;21;24;29;17;25;44;36;0;32;34;46;50;51;56;49;62;72;65;75;61;0;No;No;No
9678;9;4;3;5;10;26;19;22;30;17;35;42;0;36;32;60;55;58;47;56;63;73;75;67;71;0;No;No;No
9679;3;1;5;10;13;23;19;28;16;22;33;38;0;35;37;47;56;49;57;55;74;73;67;64;62;0;No;No;No
9680;10;7;14;6;15;16;28;25;21;23;33;41;0;44;36;57;47;56;50;59;65;73;68;70;64;0;No;No;No
9681;7;14;5;2;10;28;17;19;23;25;36;45;0;32;33;57;60;56;54;53;74;63;69;64;71;0;No;No;No
9682;5;15;13;12;6;20;23;19;29;26;33;41;0;42;38;51;59;55;53;60;66;70;62;67;73;0;No;No;No
9683;6;9;8;11;12;23;25;30;29;18;40;31;0;42;41;51;56;55;58;60;75;64;61;68;63;0;No;No;No
9684;9;8;4;10;14;17;20;24;25;23;37;36;0;39;34;52;58;53;46;56;71;61;66;64;63;0;No;No;No
9685;13;3;14;8;6;29;25;17;16;30;39;32;0;31;33;47;53;52;60;50;69;70;63;74;73;0;No;No;No
9686;5;3;8;2;4;24;25;22;28;19;37;41;0;33;34;55;59;46;47;58;72;66;67;62;74;0;No;No;No
9687;14;3;11;12;4;24;26;29;25;20;32;39;0;41;33;52;54;55;56;58;61;73;63;70;67;0;No;No;No
9688;9;11;12;2;5;26;24;28;25;20;33;34;0;44;32;47;56;57;54;58;62;74;61;63;66;0;No;No;No
9689;14;5;12;10;9;21;28;16;24;29;33;44;0;34;41;50;56;59;54;52;68;62;74;65;70;0;No;No;No
9690;3;10;11;13;1;29;21;25;26;20;40;33;0;31;43;59;54;46;48;50;73;66;72;64;74;0;No;No;No
9691;14;10;13;8;2;18;20;24;29;23;32;44;0;41;33;53;49;51;58;54;71;75;62;65;69;0;No;No;No
9692;10;1;3;9;4;28;20;16;24;21;34;35;0;40;33;54;47;59;50;57;66;65;63;71;70;0;No;No;No
9693;14;7;4;10;12;23;19;20;25;30;31;36;0;35;38;54;56;50;59;52;63;67;71;75;65;0;No;No;No
9694;1;15;2;14;7;23;27;19;24;18;39;38;0;35;34;52;59;53;49;50;72;64;65;69;73;0;No;No;No
9695;10;14;13;8;7;24;23;21;17;19;43;37;0;34;44;50;53;49;52;55;72;62;70;67;74;0;No;No;No
9696;6;14;9;10;11;29;18;27;26;23;36;32;0;42;39;46;58;47;49;48;70;68;64;61;67;0;No;No;No
9697;13;6;9;12;4;18;20;28;19;23;31;34;0;37;33;60;46;55;56;59;64;71;65;72;66;0;No;No;No
9698;3;4;12;2;5;21;19;24;26;17;41;31;0;44;32;46;56;52;57;55;74;70;61;67;73;0;No;No;No
9699;1;12;4;15;10;26;29;25;17;18;34;43;0;41;39;51;48;56;54;46;64;62;68;66;61;0;No;No;No
9700;3;11;10;12;4;29;17;27;21;19;40;43;0;38;35;57;50;46;54;58;73;69;61;62;72;0;No;No;No
9701;10;13;12;11;7;18;19;21;28;30;44;39;0;41;35;54;59;60;53;56;74;73;66;64;62;0;No;No;No
9702;6;10;12;8;7;17;19;22;20;25;43;42;0;33;31;54;48;52;51;59;72;68;65;70;66;0;No;No;No
9703;10;4;5;6;14;25;28;17;18;21;42;31;0;40;37;54;49;59;52;46;70;73;68;72;74;0;No;No;No
9704;3;14;11;4;1;19;29;22;16;21;44;39;0;38;37;47;60;50;53;59;70;72;64;65;69;0;No;No;No
9705;1;2;5;10;9;24;27;22;28;19;42;31;0;36;39;47;49;56;55;46;65;67;72;75;64;0;No;No;No
9706;12;7;11;4;6;27;29;19;23;21;34;44;0;32;33;58;51;48;49;47;65;64;62;72;71;0;No;No;No
9707;2;12;7;1;9;30;22;24;27;17;33;44;0;41;32;47;58;56;48;53;75;72;63;74;69;0;No;No;No
9708;4;6;12;3;10;25;16;19;18;22;37;42;0;32;33;48;55;52;53;50;64;66;61;73;71;0;No;No;No
9709;4;5;1;14;11;26;29;22;24;28;42;32;0;45;37;59;46;49;52;50;66;70;74;72;73;0;No;No;No
9710;14;1;7;3;15;16;30;29;17;20;38;34;0;36;41;54;48;56;58;49;75;72;66;71;70;0;No;No;No
9711;4;8;3;6;2;30;17;25;26;19;32;43;0;42;36;59;55;47;56;48;65;69;64;73;63;0;No;No;No
9712;5;14;12;2;8;25;19;22;16;29;31;33;0;35;39;46;50;55;60;48;70;75;66;69;62;0;No;No;No
9713;10;7;6;3;15;18;24;29;21;26;31;42;0;34;44;48;58;60;50;57;66;68;74;72;65;0;No;No;No
9714;12;8;10;7;13;27;28;21;25;20;31;44;0;34;41;57;46;52;50;54;71;65;62;73;69;0;No;No;No
9715;12;14;1;10;3;22;18;17;23;25;39;33;0;42;43;50;46;58;49;54;63;73;64;68;72;0;No;No;No
9716;5;11;15;8;13;26;16;23;17;24;38;37;0;42;35;48;58;60;59;51;69;61;72;62;64;0;No;No;No
9717;10;12;13;6;1;29;18;20;19;26;43;45;0;31;39;54;56;49;47;53;65;62;63;70;74;0;No;No;No
9718;12;2;9;11;7;24;26;18;20;16;44;35;0;39;38;51;47;57;50;56;69;61;72;66;71;0;No;No;No
9719;5;13;9;14;11;29;24;25;18;23;40;32;0;31;42;57;53;54;49;51;73;70;63;67;64;0;No;No;No
9720;3;14;1;11;6;18;29;21;28;22;37;35;0;45;42;54;58;53;60;51;68;67;61;74;65;0;No;No;No
9721;5;9;4;1;10;25;17;24;20;26;33;39;0;31;36;50;57;52;56;47;70;71;65;72;69;0;No;No;No
9722;4;5;9;12;8;30;18;21;27;17;40;35;0;43;33;49;47;56;46;48;67;75;71;64;63;0;No;No;No
9723;13;14;11;10;9;23;18;29;27;22;31;35;0;43;40;54;48;58;46;59;70;64;67;66;61;0;No;No;No
9724;9;10;12;8;6;24;25;21;29;28;44;38;0;45;41;50;52;55;53;48;70;62;61;75;69;0;No;No;No
9725;3;15;7;4;11;18;24;27;21;22;33;38;0;41;39;52;46;58;56;60;70;63;75;69;68;0;No;No;No
9726;9;14;10;12;4;25;20;21;28;24;41;32;0;35;43;55;51;46;56;53;75;69;65;64;67;0;No;No;No
9727;15;13;2;5;11;16;18;29;19;30;33;41;0;39;36;51;55;49;54;48;68;69;62;64;66;0;No;No;No
9728;10;7;12;3;9;25;17;21;26;22;37;44;0;34;32;47;51;53;50;49;62;67;61;73;71;0;No;No;No
9729;13;12;9;11;10;29;23;22;24;26;34;43;0;42;31;54;57;50;55;52;70;61;69;68;74;0;No;No;No
9730;11;7;6;3;5;18;17;25;20;26;39;43;0;42;35;59;57;46;48;50;70;63;62;74;61;0;No;No;No
9731;13;11;5;2;1;28;24;29;20;26;38;43;0;42;39;52;50;51;56;54;71;65;61;68;73;0;No;No;No
9732;10;14;5;6;9;16;21;18;25;19;42;34;0;41;38;52;59;50;48;47;73;64;65;61;63;0;No;No;No
9733;1;6;15;2;12;16;19;30;29;18;35;39;0;34;38;57;51;58;48;52;74;61;67;68;71;0;No;No;No
9734;10;14;7;8;5;27;28;20;21;22;32;31;0;40;44;57;52;58;46;54;68;64;67;62;63;0;No;No;No
9735;2;8;4;14;9;21;26;23;17;19;31;37;0;43;42;53;56;50;46;49;61;69;62;64;71;0;No;No;No
9736;1;2;3;6;5;23;18;16;17;26;34;36;0;44;37;53;59;55;54;56;63;64;72;62;74;0;No;No;No
9737;8;5;7;6;12;17;18;20;26;28;31;40;0;41;37;50;55;54;57;59;72;64;62;70;73;0;No;No;No
9738;11;13;10;12;6;29;23;28;17;18;37;39;0;33;35;52;59;50;53;54;72;64;69;70;65;0;No;No;No
9739;14;6;15;7;12;24;28;20;26;29;37;39;0;41;38;51;55;54;50;47;63;61;67;75;70;0;No;No;No
9740;14;12;6;1;13;27;24;28;20;25;32;34;0;37;36;58;57;50;59;49;69;74;72;71;65;0;No;No;No
9741;4;3;1;6;14;26;21;17;23;16;41;43;0;40;45;47;48;60;49;53;70;64;71;72;75;0;No;No;No
9742;12;3;10;5;13;24;23;27;17;21;31;41;0;45;43;53;57;50;52;49;64;71;72;62;74;0;No;No;No
9743;1;11;13;12;2;18;30;27;19;16;43;44;0;31;38;52;47;48;59;60;65;72;70;66;62;0;No;No;No
9744;14;2;12;1;6;19;30;29;24;26;43;42;0;40;41;51;54;48;47;49;66;71;75;61;63;0;No;No;No
9745;3;11;6;8;15;16;18;28;25;27;44;43;0;34;45;51;58;60;57;49;67;66;75;68;64;0;No;No;No
9746;5;11;13;2;12;21;30;17;22;18;44;36;0;37;33;50;57;55;46;56;69;72;67;63;70;0;No;No;No
9747;7;14;1;4;9;18;20;24;26;28;37;40;0;44;42;58;57;56;53;46;61;70;71;74;67;0;No;No;No
9748;5;2;9;4;3;29;26;24;20;21;40;32;0;38;37;47;57;53;49;55;69;67;61;64;73;0;No;No;No
9749;9;15;4;14;3;25;18;30;21;22;35;44;0;40;39;52;58;56;59;46;62;69;70;68;65;0;No;No;No
9750;9;5;7;8;12;20;29;24;21;16;43;44;0;40;31;56;59;57;54;58;68;71;70;63;67;0;No;No;No
9751;4;13;15;11;14;20;18;26;17;27;38;40;0;44;31;51;58;50;46;52;73;61;65;68;69;0;No;No;No
9752;11;15;1;13;10;27;16;17;28;25;44;36;0;42;43;51;58;57;54;55;61;69;66;73;63;0;No;No;No
9753;12;4;9;10;14;16;19;24;30;17;34;39;0;32;35;50;52;54;60;49;64;69;71;74;66;0;No;No;No
9754;12;6;11;14;3;30;22;16;18;21;43;34;0;42;44;46;49;51;57;60;67;61;74;73;68;0;No;No;No
9755;6;7;12;11;10;28;19;21;22;29;37;31;0;34;33;49;48;47;59;56;71;66;63;74;64;0;No;No;No
9756;10;9;8;15;2;18;30;16;20;22;37;42;0;39;44;47;50;51;59;58;73;72;62;69;75;0;No;No;No
9757;2;8;14;5;1;18;29;30;23;24;41;38;0;34;44;58;46;50;47;51;63;68;65;74;62;0;No;No;No
9758;8;6;11;13;2;23;29;28;17;25;37;36;0;31;38;48;58;51;54;52;73;64;74;71;72;0;No;No;No
9759;1;7;8;5;12;25;30;28;16;22;34;42;0;37;33;56;59;50;55;54;64;61;62;63;72;0;No;No;No
9760;9;4;7;13;8;25;21;28;27;20;33;31;0;37;39;57;48;55;52;56;71;66;63;75;65;0;No;No;No
9761;11;14;12;5;4;27;22;17;19;20;41;42;0;36;34;53;51;46;55;58;73;74;72;63;66;0;No;No;No
9762;4;1;2;8;11;24;28;16;25;29;42;31;0;37;41;53;57;55;58;47;61;71;67;66;72;0;No;No;No
9763;8;11;3;9;1;18;26;16;30;28;35;45;0;39;36;48;57;58;49;52;63;70;71;72;66;0;No;No;No
9764;5;3;14;13;2;22;27;25;30;29;38;31;0;41;33;48;57;51;54;56;72;63;61;68;67;0;No;No;No
9765;2;11;7;10;9;19;25;24;20;26;35;37;0;42;41;52;59;53;48;60;66;64;63;73;74;0;No;No;No
9766;12;6;2;9;8;17;25;19;21;29;43;35;0;45;39;55;53;52;56;49;74;61;63;62;69;0;No;No;No
9767;8;5;1;15;11;20;30;25;29;26;31;42;0;40;34;49;51;53;48;59;64;61;70;72;74;0;No;No;No
9768;14;6;8;4;10;20;23;24;29;28;32;33;0;37;44;49;58;59;46;51;66;75;67;61;65;0;No;No;No
9769;15;1;11;5;14;20;25;18;27;16;43;40;0;35;42;52;50;49;47;59;61;65;68;69;71;0;No;No;No
9770;11;12;13;14;7;23;25;17;28;22;34;32;0;37;35;47;60;57;48;53;66;61;74;68;73;0;No;No;No
9771;6;3;15;12;7;17;19;22;25;20;45;40;0;35;44;58;48;53;59;56;62;69;73;65;66;0;No;No;No
9772;7;3;14;11;4;30;23;29;16;20;35;36;0;33;40;58;54;48;52;59;66;64;74;67;72;0;No;No;No
9773;8;1;13;7;14;23;21;25;17;26;37;34;0;44;32;50;53;48;46;56;74;70;61;62;68;0;No;No;No
9774;10;11;2;1;8;24;27;18;30;23;36;37;0;31;42;55;56;49;60;52;67;66;72;63;75;0;No;No;No
9775;10;5;3;14;13;20;16;28;17;25;35;43;0;31;45;51;59;58;48;46;64;65;75;69;67;0;No;No;No
9776;4;14;7;11;5;18;30;24;23;19;31;32;0;38;41;54;53;48;46;55;64;67;71;74;61;0;No;No;No
9777;11;7;14;6;8;30;23;21;29;19;44;37;0;35;31;56;47;60;46;55;74;63;67;65;62;0;No;No;No
9778;3;14;4;7;13;19;20;22;16;17;38;31;0;40;44;52;55;50;53;51;74;73;64;70;66;0;No;No;No
9779;9;5;13;11;6;27;20;19;22;18;34;31;0;45;39;50;53;54;55;58;67;64;62;75;71;0;No;No;No
9780;13;1;3;10;14;25;22;26;18;21;41;43;0;42;31;55;60;52;49;58;66;69;62;70;74;0;No;No;No
9781;1;3;4;7;14;28;26;17;19;25;42;33;0;43;34;59;51;58;57;54;70;65;69;73;72;0;No;No;No
9782;5;14;11;8;9;19;28;21;26;17;40;43;0;37;36;58;56;55;49;47;62;71;70;64;66;0;No;No;No
9783;13;8;2;6;14;28;27;17;25;19;35;37;0;33;41;46;58;47;55;53;72;66;64;73;62;0;No;No;No
9784;6;14;2;3;11;24;25;21;17;20;38;34;0;33;32;58;46;52;59;50;63;64;73;72;68;0;No;No;No
9785;11;1;13;5;8;22;25;26;18;20;39;33;0;44;42;49;47;46;48;55;75;74;73;69;71;0;No;No;No
9786;8;6;1;7;11;20;19;17;29;26;41;39;0;32;43;47;57;50;60;54;61;74;70;66;63;0;No;No;No
9787;4;14;10;3;5;28;20;25;19;21;34;39;0;36;33;56;59;53;57;58;75;65;67;63;70;0;No;No;No
9788;12;14;13;2;10;25;24;20;28;19;45;36;0;31;39;52;54;51;55;47;69;62;65;72;74;0;No;No;No
9789;4;3;12;11;5;22;27;23;24;20;40;34;0;42;44;57;50;48;46;53;64;69;61;70;73;0;No;No;No
9790;15;5;1;6;7;22;27;30;29;16;43;40;0;38;39;50;47;58;54;56;64;70;62;68;72;0;No;No;No
9791;11;13;14;1;6;17;16;27;23;29;32;34;0;41;42;49;53;54;58;57;65;75;63;72;64;0;No;No;No
9792;7;11;14;9;12;18;16;22;25;23;38;34;0;31;33;47;60;46;50;49;65;73;64;63;68;0;No;No;No
9793;1;13;9;10;14;25;19;18;17;26;40;38;0;35;43;54;55;53;47;51;62;72;71;61;65;0;No;No;No
9794;6;13;3;11;4;28;22;16;25;20;42;37;0;38;31;55;54;48;52;58;73;71;63;65;61;0;No;No;No
9795;4;3;10;9;8;24;28;29;18;26;42;41;0;44;37;47;46;51;60;54;66;63;72;69;61;0;No;No;No
9796;4;6;14;7;12;22;21;19;25;18;40;33;0;43;35;48;50;58;59;57;63;69;67;70;61;0;No;No;No
9797;7;11;2;9;1;23;16;30;20;17;45;36;0;40;43;48;58;50;51;47;61;63;69;62;73;0;No;No;No
9798;3;13;9;4;11;23;28;24;26;20;35;36;0;41;44;55;46;53;49;47;73;66;70;61;74;0;No;No;No
9799;1;9;4;10;5;17;25;27;24;28;31;43;0;40;34;56;49;57;52;51;68;72;66;74;67;0;No;No;No
9800;10;5;14;1;2;24;25;22;20;27;38;31;0;42;44;56;55;52;50;59;67;72;61;69;70;0;No;No;No
9801;3;11;13;4;8;24;17;25;18;28;42;40;0;34;32;55;56;59;50;47;72;61;69;65;70;0;No;No;No
9802;14;10;5;6;12;21;22;17;25;27;38;43;0;34;42;51;47;53;50;55;74;61;72;73;63;0;No;No;No
9803;12;1;3;14;8;19;17;26;20;29;33;37;0;42;41;54;46;59;48;52;70;75;72;66;68;0;No;No;No
9804;8;14;1;13;10;19;21;25;23;29;41;39;0;32;36;54;57;55;58;48;69;66;75;74;68;0;No;No;No
9805;13;1;3;5;10;20;29;27;16;25;43;42;0;31;35;54;58;50;49;55;67;61;63;68;65;0;No;No;No
9806;9;12;5;8;13;25;21;22;20;16;33;43;0;44;38;51;47;55;54;48;71;65;72;66;68;0;No;No;No
9807;9;1;3;10;4;23;16;28;26;25;42;33;0;37;38;48;49;54;52;59;73;63;75;61;64;0;No;No;No
9808;13;14;4;15;12;16;29;18;17;25;44;36;0;37;42;57;55;46;58;52;70;67;63;68;65;0;No;No;No
9809;9;7;2;1;11;27;25;24;18;26;33;41;0;40;36;55;51;46;48;56;61;73;67;65;64;0;No;No;No
9810;6;13;3;14;12;25;27;19;21;22;43;41;0;40;45;53;49;54;57;48;65;72;74;66;73;0;No;No;No
9811;4;7;5;1;2;23;20;25;22;29;39;41;0;40;33;51;46;54;53;49;70;75;68;61;71;0;No;No;No
9812;6;1;10;5;8;22;19;21;29;24;38;42;0;35;36;56;51;48;49;46;64;71;62;67;69;0;No;No;No
9813;9;7;6;8;4;24;28;20;26;19;35;32;0;41;42;49;51;48;52;60;73;62;75;66;68;0;No;No;No
9814;12;14;13;3;11;25;22;19;18;21;43;37;0;32;39;55;52;50;53;54;70;64;66;62;67;0;No;No;No
9815;11;13;2;5;10;19;27;29;26;16;37;33;0;34;44;60;54;46;51;50;70;65;63;72;68;0;No;No;No
9816;14;1;5;6;13;28;25;23;20;24;31;45;0;33;44;55;51;49;60;52;68;70;73;62;72;0;No;No;No
9817;12;9;13;14;5;27;23;17;19;28;32;38;0;33;39;51;50;58;53;54;67;71;69;74;63;0;No;No;No
9818;1;5;8;7;12;18;20;24;29;26;39;45;0;31;43;48;47;58;59;56;63;65;64;72;68;0;No;No;No
9819;1;12;11;10;6;17;29;26;28;25;31;40;0;38;35;46;55;51;48;52;68;63;67;69;74;0;No;No;No
9820;10;14;5;9;3;17;20;18;24;29;36;44;0;45;39;55;50;53;47;54;63;70;66;65;67;0;No;No;No
9821;14;6;10;13;12;24;17;20;28;19;44;31;0;35;41;57;50;56;46;52;68;67;70;71;74;0;No;No;No
9822;6;11;12;14;4;20;25;18;27;23;41;31;0;44;43;48;49;55;56;60;70;69;72;75;65;0;No;No;No
9823;5;1;7;12;13;27;25;16;20;23;41;33;0;36;44;49;56;54;46;58;73;65;71;66;69;0;No;No;No
9824;5;3;1;15;11;28;21;29;16;20;44;45;0;39;41;47;57;48;51;56;65;67;71;66;62;0;No;No;No
9825;9;3;14;8;11;28;27;17;21;18;44;37;0;31;43;48;54;56;47;52;65;69;73;70;68;0;No;No;No
9826;3;8;10;4;15;18;16;25;20;24;39;37;0;36;42;57;56;52;46;58;71;67;70;66;73;0;No;No;No
9827;6;4;13;9;8;27;24;23;16;30;42;32;0;34;36;57;50;49;52;53;68;65;66;61;73;0;No;No;No
9828;14;2;5;1;11;28;21;23;16;22;31;41;0;38;33;54;46;53;56;57;69;71;61;64;68;0;No;No;No
9829;6;8;4;7;1;17;18;25;28;23;42;40;0;44;35;48;52;54;60;47;72;73;66;75;71;0;No;No;No
9830;1;9;4;3;5;21;17;28;18;22;41;38;0;44;37;58;52;48;49;47;75;63;70;69;71;0;No;No;No
9831;15;1;2;14;11;26;16;18;29;21;34;31;0;41;44;59;56;50;49;54;68;71;69;66;67;0;No;No;No
9832;6;2;1;8;4;25;24;20;27;29;36;33;0;44;43;47;60;51;56;50;69;62;63;64;66;0;No;No;No
9833;6;9;7;8;3;17;25;28;27;22;36;37;0;42;38;50;48;54;52;55;66;64;73;74;75;0;No;No;No
9834;8;1;4;9;2;21;24;23;28;22;43;36;0;38;41;48;49;58;46;59;63;68;65;61;71;0;No;No;No
9835;2;6;14;1;10;16;24;26;28;21;40;44;0;31;34;50;56;53;49;51;65;72;64;63;62;0;No;No;No
9836;6;8;2;5;10;25;16;22;29;30;36;42;0;37;35;49;48;57;53;59;69;63;70;71;74;0;No;No;No
9837;11;7;5;10;3;23;21;18;22;20;36;34;0;42;40;57;53;47;52;59;70;61;73;62;65;0;No;No;No
9838;7;10;12;5;14;18;21;19;23;29;36;40;0;39;42;54;55;47;59;57;65;63;69;68;71;0;No;No;No
9839;14;10;11;3;12;21;28;23;26;17;38;39;0;33;37;57;48;49;53;46;74;71;61;63;64;0;No;No;No
9840;2;14;4;11;3;20;17;22;16;18;40;33;0;44;45;56;58;49;57;54;65;63;67;71;73;0;No;No;No
9841;14;2;12;5;11;22;29;27;30;21;37;44;0;42;40;48;56;46;59;54;64;75;65;63;71;0;No;No;No
9842;12;10;14;1;6;23;20;28;17;18;44;36;0;35;43;48;55;60;57;58;75;62;68;73;61;0;No;No;No
9843;3;14;6;15;1;23;30;21;22;27;43;40;0;41;35;51;59;54;56;46;70;67;65;69;71;0;No;No;No
9844;2;9;11;3;8;17;19;20;26;23;36;37;0;33;34;54;48;52;59;50;73;70;63;74;64;0;No;No;No
9845;8;4;10;5;11;24;21;16;19;28;45;34;0;42;44;56;49;58;46;51;66;62;72;67;71;0;No;No;No
9846;8;14;1;2;10;29;25;18;21;28;31;38;0;45;35;55;56;51;49;57;74;72;62;73;63;0;No;No;No
9847;12;7;10;4;14;16;20;26;17;27;31;43;0;36;38;57;52;55;53;58;61;62;67;74;72;0;No;No;No
9848;11;5;14;7;3;17;27;23;21;22;31;38;0;42;32;57;59;54;49;46;62;68;66;72;67;0;No;No;No
9849;12;14;3;10;4;16;24;27;20;17;39;41;0;44;33;54;50;51;47;52;67;69;64;68;74;0;No;No;No
9850;8;5;4;14;9;18;20;26;27;17;31;45;0;33;42;58;51;60;59;53;62;71;69;70;65;0;No;No;No
9851;1;10;7;2;8;26;20;23;22;18;44;43;0;32;39;57;54;47;55;48;68;62;66;63;69;0;No;No;No
9852;4;5;3;15;2;17;25;24;29;21;40;42;0;33;41;59;52;46;48;55;66;70;73;68;71;0;No;No;No
9853;7;8;12;13;14;16;17;27;26;21;44;38;0;37;31;47;57;52;53;55;62;63;64;68;73;0;No;No;No
9854;3;15;7;12;8;23;28;19;21;26;34;39;0;37;44;51;59;55;47;58;63;73;62;68;72;0;No;No;No
9855;5;11;9;4;3;20;18;25;28;29;44;42;0;43;45;52;59;60;57;55;73;69;66;70;62;0;No;No;No
9856;4;1;14;7;5;30;17;19;23;21;42;41;0;44;35;47;56;55;59;54;66;61;69;63;62;0;No;No;No
9857;6;1;10;9;8;27;29;28;26;17;39;33;0;34;37;52;48;59;54;60;72;71;70;66;68;0;No;No;No
9858;10;4;11;3;1;25;16;20;22;26;34;45;0;40;32;47;49;57;52;51;67;68;73;64;74;0;No;No;No
9859;8;14;9;11;10;16;27;23;17;30;41;34;0;45;42;46;52;60;54;48;71;69;74;75;72;0;No;No;No
9860;2;10;12;13;6;28;21;23;25;22;41;31;0;44;38;59;52;58;56;53;72;65;75;68;71;0;No;No;No
9861;10;1;5;8;15;24;29;25;16;23;37;40;0;34;39;55;58;48;46;53;65;75;67;62;74;0;No;No;No
9862;5;15;10;9;2;21;29;17;28;24;42;44;0;45;43;56;51;52;58;49;61;64;63;65;75;0;No;No;No
9863;1;12;2;11;13;27;18;19;17;28;35;32;0;40;36;56;48;57;49;47;68;62;70;75;65;0;No;No;No
9864;12;4;9;5;6;18;21;26;23;19;37;35;0;40;44;52;46;57;51;48;64;68;66;61;75;0;No;No;No
9865;3;7;10;5;1;24;30;17;18;19;44;39;0;37;33;46;52;47;50;48;64;61;70;73;62;0;No;No;No
9866;15;1;8;5;11;17;26;24;16;27;38;33;0;40;43;50;58;49;56;52;63;67;74;61;71;0;No;No;No
9867;6;5;3;2;8;20;23;16;26;28;32;41;0;31;45;59;53;47;50;51;72;63;75;66;65;0;No;No;No
9868;9;10;6;8;11;20;24;17;25;27;44;38;0;33;42;48;49;53;56;59;73;71;69;70;63;0;No;No;No
9869;10;5;6;1;13;30;28;21;23;20;45;41;0;39;40;53;55;47;51;50;67;69;61;68;74;0;No;No;No
9870;4;8;5;15;12;29;24;25;30;23;31;35;0;44;43;46;53;48;50;60;69;72;66;70;73;0;No;No;No
9871;8;4;6;14;12;18;21;17;16;26;37;39;0;31;45;46;48;52;49;51;63;70;72;74;64;0;No;No;No
9872;10;4;13;12;9;29;19;25;22;23;39;31;0;34;41;48;56;46;57;59;71;63;65;61;74;0;No;No;No
9873;5;2;4;10;6;26;29;24;22;20;39;33;0;31;37;49;57;55;52;46;74;64;70;67;63;0;No;No;No
9874;7;10;8;2;14;20;25;16;30;29;40;37;0;36;39;50;46;51;58;48;71;75;70;62;63;0;No;No;No
9875;6;2;1;13;15;24;21;27;19;26;33;38;0;40;32;48;57;60;54;51;71;69;73;61;72;0;No;No;No
9876;8;4;12;6;10;17;26;28;22;30;44;40;0;39;42;59;52;57;55;47;69;70;72;66;67;0;No;No;No
9877;5;3;13;11;9;25;24;29;26;16;33;43;0;36;32;58;53;55;50;57;72;73;67;63;70;0;No;No;No
9878;10;3;1;8;5;27;25;17;20;16;39;36;0;42;41;50;55;57;47;51;61;67;62;74;65;0;No;No;No
9879;10;4;14;9;12;25;21;26;24;22;45;33;0;36;35;48;51;50;55;58;70;72;74;71;65;0;No;No;No
9880;4;7;14;8;6;20;24;21;25;22;33;43;0;39;45;51;52;56;54;47;72;62;69;74;63;0;No;No;No
9881;7;5;2;6;4;19;18;28;24;29;39;36;0;43;35;47;50;55;58;54;69;67;66;71;61;0;No;No;No
9882;1;8;9;11;6;29;22;28;19;20;31;38;0;32;41;53;59;55;46;52;69;72;63;65;62;0;No;No;No
9883;2;8;5;3;7;20;17;28;16;24;38;35;0;41;43;49;57;54;59;48;73;71;70;65;67;0;No;No;No
9884;10;8;3;14;2;19;26;27;28;16;33;44;0;41;35;51;48;50;53;56;73;61;63;67;66;0;No;No;No
9885;13;5;1;12;11;30;24;22;18;20;35;41;0;42;45;54;47;48;53;59;69;63;64;65;71;0;No;No;No
9886;11;10;15;5;14;23;17;16;29;18;36;34;0;37;33;57;58;50;52;56;65;66;74;73;75;0;No;No;No
9887;4;13;12;1;7;27;16;29;20;26;39;34;0;42;41;53;46;55;59;48;61;68;66;70;62;0;No;No;No
9888;7;1;4;8;6;18;22;23;17;16;32;35;0;33;42;48;55;59;46;50;72;61;69;71;67;0;No;No;No
9889;2;7;14;11;6;22;26;20;21;27;34;41;0;44;39;55;46;48;53;47;71;72;64;65;74;0;No;No;No
9890;3;6;14;9;5;18;26;21;16;23;45;35;0;33;40;57;46;48;54;53;67;61;62;71;65;0;No;No;No
9891;13;15;1;4;11;26;23;21;19;25;37;35;0;32;31;51;58;57;54;60;71;69;75;61;63;0;No;No;No
9892;10;15;5;8;1;23;29;27;20;28;35;32;0;31;33;51;59;57;47;55;63;69;68;62;72;0;No;No;No
9893;13;14;4;8;3;23;17;24;27;28;44;31;0;32;40;48;56;47;54;49;70;68;73;72;74;0;No;No;No
9894;13;11;10;5;8;17;23;18;21;20;34;36;0;33;37;47;54;59;57;53;72;67;69;71;70;0;No;No;No
9895;8;5;6;4;12;21;29;19;26;27;31;35;0;44;43;47;49;53;54;52;70;61;67;65;62;0;No;No;No
9896;12;7;14;3;9;22;17;24;16;18;35;41;0;38;32;58;52;48;51;54;69;64;67;61;71;0;No;No;No
9897;3;12;1;4;11;26;19;21;17;20;39;31;0;42;38;55;46;54;49;53;69;62;65;63;74;0;No;No;No
9898;7;9;5;10;15;24;26;30;21;27;45;38;0;31;35;49;47;60;53;46;68;73;62;66;75;0;No;No;No
9899;2;8;13;1;15;19;21;29;27;24;41;34;0;44;35;56;48;46;47;49;73;61;62;70;67;0;No;No;No
9900;1;15;9;12;11;26;16;25;27;24;44;41;0;35;38;49;48;59;52;58;67;63;62;72;74;0;No;No;No
9901;10;7;4;13;8;17;19;27;26;22;44;38;0;42;45;50;51;48;60;46;61;70;64;65;67;0;No;No;No
9902;7;9;6;8;12;19;23;20;26;28;42;31;0;43;39;49;56;50;51;55;65;69;68;67;73;0;No;No;No
9903;14;12;5;11;1;23;28;25;26;20;38;37;0;42;32;47;58;59;54;57;74;68;61;66;65;0;No;No;No
9904;11;14;1;10;8;27;26;23;18;19;33;37;0;40;43;50;52;59;58;46;66;68;70;75;74;0;No;No;No
9905;9;1;7;15;5;18;28;23;29;22;31;38;0;43;45;49;48;59;56;55;74;73;65;63;64;0;No;No;No
9906;4;14;12;3;6;27;24;17;23;29;38;41;0;32;36;55;56;46;50;47;68;70;61;73;69;0;No;No;No
9907;12;7;1;2;8;23;25;29;20;16;39;33;0;41;34;48;49;58;46;47;65;72;70;63;73;0;No;No;No
9908;12;1;2;10;11;28;23;26;20;18;44;36;0;40;37;55;59;60;49;54;66;69;68;74;72;0;No;No;No
9909;3;7;14;6;12;27;22;19;24;25;31;36;0;37;44;60;50;56;54;59;63;75;73;74;65;0;No;No;No
9910;2;10;9;11;5;19;24;16;22;20;38;43;0;33;45;46;58;54;55;50;65;73;61;66;71;0;No;No;No
9911;7;8;1;13;14;27;16;30;26;19;31;33;0;36;43;51;49;53;55;56;67;75;71;66;65;0;No;No;No
9912;6;8;15;5;9;21;22;20;16;29;35;42;0;39;41;48;52;50;58;55;65;63;70;62;72;0;No;No;No
9913;5;7;14;10;11;24;16;30;21;28;31;41;0;45;32;55;50;46;52;48;67;66;69;71;65;0;No;No;No
9914;10;4;11;9;3;20;16;28;26;30;37;44;0;32;31;52;59;54;58;49;71;69;64;62;63;0;No;No;No
9915;11;3;13;7;14;18;21;22;17;24;36;33;0;43;34;50;55;51;52;53;65;67;62;74;66;0;No;No;No
9916;3;9;11;14;1;25;21;28;16;27;40;31;0;44;33;58;55;52;53;57;62;70;68;71;61;0;No;No;No
9917;5;3;12;4;2;19;29;16;17;20;36;42;0;35;45;52;47;50;46;53;63;74;68;67;66;0;No;No;No
9918;6;3;8;12;4;16;24;19;21;30;36;38;0;34;37;56;53;54;57;52;73;65;67;62;74;0;No;No;No
9919;7;8;10;12;14;23;21;27;17;26;32;44;0;40;39;50;55;56;59;54;69;64;74;73;68;0;No;No;No
9920;4;2;13;11;8;19;21;18;20;24;37;35;0;41;42;54;53;51;52;58;61;74;73;64;63;0;No;No;No
9921;12;4;8;1;14;24;19;26;27;20;38;36;0;32;42;52;50;48;54;59;70;69;68;73;66;0;No;No;No
9922;1;3;2;6;14;29;19;22;28;18;39;37;0;44;31;50;56;46;58;55;67;75;68;73;69;0;No;No;No
9923;9;11;3;2;8;28;17;21;24;27;36;33;0;45;35;54;55;48;53;59;68;70;69;73;66;0;No;No;No
9924;2;10;7;12;6;27;18;29;24;28;31;35;0;39;36;49;53;51;48;47;65;66;62;73;69;0;No;No;No
9925;2;4;12;11;15;25;26;27;18;22;42;32;0;38;34;48;54;59;47;56;65;69;74;64;68;0;No;No;No
9926;11;4;3;10;7;23;17;28;27;19;35;32;0;33;37;46;55;54;56;59;70;72;69;65;61;0;No;No;No
9927;1;8;14;6;12;21;18;29;25;17;38;40;0;43;41;51;49;50;48;57;65;67;73;61;75;0;No;No;No
9928;4;10;7;8;9;27;23;22;17;21;42;32;0;38;36;52;53;57;48;46;75;72;61;64;67;0;No;No;No
9929;4;15;9;5;1;16;18;24;25;17;31;34;0;35;33;58;53;49;50;51;64;74;67;63;62;0;No;No;No
9930;3;10;11;7;12;17;25;18;27;28;35;37;0;38;40;53;59;55;50;47;75;64;70;68;61;0;No;No;No
9931;1;4;9;3;14;25;22;21;16;28;42;36;0;32;39;54;58;50;59;55;75;62;67;68;64;0;No;No;No
9932;10;5;1;2;15;26;22;17;19;27;42;32;0;37;38;50;60;55;59;47;64;67;74;69;61;0;No;No;No
9933;14;9;2;1;7;19;23;21;25;29;42;44;0;43;39;54;60;57;58;52;64;75;62;74;68;0;No;No;No
9934;3;11;1;12;9;19;17;16;22;26;39;31;0;40;37;49;48;59;50;56;68;73;69;74;70;0;No;No;No
9935;4;1;9;7;10;26;27;17;24;21;35;31;0;42;34;46;59;48;53;51;67;64;68;74;70;0;No;No;No
9936;1;11;2;3;9;30;16;25;27;19;38;44;0;39;37;49;47;53;54;50;63;68;70;72;66;0;No;No;No
9937;13;3;8;5;4;17;19;29;24;22;31;40;0;38;34;60;46;51;57;56;68;74;73;66;70;0;No;No;No
9938;15;14;3;11;2;27;29;25;26;22;33;39;0;42;43;53;57;60;59;49;71;69;65;72;62;0;No;No;No
9939;3;2;9;10;4;16;18;20;17;25;33;37;0;43;42;48;57;55;54;56;63;75;70;72;71;0;No;No;No
9940;13;8;11;5;1;28;25;23;19;16;42;43;0;34;35;50;56;48;54;53;75;69;71;61;68;0;No;No;No
9941;11;9;6;15;12;25;29;23;22;28;31;40;0;34;37;49;57;53;54;48;64;67;71;65;74;0;No;No;No
9942;5;8;13;4;6;28;16;22;19;18;32;33;0;39;41;57;55;50;58;59;73;61;75;70;71;0;No;No;No
9943;10;13;5;7;14;26;18;28;22;17;36;32;0;35;31;51;57;55;58;54;75;68;65;64;70;0;No;No;No
9944;7;11;5;4;12;21;17;28;29;27;32;43;0;44;31;53;56;54;47;50;70;69;67;66;72;0;No;No;No
9945;8;7;4;10;2;18;25;23;30;26;41;40;0;42;43;57;51;52;46;50;65;75;61;74;73;0;No;No;No
9946;11;9;14;2;15;19;28;26;16;24;44;37;0;34;36;56;54;47;59;57;74;71;69;72;62;0;No;No;No
9947;11;9;10;5;6;29;17;21;19;30;32;36;0;39;38;47;59;55;54;48;65;68;61;62;71;0;No;No;No
9948;14;1;13;6;2;22;21;27;17;18;40;41;0;35;32;52;57;56;47;55;61;69;70;64;73;0;No;No;No
9949;7;3;14;4;12;24;27;20;18;16;40;45;0;39;34;50;59;49;52;48;75;62;72;70;66;0;No;No;No
9950;2;6;10;1;13;26;27;16;22;18;33;32;0;37;31;60;57;54;55;56;66;69;72;63;71;0;No;No;No
9951;14;15;5;2;13;29;27;18;20;22;31;35;0;33;36;51;48;54;57;53;62;71;68;72;69;0;No;No;No
9952;6;14;5;7;11;25;21;26;20;17;33;37;0;31;32;48;53;51;52;47;71;68;69;61;72;0;No;No;No
9953;10;14;12;1;7;22;19;24;23;27;32;34;0;43;37;50;59;46;56;51;66;74;65;63;73;0;No;No;No
9954;11;1;5;3;2;18;28;20;26;25;33;38;0;43;39;52;59;57;47;55;67;73;62;72;70;0;No;No;No
9955;6;14;8;11;7;22;20;30;24;17;34;45;0;33;32;58;52;53;54;56;67;64;72;66;74;0;No;No;No
9956;8;2;10;13;1;22;20;24;19;27;37;42;0;36;43;48;57;49;51;54;69;70;75;61;66;0;No;No;No
9957;7;14;6;1;4;25;28;19;27;20;37;34;0;31;42;56;58;53;47;50;61;63;66;62;64;0;No;No;No
9958;12;1;13;9;14;23;17;25;22;28;32;42;0;35;43;56;58;46;49;54;65;70;73;67;68;0;No;No;No
9959;9;7;1;12;13;26;20;27;21;23;41;40;0;35;36;60;47;50;54;58;69;68;66;63;70;0;No;No;No
9960;3;11;5;7;2;22;16;21;25;23;33;44;0;41;39;49;56;58;52;50;67;72;63;64;68;0;No;No;No
9961;11;13;14;4;10;20;17;30;29;19;32;41;0;33;39;48;51;57;49;59;71;72;61;65;74;0;No;No;No
9962;14;1;8;5;2;18;21;16;19;20;32;44;0;33;35;60;58;56;47;46;67;68;66;74;63;0;No;No;No
9963;6;1;3;13;8;22;16;27;20;17;43;39;0;34;41;58;57;56;53;47;69;61;74;67;64;0;No;No;No
9964;3;14;13;7;10;26;24;30;28;23;41;36;0;32;44;59;50;46;54;52;75;68;63;73;61;0;No;No;No
9965;4;7;9;11;10;28;23;19;17;20;34;39;0;35;32;54;48;53;50;57;65;69;71;73;64;0;No;No;No
9966;12;11;8;9;14;17;30;19;28;22;38;41;0;44;34;52;56;49;47;48;73;72;74;64;70;0;No;No;No
9967;12;3;5;14;4;27;20;24;16;22;33;32;0;35;42;58;47;48;55;57;73;62;69;74;66;0;No;No;No
9968;4;5;7;9;2;29;20;23;21;18;33;31;0;42;38;57;50;52;53;54;73;70;75;72;65;0;No;No;No
9969;13;4;14;5;15;27;17;24;22;25;41;36;0;34;31;48;46;60;59;56;64;61;67;70;69;0;No;No;No
9970;5;11;4;13;15;18;20;26;19;22;41;44;0;34;39;56;53;50;59;46;63;65;66;67;70;0;No;No;No
9971;4;5;8;15;2;28;17;18;25;23;34;35;0;31;44;52;57;46;48;47;75;67;73;65;74;0;No;No;No
9972;7;1;13;14;2;23;27;18;28;25;38;36;0;33;39;47;51;58;57;55;72;68;69;64;73;0;No;No;No
9973;13;14;2;3;5;20;16;18;24;29;42;32;0;35;40;58;53;50;46;56;64;70;66;72;68;0;No;No;No
9974;1;8;11;13;4;20;28;24;19;22;39;41;0;32;40;46;55;51;59;47;63;75;65;67;68;0;No;No;No
9975;15;10;8;5;12;18;16;26;29;22;35;40;0;32;39;49;56;52;47;58;62;71;70;69;74;0;No;No;No
9976;11;1;6;14;10;25;20;26;23;19;33;37;0;31;41;47;57;49;55;58;73;62;71;61;74;0;No;No;No
9977;3;8;4;7;9;23;24;18;19;20;44;43;0;42;33;55;60;59;50;53;71;66;69;70;61;0;No;No;No
9978;10;2;11;14;12;18;21;27;16;25;41;31;0;32;34;51;55;47;50;48;70;61;64;71;67;0;No;No;No
9979;9;1;2;5;14;25;23;16;29;19;43;45;0;33;38;51;53;58;52;47;67;63;64;70;66;0;No;No;No
9980;10;8;14;7;9;25;16;19;20;17;38;40;0;36;41;50;46;52;54;55;73;71;70;66;64;0;No;No;No
9981;7;2;14;8;6;24;21;23;22;19;45;35;0;38;41;51;46;57;52;56;73;61;66;62;74;0;No;No;No
9982;5;13;4;10;9;24;23;29;21;28;41;36;0;34;37;56;48;53;52;51;69;63;68;72;71;0;No;No;No
9983;7;8;1;12;6;27;28;22;20;23;41;35;0;39;44;60;58;56;46;53;68;61;65;71;69;0;No;No;No
9984;2;14;3;4;9;23;24;29;30;27;35;39;0;37;33;51;53;47;58;57;71;61;63;72;69;0;No;No;No
9985;12;9;11;2;6;28;22;24;16;17;35;33;0;38;39;59;56;57;52;54;74;65;64;61;63;0;No;No;No
9986;1;6;12;14;9;25;23;21;19;28;45;39;0;34;42;58;48;57;54;53;65;72;64;73;63;0;No;No;No
9987;1;3;14;13;6;17;16;18;23;21;38;34;0;35;39;50;56;49;55;47;70;71;63;68;67;0;No;No;No
9988;7;13;6;1;14;29;16;24;27;28;35;34;0;38;36;55;59;53;48;49;67;65;63;61;72;0;No;No;No
9989;12;6;5;11;14;28;27;23;21;19;31;39;0;32;36;48;50;54;58;47;65;72;64;63;68;0;No;No;No
9990;13;11;5;14;7;18;17;24;29;16;38;34;0;32;39;56;60;57;54;53;64;65;74;63;70;0;No;No;No
9991;5;3;13;2;1;18;27;17;30;23;36;31;0;38;42;59;47;56;46;51;68;62;61;73;66;0;No;No;No
9992;6;12;15;8;13;25;27;19;20;29;44;37;0;42;33;59;57;54;56;47;74;69;67;61;75;0;No;No;No
9993;13;9;15;5;14;28;24;30;25;20;41;35;0;36;31;47;50;56;53;57;63;73;62;71;65;0;No;No;No
9994;7;8;1;2;6;17;30;20;27;24;44;38;0;36;41;46;47;55;50;52;69;64;72;73;70;0;No;No;No
9995;1;4;2;3;9;29;25;27;22;26;31;34;0;35;36;46;54;55;48;53;73;72;68;61;69;0;No;No;No
9996;3;5;9;15;4;22;25;20;27;29;41;38;0;44;31;46;50;48;55;52;74;65;64;61;68;0;No;No;No
9997;4;12;1;14;7;22;25;20;27;19;41;31;0;36;39;55;56;47;53;50;75;72;67;63;68;0;No;No;No
9998;8;5;9;12;15;29;25;20;24;23;37;41;0;33;44;51;55;50;57;48;69;65;72;61;67;0;No;No;No
9999;14;12;6;10;13;28;23;26;29;27;44;42;0;31;45;57;49;58;51;47;67;63;73;68;61;0;No;No;No
10000;12;5;4;11;14;21;22;18;26;16;38;35;0;39;43;54;57;49;52;59;75;62;65;61;66;0;No;No;No
